,yearmonthdatetime,승차총승객수,monthtime,datetime,in,ratio,time,평일,토요일,일요일,base
0,202409300000,35114,202409,2024090000,61.80064,0.00176,00,11.05,0.0,0.0,32757.0
1,202409300100,35114,202409,2024090100,0.35114,1e-05,01,,,,
2,202409300200,35114,202409,2024090200,0.0,0.0,02,,,,
3,202409300300,35114,202409,2024090300,0.0,0.0,03,,,,
4,202409300400,35114,202409,2024090400,1.05342,3e-05,04,,,,
5,202409300500,35114,202409,2024090500,60.39608,0.00172,05,5.7,5.05,2.55,32757.0
6,202409300600,35114,202409,2024090600,140.456,0.004,06,15.4,12.45,7.85,32757.0
7,202409300700,35114,202409,2024090700,303.38496,0.00864,07,23.15,14.35,10.7,32757.0
8,202409300800,35114,202409,2024090800,625.0292,0.0178,08,40.5,29.35,19.85,32757.0
9,202409300900,35114,202409,2024090900,1089.2362799999999,0.03102,09,32.65,38.45,24.9,32757.0
10,202409301000,35114,202409,2024091000,1278.50074,0.03641,10,33.849999999999994,43.25,31.0,32757.0
11,202409301100,35114,202409,2024091100,1489.1847400000001,0.04241,11,30.0,44.75,34.5,32757.0
12,202409301200,35114,202409,2024091200,1553.7945,0.04425,12,38.099999999999994,46.35,32.25,32757.0
13,202409301300,35114,202409,2024091300,1675.2889400000001,0.04771,13,39.349999999999994,45.8,38.25,32757.0
14,202409301400,35114,202409,2024091400,2070.32144,0.05896,14,41.8,49.1,33.9,32757.0
15,202409301500,35114,202409,2024091500,2587.1995199999997,0.07368,15,48.05,52.9,36.8,32757.0
16,202409301600,35114,202409,2024091600,3020.1551400000003,0.08601,16,53.599999999999994,57.5,38.1,32757.0
17,202409301700,35114,202409,2024091700,3352.6847199999997,0.09548,17,73.94999999999999,57.65,35.85,32757.0
18,202409301800,35114,202409,2024091800,4389.25,0.125,18,76.35,54.05,41.75,32757.0
19,202409301900,35114,202409,2024091900,2874.43204,0.08186,19,44.85,48.8,41.6,32757.0
20,202409302000,35114,202409,2024092000,2581.93242,0.07353,20,33.5,46.1,39.15,32757.0
21,202409302100,35114,202409,2024092100,2581.58128,0.07352,21,30.75,44.2,35.95,32757.0
22,202409302200,35114,202409,2024092200,2393.72138,0.06817,22,42.75,39.2,29.6,32757.0
23,202409302300,35114,202409,2024092300,984.59656,0.02804,23,27.85,38.55,27.9,32757.0
24,202409290000,30053,202409,2024090000,52.893280000000004,0.00176,00,11.05,0.0,0.0,32757.0
25,202409290100,30053,202409,2024090100,0.30053,1e-05,01,,,,
26,202409290200,30053,202409,2024090200,0.0,0.0,02,,,,
27,202409290300,30053,202409,2024090300,0.0,0.0,03,,,,
28,202409290400,30053,202409,2024090400,0.90159,3e-05,04,,,,
29,202409290500,30053,202409,2024090500,51.691159999999996,0.00172,05,5.7,5.05,2.55,32757.0
30,202409290600,30053,202409,2024090600,120.212,0.004,06,15.4,12.45,7.85,32757.0
31,202409290700,30053,202409,2024090700,259.65792,0.00864,07,23.15,14.35,10.7,32757.0
32,202409290800,30053,202409,2024090800,534.9434,0.0178,08,40.5,29.35,19.85,32757.0
33,202409290900,30053,202409,2024090900,932.24406,0.03102,09,32.65,38.45,24.9,32757.0
34,202409291000,30053,202409,2024091000,1094.22973,0.03641,10,33.849999999999994,43.25,31.0,32757.0
35,202409291100,30053,202409,2024091100,1274.54773,0.04241,11,30.0,44.75,34.5,32757.0
36,202409291200,30053,202409,2024091200,1329.8452499999999,0.04425,12,38.099999999999994,46.35,32.25,32757.0
37,202409291300,30053,202409,2024091300,1433.82863,0.04771,13,39.349999999999994,45.8,38.25,32757.0
38,202409291400,30053,202409,2024091400,1771.92488,0.05896,14,41.8,49.1,33.9,32757.0
39,202409291500,30053,202409,2024091500,2214.3050399999997,0.07368,15,48.05,52.9,36.8,32757.0
40,202409291600,30053,202409,2024091600,2584.85853,0.08601,16,53.599999999999994,57.5,38.1,32757.0
41,202409291700,30053,202409,2024091700,2869.46044,0.09548,17,73.94999999999999,57.65,35.85,32757.0
42,202409291800,30053,202409,2024091800,3756.625,0.125,18,76.35,54.05,41.75,32757.0
43,202409291900,30053,202409,2024091900,2460.1385800000003,0.08186,19,44.85,48.8,41.6,32757.0
44,202409292000,30053,202409,2024092000,2209.79709,0.07353,20,33.5,46.1,39.15,32757.0
45,202409292100,30053,202409,2024092100,2209.49656,0.07352,21,30.75,44.2,35.95,32757.0
46,202409292200,30053,202409,2024092200,2048.71301,0.06817,22,42.75,39.2,29.6,32757.0
47,202409292300,30053,202409,2024092300,842.68612,0.02804,23,27.85,38.55,27.9,32757.0
48,202409280000,35516,202409,2024090000,62.508160000000004,0.00176,00,11.05,0.0,0.0,32757.0
49,202409280100,35516,202409,2024090100,0.35516000000000003,1e-05,01,,,,
50,202409280200,35516,202409,2024090200,0.0,0.0,02,,,,
51,202409280300,35516,202409,2024090300,0.0,0.0,03,,,,
52,202409280400,35516,202409,2024090400,1.06548,3e-05,04,,,,
53,202409280500,35516,202409,2024090500,61.08752,0.00172,05,5.7,5.05,2.55,32757.0
54,202409280600,35516,202409,2024090600,142.064,0.004,06,15.4,12.45,7.85,32757.0
55,202409280700,35516,202409,2024090700,306.85824,0.00864,07,23.15,14.35,10.7,32757.0
56,202409280800,35516,202409,2024090800,632.1848,0.0178,08,40.5,29.35,19.85,32757.0
57,202409280900,35516,202409,2024090900,1101.70632,0.03102,09,32.65,38.45,24.9,32757.0
58,202409281000,35516,202409,2024091000,1293.13756,0.03641,10,33.849999999999994,43.25,31.0,32757.0
59,202409281100,35516,202409,2024091100,1506.2335600000001,0.04241,11,30.0,44.75,34.5,32757.0
60,202409281200,35516,202409,2024091200,1571.5829999999999,0.04425,12,38.099999999999994,46.35,32.25,32757.0
61,202409281300,35516,202409,2024091300,1694.46836,0.04771,13,39.349999999999994,45.8,38.25,32757.0
62,202409281400,35516,202409,2024091400,2094.02336,0.05896,14,41.8,49.1,33.9,32757.0
63,202409281500,35516,202409,2024091500,2616.81888,0.07368,15,48.05,52.9,36.8,32757.0
64,202409281600,35516,202409,2024091600,3054.7311600000003,0.08601,16,53.599999999999994,57.5,38.1,32757.0
65,202409281700,35516,202409,2024091700,3391.0676799999997,0.09548,17,73.94999999999999,57.65,35.85,32757.0
66,202409281800,35516,202409,2024091800,4439.5,0.125,18,76.35,54.05,41.75,32757.0
67,202409281900,35516,202409,2024091900,2907.3397600000003,0.08186,19,44.85,48.8,41.6,32757.0
68,202409282000,35516,202409,2024092000,2611.49148,0.07353,20,33.5,46.1,39.15,32757.0
69,202409282100,35516,202409,2024092100,2611.13632,0.07352,21,30.75,44.2,35.95,32757.0
70,202409282200,35516,202409,2024092200,2421.12572,0.06817,22,42.75,39.2,29.6,32757.0
71,202409282300,35516,202409,2024092300,995.8686399999999,0.02804,23,27.85,38.55,27.9,32757.0
72,202409270000,39380,202409,2024090000,69.3088,0.00176,00,11.05,0.0,0.0,32757.0
73,202409270100,39380,202409,2024090100,0.39380000000000004,1e-05,01,,,,
74,202409270200,39380,202409,2024090200,0.0,0.0,02,,,,
75,202409270300,39380,202409,2024090300,0.0,0.0,03,,,,
76,202409270400,39380,202409,2024090400,1.1814,3e-05,04,,,,
77,202409270500,39380,202409,2024090500,67.7336,0.00172,05,5.7,5.05,2.55,32757.0
78,202409270600,39380,202409,2024090600,157.52,0.004,06,15.4,12.45,7.85,32757.0
79,202409270700,39380,202409,2024090700,340.2432,0.00864,07,23.15,14.35,10.7,32757.0
80,202409270800,39380,202409,2024090800,700.9639999999999,0.0178,08,40.5,29.35,19.85,32757.0
81,202409270900,39380,202409,2024090900,1221.5675999999999,0.03102,09,32.65,38.45,24.9,32757.0
82,202409271000,39380,202409,2024091000,1433.8257999999998,0.03641,10,33.849999999999994,43.25,31.0,32757.0
83,202409271100,39380,202409,2024091100,1670.1058,0.04241,11,30.0,44.75,34.5,32757.0
84,202409271200,39380,202409,2024091200,1742.5649999999998,0.04425,12,38.099999999999994,46.35,32.25,32757.0
85,202409271300,39380,202409,2024091300,1878.8198,0.04771,13,39.349999999999994,45.8,38.25,32757.0
86,202409271400,39380,202409,2024091400,2321.8448,0.05896,14,41.8,49.1,33.9,32757.0
87,202409271500,39380,202409,2024091500,2901.5184,0.07368,15,48.05,52.9,36.8,32757.0
88,202409271600,39380,202409,2024091600,3387.0738,0.08601,16,53.599999999999994,57.5,38.1,32757.0
89,202409271700,39380,202409,2024091700,3760.0024,0.09548,17,73.94999999999999,57.65,35.85,32757.0
90,202409271800,39380,202409,2024091800,4922.5,0.125,18,76.35,54.05,41.75,32757.0
91,202409271900,39380,202409,2024091900,3223.6468,0.08186,19,44.85,48.8,41.6,32757.0
92,202409272000,39380,202409,2024092000,2895.6114,0.07353,20,33.5,46.1,39.15,32757.0
93,202409272100,39380,202409,2024092100,2895.2176,0.07352,21,30.75,44.2,35.95,32757.0
94,202409272200,39380,202409,2024092200,2684.5346,0.06817,22,42.75,39.2,29.6,32757.0
95,202409272300,39380,202409,2024092300,1104.2151999999999,0.02804,23,27.85,38.55,27.9,32757.0
96,202409260000,38155,202409,2024090000,67.1528,0.00176,00,11.05,0.0,0.0,32757.0
97,202409260100,38155,202409,2024090100,0.38155000000000006,1e-05,01,,,,
98,202409260200,38155,202409,2024090200,0.0,0.0,02,,,,
99,202409260300,38155,202409,2024090300,0.0,0.0,03,,,,
100,202409260400,38155,202409,2024090400,1.14465,3e-05,04,,,,
101,202409260500,38155,202409,2024090500,65.6266,0.00172,05,5.7,5.05,2.55,32757.0
102,202409260600,38155,202409,2024090600,152.62,0.004,06,15.4,12.45,7.85,32757.0
103,202409260700,38155,202409,2024090700,329.6592,0.00864,07,23.15,14.35,10.7,32757.0
104,202409260800,38155,202409,2024090800,679.159,0.0178,08,40.5,29.35,19.85,32757.0
105,202409260900,38155,202409,2024090900,1183.5681,0.03102,09,32.65,38.45,24.9,32757.0
106,202409261000,38155,202409,2024091000,1389.22355,0.03641,10,33.849999999999994,43.25,31.0,32757.0
107,202409261100,38155,202409,2024091100,1618.1535500000002,0.04241,11,30.0,44.75,34.5,32757.0
108,202409261200,38155,202409,2024091200,1688.3587499999999,0.04425,12,38.099999999999994,46.35,32.25,32757.0
109,202409261300,38155,202409,2024091300,1820.37505,0.04771,13,39.349999999999994,45.8,38.25,32757.0
110,202409261400,38155,202409,2024091400,2249.6187999999997,0.05896,14,41.8,49.1,33.9,32757.0
111,202409261500,38155,202409,2024091500,2811.2603999999997,0.07368,15,48.05,52.9,36.8,32757.0
112,202409261600,38155,202409,2024091600,3281.71155,0.08601,16,53.599999999999994,57.5,38.1,32757.0
113,202409261700,38155,202409,2024091700,3643.0393999999997,0.09548,17,73.94999999999999,57.65,35.85,32757.0
114,202409261800,38155,202409,2024091800,4769.375,0.125,18,76.35,54.05,41.75,32757.0
115,202409261900,38155,202409,2024091900,3123.3683,0.08186,19,44.85,48.8,41.6,32757.0
116,202409262000,38155,202409,2024092000,2805.53715,0.07353,20,33.5,46.1,39.15,32757.0
117,202409262100,38155,202409,2024092100,2805.1556,0.07352,21,30.75,44.2,35.95,32757.0
118,202409262200,38155,202409,2024092200,2601.0263499999996,0.06817,22,42.75,39.2,29.6,32757.0
119,202409262300,38155,202409,2024092300,1069.8662,0.02804,23,27.85,38.55,27.9,32757.0
120,202409250000,38526,202409,2024090000,67.80576,0.00176,00,11.05,0.0,0.0,32757.0
121,202409250100,38526,202409,2024090100,0.38526000000000005,1e-05,01,,,,
122,202409250200,38526,202409,2024090200,0.0,0.0,02,,,,
123,202409250300,38526,202409,2024090300,0.0,0.0,03,,,,
124,202409250400,38526,202409,2024090400,1.15578,3e-05,04,,,,
125,202409250500,38526,202409,2024090500,66.26472,0.00172,05,5.7,5.05,2.55,32757.0
126,202409250600,38526,202409,2024090600,154.104,0.004,06,15.4,12.45,7.85,32757.0
127,202409250700,38526,202409,2024090700,332.86464,0.00864,07,23.15,14.35,10.7,32757.0
128,202409250800,38526,202409,2024090800,685.7628,0.0178,08,40.5,29.35,19.85,32757.0
129,202409250900,38526,202409,2024090900,1195.07652,0.03102,09,32.65,38.45,24.9,32757.0
130,202409251000,38526,202409,2024091000,1402.73166,0.03641,10,33.849999999999994,43.25,31.0,32757.0
131,202409251100,38526,202409,2024091100,1633.88766,0.04241,11,30.0,44.75,34.5,32757.0
132,202409251200,38526,202409,2024091200,1704.7755,0.04425,12,38.099999999999994,46.35,32.25,32757.0
133,202409251300,38526,202409,2024091300,1838.07546,0.04771,13,39.349999999999994,45.8,38.25,32757.0
134,202409251400,38526,202409,2024091400,2271.49296,0.05896,14,41.8,49.1,33.9,32757.0
135,202409251500,38526,202409,2024091500,2838.59568,0.07368,15,48.05,52.9,36.8,32757.0
136,202409251600,38526,202409,2024091600,3313.62126,0.08601,16,53.599999999999994,57.5,38.1,32757.0
137,202409251700,38526,202409,2024091700,3678.4624799999997,0.09548,17,73.94999999999999,57.65,35.85,32757.0
138,202409251800,38526,202409,2024091800,4815.75,0.125,18,76.35,54.05,41.75,32757.0
139,202409251900,38526,202409,2024091900,3153.7383600000003,0.08186,19,44.85,48.8,41.6,32757.0
140,202409252000,38526,202409,2024092000,2832.81678,0.07353,20,33.5,46.1,39.15,32757.0
141,202409252100,38526,202409,2024092100,2832.43152,0.07352,21,30.75,44.2,35.95,32757.0
142,202409252200,38526,202409,2024092200,2626.31742,0.06817,22,42.75,39.2,29.6,32757.0
143,202409252300,38526,202409,2024092300,1080.26904,0.02804,23,27.85,38.55,27.9,32757.0
144,202409240000,37788,202409,2024090000,66.50688,0.00176,00,11.05,0.0,0.0,32757.0
145,202409240100,37788,202409,2024090100,0.37788000000000005,1e-05,01,,,,
146,202409240200,37788,202409,2024090200,0.0,0.0,02,,,,
147,202409240300,37788,202409,2024090300,0.0,0.0,03,,,,
148,202409240400,37788,202409,2024090400,1.13364,3e-05,04,,,,
149,202409240500,37788,202409,2024090500,64.99536,0.00172,05,5.7,5.05,2.55,32757.0
150,202409240600,37788,202409,2024090600,151.15200000000002,0.004,06,15.4,12.45,7.85,32757.0
151,202409240700,37788,202409,2024090700,326.48832,0.00864,07,23.15,14.35,10.7,32757.0
152,202409240800,37788,202409,2024090800,672.6264,0.0178,08,40.5,29.35,19.85,32757.0
153,202409240900,37788,202409,2024090900,1172.18376,0.03102,09,32.65,38.45,24.9,32757.0
154,202409241000,37788,202409,2024091000,1375.86108,0.03641,10,33.849999999999994,43.25,31.0,32757.0
155,202409241100,37788,202409,2024091100,1602.5890800000002,0.04241,11,30.0,44.75,34.5,32757.0
156,202409241200,37788,202409,2024091200,1672.119,0.04425,12,38.099999999999994,46.35,32.25,32757.0
157,202409241300,37788,202409,2024091300,1802.8654800000002,0.04771,13,39.349999999999994,45.8,38.25,32757.0
158,202409241400,37788,202409,2024091400,2227.98048,0.05896,14,41.8,49.1,33.9,32757.0
159,202409241500,37788,202409,2024091500,2784.2198399999997,0.07368,15,48.05,52.9,36.8,32757.0
160,202409241600,37788,202409,2024091600,3250.14588,0.08601,16,53.599999999999994,57.5,38.1,32757.0
161,202409241700,37788,202409,2024091700,3607.99824,0.09548,17,73.94999999999999,57.65,35.85,32757.0
162,202409241800,37788,202409,2024091800,4723.5,0.125,18,76.35,54.05,41.75,32757.0
163,202409241900,37788,202409,2024091900,3093.32568,0.08186,19,44.85,48.8,41.6,32757.0
164,202409242000,37788,202409,2024092000,2778.55164,0.07353,20,33.5,46.1,39.15,32757.0
165,202409242100,37788,202409,2024092100,2778.17376,0.07352,21,30.75,44.2,35.95,32757.0
166,202409242200,37788,202409,2024092200,2576.00796,0.06817,22,42.75,39.2,29.6,32757.0
167,202409242300,37788,202409,2024092300,1059.5755199999999,0.02804,23,27.85,38.55,27.9,32757.0
168,202409230000,38573,202409,2024090000,67.88848,0.00176,00,11.05,0.0,0.0,32757.0
169,202409230100,38573,202409,2024090100,0.38573,1e-05,01,,,,
170,202409230200,38573,202409,2024090200,0.0,0.0,02,,,,
171,202409230300,38573,202409,2024090300,0.0,0.0,03,,,,
172,202409230400,38573,202409,2024090400,1.15719,3e-05,04,,,,
173,202409230500,38573,202409,2024090500,66.34555999999999,0.00172,05,5.7,5.05,2.55,32757.0
174,202409230600,38573,202409,2024090600,154.292,0.004,06,15.4,12.45,7.85,32757.0
175,202409230700,38573,202409,2024090700,333.27072,0.00864,07,23.15,14.35,10.7,32757.0
176,202409230800,38573,202409,2024090800,686.5994,0.0178,08,40.5,29.35,19.85,32757.0
177,202409230900,38573,202409,2024090900,1196.5344599999999,0.03102,09,32.65,38.45,24.9,32757.0
178,202409231000,38573,202409,2024091000,1404.44293,0.03641,10,33.849999999999994,43.25,31.0,32757.0
179,202409231100,38573,202409,2024091100,1635.88093,0.04241,11,30.0,44.75,34.5,32757.0
180,202409231200,38573,202409,2024091200,1706.8552499999998,0.04425,12,38.099999999999994,46.35,32.25,32757.0
181,202409231300,38573,202409,2024091300,1840.3178300000002,0.04771,13,39.349999999999994,45.8,38.25,32757.0
182,202409231400,38573,202409,2024091400,2274.26408,0.05896,14,41.8,49.1,33.9,32757.0
183,202409231500,38573,202409,2024091500,2842.0586399999997,0.07368,15,48.05,52.9,36.8,32757.0
184,202409231600,38573,202409,2024091600,3317.66373,0.08601,16,53.599999999999994,57.5,38.1,32757.0
185,202409231700,38573,202409,2024091700,3682.9500399999997,0.09548,17,73.94999999999999,57.65,35.85,32757.0
186,202409231800,38573,202409,2024091800,4821.625,0.125,18,76.35,54.05,41.75,32757.0
187,202409231900,38573,202409,2024091900,3157.58578,0.08186,19,44.85,48.8,41.6,32757.0
188,202409232000,38573,202409,2024092000,2836.27269,0.07353,20,33.5,46.1,39.15,32757.0
189,202409232100,38573,202409,2024092100,2835.8869600000003,0.07352,21,30.75,44.2,35.95,32757.0
190,202409232200,38573,202409,2024092200,2629.52141,0.06817,22,42.75,39.2,29.6,32757.0
191,202409232300,38573,202409,2024092300,1081.58692,0.02804,23,27.85,38.55,27.9,32757.0
192,202409220000,31093,202409,2024090000,54.72368,0.00176,00,11.05,0.0,0.0,32757.0
193,202409220100,31093,202409,2024090100,0.31093000000000004,1e-05,01,,,,
194,202409220200,31093,202409,2024090200,0.0,0.0,02,,,,
195,202409220300,31093,202409,2024090300,0.0,0.0,03,,,,
196,202409220400,31093,202409,2024090400,0.93279,3e-05,04,,,,
197,202409220500,31093,202409,2024090500,53.47996,0.00172,05,5.7,5.05,2.55,32757.0
198,202409220600,31093,202409,2024090600,124.372,0.004,06,15.4,12.45,7.85,32757.0
199,202409220700,31093,202409,2024090700,268.64352,0.00864,07,23.15,14.35,10.7,32757.0
200,202409220800,31093,202409,2024090800,553.4553999999999,0.0178,08,40.5,29.35,19.85,32757.0
201,202409220900,31093,202409,2024090900,964.50486,0.03102,09,32.65,38.45,24.9,32757.0
202,202409221000,31093,202409,2024091000,1132.09613,0.03641,10,33.849999999999994,43.25,31.0,32757.0
203,202409221100,31093,202409,2024091100,1318.6541300000001,0.04241,11,30.0,44.75,34.5,32757.0
204,202409221200,31093,202409,2024091200,1375.8652499999998,0.04425,12,38.099999999999994,46.35,32.25,32757.0
205,202409221300,31093,202409,2024091300,1483.44703,0.04771,13,39.349999999999994,45.8,38.25,32757.0
206,202409221400,31093,202409,2024091400,1833.24328,0.05896,14,41.8,49.1,33.9,32757.0
207,202409221500,31093,202409,2024091500,2290.9322399999996,0.07368,15,48.05,52.9,36.8,32757.0
208,202409221600,31093,202409,2024091600,2674.30893,0.08601,16,53.599999999999994,57.5,38.1,32757.0
209,202409221700,31093,202409,2024091700,2968.7596399999998,0.09548,17,73.94999999999999,57.65,35.85,32757.0
210,202409221800,31093,202409,2024091800,3886.625,0.125,18,76.35,54.05,41.75,32757.0
211,202409221900,31093,202409,2024091900,2545.27298,0.08186,19,44.85,48.8,41.6,32757.0
212,202409222000,31093,202409,2024092000,2286.26829,0.07353,20,33.5,46.1,39.15,32757.0
213,202409222100,31093,202409,2024092100,2285.95736,0.07352,21,30.75,44.2,35.95,32757.0
214,202409222200,31093,202409,2024092200,2119.60981,0.06817,22,42.75,39.2,29.6,32757.0
215,202409222300,31093,202409,2024092300,871.84772,0.02804,23,27.85,38.55,27.9,32757.0
216,202409210000,31962,202409,2024090000,56.25312,0.00176,00,11.05,0.0,0.0,32757.0
217,202409210100,31962,202409,2024090100,0.31962,1e-05,01,,,,
218,202409210200,31962,202409,2024090200,0.0,0.0,02,,,,
219,202409210300,31962,202409,2024090300,0.0,0.0,03,,,,
220,202409210400,31962,202409,2024090400,0.95886,3e-05,04,,,,
221,202409210500,31962,202409,2024090500,54.97464,0.00172,05,5.7,5.05,2.55,32757.0
222,202409210600,31962,202409,2024090600,127.848,0.004,06,15.4,12.45,7.85,32757.0
223,202409210700,31962,202409,2024090700,276.15168,0.00864,07,23.15,14.35,10.7,32757.0
224,202409210800,31962,202409,2024090800,568.9236,0.0178,08,40.5,29.35,19.85,32757.0
225,202409210900,31962,202409,2024090900,991.46124,0.03102,09,32.65,38.45,24.9,32757.0
226,202409211000,31962,202409,2024091000,1163.73642,0.03641,10,33.849999999999994,43.25,31.0,32757.0
227,202409211100,31962,202409,2024091100,1355.5084200000001,0.04241,11,30.0,44.75,34.5,32757.0
228,202409211200,31962,202409,2024091200,1414.3184999999999,0.04425,12,38.099999999999994,46.35,32.25,32757.0
229,202409211300,31962,202409,2024091300,1524.90702,0.04771,13,39.349999999999994,45.8,38.25,32757.0
230,202409211400,31962,202409,2024091400,1884.4795199999999,0.05896,14,41.8,49.1,33.9,32757.0
231,202409211500,31962,202409,2024091500,2354.9601599999996,0.07368,15,48.05,52.9,36.8,32757.0
232,202409211600,31962,202409,2024091600,2749.05162,0.08601,16,53.599999999999994,57.5,38.1,32757.0
233,202409211700,31962,202409,2024091700,3051.7317599999997,0.09548,17,73.94999999999999,57.65,35.85,32757.0
234,202409211800,31962,202409,2024091800,3995.25,0.125,18,76.35,54.05,41.75,32757.0
235,202409211900,31962,202409,2024091900,2616.40932,0.08186,19,44.85,48.8,41.6,32757.0
236,202409212000,31962,202409,2024092000,2350.16586,0.07353,20,33.5,46.1,39.15,32757.0
237,202409212100,31962,202409,2024092100,2349.84624,0.07352,21,30.75,44.2,35.95,32757.0
238,202409212200,31962,202409,2024092200,2178.8495399999997,0.06817,22,42.75,39.2,29.6,32757.0
239,202409212300,31962,202409,2024092300,896.21448,0.02804,23,27.85,38.55,27.9,32757.0
240,202409200000,33387,202409,2024090000,58.761120000000005,0.00176,00,11.05,0.0,0.0,32757.0
241,202409200100,33387,202409,2024090100,0.33387,1e-05,01,,,,
242,202409200200,33387,202409,2024090200,0.0,0.0,02,,,,
243,202409200300,33387,202409,2024090300,0.0,0.0,03,,,,
244,202409200400,33387,202409,2024090400,1.0016100000000001,3e-05,04,,,,
245,202409200500,33387,202409,2024090500,57.42564,0.00172,05,5.7,5.05,2.55,32757.0
246,202409200600,33387,202409,2024090600,133.548,0.004,06,15.4,12.45,7.85,32757.0
247,202409200700,33387,202409,2024090700,288.46368,0.00864,07,23.15,14.35,10.7,32757.0
248,202409200800,33387,202409,2024090800,594.2886,0.0178,08,40.5,29.35,19.85,32757.0
249,202409200900,33387,202409,2024090900,1035.66474,0.03102,09,32.65,38.45,24.9,32757.0
250,202409201000,33387,202409,2024091000,1215.62067,0.03641,10,33.849999999999994,43.25,31.0,32757.0
251,202409201100,33387,202409,2024091100,1415.9426700000001,0.04241,11,30.0,44.75,34.5,32757.0
252,202409201200,33387,202409,2024091200,1477.37475,0.04425,12,38.099999999999994,46.35,32.25,32757.0
253,202409201300,33387,202409,2024091300,1592.8937700000001,0.04771,13,39.349999999999994,45.8,38.25,32757.0
254,202409201400,33387,202409,2024091400,1968.49752,0.05896,14,41.8,49.1,33.9,32757.0
255,202409201500,33387,202409,2024091500,2459.95416,0.07368,15,48.05,52.9,36.8,32757.0
256,202409201600,33387,202409,2024091600,2871.61587,0.08601,16,53.599999999999994,57.5,38.1,32757.0
257,202409201700,33387,202409,2024091700,3187.79076,0.09548,17,73.94999999999999,57.65,35.85,32757.0
258,202409201800,33387,202409,2024091800,4173.375,0.125,18,76.35,54.05,41.75,32757.0
259,202409201900,33387,202409,2024091900,2733.05982,0.08186,19,44.85,48.8,41.6,32757.0
260,202409202000,33387,202409,2024092000,2454.94611,0.07353,20,33.5,46.1,39.15,32757.0
261,202409202100,33387,202409,2024092100,2454.61224,0.07352,21,30.75,44.2,35.95,32757.0
262,202409202200,33387,202409,2024092200,2275.99179,0.06817,22,42.75,39.2,29.6,32757.0
263,202409202300,33387,202409,2024092300,936.17148,0.02804,23,27.85,38.55,27.9,32757.0
264,202409190000,29823,202409,2024090000,52.48848,0.00176,00,11.05,0.0,0.0,32757.0
265,202409190100,29823,202409,2024090100,0.29823000000000005,1e-05,01,,,,
266,202409190200,29823,202409,2024090200,0.0,0.0,02,,,,
267,202409190300,29823,202409,2024090300,0.0,0.0,03,,,,
268,202409190400,29823,202409,2024090400,0.89469,3e-05,04,,,,
269,202409190500,29823,202409,2024090500,51.29556,0.00172,05,5.7,5.05,2.55,32757.0
270,202409190600,29823,202409,2024090600,119.292,0.004,06,15.4,12.45,7.85,32757.0
271,202409190700,29823,202409,2024090700,257.67072,0.00864,07,23.15,14.35,10.7,32757.0
272,202409190800,29823,202409,2024090800,530.8494,0.0178,08,40.5,29.35,19.85,32757.0
273,202409190900,29823,202409,2024090900,925.10946,0.03102,09,32.65,38.45,24.9,32757.0
274,202409191000,29823,202409,2024091000,1085.8554299999998,0.03641,10,33.849999999999994,43.25,31.0,32757.0
275,202409191100,29823,202409,2024091100,1264.7934300000002,0.04241,11,30.0,44.75,34.5,32757.0
276,202409191200,29823,202409,2024091200,1319.6677499999998,0.04425,12,38.099999999999994,46.35,32.25,32757.0
277,202409191300,29823,202409,2024091300,1422.85533,0.04771,13,39.349999999999994,45.8,38.25,32757.0
278,202409191400,29823,202409,2024091400,1758.36408,0.05896,14,41.8,49.1,33.9,32757.0
279,202409191500,29823,202409,2024091500,2197.35864,0.07368,15,48.05,52.9,36.8,32757.0
280,202409191600,29823,202409,2024091600,2565.07623,0.08601,16,53.599999999999994,57.5,38.1,32757.0
281,202409191700,29823,202409,2024091700,2847.50004,0.09548,17,73.94999999999999,57.65,35.85,32757.0
282,202409191800,29823,202409,2024091800,3727.875,0.125,18,76.35,54.05,41.75,32757.0
283,202409191900,29823,202409,2024091900,2441.3107800000002,0.08186,19,44.85,48.8,41.6,32757.0
284,202409192000,29823,202409,2024092000,2192.88519,0.07353,20,33.5,46.1,39.15,32757.0
285,202409192100,29823,202409,2024092100,2192.58696,0.07352,21,30.75,44.2,35.95,32757.0
286,202409192200,29823,202409,2024092200,2033.0339099999999,0.06817,22,42.75,39.2,29.6,32757.0
287,202409192300,29823,202409,2024092300,836.2369199999999,0.02804,23,27.85,38.55,27.9,32757.0
288,202409180000,22377,202409,2024090000,39.383520000000004,0.00176,00,11.05,0.0,0.0,32757.0
289,202409180100,22377,202409,2024090100,0.22377000000000002,1e-05,01,,,,
290,202409180200,22377,202409,2024090200,0.0,0.0,02,,,,
291,202409180300,22377,202409,2024090300,0.0,0.0,03,,,,
292,202409180400,22377,202409,2024090400,0.67131,3e-05,04,,,,
293,202409180500,22377,202409,2024090500,38.48844,0.00172,05,5.7,5.05,2.55,32757.0
294,202409180600,22377,202409,2024090600,89.508,0.004,06,15.4,12.45,7.85,32757.0
295,202409180700,22377,202409,2024090700,193.33728,0.00864,07,23.15,14.35,10.7,32757.0
296,202409180800,22377,202409,2024090800,398.3106,0.0178,08,40.5,29.35,19.85,32757.0
297,202409180900,22377,202409,2024090900,694.13454,0.03102,09,32.65,38.45,24.9,32757.0
298,202409181000,22377,202409,2024091000,814.7465699999999,0.03641,10,33.849999999999994,43.25,31.0,32757.0
299,202409181100,22377,202409,2024091100,949.0085700000001,0.04241,11,30.0,44.75,34.5,32757.0
300,202409181200,22377,202409,2024091200,990.18225,0.04425,12,38.099999999999994,46.35,32.25,32757.0
301,202409181300,22377,202409,2024091300,1067.6066700000001,0.04771,13,39.349999999999994,45.8,38.25,32757.0
302,202409181400,22377,202409,2024091400,1319.34792,0.05896,14,41.8,49.1,33.9,32757.0
303,202409181500,22377,202409,2024091500,1648.7373599999999,0.07368,15,48.05,52.9,36.8,32757.0
304,202409181600,22377,202409,2024091600,1924.64577,0.08601,16,53.599999999999994,57.5,38.1,32757.0
305,202409181700,22377,202409,2024091700,2136.5559599999997,0.09548,17,73.94999999999999,57.65,35.85,32757.0
306,202409181800,22377,202409,2024091800,2797.125,0.125,18,76.35,54.05,41.75,32757.0
307,202409181900,22377,202409,2024091900,1831.78122,0.08186,19,44.85,48.8,41.6,32757.0
308,202409182000,22377,202409,2024092000,1645.3808099999999,0.07353,20,33.5,46.1,39.15,32757.0
309,202409182100,22377,202409,2024092100,1645.15704,0.07352,21,30.75,44.2,35.95,32757.0
310,202409182200,22377,202409,2024092200,1525.4400899999998,0.06817,22,42.75,39.2,29.6,32757.0
311,202409182300,22377,202409,2024092300,627.4510799999999,0.02804,23,27.85,38.55,27.9,32757.0
312,202409170000,25529,202409,2024090000,44.93104,0.00176,00,11.05,0.0,0.0,32757.0
313,202409170100,25529,202409,2024090100,0.25529,1e-05,01,,,,
314,202409170200,25529,202409,2024090200,0.0,0.0,02,,,,
315,202409170300,25529,202409,2024090300,0.0,0.0,03,,,,
316,202409170400,25529,202409,2024090400,0.76587,3e-05,04,,,,
317,202409170500,25529,202409,2024090500,43.90988,0.00172,05,5.7,5.05,2.55,32757.0
318,202409170600,25529,202409,2024090600,102.116,0.004,06,15.4,12.45,7.85,32757.0
319,202409170700,25529,202409,2024090700,220.57056,0.00864,07,23.15,14.35,10.7,32757.0
320,202409170800,25529,202409,2024090800,454.4162,0.0178,08,40.5,29.35,19.85,32757.0
321,202409170900,25529,202409,2024090900,791.90958,0.03102,09,32.65,38.45,24.9,32757.0
322,202409171000,25529,202409,2024091000,929.5108899999999,0.03641,10,33.849999999999994,43.25,31.0,32757.0
323,202409171100,25529,202409,2024091100,1082.68489,0.04241,11,30.0,44.75,34.5,32757.0
324,202409171200,25529,202409,2024091200,1129.65825,0.04425,12,38.099999999999994,46.35,32.25,32757.0
325,202409171300,25529,202409,2024091300,1217.9885900000002,0.04771,13,39.349999999999994,45.8,38.25,32757.0
326,202409171400,25529,202409,2024091400,1505.18984,0.05896,14,41.8,49.1,33.9,32757.0
327,202409171500,25529,202409,2024091500,1880.97672,0.07368,15,48.05,52.9,36.8,32757.0
328,202409171600,25529,202409,2024091600,2195.74929,0.08601,16,53.599999999999994,57.5,38.1,32757.0
329,202409171700,25529,202409,2024091700,2437.5089199999998,0.09548,17,73.94999999999999,57.65,35.85,32757.0
330,202409171800,25529,202409,2024091800,3191.125,0.125,18,76.35,54.05,41.75,32757.0
331,202409171900,25529,202409,2024091900,2089.8039400000002,0.08186,19,44.85,48.8,41.6,32757.0
332,202409172000,25529,202409,2024092000,1877.14737,0.07353,20,33.5,46.1,39.15,32757.0
333,202409172100,25529,202409,2024092100,1876.89208,0.07352,21,30.75,44.2,35.95,32757.0
334,202409172200,25529,202409,2024092200,1740.3119299999998,0.06817,22,42.75,39.2,29.6,32757.0
335,202409172300,25529,202409,2024092300,715.83316,0.02804,23,27.85,38.55,27.9,32757.0
336,202409160000,32110,202409,2024090000,56.513600000000004,0.00176,00,11.05,0.0,0.0,32757.0
337,202409160100,32110,202409,2024090100,0.32110000000000005,1e-05,01,,,,
338,202409160200,32110,202409,2024090200,0.0,0.0,02,,,,
339,202409160300,32110,202409,2024090300,0.0,0.0,03,,,,
340,202409160400,32110,202409,2024090400,0.9633,3e-05,04,,,,
341,202409160500,32110,202409,2024090500,55.2292,0.00172,05,5.7,5.05,2.55,32757.0
342,202409160600,32110,202409,2024090600,128.44,0.004,06,15.4,12.45,7.85,32757.0
343,202409160700,32110,202409,2024090700,277.4304,0.00864,07,23.15,14.35,10.7,32757.0
344,202409160800,32110,202409,2024090800,571.558,0.0178,08,40.5,29.35,19.85,32757.0
345,202409160900,32110,202409,2024090900,996.0522,0.03102,09,32.65,38.45,24.9,32757.0
346,202409161000,32110,202409,2024091000,1169.1251,0.03641,10,33.849999999999994,43.25,31.0,32757.0
347,202409161100,32110,202409,2024091100,1361.7851,0.04241,11,30.0,44.75,34.5,32757.0
348,202409161200,32110,202409,2024091200,1420.8674999999998,0.04425,12,38.099999999999994,46.35,32.25,32757.0
349,202409161300,32110,202409,2024091300,1531.9681,0.04771,13,39.349999999999994,45.8,38.25,32757.0
350,202409161400,32110,202409,2024091400,1893.2056,0.05896,14,41.8,49.1,33.9,32757.0
351,202409161500,32110,202409,2024091500,2365.8648,0.07368,15,48.05,52.9,36.8,32757.0
352,202409161600,32110,202409,2024091600,2761.7811,0.08601,16,53.599999999999994,57.5,38.1,32757.0
353,202409161700,32110,202409,2024091700,3065.8628,0.09548,17,73.94999999999999,57.65,35.85,32757.0
354,202409161800,32110,202409,2024091800,4013.75,0.125,18,76.35,54.05,41.75,32757.0
355,202409161900,32110,202409,2024091900,2628.5246,0.08186,19,44.85,48.8,41.6,32757.0
356,202409162000,32110,202409,2024092000,2361.0483,0.07353,20,33.5,46.1,39.15,32757.0
357,202409162100,32110,202409,2024092100,2360.7272000000003,0.07352,21,30.75,44.2,35.95,32757.0
358,202409162200,32110,202409,2024092200,2188.9386999999997,0.06817,22,42.75,39.2,29.6,32757.0
359,202409162300,32110,202409,2024092300,900.3643999999999,0.02804,23,27.85,38.55,27.9,32757.0
360,202409150000,34368,202409,2024090000,60.487680000000005,0.00176,00,11.05,0.0,0.0,32757.0
361,202409150100,34368,202409,2024090100,0.34368000000000004,1e-05,01,,,,
362,202409150200,34368,202409,2024090200,0.0,0.0,02,,,,
363,202409150300,34368,202409,2024090300,0.0,0.0,03,,,,
364,202409150400,34368,202409,2024090400,1.03104,3e-05,04,,,,
365,202409150500,34368,202409,2024090500,59.11296,0.00172,05,5.7,5.05,2.55,32757.0
366,202409150600,34368,202409,2024090600,137.472,0.004,06,15.4,12.45,7.85,32757.0
367,202409150700,34368,202409,2024090700,296.93952,0.00864,07,23.15,14.35,10.7,32757.0
368,202409150800,34368,202409,2024090800,611.7504,0.0178,08,40.5,29.35,19.85,32757.0
369,202409150900,34368,202409,2024090900,1066.09536,0.03102,09,32.65,38.45,24.9,32757.0
370,202409151000,34368,202409,2024091000,1251.33888,0.03641,10,33.849999999999994,43.25,31.0,32757.0
371,202409151100,34368,202409,2024091100,1457.54688,0.04241,11,30.0,44.75,34.5,32757.0
372,202409151200,34368,202409,2024091200,1520.7839999999999,0.04425,12,38.099999999999994,46.35,32.25,32757.0
373,202409151300,34368,202409,2024091300,1639.69728,0.04771,13,39.349999999999994,45.8,38.25,32757.0
374,202409151400,34368,202409,2024091400,2026.33728,0.05896,14,41.8,49.1,33.9,32757.0
375,202409151500,34368,202409,2024091500,2532.2342399999998,0.07368,15,48.05,52.9,36.8,32757.0
376,202409151600,34368,202409,2024091600,2955.99168,0.08601,16,53.599999999999994,57.5,38.1,32757.0
377,202409151700,34368,202409,2024091700,3281.45664,0.09548,17,73.94999999999999,57.65,35.85,32757.0
378,202409151800,34368,202409,2024091800,4296.0,0.125,18,76.35,54.05,41.75,32757.0
379,202409151900,34368,202409,2024091900,2813.36448,0.08186,19,44.85,48.8,41.6,32757.0
380,202409152000,34368,202409,2024092000,2527.07904,0.07353,20,33.5,46.1,39.15,32757.0
381,202409152100,34368,202409,2024092100,2526.73536,0.07352,21,30.75,44.2,35.95,32757.0
382,202409152200,34368,202409,2024092200,2342.86656,0.06817,22,42.75,39.2,29.6,32757.0
383,202409152300,34368,202409,2024092300,963.67872,0.02804,23,27.85,38.55,27.9,32757.0
384,202409140000,29830,202409,2024090000,52.500800000000005,0.00176,00,11.05,0.0,0.0,32757.0
385,202409140100,29830,202409,2024090100,0.2983,1e-05,01,,,,
386,202409140200,29830,202409,2024090200,0.0,0.0,02,,,,
387,202409140300,29830,202409,2024090300,0.0,0.0,03,,,,
388,202409140400,29830,202409,2024090400,0.8949,3e-05,04,,,,
389,202409140500,29830,202409,2024090500,51.3076,0.00172,05,5.7,5.05,2.55,32757.0
390,202409140600,29830,202409,2024090600,119.32000000000001,0.004,06,15.4,12.45,7.85,32757.0
391,202409140700,29830,202409,2024090700,257.7312,0.00864,07,23.15,14.35,10.7,32757.0
392,202409140800,29830,202409,2024090800,530.974,0.0178,08,40.5,29.35,19.85,32757.0
393,202409140900,29830,202409,2024090900,925.3266,0.03102,09,32.65,38.45,24.9,32757.0
394,202409141000,29830,202409,2024091000,1086.1102999999998,0.03641,10,33.849999999999994,43.25,31.0,32757.0
395,202409141100,29830,202409,2024091100,1265.0903,0.04241,11,30.0,44.75,34.5,32757.0
396,202409141200,29830,202409,2024091200,1319.9775,0.04425,12,38.099999999999994,46.35,32.25,32757.0
397,202409141300,29830,202409,2024091300,1423.1893,0.04771,13,39.349999999999994,45.8,38.25,32757.0
398,202409141400,29830,202409,2024091400,1758.7767999999999,0.05896,14,41.8,49.1,33.9,32757.0
399,202409141500,29830,202409,2024091500,2197.8743999999997,0.07368,15,48.05,52.9,36.8,32757.0
400,202409141600,29830,202409,2024091600,2565.6783,0.08601,16,53.599999999999994,57.5,38.1,32757.0
401,202409141700,29830,202409,2024091700,2848.1684,0.09548,17,73.94999999999999,57.65,35.85,32757.0
402,202409141800,29830,202409,2024091800,3728.75,0.125,18,76.35,54.05,41.75,32757.0
403,202409141900,29830,202409,2024091900,2441.8838,0.08186,19,44.85,48.8,41.6,32757.0
404,202409142000,29830,202409,2024092000,2193.3999,0.07353,20,33.5,46.1,39.15,32757.0
405,202409142100,29830,202409,2024092100,2193.1016,0.07352,21,30.75,44.2,35.95,32757.0
406,202409142200,29830,202409,2024092200,2033.5111,0.06817,22,42.75,39.2,29.6,32757.0
407,202409142300,29830,202409,2024092300,836.4331999999999,0.02804,23,27.85,38.55,27.9,32757.0
408,202409130000,32731,202409,2024090000,57.60656,0.00176,00,11.05,0.0,0.0,32757.0
409,202409130100,32731,202409,2024090100,0.32731000000000005,1e-05,01,,,,
410,202409130200,32731,202409,2024090200,0.0,0.0,02,,,,
411,202409130300,32731,202409,2024090300,0.0,0.0,03,,,,
412,202409130400,32731,202409,2024090400,0.98193,3e-05,04,,,,
413,202409130500,32731,202409,2024090500,56.29732,0.00172,05,5.7,5.05,2.55,32757.0
414,202409130600,32731,202409,2024090600,130.924,0.004,06,15.4,12.45,7.85,32757.0
415,202409130700,32731,202409,2024090700,282.79584,0.00864,07,23.15,14.35,10.7,32757.0
416,202409130800,32731,202409,2024090800,582.6118,0.0178,08,40.5,29.35,19.85,32757.0
417,202409130900,32731,202409,2024090900,1015.31562,0.03102,09,32.65,38.45,24.9,32757.0
418,202409131000,32731,202409,2024091000,1191.73571,0.03641,10,33.849999999999994,43.25,31.0,32757.0
419,202409131100,32731,202409,2024091100,1388.1217100000001,0.04241,11,30.0,44.75,34.5,32757.0
420,202409131200,32731,202409,2024091200,1448.34675,0.04425,12,38.099999999999994,46.35,32.25,32757.0
421,202409131300,32731,202409,2024091300,1561.59601,0.04771,13,39.349999999999994,45.8,38.25,32757.0
422,202409131400,32731,202409,2024091400,1929.8197599999999,0.05896,14,41.8,49.1,33.9,32757.0
423,202409131500,32731,202409,2024091500,2411.6200799999997,0.07368,15,48.05,52.9,36.8,32757.0
424,202409131600,32731,202409,2024091600,2815.19331,0.08601,16,53.599999999999994,57.5,38.1,32757.0
425,202409131700,32731,202409,2024091700,3125.15588,0.09548,17,73.94999999999999,57.65,35.85,32757.0
426,202409131800,32731,202409,2024091800,4091.375,0.125,18,76.35,54.05,41.75,32757.0
427,202409131900,32731,202409,2024091900,2679.35966,0.08186,19,44.85,48.8,41.6,32757.0
428,202409132000,32731,202409,2024092000,2406.71043,0.07353,20,33.5,46.1,39.15,32757.0
429,202409132100,32731,202409,2024092100,2406.38312,0.07352,21,30.75,44.2,35.95,32757.0
430,202409132200,32731,202409,2024092200,2231.27227,0.06817,22,42.75,39.2,29.6,32757.0
431,202409132300,32731,202409,2024092300,917.77724,0.02804,23,27.85,38.55,27.9,32757.0
432,202409120000,31988,202409,2024090000,56.298880000000004,0.00176,00,11.05,0.0,0.0,32757.0
433,202409120100,31988,202409,2024090100,0.31988000000000005,1e-05,01,,,,
434,202409120200,31988,202409,2024090200,0.0,0.0,02,,,,
435,202409120300,31988,202409,2024090300,0.0,0.0,03,,,,
436,202409120400,31988,202409,2024090400,0.95964,3e-05,04,,,,
437,202409120500,31988,202409,2024090500,55.01936,0.00172,05,5.7,5.05,2.55,32757.0
438,202409120600,31988,202409,2024090600,127.952,0.004,06,15.4,12.45,7.85,32757.0
439,202409120700,31988,202409,2024090700,276.37632,0.00864,07,23.15,14.35,10.7,32757.0
440,202409120800,31988,202409,2024090800,569.3864,0.0178,08,40.5,29.35,19.85,32757.0
441,202409120900,31988,202409,2024090900,992.26776,0.03102,09,32.65,38.45,24.9,32757.0
442,202409121000,31988,202409,2024091000,1164.68308,0.03641,10,33.849999999999994,43.25,31.0,32757.0
443,202409121100,31988,202409,2024091100,1356.6110800000001,0.04241,11,30.0,44.75,34.5,32757.0
444,202409121200,31988,202409,2024091200,1415.4689999999998,0.04425,12,38.099999999999994,46.35,32.25,32757.0
445,202409121300,31988,202409,2024091300,1526.14748,0.04771,13,39.349999999999994,45.8,38.25,32757.0
446,202409121400,31988,202409,2024091400,1886.0124799999999,0.05896,14,41.8,49.1,33.9,32757.0
447,202409121500,31988,202409,2024091500,2356.8758399999997,0.07368,15,48.05,52.9,36.8,32757.0
448,202409121600,31988,202409,2024091600,2751.2878800000003,0.08601,16,53.599999999999994,57.5,38.1,32757.0
449,202409121700,31988,202409,2024091700,3054.21424,0.09548,17,73.94999999999999,57.65,35.85,32757.0
450,202409121800,31988,202409,2024091800,3998.5,0.125,18,76.35,54.05,41.75,32757.0
451,202409121900,31988,202409,2024091900,2618.53768,0.08186,19,44.85,48.8,41.6,32757.0
452,202409122000,31988,202409,2024092000,2352.07764,0.07353,20,33.5,46.1,39.15,32757.0
453,202409122100,31988,202409,2024092100,2351.75776,0.07352,21,30.75,44.2,35.95,32757.0
454,202409122200,31988,202409,2024092200,2180.62196,0.06817,22,42.75,39.2,29.6,32757.0
455,202409122300,31988,202409,2024092300,896.9435199999999,0.02804,23,27.85,38.55,27.9,32757.0
456,202409110000,35374,202409,2024090000,62.25824,0.00176,00,11.05,0.0,0.0,32757.0
457,202409110100,35374,202409,2024090100,0.35374000000000005,1e-05,01,,,,
458,202409110200,35374,202409,2024090200,0.0,0.0,02,,,,
459,202409110300,35374,202409,2024090300,0.0,0.0,03,,,,
460,202409110400,35374,202409,2024090400,1.06122,3e-05,04,,,,
461,202409110500,35374,202409,2024090500,60.84328,0.00172,05,5.7,5.05,2.55,32757.0
462,202409110600,35374,202409,2024090600,141.496,0.004,06,15.4,12.45,7.85,32757.0
463,202409110700,35374,202409,2024090700,305.63136000000003,0.00864,07,23.15,14.35,10.7,32757.0
464,202409110800,35374,202409,2024090800,629.6572,0.0178,08,40.5,29.35,19.85,32757.0
465,202409110900,35374,202409,2024090900,1097.3014799999999,0.03102,09,32.65,38.45,24.9,32757.0
466,202409111000,35374,202409,2024091000,1287.96734,0.03641,10,33.849999999999994,43.25,31.0,32757.0
467,202409111100,35374,202409,2024091100,1500.21134,0.04241,11,30.0,44.75,34.5,32757.0
468,202409111200,35374,202409,2024091200,1565.2994999999999,0.04425,12,38.099999999999994,46.35,32.25,32757.0
469,202409111300,35374,202409,2024091300,1687.69354,0.04771,13,39.349999999999994,45.8,38.25,32757.0
470,202409111400,35374,202409,2024091400,2085.6510399999997,0.05896,14,41.8,49.1,33.9,32757.0
471,202409111500,35374,202409,2024091500,2606.35632,0.07368,15,48.05,52.9,36.8,32757.0
472,202409111600,35374,202409,2024091600,3042.5177400000002,0.08601,16,53.599999999999994,57.5,38.1,32757.0
473,202409111700,35374,202409,2024091700,3377.5095199999996,0.09548,17,73.94999999999999,57.65,35.85,32757.0
474,202409111800,35374,202409,2024091800,4421.75,0.125,18,76.35,54.05,41.75,32757.0
475,202409111900,35374,202409,2024091900,2895.71564,0.08186,19,44.85,48.8,41.6,32757.0
476,202409112000,35374,202409,2024092000,2601.05022,0.07353,20,33.5,46.1,39.15,32757.0
477,202409112100,35374,202409,2024092100,2600.69648,0.07352,21,30.75,44.2,35.95,32757.0
478,202409112200,35374,202409,2024092200,2411.4455799999996,0.06817,22,42.75,39.2,29.6,32757.0
479,202409112300,35374,202409,2024092300,991.8869599999999,0.02804,23,27.85,38.55,27.9,32757.0
480,202409100000,37411,202409,2024090000,65.84336,0.00176,00,11.05,0.0,0.0,32757.0
481,202409100100,37411,202409,2024090100,0.37411000000000005,1e-05,01,,,,
482,202409100200,37411,202409,2024090200,0.0,0.0,02,,,,
483,202409100300,37411,202409,2024090300,0.0,0.0,03,,,,
484,202409100400,37411,202409,2024090400,1.12233,3e-05,04,,,,
485,202409100500,37411,202409,2024090500,64.34692,0.00172,05,5.7,5.05,2.55,32757.0
486,202409100600,37411,202409,2024090600,149.644,0.004,06,15.4,12.45,7.85,32757.0
487,202409100700,37411,202409,2024090700,323.23104,0.00864,07,23.15,14.35,10.7,32757.0
488,202409100800,37411,202409,2024090800,665.9158,0.0178,08,40.5,29.35,19.85,32757.0
489,202409100900,37411,202409,2024090900,1160.48922,0.03102,09,32.65,38.45,24.9,32757.0
490,202409101000,37411,202409,2024091000,1362.1345099999999,0.03641,10,33.849999999999994,43.25,31.0,32757.0
491,202409101100,37411,202409,2024091100,1586.6005100000002,0.04241,11,30.0,44.75,34.5,32757.0
492,202409101200,37411,202409,2024091200,1655.4367499999998,0.04425,12,38.099999999999994,46.35,32.25,32757.0
493,202409101300,37411,202409,2024091300,1784.8788100000002,0.04771,13,39.349999999999994,45.8,38.25,32757.0
494,202409101400,37411,202409,2024091400,2205.75256,0.05896,14,41.8,49.1,33.9,32757.0
495,202409101500,37411,202409,2024091500,2756.4424799999997,0.07368,15,48.05,52.9,36.8,32757.0
496,202409101600,37411,202409,2024091600,3217.72011,0.08601,16,53.599999999999994,57.5,38.1,32757.0
497,202409101700,37411,202409,2024091700,3572.0022799999997,0.09548,17,73.94999999999999,57.65,35.85,32757.0
498,202409101800,37411,202409,2024091800,4676.375,0.125,18,76.35,54.05,41.75,32757.0
499,202409101900,37411,202409,2024091900,3062.46446,0.08186,19,44.85,48.8,41.6,32757.0
500,202409102000,37411,202409,2024092000,2750.83083,0.07353,20,33.5,46.1,39.15,32757.0
501,202409102100,37411,202409,2024092100,2750.45672,0.07352,21,30.75,44.2,35.95,32757.0
502,202409102200,37411,202409,2024092200,2550.3078699999996,0.06817,22,42.75,39.2,29.6,32757.0
503,202409102300,37411,202409,2024092300,1049.00444,0.02804,23,27.85,38.55,27.9,32757.0
504,202409090000,37395,202409,2024090000,65.8152,0.00176,00,11.05,0.0,0.0,32757.0
505,202409090100,37395,202409,2024090100,0.37395,1e-05,01,,,,
506,202409090200,37395,202409,2024090200,0.0,0.0,02,,,,
507,202409090300,37395,202409,2024090300,0.0,0.0,03,,,,
508,202409090400,37395,202409,2024090400,1.12185,3e-05,04,,,,
509,202409090500,37395,202409,2024090500,64.3194,0.00172,05,5.7,5.05,2.55,32757.0
510,202409090600,37395,202409,2024090600,149.58,0.004,06,15.4,12.45,7.85,32757.0
511,202409090700,37395,202409,2024090700,323.0928,0.00864,07,23.15,14.35,10.7,32757.0
512,202409090800,37395,202409,2024090800,665.631,0.0178,08,40.5,29.35,19.85,32757.0
513,202409090900,37395,202409,2024090900,1159.9929,0.03102,09,32.65,38.45,24.9,32757.0
514,202409091000,37395,202409,2024091000,1361.55195,0.03641,10,33.849999999999994,43.25,31.0,32757.0
515,202409091100,37395,202409,2024091100,1585.9219500000002,0.04241,11,30.0,44.75,34.5,32757.0
516,202409091200,37395,202409,2024091200,1654.72875,0.04425,12,38.099999999999994,46.35,32.25,32757.0
517,202409091300,37395,202409,2024091300,1784.11545,0.04771,13,39.349999999999994,45.8,38.25,32757.0
518,202409091400,37395,202409,2024091400,2204.8092,0.05896,14,41.8,49.1,33.9,32757.0
519,202409091500,37395,202409,2024091500,2755.2635999999998,0.07368,15,48.05,52.9,36.8,32757.0
520,202409091600,37395,202409,2024091600,3216.34395,0.08601,16,53.599999999999994,57.5,38.1,32757.0
521,202409091700,37395,202409,2024091700,3570.4746,0.09548,17,73.94999999999999,57.65,35.85,32757.0
522,202409091800,37395,202409,2024091800,4674.375,0.125,18,76.35,54.05,41.75,32757.0
523,202409091900,37395,202409,2024091900,3061.1547,0.08186,19,44.85,48.8,41.6,32757.0
524,202409092000,37395,202409,2024092000,2749.65435,0.07353,20,33.5,46.1,39.15,32757.0
525,202409092100,37395,202409,2024092100,2749.2804,0.07352,21,30.75,44.2,35.95,32757.0
526,202409092200,37395,202409,2024092200,2549.21715,0.06817,22,42.75,39.2,29.6,32757.0
527,202409092300,37395,202409,2024092300,1048.5557999999999,0.02804,23,27.85,38.55,27.9,32757.0
528,202409080000,30058,202409,2024090000,52.902080000000005,0.00176,00,11.05,0.0,0.0,32757.0
529,202409080100,30058,202409,2024090100,0.30058,1e-05,01,,,,
530,202409080200,30058,202409,2024090200,0.0,0.0,02,,,,
531,202409080300,30058,202409,2024090300,0.0,0.0,03,,,,
532,202409080400,30058,202409,2024090400,0.90174,3e-05,04,,,,
533,202409080500,30058,202409,2024090500,51.69976,0.00172,05,5.7,5.05,2.55,32757.0
534,202409080600,30058,202409,2024090600,120.232,0.004,06,15.4,12.45,7.85,32757.0
535,202409080700,30058,202409,2024090700,259.70112,0.00864,07,23.15,14.35,10.7,32757.0
536,202409080800,30058,202409,2024090800,535.0323999999999,0.0178,08,40.5,29.35,19.85,32757.0
537,202409080900,30058,202409,2024090900,932.3991599999999,0.03102,09,32.65,38.45,24.9,32757.0
538,202409081000,30058,202409,2024091000,1094.41178,0.03641,10,33.849999999999994,43.25,31.0,32757.0
539,202409081100,30058,202409,2024091100,1274.75978,0.04241,11,30.0,44.75,34.5,32757.0
540,202409081200,30058,202409,2024091200,1330.0665,0.04425,12,38.099999999999994,46.35,32.25,32757.0
541,202409081300,30058,202409,2024091300,1434.06718,0.04771,13,39.349999999999994,45.8,38.25,32757.0
542,202409081400,30058,202409,2024091400,1772.21968,0.05896,14,41.8,49.1,33.9,32757.0
543,202409081500,30058,202409,2024091500,2214.67344,0.07368,15,48.05,52.9,36.8,32757.0
544,202409081600,30058,202409,2024091600,2585.28858,0.08601,16,53.599999999999994,57.5,38.1,32757.0
545,202409081700,30058,202409,2024091700,2869.93784,0.09548,17,73.94999999999999,57.65,35.85,32757.0
546,202409081800,30058,202409,2024091800,3757.25,0.125,18,76.35,54.05,41.75,32757.0
547,202409081900,30058,202409,2024091900,2460.54788,0.08186,19,44.85,48.8,41.6,32757.0
548,202409082000,30058,202409,2024092000,2210.16474,0.07353,20,33.5,46.1,39.15,32757.0
549,202409082100,30058,202409,2024092100,2209.86416,0.07352,21,30.75,44.2,35.95,32757.0
550,202409082200,30058,202409,2024092200,2049.05386,0.06817,22,42.75,39.2,29.6,32757.0
551,202409082300,30058,202409,2024092300,842.82632,0.02804,23,27.85,38.55,27.9,32757.0
552,202409070000,35185,202409,2024090000,61.9256,0.00176,00,11.05,0.0,0.0,32757.0
553,202409070100,35185,202409,2024090100,0.35185000000000005,1e-05,01,,,,
554,202409070200,35185,202409,2024090200,0.0,0.0,02,,,,
555,202409070300,35185,202409,2024090300,0.0,0.0,03,,,,
556,202409070400,35185,202409,2024090400,1.05555,3e-05,04,,,,
557,202409070500,35185,202409,2024090500,60.5182,0.00172,05,5.7,5.05,2.55,32757.0
558,202409070600,35185,202409,2024090600,140.74,0.004,06,15.4,12.45,7.85,32757.0
559,202409070700,35185,202409,2024090700,303.9984,0.00864,07,23.15,14.35,10.7,32757.0
560,202409070800,35185,202409,2024090800,626.293,0.0178,08,40.5,29.35,19.85,32757.0
561,202409070900,35185,202409,2024090900,1091.4387,0.03102,09,32.65,38.45,24.9,32757.0
562,202409071000,35185,202409,2024091000,1281.08585,0.03641,10,33.849999999999994,43.25,31.0,32757.0
563,202409071100,35185,202409,2024091100,1492.19585,0.04241,11,30.0,44.75,34.5,32757.0
564,202409071200,35185,202409,2024091200,1556.93625,0.04425,12,38.099999999999994,46.35,32.25,32757.0
565,202409071300,35185,202409,2024091300,1678.6763500000002,0.04771,13,39.349999999999994,45.8,38.25,32757.0
566,202409071400,35185,202409,2024091400,2074.5076,0.05896,14,41.8,49.1,33.9,32757.0
567,202409071500,35185,202409,2024091500,2592.4307999999996,0.07368,15,48.05,52.9,36.8,32757.0
568,202409071600,35185,202409,2024091600,3026.2618500000003,0.08601,16,53.599999999999994,57.5,38.1,32757.0
569,202409071700,35185,202409,2024091700,3359.4638,0.09548,17,73.94999999999999,57.65,35.85,32757.0
570,202409071800,35185,202409,2024091800,4398.125,0.125,18,76.35,54.05,41.75,32757.0
571,202409071900,35185,202409,2024091900,2880.2441,0.08186,19,44.85,48.8,41.6,32757.0
572,202409072000,35185,202409,2024092000,2587.15305,0.07353,20,33.5,46.1,39.15,32757.0
573,202409072100,35185,202409,2024092100,2586.8012,0.07352,21,30.75,44.2,35.95,32757.0
574,202409072200,35185,202409,2024092200,2398.5614499999997,0.06817,22,42.75,39.2,29.6,32757.0
575,202409072300,35185,202409,2024092300,986.5874,0.02804,23,27.85,38.55,27.9,32757.0
576,202409060000,39541,202409,2024090000,69.59216,0.00176,00,11.05,0.0,0.0,32757.0
577,202409060100,39541,202409,2024090100,0.39541000000000004,1e-05,01,,,,
578,202409060200,39541,202409,2024090200,0.0,0.0,02,,,,
579,202409060300,39541,202409,2024090300,0.0,0.0,03,,,,
580,202409060400,39541,202409,2024090400,1.1862300000000001,3e-05,04,,,,
581,202409060500,39541,202409,2024090500,68.01052,0.00172,05,5.7,5.05,2.55,32757.0
582,202409060600,39541,202409,2024090600,158.16400000000002,0.004,06,15.4,12.45,7.85,32757.0
583,202409060700,39541,202409,2024090700,341.63424,0.00864,07,23.15,14.35,10.7,32757.0
584,202409060800,39541,202409,2024090800,703.8298,0.0178,08,40.5,29.35,19.85,32757.0
585,202409060900,39541,202409,2024090900,1226.56182,0.03102,09,32.65,38.45,24.9,32757.0
586,202409061000,39541,202409,2024091000,1439.68781,0.03641,10,33.849999999999994,43.25,31.0,32757.0
587,202409061100,39541,202409,2024091100,1676.9338100000002,0.04241,11,30.0,44.75,34.5,32757.0
588,202409061200,39541,202409,2024091200,1749.68925,0.04425,12,38.099999999999994,46.35,32.25,32757.0
589,202409061300,39541,202409,2024091300,1886.5011100000002,0.04771,13,39.349999999999994,45.8,38.25,32757.0
590,202409061400,39541,202409,2024091400,2331.33736,0.05896,14,41.8,49.1,33.9,32757.0
591,202409061500,39541,202409,2024091500,2913.3808799999997,0.07368,15,48.05,52.9,36.8,32757.0
592,202409061600,39541,202409,2024091600,3400.92141,0.08601,16,53.599999999999994,57.5,38.1,32757.0
593,202409061700,39541,202409,2024091700,3775.37468,0.09548,17,73.94999999999999,57.65,35.85,32757.0
594,202409061800,39541,202409,2024091800,4942.625,0.125,18,76.35,54.05,41.75,32757.0
595,202409061900,39541,202409,2024091900,3236.8262600000003,0.08186,19,44.85,48.8,41.6,32757.0
596,202409062000,39541,202409,2024092000,2907.44973,0.07353,20,33.5,46.1,39.15,32757.0
597,202409062100,39541,202409,2024092100,2907.05432,0.07352,21,30.75,44.2,35.95,32757.0
598,202409062200,39541,202409,2024092200,2695.5099699999996,0.06817,22,42.75,39.2,29.6,32757.0
599,202409062300,39541,202409,2024092300,1108.72964,0.02804,23,27.85,38.55,27.9,32757.0
600,202409050000,38354,202409,2024090000,67.50304,0.00176,00,11.05,0.0,0.0,32757.0
601,202409050100,38354,202409,2024090100,0.38354000000000005,1e-05,01,,,,
602,202409050200,38354,202409,2024090200,0.0,0.0,02,,,,
603,202409050300,38354,202409,2024090300,0.0,0.0,03,,,,
604,202409050400,38354,202409,2024090400,1.15062,3e-05,04,,,,
605,202409050500,38354,202409,2024090500,65.96888,0.00172,05,5.7,5.05,2.55,32757.0
606,202409050600,38354,202409,2024090600,153.416,0.004,06,15.4,12.45,7.85,32757.0
607,202409050700,38354,202409,2024090700,331.37856,0.00864,07,23.15,14.35,10.7,32757.0
608,202409050800,38354,202409,2024090800,682.7012,0.0178,08,40.5,29.35,19.85,32757.0
609,202409050900,38354,202409,2024090900,1189.74108,0.03102,09,32.65,38.45,24.9,32757.0
610,202409051000,38354,202409,2024091000,1396.46914,0.03641,10,33.849999999999994,43.25,31.0,32757.0
611,202409051100,38354,202409,2024091100,1626.5931400000002,0.04241,11,30.0,44.75,34.5,32757.0
612,202409051200,38354,202409,2024091200,1697.1644999999999,0.04425,12,38.099999999999994,46.35,32.25,32757.0
613,202409051300,38354,202409,2024091300,1829.8693400000002,0.04771,13,39.349999999999994,45.8,38.25,32757.0
614,202409051400,38354,202409,2024091400,2261.35184,0.05896,14,41.8,49.1,33.9,32757.0
615,202409051500,38354,202409,2024091500,2825.92272,0.07368,15,48.05,52.9,36.8,32757.0
616,202409051600,38354,202409,2024091600,3298.82754,0.08601,16,53.599999999999994,57.5,38.1,32757.0
617,202409051700,38354,202409,2024091700,3662.0399199999997,0.09548,17,73.94999999999999,57.65,35.85,32757.0
618,202409051800,38354,202409,2024091800,4794.25,0.125,18,76.35,54.05,41.75,32757.0
619,202409051900,38354,202409,2024091900,3139.65844,0.08186,19,44.85,48.8,41.6,32757.0
620,202409052000,38354,202409,2024092000,2820.16962,0.07353,20,33.5,46.1,39.15,32757.0
621,202409052100,38354,202409,2024092100,2819.78608,0.07352,21,30.75,44.2,35.95,32757.0
622,202409052200,38354,202409,2024092200,2614.5921799999996,0.06817,22,42.75,39.2,29.6,32757.0
623,202409052300,38354,202409,2024092300,1075.44616,0.02804,23,27.85,38.55,27.9,32757.0
624,202409040000,39217,202409,2024090000,69.02192000000001,0.00176,00,11.05,0.0,0.0,32757.0
625,202409040100,39217,202409,2024090100,0.39217,1e-05,01,,,,
626,202409040200,39217,202409,2024090200,0.0,0.0,02,,,,
627,202409040300,39217,202409,2024090300,0.0,0.0,03,,,,
628,202409040400,39217,202409,2024090400,1.17651,3e-05,04,,,,
629,202409040500,39217,202409,2024090500,67.45324,0.00172,05,5.7,5.05,2.55,32757.0
630,202409040600,39217,202409,2024090600,156.868,0.004,06,15.4,12.45,7.85,32757.0
631,202409040700,39217,202409,2024090700,338.83488,0.00864,07,23.15,14.35,10.7,32757.0
632,202409040800,39217,202409,2024090800,698.0626,0.0178,08,40.5,29.35,19.85,32757.0
633,202409040900,39217,202409,2024090900,1216.51134,0.03102,09,32.65,38.45,24.9,32757.0
634,202409041000,39217,202409,2024091000,1427.89097,0.03641,10,33.849999999999994,43.25,31.0,32757.0
635,202409041100,39217,202409,2024091100,1663.19297,0.04241,11,30.0,44.75,34.5,32757.0
636,202409041200,39217,202409,2024091200,1735.35225,0.04425,12,38.099999999999994,46.35,32.25,32757.0
637,202409041300,39217,202409,2024091300,1871.0430700000002,0.04771,13,39.349999999999994,45.8,38.25,32757.0
638,202409041400,39217,202409,2024091400,2312.23432,0.05896,14,41.8,49.1,33.9,32757.0
639,202409041500,39217,202409,2024091500,2889.5085599999998,0.07368,15,48.05,52.9,36.8,32757.0
640,202409041600,39217,202409,2024091600,3373.0541700000003,0.08601,16,53.599999999999994,57.5,38.1,32757.0
641,202409041700,39217,202409,2024091700,3744.43916,0.09548,17,73.94999999999999,57.65,35.85,32757.0
642,202409041800,39217,202409,2024091800,4902.125,0.125,18,76.35,54.05,41.75,32757.0
643,202409041900,39217,202409,2024091900,3210.30362,0.08186,19,44.85,48.8,41.6,32757.0
644,202409042000,39217,202409,2024092000,2883.62601,0.07353,20,33.5,46.1,39.15,32757.0
645,202409042100,39217,202409,2024092100,2883.23384,0.07352,21,30.75,44.2,35.95,32757.0
646,202409042200,39217,202409,2024092200,2673.42289,0.06817,22,42.75,39.2,29.6,32757.0
647,202409042300,39217,202409,2024092300,1099.6446799999999,0.02804,23,27.85,38.55,27.9,32757.0
648,202409030000,37961,202409,2024090000,66.81136000000001,0.00176,00,11.05,0.0,0.0,32757.0
649,202409030100,37961,202409,2024090100,0.37961000000000006,1e-05,01,,,,
650,202409030200,37961,202409,2024090200,0.0,0.0,02,,,,
651,202409030300,37961,202409,2024090300,0.0,0.0,03,,,,
652,202409030400,37961,202409,2024090400,1.13883,3e-05,04,,,,
653,202409030500,37961,202409,2024090500,65.29292,0.00172,05,5.7,5.05,2.55,32757.0
654,202409030600,37961,202409,2024090600,151.844,0.004,06,15.4,12.45,7.85,32757.0
655,202409030700,37961,202409,2024090700,327.98304,0.00864,07,23.15,14.35,10.7,32757.0
656,202409030800,37961,202409,2024090800,675.7058,0.0178,08,40.5,29.35,19.85,32757.0
657,202409030900,37961,202409,2024090900,1177.5502199999999,0.03102,09,32.65,38.45,24.9,32757.0
658,202409031000,37961,202409,2024091000,1382.1600099999998,0.03641,10,33.849999999999994,43.25,31.0,32757.0
659,202409031100,37961,202409,2024091100,1609.9260100000001,0.04241,11,30.0,44.75,34.5,32757.0
660,202409031200,37961,202409,2024091200,1679.77425,0.04425,12,38.099999999999994,46.35,32.25,32757.0
661,202409031300,37961,202409,2024091300,1811.11931,0.04771,13,39.349999999999994,45.8,38.25,32757.0
662,202409031400,37961,202409,2024091400,2238.18056,0.05896,14,41.8,49.1,33.9,32757.0
663,202409031500,37961,202409,2024091500,2796.96648,0.07368,15,48.05,52.9,36.8,32757.0
664,202409031600,37961,202409,2024091600,3265.02561,0.08601,16,53.599999999999994,57.5,38.1,32757.0
665,202409031700,37961,202409,2024091700,3624.51628,0.09548,17,73.94999999999999,57.65,35.85,32757.0
666,202409031800,37961,202409,2024091800,4745.125,0.125,18,76.35,54.05,41.75,32757.0
667,202409031900,37961,202409,2024091900,3107.4874600000003,0.08186,19,44.85,48.8,41.6,32757.0
668,202409032000,37961,202409,2024092000,2791.27233,0.07353,20,33.5,46.1,39.15,32757.0
669,202409032100,37961,202409,2024092100,2790.8927200000003,0.07352,21,30.75,44.2,35.95,32757.0
670,202409032200,37961,202409,2024092200,2587.8013699999997,0.06817,22,42.75,39.2,29.6,32757.0
671,202409032300,37961,202409,2024092300,1064.42644,0.02804,23,27.85,38.55,27.9,32757.0
672,202409020000,36489,202409,2024090000,64.22064,0.00176,00,11.05,0.0,0.0,32757.0
673,202409020100,36489,202409,2024090100,0.36489000000000005,1e-05,01,,,,
674,202409020200,36489,202409,2024090200,0.0,0.0,02,,,,
675,202409020300,36489,202409,2024090300,0.0,0.0,03,,,,
676,202409020400,36489,202409,2024090400,1.09467,3e-05,04,,,,
677,202409020500,36489,202409,2024090500,62.76108,0.00172,05,5.7,5.05,2.55,32757.0
678,202409020600,36489,202409,2024090600,145.956,0.004,06,15.4,12.45,7.85,32757.0
679,202409020700,36489,202409,2024090700,315.26496000000003,0.00864,07,23.15,14.35,10.7,32757.0
680,202409020800,36489,202409,2024090800,649.5042,0.0178,08,40.5,29.35,19.85,32757.0
681,202409020900,36489,202409,2024090900,1131.88878,0.03102,09,32.65,38.45,24.9,32757.0
682,202409021000,36489,202409,2024091000,1328.56449,0.03641,10,33.849999999999994,43.25,31.0,32757.0
683,202409021100,36489,202409,2024091100,1547.4984900000002,0.04241,11,30.0,44.75,34.5,32757.0
684,202409021200,36489,202409,2024091200,1614.63825,0.04425,12,38.099999999999994,46.35,32.25,32757.0
685,202409021300,36489,202409,2024091300,1740.89019,0.04771,13,39.349999999999994,45.8,38.25,32757.0
686,202409021400,36489,202409,2024091400,2151.39144,0.05896,14,41.8,49.1,33.9,32757.0
687,202409021500,36489,202409,2024091500,2688.5095199999996,0.07368,15,48.05,52.9,36.8,32757.0
688,202409021600,36489,202409,2024091600,3138.41889,0.08601,16,53.599999999999994,57.5,38.1,32757.0
689,202409021700,36489,202409,2024091700,3483.96972,0.09548,17,73.94999999999999,57.65,35.85,32757.0
690,202409021800,36489,202409,2024091800,4561.125,0.125,18,76.35,54.05,41.75,32757.0
691,202409021900,36489,202409,2024091900,2986.98954,0.08186,19,44.85,48.8,41.6,32757.0
692,202409022000,36489,202409,2024092000,2683.03617,0.07353,20,33.5,46.1,39.15,32757.0
693,202409022100,36489,202409,2024092100,2682.67128,0.07352,21,30.75,44.2,35.95,32757.0
694,202409022200,36489,202409,2024092200,2487.45513,0.06817,22,42.75,39.2,29.6,32757.0
695,202409022300,36489,202409,2024092300,1023.15156,0.02804,23,27.85,38.55,27.9,32757.0
696,202409010000,29083,202409,2024090000,51.186080000000004,0.00176,00,11.05,0.0,0.0,32757.0
697,202409010100,29083,202409,2024090100,0.29083000000000003,1e-05,01,,,,
698,202409010200,29083,202409,2024090200,0.0,0.0,02,,,,
699,202409010300,29083,202409,2024090300,0.0,0.0,03,,,,
700,202409010400,29083,202409,2024090400,0.87249,3e-05,04,,,,
701,202409010500,29083,202409,2024090500,50.02276,0.00172,05,5.7,5.05,2.55,32757.0
702,202409010600,29083,202409,2024090600,116.33200000000001,0.004,06,15.4,12.45,7.85,32757.0
703,202409010700,29083,202409,2024090700,251.27712,0.00864,07,23.15,14.35,10.7,32757.0
704,202409010800,29083,202409,2024090800,517.6774,0.0178,08,40.5,29.35,19.85,32757.0
705,202409010900,29083,202409,2024090900,902.1546599999999,0.03102,09,32.65,38.45,24.9,32757.0
706,202409011000,29083,202409,2024091000,1058.91203,0.03641,10,33.849999999999994,43.25,31.0,32757.0
707,202409011100,29083,202409,2024091100,1233.41003,0.04241,11,30.0,44.75,34.5,32757.0
708,202409011200,29083,202409,2024091200,1286.92275,0.04425,12,38.099999999999994,46.35,32.25,32757.0
709,202409011300,29083,202409,2024091300,1387.5499300000001,0.04771,13,39.349999999999994,45.8,38.25,32757.0
710,202409011400,29083,202409,2024091400,1714.73368,0.05896,14,41.8,49.1,33.9,32757.0
711,202409011500,29083,202409,2024091500,2142.83544,0.07368,15,48.05,52.9,36.8,32757.0
712,202409011600,29083,202409,2024091600,2501.4288300000003,0.08601,16,53.599999999999994,57.5,38.1,32757.0
713,202409011700,29083,202409,2024091700,2776.8448399999997,0.09548,17,73.94999999999999,57.65,35.85,32757.0
714,202409011800,29083,202409,2024091800,3635.375,0.125,18,76.35,54.05,41.75,32757.0
715,202409011900,29083,202409,2024091900,2380.73438,0.08186,19,44.85,48.8,41.6,32757.0
716,202409012000,29083,202409,2024092000,2138.4729899999998,0.07353,20,33.5,46.1,39.15,32757.0
717,202409012100,29083,202409,2024092100,2138.18216,0.07352,21,30.75,44.2,35.95,32757.0
718,202409012200,29083,202409,2024092200,1982.58811,0.06817,22,42.75,39.2,29.6,32757.0
719,202409012300,29083,202409,2024092300,815.48732,0.02804,23,27.85,38.55,27.9,32757.0
720,202408310000,33194,202408,2024080000,63.068599999999996,0.0019,00,11.05,0.0,0.0,32757.0
721,202408310100,33194,202408,2024080100,0.0,0.0,01,,,,
722,202408310200,33194,202408,2024080200,0.0,0.0,02,,,,
723,202408310300,33194,202408,2024080300,0.0,0.0,03,,,,
724,202408310400,33194,202408,2024080400,0.99582,3e-05,04,,,,
725,202408310500,33194,202408,2024080500,57.75756,0.00174,05,5.7,5.05,2.55,32757.0
726,202408310600,33194,202408,2024080600,130.78436,0.00394,06,15.4,12.45,7.85,32757.0
727,202408310700,33194,202408,2024080700,274.18244,0.00826,07,23.15,14.35,10.7,32757.0
728,202408310800,33194,202408,2024080800,551.68428,0.01662,08,40.5,29.35,19.85,32757.0
729,202408310900,33194,202408,2024080900,1067.1870999999999,0.03215,09,32.65,38.45,24.9,32757.0
730,202408311000,33194,202408,2024081000,1318.79762,0.03973,10,33.849999999999994,43.25,31.0,32757.0
731,202408311100,33194,202408,2024081100,1479.78852,0.04458,11,30.0,44.75,34.5,32757.0
732,202408311200,33194,202408,2024081200,1465.8470399999999,0.04416,12,38.099999999999994,46.35,32.25,32757.0
733,202408311300,33194,202408,2024081300,1563.76934,0.04711,13,39.349999999999994,45.8,38.25,32757.0
734,202408311400,33194,202408,2024081400,1818.6992599999999,0.05479,14,41.8,49.1,33.9,32757.0
735,202408311500,33194,202408,2024081500,2194.45534,0.06611,15,48.05,52.9,36.8,32757.0
736,202408311600,33194,202408,2024081600,2699.00414,0.08131,16,53.599999999999994,57.5,38.1,32757.0
737,202408311700,33194,202408,2024081700,3183.3046,0.0959,17,73.94999999999999,57.65,35.85,32757.0
738,202408311800,33194,202408,2024081800,4485.83716,0.13514,18,76.35,54.05,41.75,32757.0
739,202408311900,33194,202408,2024081900,2695.3527999999997,0.0812,19,44.85,48.8,41.6,32757.0
740,202408312000,33194,202408,2024082000,2458.67958,0.07407,20,33.5,46.1,39.15,32757.0
741,202408312100,33194,202408,2024082100,2440.42288,0.07352,21,30.75,44.2,35.95,32757.0
742,202408312200,33194,202408,2024082200,2281.09168,0.06872,22,42.75,39.2,29.6,32757.0
743,202408312300,33194,202408,2024082300,962.95794,0.02901,23,27.85,38.55,27.9,32757.0
744,202408300000,37787,202408,2024080000,71.7953,0.0019,00,11.05,0.0,0.0,32757.0
745,202408300100,37787,202408,2024080100,0.0,0.0,01,,,,
746,202408300200,37787,202408,2024080200,0.0,0.0,02,,,,
747,202408300300,37787,202408,2024080300,0.0,0.0,03,,,,
748,202408300400,37787,202408,2024080400,1.13361,3e-05,04,,,,
749,202408300500,37787,202408,2024080500,65.74938,0.00174,05,5.7,5.05,2.55,32757.0
750,202408300600,37787,202408,2024080600,148.88078,0.00394,06,15.4,12.45,7.85,32757.0
751,202408300700,37787,202408,2024080700,312.12062,0.00826,07,23.15,14.35,10.7,32757.0
752,202408300800,37787,202408,2024080800,628.01994,0.01662,08,40.5,29.35,19.85,32757.0
753,202408300900,37787,202408,2024080900,1214.85205,0.03215,09,32.65,38.45,24.9,32757.0
754,202408301000,37787,202408,2024081000,1501.2775100000001,0.03973,10,33.849999999999994,43.25,31.0,32757.0
755,202408301100,37787,202408,2024081100,1684.54446,0.04458,11,30.0,44.75,34.5,32757.0
756,202408301200,37787,202408,2024081200,1668.67392,0.04416,12,38.099999999999994,46.35,32.25,32757.0
757,202408301300,37787,202408,2024081300,1780.14557,0.04711,13,39.349999999999994,45.8,38.25,32757.0
758,202408301400,37787,202408,2024081400,2070.34973,0.05479,14,41.8,49.1,33.9,32757.0
759,202408301500,37787,202408,2024081500,2498.09857,0.06611,15,48.05,52.9,36.8,32757.0
760,202408301600,37787,202408,2024081600,3072.4609699999996,0.08131,16,53.599999999999994,57.5,38.1,32757.0
761,202408301700,37787,202408,2024081700,3623.7733,0.0959,17,73.94999999999999,57.65,35.85,32757.0
762,202408301800,37787,202408,2024081800,5106.535180000001,0.13514,18,76.35,54.05,41.75,32757.0
763,202408301900,37787,202408,2024081900,3068.3044,0.0812,19,44.85,48.8,41.6,32757.0
764,202408302000,37787,202408,2024082000,2798.88309,0.07407,20,33.5,46.1,39.15,32757.0
765,202408302100,37787,202408,2024082100,2778.10024,0.07352,21,30.75,44.2,35.95,32757.0
766,202408302200,37787,202408,2024082200,2596.72264,0.06872,22,42.75,39.2,29.6,32757.0
767,202408302300,37787,202408,2024082300,1096.2008700000001,0.02901,23,27.85,38.55,27.9,32757.0
768,202408290000,36032,202408,2024080000,68.4608,0.0019,00,11.05,0.0,0.0,32757.0
769,202408290100,36032,202408,2024080100,0.0,0.0,01,,,,
770,202408290200,36032,202408,2024080200,0.0,0.0,02,,,,
771,202408290300,36032,202408,2024080300,0.0,0.0,03,,,,
772,202408290400,36032,202408,2024080400,1.08096,3e-05,04,,,,
773,202408290500,36032,202408,2024080500,62.69568,0.00174,05,5.7,5.05,2.55,32757.0
774,202408290600,36032,202408,2024080600,141.96608,0.00394,06,15.4,12.45,7.85,32757.0
775,202408290700,36032,202408,2024080700,297.62432,0.00826,07,23.15,14.35,10.7,32757.0
776,202408290800,36032,202408,2024080800,598.8518399999999,0.01662,08,40.5,29.35,19.85,32757.0
777,202408290900,36032,202408,2024080900,1158.4288,0.03215,09,32.65,38.45,24.9,32757.0
778,202408291000,36032,202408,2024081000,1431.5513600000002,0.03973,10,33.849999999999994,43.25,31.0,32757.0
779,202408291100,36032,202408,2024081100,1606.30656,0.04458,11,30.0,44.75,34.5,32757.0
780,202408291200,36032,202408,2024081200,1591.17312,0.04416,12,38.099999999999994,46.35,32.25,32757.0
781,202408291300,36032,202408,2024081300,1697.46752,0.04711,13,39.349999999999994,45.8,38.25,32757.0
782,202408291400,36032,202408,2024081400,1974.19328,0.05479,14,41.8,49.1,33.9,32757.0
783,202408291500,36032,202408,2024081500,2382.07552,0.06611,15,48.05,52.9,36.8,32757.0
784,202408291600,36032,202408,2024081600,2929.76192,0.08131,16,53.599999999999994,57.5,38.1,32757.0
785,202408291700,36032,202408,2024081700,3455.4688,0.0959,17,73.94999999999999,57.65,35.85,32757.0
786,202408291800,36032,202408,2024081800,4869.36448,0.13514,18,76.35,54.05,41.75,32757.0
787,202408291900,36032,202408,2024081900,2925.7983999999997,0.0812,19,44.85,48.8,41.6,32757.0
788,202408292000,36032,202408,2024082000,2668.8902399999997,0.07407,20,33.5,46.1,39.15,32757.0
789,202408292100,36032,202408,2024082100,2649.07264,0.07352,21,30.75,44.2,35.95,32757.0
790,202408292200,36032,202408,2024082200,2476.11904,0.06872,22,42.75,39.2,29.6,32757.0
791,202408292300,36032,202408,2024082300,1045.28832,0.02901,23,27.85,38.55,27.9,32757.0
792,202408280000,36662,202408,2024080000,69.6578,0.0019,00,11.05,0.0,0.0,32757.0
793,202408280100,36662,202408,2024080100,0.0,0.0,01,,,,
794,202408280200,36662,202408,2024080200,0.0,0.0,02,,,,
795,202408280300,36662,202408,2024080300,0.0,0.0,03,,,,
796,202408280400,36662,202408,2024080400,1.09986,3e-05,04,,,,
797,202408280500,36662,202408,2024080500,63.79188,0.00174,05,5.7,5.05,2.55,32757.0
798,202408280600,36662,202408,2024080600,144.44828,0.00394,06,15.4,12.45,7.85,32757.0
799,202408280700,36662,202408,2024080700,302.82812,0.00826,07,23.15,14.35,10.7,32757.0
800,202408280800,36662,202408,2024080800,609.32244,0.01662,08,40.5,29.35,19.85,32757.0
801,202408280900,36662,202408,2024080900,1178.6833,0.03215,09,32.65,38.45,24.9,32757.0
802,202408281000,36662,202408,2024081000,1456.5812600000002,0.03973,10,33.849999999999994,43.25,31.0,32757.0
803,202408281100,36662,202408,2024081100,1634.3919600000002,0.04458,11,30.0,44.75,34.5,32757.0
804,202408281200,36662,202408,2024081200,1618.99392,0.04416,12,38.099999999999994,46.35,32.25,32757.0
805,202408281300,36662,202408,2024081300,1727.14682,0.04711,13,39.349999999999994,45.8,38.25,32757.0
806,202408281400,36662,202408,2024081400,2008.7109799999998,0.05479,14,41.8,49.1,33.9,32757.0
807,202408281500,36662,202408,2024081500,2423.72482,0.06611,15,48.05,52.9,36.8,32757.0
808,202408281600,36662,202408,2024081600,2980.98722,0.08131,16,53.599999999999994,57.5,38.1,32757.0
809,202408281700,36662,202408,2024081700,3515.8858,0.0959,17,73.94999999999999,57.65,35.85,32757.0
810,202408281800,36662,202408,2024081800,4954.5026800000005,0.13514,18,76.35,54.05,41.75,32757.0
811,202408281900,36662,202408,2024081900,2976.9543999999996,0.0812,19,44.85,48.8,41.6,32757.0
812,202408282000,36662,202408,2024082000,2715.5543399999997,0.07407,20,33.5,46.1,39.15,32757.0
813,202408282100,36662,202408,2024082100,2695.39024,0.07352,21,30.75,44.2,35.95,32757.0
814,202408282200,36662,202408,2024082200,2519.41264,0.06872,22,42.75,39.2,29.6,32757.0
815,202408282300,36662,202408,2024082300,1063.56462,0.02901,23,27.85,38.55,27.9,32757.0
816,202408270000,35721,202408,2024080000,67.8699,0.0019,00,11.05,0.0,0.0,32757.0
817,202408270100,35721,202408,2024080100,0.0,0.0,01,,,,
818,202408270200,35721,202408,2024080200,0.0,0.0,02,,,,
819,202408270300,35721,202408,2024080300,0.0,0.0,03,,,,
820,202408270400,35721,202408,2024080400,1.07163,3e-05,04,,,,
821,202408270500,35721,202408,2024080500,62.15454,0.00174,05,5.7,5.05,2.55,32757.0
822,202408270600,35721,202408,2024080600,140.74074,0.00394,06,15.4,12.45,7.85,32757.0
823,202408270700,35721,202408,2024080700,295.05546,0.00826,07,23.15,14.35,10.7,32757.0
824,202408270800,35721,202408,2024080800,593.6830199999999,0.01662,08,40.5,29.35,19.85,32757.0
825,202408270900,35721,202408,2024080900,1148.43015,0.03215,09,32.65,38.45,24.9,32757.0
826,202408271000,35721,202408,2024081000,1419.19533,0.03973,10,33.849999999999994,43.25,31.0,32757.0
827,202408271100,35721,202408,2024081100,1592.44218,0.04458,11,30.0,44.75,34.5,32757.0
828,202408271200,35721,202408,2024081200,1577.4393599999999,0.04416,12,38.099999999999994,46.35,32.25,32757.0
829,202408271300,35721,202408,2024081300,1682.81631,0.04711,13,39.349999999999994,45.8,38.25,32757.0
830,202408271400,35721,202408,2024081400,1957.15359,0.05479,14,41.8,49.1,33.9,32757.0
831,202408271500,35721,202408,2024081500,2361.51531,0.06611,15,48.05,52.9,36.8,32757.0
832,202408271600,35721,202408,2024081600,2904.4745099999996,0.08131,16,53.599999999999994,57.5,38.1,32757.0
833,202408271700,35721,202408,2024081700,3425.6439,0.0959,17,73.94999999999999,57.65,35.85,32757.0
834,202408271800,35721,202408,2024081800,4827.33594,0.13514,18,76.35,54.05,41.75,32757.0
835,202408271900,35721,202408,2024081900,2900.5452,0.0812,19,44.85,48.8,41.6,32757.0
836,202408272000,35721,202408,2024082000,2645.8544699999998,0.07407,20,33.5,46.1,39.15,32757.0
837,202408272100,35721,202408,2024082100,2626.2079200000003,0.07352,21,30.75,44.2,35.95,32757.0
838,202408272200,35721,202408,2024082200,2454.74712,0.06872,22,42.75,39.2,29.6,32757.0
839,202408272300,35721,202408,2024082300,1036.26621,0.02901,23,27.85,38.55,27.9,32757.0
840,202408260000,35612,202408,2024080000,67.6628,0.0019,00,11.05,0.0,0.0,32757.0
841,202408260100,35612,202408,2024080100,0.0,0.0,01,,,,
842,202408260200,35612,202408,2024080200,0.0,0.0,02,,,,
843,202408260300,35612,202408,2024080300,0.0,0.0,03,,,,
844,202408260400,35612,202408,2024080400,1.06836,3e-05,04,,,,
845,202408260500,35612,202408,2024080500,61.96488,0.00174,05,5.7,5.05,2.55,32757.0
846,202408260600,35612,202408,2024080600,140.31128,0.00394,06,15.4,12.45,7.85,32757.0
847,202408260700,35612,202408,2024080700,294.15512,0.00826,07,23.15,14.35,10.7,32757.0
848,202408260800,35612,202408,2024080800,591.87144,0.01662,08,40.5,29.35,19.85,32757.0
849,202408260900,35612,202408,2024080900,1144.9258,0.03215,09,32.65,38.45,24.9,32757.0
850,202408261000,35612,202408,2024081000,1414.8647600000002,0.03973,10,33.849999999999994,43.25,31.0,32757.0
851,202408261100,35612,202408,2024081100,1587.58296,0.04458,11,30.0,44.75,34.5,32757.0
852,202408261200,35612,202408,2024081200,1572.62592,0.04416,12,38.099999999999994,46.35,32.25,32757.0
853,202408261300,35612,202408,2024081300,1677.68132,0.04711,13,39.349999999999994,45.8,38.25,32757.0
854,202408261400,35612,202408,2024081400,1951.18148,0.05479,14,41.8,49.1,33.9,32757.0
855,202408261500,35612,202408,2024081500,2354.3093200000003,0.06611,15,48.05,52.9,36.8,32757.0
856,202408261600,35612,202408,2024081600,2895.61172,0.08131,16,53.599999999999994,57.5,38.1,32757.0
857,202408261700,35612,202408,2024081700,3415.1908,0.0959,17,73.94999999999999,57.65,35.85,32757.0
858,202408261800,35612,202408,2024081800,4812.605680000001,0.13514,18,76.35,54.05,41.75,32757.0
859,202408261900,35612,202408,2024081900,2891.6944,0.0812,19,44.85,48.8,41.6,32757.0
860,202408262000,35612,202408,2024082000,2637.78084,0.07407,20,33.5,46.1,39.15,32757.0
861,202408262100,35612,202408,2024082100,2618.1942400000003,0.07352,21,30.75,44.2,35.95,32757.0
862,202408262200,35612,202408,2024082200,2447.25664,0.06872,22,42.75,39.2,29.6,32757.0
863,202408262300,35612,202408,2024082300,1033.10412,0.02901,23,27.85,38.55,27.9,32757.0
864,202408250000,27424,202408,2024080000,52.1056,0.0019,00,11.05,0.0,0.0,32757.0
865,202408250100,27424,202408,2024080100,0.0,0.0,01,,,,
866,202408250200,27424,202408,2024080200,0.0,0.0,02,,,,
867,202408250300,27424,202408,2024080300,0.0,0.0,03,,,,
868,202408250400,27424,202408,2024080400,0.82272,3e-05,04,,,,
869,202408250500,27424,202408,2024080500,47.71776,0.00174,05,5.7,5.05,2.55,32757.0
870,202408250600,27424,202408,2024080600,108.05056,0.00394,06,15.4,12.45,7.85,32757.0
871,202408250700,27424,202408,2024080700,226.52224,0.00826,07,23.15,14.35,10.7,32757.0
872,202408250800,27424,202408,2024080800,455.78688,0.01662,08,40.5,29.35,19.85,32757.0
873,202408250900,27424,202408,2024080900,881.6815999999999,0.03215,09,32.65,38.45,24.9,32757.0
874,202408251000,27424,202408,2024081000,1089.5555200000001,0.03973,10,33.849999999999994,43.25,31.0,32757.0
875,202408251100,27424,202408,2024081100,1222.56192,0.04458,11,30.0,44.75,34.5,32757.0
876,202408251200,27424,202408,2024081200,1211.04384,0.04416,12,38.099999999999994,46.35,32.25,32757.0
877,202408251300,27424,202408,2024081300,1291.94464,0.04711,13,39.349999999999994,45.8,38.25,32757.0
878,202408251400,27424,202408,2024081400,1502.56096,0.05479,14,41.8,49.1,33.9,32757.0
879,202408251500,27424,202408,2024081500,1813.00064,0.06611,15,48.05,52.9,36.8,32757.0
880,202408251600,27424,202408,2024081600,2229.8454399999996,0.08131,16,53.599999999999994,57.5,38.1,32757.0
881,202408251700,27424,202408,2024081700,2629.9616,0.0959,17,73.94999999999999,57.65,35.85,32757.0
882,202408251800,27424,202408,2024081800,3706.07936,0.13514,18,76.35,54.05,41.75,32757.0
883,202408251900,27424,202408,2024081900,2226.8288,0.0812,19,44.85,48.8,41.6,32757.0
884,202408252000,27424,202408,2024082000,2031.29568,0.07407,20,33.5,46.1,39.15,32757.0
885,202408252100,27424,202408,2024082100,2016.2124800000001,0.07352,21,30.75,44.2,35.95,32757.0
886,202408252200,27424,202408,2024082200,1884.5772800000002,0.06872,22,42.75,39.2,29.6,32757.0
887,202408252300,27424,202408,2024082300,795.57024,0.02901,23,27.85,38.55,27.9,32757.0
888,202408240000,30637,202408,2024080000,58.2103,0.0019,00,11.05,0.0,0.0,32757.0
889,202408240100,30637,202408,2024080100,0.0,0.0,01,,,,
890,202408240200,30637,202408,2024080200,0.0,0.0,02,,,,
891,202408240300,30637,202408,2024080300,0.0,0.0,03,,,,
892,202408240400,30637,202408,2024080400,0.91911,3e-05,04,,,,
893,202408240500,30637,202408,2024080500,53.30838,0.00174,05,5.7,5.05,2.55,32757.0
894,202408240600,30637,202408,2024080600,120.70978,0.00394,06,15.4,12.45,7.85,32757.0
895,202408240700,30637,202408,2024080700,253.06162,0.00826,07,23.15,14.35,10.7,32757.0
896,202408240800,30637,202408,2024080800,509.18694,0.01662,08,40.5,29.35,19.85,32757.0
897,202408240900,30637,202408,2024080900,984.9795499999999,0.03215,09,32.65,38.45,24.9,32757.0
898,202408241000,30637,202408,2024081000,1217.20801,0.03973,10,33.849999999999994,43.25,31.0,32757.0
899,202408241100,30637,202408,2024081100,1365.79746,0.04458,11,30.0,44.75,34.5,32757.0
900,202408241200,30637,202408,2024081200,1352.92992,0.04416,12,38.099999999999994,46.35,32.25,32757.0
901,202408241300,30637,202408,2024081300,1443.30907,0.04711,13,39.349999999999994,45.8,38.25,32757.0
902,202408241400,30637,202408,2024081400,1678.60123,0.05479,14,41.8,49.1,33.9,32757.0
903,202408241500,30637,202408,2024081500,2025.41207,0.06611,15,48.05,52.9,36.8,32757.0
904,202408241600,30637,202408,2024081600,2491.09447,0.08131,16,53.599999999999994,57.5,38.1,32757.0
905,202408241700,30637,202408,2024081700,2938.0883,0.0959,17,73.94999999999999,57.65,35.85,32757.0
906,202408241800,30637,202408,2024081800,4140.284180000001,0.13514,18,76.35,54.05,41.75,32757.0
907,202408241900,30637,202408,2024081900,2487.7243999999996,0.0812,19,44.85,48.8,41.6,32757.0
908,202408242000,30637,202408,2024082000,2269.28259,0.07407,20,33.5,46.1,39.15,32757.0
909,202408242100,30637,202408,2024082100,2252.43224,0.07352,21,30.75,44.2,35.95,32757.0
910,202408242200,30637,202408,2024082200,2105.37464,0.06872,22,42.75,39.2,29.6,32757.0
911,202408242300,30637,202408,2024082300,888.7793700000001,0.02901,23,27.85,38.55,27.9,32757.0
912,202408230000,36311,202408,2024080000,68.9909,0.0019,00,11.05,0.0,0.0,32757.0
913,202408230100,36311,202408,2024080100,0.0,0.0,01,,,,
914,202408230200,36311,202408,2024080200,0.0,0.0,02,,,,
915,202408230300,36311,202408,2024080300,0.0,0.0,03,,,,
916,202408230400,36311,202408,2024080400,1.0893300000000001,3e-05,04,,,,
917,202408230500,36311,202408,2024080500,63.18114,0.00174,05,5.7,5.05,2.55,32757.0
918,202408230600,36311,202408,2024080600,143.06534,0.00394,06,15.4,12.45,7.85,32757.0
919,202408230700,36311,202408,2024080700,299.92886,0.00826,07,23.15,14.35,10.7,32757.0
920,202408230800,36311,202408,2024080800,603.48882,0.01662,08,40.5,29.35,19.85,32757.0
921,202408230900,36311,202408,2024080900,1167.3986499999999,0.03215,09,32.65,38.45,24.9,32757.0
922,202408231000,36311,202408,2024081000,1442.6360300000001,0.03973,10,33.849999999999994,43.25,31.0,32757.0
923,202408231100,36311,202408,2024081100,1618.74438,0.04458,11,30.0,44.75,34.5,32757.0
924,202408231200,36311,202408,2024081200,1603.4937599999998,0.04416,12,38.099999999999994,46.35,32.25,32757.0
925,202408231300,36311,202408,2024081300,1710.61121,0.04711,13,39.349999999999994,45.8,38.25,32757.0
926,202408231400,36311,202408,2024081400,1989.47969,0.05479,14,41.8,49.1,33.9,32757.0
927,202408231500,36311,202408,2024081500,2400.52021,0.06611,15,48.05,52.9,36.8,32757.0
928,202408231600,36311,202408,2024081600,2952.4474099999998,0.08131,16,53.599999999999994,57.5,38.1,32757.0
929,202408231700,36311,202408,2024081700,3482.2249,0.0959,17,73.94999999999999,57.65,35.85,32757.0
930,202408231800,36311,202408,2024081800,4907.06854,0.13514,18,76.35,54.05,41.75,32757.0
931,202408231900,36311,202408,2024081900,2948.4532,0.0812,19,44.85,48.8,41.6,32757.0
932,202408232000,36311,202408,2024082000,2689.55577,0.07407,20,33.5,46.1,39.15,32757.0
933,202408232100,36311,202408,2024082100,2669.5847200000003,0.07352,21,30.75,44.2,35.95,32757.0
934,202408232200,36311,202408,2024082200,2495.29192,0.06872,22,42.75,39.2,29.6,32757.0
935,202408232300,36311,202408,2024082300,1053.38211,0.02901,23,27.85,38.55,27.9,32757.0
936,202408220000,33919,202408,2024080000,64.4461,0.0019,00,11.05,0.0,0.0,32757.0
937,202408220100,33919,202408,2024080100,0.0,0.0,01,,,,
938,202408220200,33919,202408,2024080200,0.0,0.0,02,,,,
939,202408220300,33919,202408,2024080300,0.0,0.0,03,,,,
940,202408220400,33919,202408,2024080400,1.01757,3e-05,04,,,,
941,202408220500,33919,202408,2024080500,59.01906,0.00174,05,5.7,5.05,2.55,32757.0
942,202408220600,33919,202408,2024080600,133.64086,0.00394,06,15.4,12.45,7.85,32757.0
943,202408220700,33919,202408,2024080700,280.17094,0.00826,07,23.15,14.35,10.7,32757.0
944,202408220800,33919,202408,2024080800,563.73378,0.01662,08,40.5,29.35,19.85,32757.0
945,202408220900,33919,202408,2024080900,1090.49585,0.03215,09,32.65,38.45,24.9,32757.0
946,202408221000,33919,202408,2024081000,1347.60187,0.03973,10,33.849999999999994,43.25,31.0,32757.0
947,202408221100,33919,202408,2024081100,1512.10902,0.04458,11,30.0,44.75,34.5,32757.0
948,202408221200,33919,202408,2024081200,1497.86304,0.04416,12,38.099999999999994,46.35,32.25,32757.0
949,202408221300,33919,202408,2024081300,1597.92409,0.04711,13,39.349999999999994,45.8,38.25,32757.0
950,202408221400,33919,202408,2024081400,1858.42201,0.05479,14,41.8,49.1,33.9,32757.0
951,202408221500,33919,202408,2024081500,2242.38509,0.06611,15,48.05,52.9,36.8,32757.0
952,202408221600,33919,202408,2024081600,2757.95389,0.08131,16,53.599999999999994,57.5,38.1,32757.0
953,202408221700,33919,202408,2024081700,3252.8321,0.0959,17,73.94999999999999,57.65,35.85,32757.0
954,202408221800,33919,202408,2024081800,4583.813660000001,0.13514,18,76.35,54.05,41.75,32757.0
955,202408221900,33919,202408,2024081900,2754.2228,0.0812,19,44.85,48.8,41.6,32757.0
956,202408222000,33919,202408,2024082000,2512.38033,0.07407,20,33.5,46.1,39.15,32757.0
957,202408222100,33919,202408,2024082100,2493.72488,0.07352,21,30.75,44.2,35.95,32757.0
958,202408222200,33919,202408,2024082200,2330.91368,0.06872,22,42.75,39.2,29.6,32757.0
959,202408222300,33919,202408,2024082300,983.99019,0.02901,23,27.85,38.55,27.9,32757.0
960,202408210000,32729,202408,2024080000,62.1851,0.0019,00,11.05,0.0,0.0,32757.0
961,202408210100,32729,202408,2024080100,0.0,0.0,01,,,,
962,202408210200,32729,202408,2024080200,0.0,0.0,02,,,,
963,202408210300,32729,202408,2024080300,0.0,0.0,03,,,,
964,202408210400,32729,202408,2024080400,0.98187,3e-05,04,,,,
965,202408210500,32729,202408,2024080500,56.94846,0.00174,05,5.7,5.05,2.55,32757.0
966,202408210600,32729,202408,2024080600,128.95226,0.00394,06,15.4,12.45,7.85,32757.0
967,202408210700,32729,202408,2024080700,270.34154,0.00826,07,23.15,14.35,10.7,32757.0
968,202408210800,32729,202408,2024080800,543.95598,0.01662,08,40.5,29.35,19.85,32757.0
969,202408210900,32729,202408,2024080900,1052.2373499999999,0.03215,09,32.65,38.45,24.9,32757.0
970,202408211000,32729,202408,2024081000,1300.3231700000001,0.03973,10,33.849999999999994,43.25,31.0,32757.0
971,202408211100,32729,202408,2024081100,1459.05882,0.04458,11,30.0,44.75,34.5,32757.0
972,202408211200,32729,202408,2024081200,1445.3126399999999,0.04416,12,38.099999999999994,46.35,32.25,32757.0
973,202408211300,32729,202408,2024081300,1541.86319,0.04711,13,39.349999999999994,45.8,38.25,32757.0
974,202408211400,32729,202408,2024081400,1793.22191,0.05479,14,41.8,49.1,33.9,32757.0
975,202408211500,32729,202408,2024081500,2163.71419,0.06611,15,48.05,52.9,36.8,32757.0
976,202408211600,32729,202408,2024081600,2661.19499,0.08131,16,53.599999999999994,57.5,38.1,32757.0
977,202408211700,32729,202408,2024081700,3138.7111,0.0959,17,73.94999999999999,57.65,35.85,32757.0
978,202408211800,32729,202408,2024081800,4422.997060000001,0.13514,18,76.35,54.05,41.75,32757.0
979,202408211900,32729,202408,2024081900,2657.5948,0.0812,19,44.85,48.8,41.6,32757.0
980,202408212000,32729,202408,2024082000,2424.23703,0.07407,20,33.5,46.1,39.15,32757.0
981,202408212100,32729,202408,2024082100,2406.23608,0.07352,21,30.75,44.2,35.95,32757.0
982,202408212200,32729,202408,2024082200,2249.13688,0.06872,22,42.75,39.2,29.6,32757.0
983,202408212300,32729,202408,2024082300,949.46829,0.02901,23,27.85,38.55,27.9,32757.0
984,202408200000,33020,202408,2024080000,62.738,0.0019,00,11.05,0.0,0.0,32757.0
985,202408200100,33020,202408,2024080100,0.0,0.0,01,,,,
986,202408200200,33020,202408,2024080200,0.0,0.0,02,,,,
987,202408200300,33020,202408,2024080300,0.0,0.0,03,,,,
988,202408200400,33020,202408,2024080400,0.9906,3e-05,04,,,,
989,202408200500,33020,202408,2024080500,57.4548,0.00174,05,5.7,5.05,2.55,32757.0
990,202408200600,33020,202408,2024080600,130.0988,0.00394,06,15.4,12.45,7.85,32757.0
991,202408200700,33020,202408,2024080700,272.7452,0.00826,07,23.15,14.35,10.7,32757.0
992,202408200800,33020,202408,2024080800,548.7923999999999,0.01662,08,40.5,29.35,19.85,32757.0
993,202408200900,33020,202408,2024080900,1061.5929999999998,0.03215,09,32.65,38.45,24.9,32757.0
994,202408201000,33020,202408,2024081000,1311.8846,0.03973,10,33.849999999999994,43.25,31.0,32757.0
995,202408201100,33020,202408,2024081100,1472.0316,0.04458,11,30.0,44.75,34.5,32757.0
996,202408201200,33020,202408,2024081200,1458.1632,0.04416,12,38.099999999999994,46.35,32.25,32757.0
997,202408201300,33020,202408,2024081300,1555.5722,0.04711,13,39.349999999999994,45.8,38.25,32757.0
998,202408201400,33020,202408,2024081400,1809.1658,0.05479,14,41.8,49.1,33.9,32757.0
999,202408201500,33020,202408,2024081500,2182.9522,0.06611,15,48.05,52.9,36.8,32757.0
1000,202408201600,33020,202408,2024081600,2684.8561999999997,0.08131,16,53.599999999999994,57.5,38.1,32757.0
1001,202408201700,33020,202408,2024081700,3166.618,0.0959,17,73.94999999999999,57.65,35.85,32757.0
1002,202408201800,33020,202408,2024081800,4462.3228,0.13514,18,76.35,54.05,41.75,32757.0
1003,202408201900,33020,202408,2024081900,2681.2239999999997,0.0812,19,44.85,48.8,41.6,32757.0
1004,202408202000,33020,202408,2024082000,2445.7914,0.07407,20,33.5,46.1,39.15,32757.0
1005,202408202100,33020,202408,2024082100,2427.6304,0.07352,21,30.75,44.2,35.95,32757.0
1006,202408202200,33020,202408,2024082200,2269.1344,0.06872,22,42.75,39.2,29.6,32757.0
1007,202408202300,33020,202408,2024082300,957.9102,0.02901,23,27.85,38.55,27.9,32757.0
1008,202408190000,31628,202408,2024080000,60.0932,0.0019,00,11.05,0.0,0.0,32757.0
1009,202408190100,31628,202408,2024080100,0.0,0.0,01,,,,
1010,202408190200,31628,202408,2024080200,0.0,0.0,02,,,,
1011,202408190300,31628,202408,2024080300,0.0,0.0,03,,,,
1012,202408190400,31628,202408,2024080400,0.94884,3e-05,04,,,,
1013,202408190500,31628,202408,2024080500,55.03272,0.00174,05,5.7,5.05,2.55,32757.0
1014,202408190600,31628,202408,2024080600,124.61431999999999,0.00394,06,15.4,12.45,7.85,32757.0
1015,202408190700,31628,202408,2024080700,261.24728,0.00826,07,23.15,14.35,10.7,32757.0
1016,202408190800,31628,202408,2024080800,525.6573599999999,0.01662,08,40.5,29.35,19.85,32757.0
1017,202408190900,31628,202408,2024080900,1016.8402,0.03215,09,32.65,38.45,24.9,32757.0
1018,202408191000,31628,202408,2024081000,1256.58044,0.03973,10,33.849999999999994,43.25,31.0,32757.0
1019,202408191100,31628,202408,2024081100,1409.97624,0.04458,11,30.0,44.75,34.5,32757.0
1020,202408191200,31628,202408,2024081200,1396.69248,0.04416,12,38.099999999999994,46.35,32.25,32757.0
1021,202408191300,31628,202408,2024081300,1489.99508,0.04711,13,39.349999999999994,45.8,38.25,32757.0
1022,202408191400,31628,202408,2024081400,1732.89812,0.05479,14,41.8,49.1,33.9,32757.0
1023,202408191500,31628,202408,2024081500,2090.92708,0.06611,15,48.05,52.9,36.8,32757.0
1024,202408191600,31628,202408,2024081600,2571.6726799999997,0.08131,16,53.599999999999994,57.5,38.1,32757.0
1025,202408191700,31628,202408,2024081700,3033.1252,0.0959,17,73.94999999999999,57.65,35.85,32757.0
1026,202408191800,31628,202408,2024081800,4274.207920000001,0.13514,18,76.35,54.05,41.75,32757.0
1027,202408191900,31628,202408,2024081900,2568.1935999999996,0.0812,19,44.85,48.8,41.6,32757.0
1028,202408192000,31628,202408,2024082000,2342.68596,0.07407,20,33.5,46.1,39.15,32757.0
1029,202408192100,31628,202408,2024082100,2325.29056,0.07352,21,30.75,44.2,35.95,32757.0
1030,202408192200,31628,202408,2024082200,2173.47616,0.06872,22,42.75,39.2,29.6,32757.0
1031,202408192300,31628,202408,2024082300,917.52828,0.02901,23,27.85,38.55,27.9,32757.0
1032,202408180000,24313,202408,2024080000,46.1947,0.0019,00,11.05,0.0,0.0,32757.0
1033,202408180100,24313,202408,2024080100,0.0,0.0,01,,,,
1034,202408180200,24313,202408,2024080200,0.0,0.0,02,,,,
1035,202408180300,24313,202408,2024080300,0.0,0.0,03,,,,
1036,202408180400,24313,202408,2024080400,0.72939,3e-05,04,,,,
1037,202408180500,24313,202408,2024080500,42.30462,0.00174,05,5.7,5.05,2.55,32757.0
1038,202408180600,24313,202408,2024080600,95.79322,0.00394,06,15.4,12.45,7.85,32757.0
1039,202408180700,24313,202408,2024080700,200.82538,0.00826,07,23.15,14.35,10.7,32757.0
1040,202408180800,24313,202408,2024080800,404.08206,0.01662,08,40.5,29.35,19.85,32757.0
1041,202408180900,24313,202408,2024080900,781.6629499999999,0.03215,09,32.65,38.45,24.9,32757.0
1042,202408181000,24313,202408,2024081000,965.95549,0.03973,10,33.849999999999994,43.25,31.0,32757.0
1043,202408181100,24313,202408,2024081100,1083.87354,0.04458,11,30.0,44.75,34.5,32757.0
1044,202408181200,24313,202408,2024081200,1073.66208,0.04416,12,38.099999999999994,46.35,32.25,32757.0
1045,202408181300,24313,202408,2024081300,1145.38543,0.04711,13,39.349999999999994,45.8,38.25,32757.0
1046,202408181400,24313,202408,2024081400,1332.10927,0.05479,14,41.8,49.1,33.9,32757.0
1047,202408181500,24313,202408,2024081500,1607.3324300000002,0.06611,15,48.05,52.9,36.8,32757.0
1048,202408181600,24313,202408,2024081600,1976.8900299999998,0.08131,16,53.599999999999994,57.5,38.1,32757.0
1049,202408181700,24313,202408,2024081700,2331.6167,0.0959,17,73.94999999999999,57.65,35.85,32757.0
1050,202408181800,24313,202408,2024081800,3285.65882,0.13514,18,76.35,54.05,41.75,32757.0
1051,202408181900,24313,202408,2024081900,1974.2155999999998,0.0812,19,44.85,48.8,41.6,32757.0
1052,202408182000,24313,202408,2024082000,1800.86391,0.07407,20,33.5,46.1,39.15,32757.0
1053,202408182100,24313,202408,2024082100,1787.49176,0.07352,21,30.75,44.2,35.95,32757.0
1054,202408182200,24313,202408,2024082200,1670.78936,0.06872,22,42.75,39.2,29.6,32757.0
1055,202408182300,24313,202408,2024082300,705.3201300000001,0.02901,23,27.85,38.55,27.9,32757.0
1056,202408170000,29199,202408,2024080000,55.4781,0.0019,00,11.05,0.0,0.0,32757.0
1057,202408170100,29199,202408,2024080100,0.0,0.0,01,,,,
1058,202408170200,29199,202408,2024080200,0.0,0.0,02,,,,
1059,202408170300,29199,202408,2024080300,0.0,0.0,03,,,,
1060,202408170400,29199,202408,2024080400,0.87597,3e-05,04,,,,
1061,202408170500,29199,202408,2024080500,50.80626,0.00174,05,5.7,5.05,2.55,32757.0
1062,202408170600,29199,202408,2024080600,115.04406,0.00394,06,15.4,12.45,7.85,32757.0
1063,202408170700,29199,202408,2024080700,241.18374,0.00826,07,23.15,14.35,10.7,32757.0
1064,202408170800,29199,202408,2024080800,485.28738,0.01662,08,40.5,29.35,19.85,32757.0
1065,202408170900,29199,202408,2024080900,938.74785,0.03215,09,32.65,38.45,24.9,32757.0
1066,202408171000,29199,202408,2024081000,1160.07627,0.03973,10,33.849999999999994,43.25,31.0,32757.0
1067,202408171100,29199,202408,2024081100,1301.69142,0.04458,11,30.0,44.75,34.5,32757.0
1068,202408171200,29199,202408,2024081200,1289.4278399999998,0.04416,12,38.099999999999994,46.35,32.25,32757.0
1069,202408171300,29199,202408,2024081300,1375.5648899999999,0.04711,13,39.349999999999994,45.8,38.25,32757.0
1070,202408171400,29199,202408,2024081400,1599.81321,0.05479,14,41.8,49.1,33.9,32757.0
1071,202408171500,29199,202408,2024081500,1930.34589,0.06611,15,48.05,52.9,36.8,32757.0
1072,202408171600,29199,202408,2024081600,2374.17069,0.08131,16,53.599999999999994,57.5,38.1,32757.0
1073,202408171700,29199,202408,2024081700,2800.1841,0.0959,17,73.94999999999999,57.65,35.85,32757.0
1074,202408171800,29199,202408,2024081800,3945.9528600000003,0.13514,18,76.35,54.05,41.75,32757.0
1075,202408171900,29199,202408,2024081900,2370.9588,0.0812,19,44.85,48.8,41.6,32757.0
1076,202408172000,29199,202408,2024082000,2162.76993,0.07407,20,33.5,46.1,39.15,32757.0
1077,202408172100,29199,202408,2024082100,2146.71048,0.07352,21,30.75,44.2,35.95,32757.0
1078,202408172200,29199,202408,2024082200,2006.55528,0.06872,22,42.75,39.2,29.6,32757.0
1079,202408172300,29199,202408,2024082300,847.06299,0.02901,23,27.85,38.55,27.9,32757.0
1080,202408160000,35180,202408,2024080000,66.842,0.0019,00,11.05,0.0,0.0,32757.0
1081,202408160100,35180,202408,2024080100,0.0,0.0,01,,,,
1082,202408160200,35180,202408,2024080200,0.0,0.0,02,,,,
1083,202408160300,35180,202408,2024080300,0.0,0.0,03,,,,
1084,202408160400,35180,202408,2024080400,1.0554000000000001,3e-05,04,,,,
1085,202408160500,35180,202408,2024080500,61.2132,0.00174,05,5.7,5.05,2.55,32757.0
1086,202408160600,35180,202408,2024080600,138.6092,0.00394,06,15.4,12.45,7.85,32757.0
1087,202408160700,35180,202408,2024080700,290.5868,0.00826,07,23.15,14.35,10.7,32757.0
1088,202408160800,35180,202408,2024080800,584.6916,0.01662,08,40.5,29.35,19.85,32757.0
1089,202408160900,35180,202408,2024080900,1131.037,0.03215,09,32.65,38.45,24.9,32757.0
1090,202408161000,35180,202408,2024081000,1397.7014000000001,0.03973,10,33.849999999999994,43.25,31.0,32757.0
1091,202408161100,35180,202408,2024081100,1568.3244,0.04458,11,30.0,44.75,34.5,32757.0
1092,202408161200,35180,202408,2024081200,1553.5488,0.04416,12,38.099999999999994,46.35,32.25,32757.0
1093,202408161300,35180,202408,2024081300,1657.3298,0.04711,13,39.349999999999994,45.8,38.25,32757.0
1094,202408161400,35180,202408,2024081400,1927.5122,0.05479,14,41.8,49.1,33.9,32757.0
1095,202408161500,35180,202408,2024081500,2325.7498,0.06611,15,48.05,52.9,36.8,32757.0
1096,202408161600,35180,202408,2024081600,2860.4858,0.08131,16,53.599999999999994,57.5,38.1,32757.0
1097,202408161700,35180,202408,2024081700,3373.762,0.0959,17,73.94999999999999,57.65,35.85,32757.0
1098,202408161800,35180,202408,2024081800,4754.225200000001,0.13514,18,76.35,54.05,41.75,32757.0
1099,202408161900,35180,202408,2024081900,2856.616,0.0812,19,44.85,48.8,41.6,32757.0
1100,202408162000,35180,202408,2024082000,2605.7826,0.07407,20,33.5,46.1,39.15,32757.0
1101,202408162100,35180,202408,2024082100,2586.4336000000003,0.07352,21,30.75,44.2,35.95,32757.0
1102,202408162200,35180,202408,2024082200,2417.5696000000003,0.06872,22,42.75,39.2,29.6,32757.0
1103,202408162300,35180,202408,2024082300,1020.5718,0.02901,23,27.85,38.55,27.9,32757.0
1104,202408150000,28763,202408,2024080000,54.6497,0.0019,00,11.05,0.0,0.0,32757.0
1105,202408150100,28763,202408,2024080100,0.0,0.0,01,,,,
1106,202408150200,28763,202408,2024080200,0.0,0.0,02,,,,
1107,202408150300,28763,202408,2024080300,0.0,0.0,03,,,,
1108,202408150400,28763,202408,2024080400,0.86289,3e-05,04,,,,
1109,202408150500,28763,202408,2024080500,50.04762,0.00174,05,5.7,5.05,2.55,32757.0
1110,202408150600,28763,202408,2024080600,113.32621999999999,0.00394,06,15.4,12.45,7.85,32757.0
1111,202408150700,28763,202408,2024080700,237.58238,0.00826,07,23.15,14.35,10.7,32757.0
1112,202408150800,28763,202408,2024080800,478.04105999999996,0.01662,08,40.5,29.35,19.85,32757.0
1113,202408150900,28763,202408,2024080900,924.7304499999999,0.03215,09,32.65,38.45,24.9,32757.0
1114,202408151000,28763,202408,2024081000,1142.75399,0.03973,10,33.849999999999994,43.25,31.0,32757.0
1115,202408151100,28763,202408,2024081100,1282.2545400000001,0.04458,11,30.0,44.75,34.5,32757.0
1116,202408151200,28763,202408,2024081200,1270.17408,0.04416,12,38.099999999999994,46.35,32.25,32757.0
1117,202408151300,28763,202408,2024081300,1355.02493,0.04711,13,39.349999999999994,45.8,38.25,32757.0
1118,202408151400,28763,202408,2024081400,1575.9247699999999,0.05479,14,41.8,49.1,33.9,32757.0
1119,202408151500,28763,202408,2024081500,1901.52193,0.06611,15,48.05,52.9,36.8,32757.0
1120,202408151600,28763,202408,2024081600,2338.71953,0.08131,16,53.599999999999994,57.5,38.1,32757.0
1121,202408151700,28763,202408,2024081700,2758.3717,0.0959,17,73.94999999999999,57.65,35.85,32757.0
1122,202408151800,28763,202408,2024081800,3887.03182,0.13514,18,76.35,54.05,41.75,32757.0
1123,202408151900,28763,202408,2024081900,2335.5555999999997,0.0812,19,44.85,48.8,41.6,32757.0
1124,202408152000,28763,202408,2024082000,2130.47541,0.07407,20,33.5,46.1,39.15,32757.0
1125,202408152100,28763,202408,2024082100,2114.65576,0.07352,21,30.75,44.2,35.95,32757.0
1126,202408152200,28763,202408,2024082200,1976.59336,0.06872,22,42.75,39.2,29.6,32757.0
1127,202408152300,28763,202408,2024082300,834.41463,0.02901,23,27.85,38.55,27.9,32757.0
1128,202408140000,35462,202408,2024080000,67.3778,0.0019,00,11.05,0.0,0.0,32757.0
1129,202408140100,35462,202408,2024080100,0.0,0.0,01,,,,
1130,202408140200,35462,202408,2024080200,0.0,0.0,02,,,,
1131,202408140300,35462,202408,2024080300,0.0,0.0,03,,,,
1132,202408140400,35462,202408,2024080400,1.06386,3e-05,04,,,,
1133,202408140500,35462,202408,2024080500,61.70388,0.00174,05,5.7,5.05,2.55,32757.0
1134,202408140600,35462,202408,2024080600,139.72028,0.00394,06,15.4,12.45,7.85,32757.0
1135,202408140700,35462,202408,2024080700,292.91612,0.00826,07,23.15,14.35,10.7,32757.0
1136,202408140800,35462,202408,2024080800,589.37844,0.01662,08,40.5,29.35,19.85,32757.0
1137,202408140900,35462,202408,2024080900,1140.1033,0.03215,09,32.65,38.45,24.9,32757.0
1138,202408141000,35462,202408,2024081000,1408.90526,0.03973,10,33.849999999999994,43.25,31.0,32757.0
1139,202408141100,35462,202408,2024081100,1580.89596,0.04458,11,30.0,44.75,34.5,32757.0
1140,202408141200,35462,202408,2024081200,1566.00192,0.04416,12,38.099999999999994,46.35,32.25,32757.0
1141,202408141300,35462,202408,2024081300,1670.61482,0.04711,13,39.349999999999994,45.8,38.25,32757.0
1142,202408141400,35462,202408,2024081400,1942.96298,0.05479,14,41.8,49.1,33.9,32757.0
1143,202408141500,35462,202408,2024081500,2344.39282,0.06611,15,48.05,52.9,36.8,32757.0
1144,202408141600,35462,202408,2024081600,2883.41522,0.08131,16,53.599999999999994,57.5,38.1,32757.0
1145,202408141700,35462,202408,2024081700,3400.8058,0.0959,17,73.94999999999999,57.65,35.85,32757.0
1146,202408141800,35462,202408,2024081800,4792.33468,0.13514,18,76.35,54.05,41.75,32757.0
1147,202408141900,35462,202408,2024081900,2879.5144,0.0812,19,44.85,48.8,41.6,32757.0
1148,202408142000,35462,202408,2024082000,2626.6703399999997,0.07407,20,33.5,46.1,39.15,32757.0
1149,202408142100,35462,202408,2024082100,2607.16624,0.07352,21,30.75,44.2,35.95,32757.0
1150,202408142200,35462,202408,2024082200,2436.94864,0.06872,22,42.75,39.2,29.6,32757.0
1151,202408142300,35462,202408,2024082300,1028.75262,0.02901,23,27.85,38.55,27.9,32757.0
1152,202408130000,34805,202408,2024080000,66.1295,0.0019,00,11.05,0.0,0.0,32757.0
1153,202408130100,34805,202408,2024080100,0.0,0.0,01,,,,
1154,202408130200,34805,202408,2024080200,0.0,0.0,02,,,,
1155,202408130300,34805,202408,2024080300,0.0,0.0,03,,,,
1156,202408130400,34805,202408,2024080400,1.0441500000000001,3e-05,04,,,,
1157,202408130500,34805,202408,2024080500,60.5607,0.00174,05,5.7,5.05,2.55,32757.0
1158,202408130600,34805,202408,2024080600,137.1317,0.00394,06,15.4,12.45,7.85,32757.0
1159,202408130700,34805,202408,2024080700,287.4893,0.00826,07,23.15,14.35,10.7,32757.0
1160,202408130800,34805,202408,2024080800,578.4590999999999,0.01662,08,40.5,29.35,19.85,32757.0
1161,202408130900,34805,202408,2024080900,1118.98075,0.03215,09,32.65,38.45,24.9,32757.0
1162,202408131000,34805,202408,2024081000,1382.80265,0.03973,10,33.849999999999994,43.25,31.0,32757.0
1163,202408131100,34805,202408,2024081100,1551.6069,0.04458,11,30.0,44.75,34.5,32757.0
1164,202408131200,34805,202408,2024081200,1536.9887999999999,0.04416,12,38.099999999999994,46.35,32.25,32757.0
1165,202408131300,34805,202408,2024081300,1639.66355,0.04711,13,39.349999999999994,45.8,38.25,32757.0
1166,202408131400,34805,202408,2024081400,1906.96595,0.05479,14,41.8,49.1,33.9,32757.0
1167,202408131500,34805,202408,2024081500,2300.9585500000003,0.06611,15,48.05,52.9,36.8,32757.0
1168,202408131600,34805,202408,2024081600,2829.99455,0.08131,16,53.599999999999994,57.5,38.1,32757.0
1169,202408131700,34805,202408,2024081700,3337.7995,0.0959,17,73.94999999999999,57.65,35.85,32757.0
1170,202408131800,34805,202408,2024081800,4703.5477,0.13514,18,76.35,54.05,41.75,32757.0
1171,202408131900,34805,202408,2024081900,2826.1659999999997,0.0812,19,44.85,48.8,41.6,32757.0
1172,202408132000,34805,202408,2024082000,2578.00635,0.07407,20,33.5,46.1,39.15,32757.0
1173,202408132100,34805,202408,2024082100,2558.8636,0.07352,21,30.75,44.2,35.95,32757.0
1174,202408132200,34805,202408,2024082200,2391.7996000000003,0.06872,22,42.75,39.2,29.6,32757.0
1175,202408132300,34805,202408,2024082300,1009.6930500000001,0.02901,23,27.85,38.55,27.9,32757.0
1176,202408120000,34976,202408,2024080000,66.4544,0.0019,00,11.05,0.0,0.0,32757.0
1177,202408120100,34976,202408,2024080100,0.0,0.0,01,,,,
1178,202408120200,34976,202408,2024080200,0.0,0.0,02,,,,
1179,202408120300,34976,202408,2024080300,0.0,0.0,03,,,,
1180,202408120400,34976,202408,2024080400,1.04928,3e-05,04,,,,
1181,202408120500,34976,202408,2024080500,60.85824,0.00174,05,5.7,5.05,2.55,32757.0
1182,202408120600,34976,202408,2024080600,137.80544,0.00394,06,15.4,12.45,7.85,32757.0
1183,202408120700,34976,202408,2024080700,288.90176,0.00826,07,23.15,14.35,10.7,32757.0
1184,202408120800,34976,202408,2024080800,581.30112,0.01662,08,40.5,29.35,19.85,32757.0
1185,202408120900,34976,202408,2024080900,1124.4784,0.03215,09,32.65,38.45,24.9,32757.0
1186,202408121000,34976,202408,2024081000,1389.5964800000002,0.03973,10,33.849999999999994,43.25,31.0,32757.0
1187,202408121100,34976,202408,2024081100,1559.23008,0.04458,11,30.0,44.75,34.5,32757.0
1188,202408121200,34976,202408,2024081200,1544.54016,0.04416,12,38.099999999999994,46.35,32.25,32757.0
1189,202408121300,34976,202408,2024081300,1647.71936,0.04711,13,39.349999999999994,45.8,38.25,32757.0
1190,202408121400,34976,202408,2024081400,1916.33504,0.05479,14,41.8,49.1,33.9,32757.0
1191,202408121500,34976,202408,2024081500,2312.26336,0.06611,15,48.05,52.9,36.8,32757.0
1192,202408121600,34976,202408,2024081600,2843.8985599999996,0.08131,16,53.599999999999994,57.5,38.1,32757.0
1193,202408121700,34976,202408,2024081700,3354.1983999999998,0.0959,17,73.94999999999999,57.65,35.85,32757.0
1194,202408121800,34976,202408,2024081800,4726.65664,0.13514,18,76.35,54.05,41.75,32757.0
1195,202408121900,34976,202408,2024081900,2840.0512,0.0812,19,44.85,48.8,41.6,32757.0
1196,202408122000,34976,202408,2024082000,2590.6723199999997,0.07407,20,33.5,46.1,39.15,32757.0
1197,202408122100,34976,202408,2024082100,2571.43552,0.07352,21,30.75,44.2,35.95,32757.0
1198,202408122200,34976,202408,2024082200,2403.55072,0.06872,22,42.75,39.2,29.6,32757.0
1199,202408122300,34976,202408,2024082300,1014.65376,0.02901,23,27.85,38.55,27.9,32757.0
1200,202408110000,27258,202408,2024080000,51.7902,0.0019,00,11.05,0.0,0.0,32757.0
1201,202408110100,27258,202408,2024080100,0.0,0.0,01,,,,
1202,202408110200,27258,202408,2024080200,0.0,0.0,02,,,,
1203,202408110300,27258,202408,2024080300,0.0,0.0,03,,,,
1204,202408110400,27258,202408,2024080400,0.81774,3e-05,04,,,,
1205,202408110500,27258,202408,2024080500,47.42892,0.00174,05,5.7,5.05,2.55,32757.0
1206,202408110600,27258,202408,2024080600,107.39652,0.00394,06,15.4,12.45,7.85,32757.0
1207,202408110700,27258,202408,2024080700,225.15108,0.00826,07,23.15,14.35,10.7,32757.0
1208,202408110800,27258,202408,2024080800,453.02796,0.01662,08,40.5,29.35,19.85,32757.0
1209,202408110900,27258,202408,2024080900,876.3447,0.03215,09,32.65,38.45,24.9,32757.0
1210,202408111000,27258,202408,2024081000,1082.96034,0.03973,10,33.849999999999994,43.25,31.0,32757.0
1211,202408111100,27258,202408,2024081100,1215.16164,0.04458,11,30.0,44.75,34.5,32757.0
1212,202408111200,27258,202408,2024081200,1203.71328,0.04416,12,38.099999999999994,46.35,32.25,32757.0
1213,202408111300,27258,202408,2024081300,1284.12438,0.04711,13,39.349999999999994,45.8,38.25,32757.0
1214,202408111400,27258,202408,2024081400,1493.46582,0.05479,14,41.8,49.1,33.9,32757.0
1215,202408111500,27258,202408,2024081500,1802.02638,0.06611,15,48.05,52.9,36.8,32757.0
1216,202408111600,27258,202408,2024081600,2216.34798,0.08131,16,53.599999999999994,57.5,38.1,32757.0
1217,202408111700,27258,202408,2024081700,2614.0422,0.0959,17,73.94999999999999,57.65,35.85,32757.0
1218,202408111800,27258,202408,2024081800,3683.6461200000003,0.13514,18,76.35,54.05,41.75,32757.0
1219,202408111900,27258,202408,2024081900,2213.3496,0.0812,19,44.85,48.8,41.6,32757.0
1220,202408112000,27258,202408,2024082000,2019.0000599999998,0.07407,20,33.5,46.1,39.15,32757.0
1221,202408112100,27258,202408,2024082100,2004.00816,0.07352,21,30.75,44.2,35.95,32757.0
1222,202408112200,27258,202408,2024082200,1873.16976,0.06872,22,42.75,39.2,29.6,32757.0
1223,202408112300,27258,202408,2024082300,790.75458,0.02901,23,27.85,38.55,27.9,32757.0
1224,202408100000,28629,202408,2024080000,54.3951,0.0019,00,11.05,0.0,0.0,32757.0
1225,202408100100,28629,202408,2024080100,0.0,0.0,01,,,,
1226,202408100200,28629,202408,2024080200,0.0,0.0,02,,,,
1227,202408100300,28629,202408,2024080300,0.0,0.0,03,,,,
1228,202408100400,28629,202408,2024080400,0.85887,3e-05,04,,,,
1229,202408100500,28629,202408,2024080500,49.81446,0.00174,05,5.7,5.05,2.55,32757.0
1230,202408100600,28629,202408,2024080600,112.79826,0.00394,06,15.4,12.45,7.85,32757.0
1231,202408100700,28629,202408,2024080700,236.47554,0.00826,07,23.15,14.35,10.7,32757.0
1232,202408100800,28629,202408,2024080800,475.81397999999996,0.01662,08,40.5,29.35,19.85,32757.0
1233,202408100900,28629,202408,2024080900,920.4223499999999,0.03215,09,32.65,38.45,24.9,32757.0
1234,202408101000,28629,202408,2024081000,1137.43017,0.03973,10,33.849999999999994,43.25,31.0,32757.0
1235,202408101100,28629,202408,2024081100,1276.28082,0.04458,11,30.0,44.75,34.5,32757.0
1236,202408101200,28629,202408,2024081200,1264.2566399999998,0.04416,12,38.099999999999994,46.35,32.25,32757.0
1237,202408101300,28629,202408,2024081300,1348.71219,0.04711,13,39.349999999999994,45.8,38.25,32757.0
1238,202408101400,28629,202408,2024081400,1568.5829099999999,0.05479,14,41.8,49.1,33.9,32757.0
1239,202408101500,28629,202408,2024081500,1892.66319,0.06611,15,48.05,52.9,36.8,32757.0
1240,202408101600,28629,202408,2024081600,2327.82399,0.08131,16,53.599999999999994,57.5,38.1,32757.0
1241,202408101700,28629,202408,2024081700,2745.5211,0.0959,17,73.94999999999999,57.65,35.85,32757.0
1242,202408101800,28629,202408,2024081800,3868.92306,0.13514,18,76.35,54.05,41.75,32757.0
1243,202408101900,28629,202408,2024081900,2324.6748,0.0812,19,44.85,48.8,41.6,32757.0
1244,202408102000,28629,202408,2024082000,2120.55003,0.07407,20,33.5,46.1,39.15,32757.0
1245,202408102100,28629,202408,2024082100,2104.80408,0.07352,21,30.75,44.2,35.95,32757.0
1246,202408102200,28629,202408,2024082200,1967.38488,0.06872,22,42.75,39.2,29.6,32757.0
1247,202408102300,28629,202408,2024082300,830.52729,0.02901,23,27.85,38.55,27.9,32757.0
1248,202408090000,32860,202408,2024080000,62.434,0.0019,00,11.05,0.0,0.0,32757.0
1249,202408090100,32860,202408,2024080100,0.0,0.0,01,,,,
1250,202408090200,32860,202408,2024080200,0.0,0.0,02,,,,
1251,202408090300,32860,202408,2024080300,0.0,0.0,03,,,,
1252,202408090400,32860,202408,2024080400,0.9858,3e-05,04,,,,
1253,202408090500,32860,202408,2024080500,57.1764,0.00174,05,5.7,5.05,2.55,32757.0
1254,202408090600,32860,202408,2024080600,129.4684,0.00394,06,15.4,12.45,7.85,32757.0
1255,202408090700,32860,202408,2024080700,271.4236,0.00826,07,23.15,14.35,10.7,32757.0
1256,202408090800,32860,202408,2024080800,546.1332,0.01662,08,40.5,29.35,19.85,32757.0
1257,202408090900,32860,202408,2024080900,1056.4489999999998,0.03215,09,32.65,38.45,24.9,32757.0
1258,202408091000,32860,202408,2024081000,1305.5278,0.03973,10,33.849999999999994,43.25,31.0,32757.0
1259,202408091100,32860,202408,2024081100,1464.8988000000002,0.04458,11,30.0,44.75,34.5,32757.0
1260,202408091200,32860,202408,2024081200,1451.0975999999998,0.04416,12,38.099999999999994,46.35,32.25,32757.0
1261,202408091300,32860,202408,2024081300,1548.0346,0.04711,13,39.349999999999994,45.8,38.25,32757.0
1262,202408091400,32860,202408,2024081400,1800.3994,0.05479,14,41.8,49.1,33.9,32757.0
1263,202408091500,32860,202408,2024081500,2172.3746,0.06611,15,48.05,52.9,36.8,32757.0
1264,202408091600,32860,202408,2024081600,2671.8466,0.08131,16,53.599999999999994,57.5,38.1,32757.0
1265,202408091700,32860,202408,2024081700,3151.274,0.0959,17,73.94999999999999,57.65,35.85,32757.0
1266,202408091800,32860,202408,2024081800,4440.700400000001,0.13514,18,76.35,54.05,41.75,32757.0
1267,202408091900,32860,202408,2024081900,2668.232,0.0812,19,44.85,48.8,41.6,32757.0
1268,202408092000,32860,202408,2024082000,2433.9402,0.07407,20,33.5,46.1,39.15,32757.0
1269,202408092100,32860,202408,2024082100,2415.8672,0.07352,21,30.75,44.2,35.95,32757.0
1270,202408092200,32860,202408,2024082200,2258.1392,0.06872,22,42.75,39.2,29.6,32757.0
1271,202408092300,32860,202408,2024082300,953.2686,0.02901,23,27.85,38.55,27.9,32757.0
1272,202408080000,32023,202408,2024080000,60.8437,0.0019,00,11.05,0.0,0.0,32757.0
1273,202408080100,32023,202408,2024080100,0.0,0.0,01,,,,
1274,202408080200,32023,202408,2024080200,0.0,0.0,02,,,,
1275,202408080300,32023,202408,2024080300,0.0,0.0,03,,,,
1276,202408080400,32023,202408,2024080400,0.96069,3e-05,04,,,,
1277,202408080500,32023,202408,2024080500,55.72002,0.00174,05,5.7,5.05,2.55,32757.0
1278,202408080600,32023,202408,2024080600,126.17062,0.00394,06,15.4,12.45,7.85,32757.0
1279,202408080700,32023,202408,2024080700,264.50998,0.00826,07,23.15,14.35,10.7,32757.0
1280,202408080800,32023,202408,2024080800,532.22226,0.01662,08,40.5,29.35,19.85,32757.0
1281,202408080900,32023,202408,2024080900,1029.53945,0.03215,09,32.65,38.45,24.9,32757.0
1282,202408081000,32023,202408,2024081000,1272.27379,0.03973,10,33.849999999999994,43.25,31.0,32757.0
1283,202408081100,32023,202408,2024081100,1427.58534,0.04458,11,30.0,44.75,34.5,32757.0
1284,202408081200,32023,202408,2024081200,1414.1356799999999,0.04416,12,38.099999999999994,46.35,32.25,32757.0
1285,202408081300,32023,202408,2024081300,1508.6035299999999,0.04711,13,39.349999999999994,45.8,38.25,32757.0
1286,202408081400,32023,202408,2024081400,1754.54017,0.05479,14,41.8,49.1,33.9,32757.0
1287,202408081500,32023,202408,2024081500,2117.04053,0.06611,15,48.05,52.9,36.8,32757.0
1288,202408081600,32023,202408,2024081600,2603.79013,0.08131,16,53.599999999999994,57.5,38.1,32757.0
1289,202408081700,32023,202408,2024081700,3071.0057,0.0959,17,73.94999999999999,57.65,35.85,32757.0
1290,202408081800,32023,202408,2024081800,4327.588220000001,0.13514,18,76.35,54.05,41.75,32757.0
1291,202408081900,32023,202408,2024081900,2600.2675999999997,0.0812,19,44.85,48.8,41.6,32757.0
1292,202408082000,32023,202408,2024082000,2371.94361,0.07407,20,33.5,46.1,39.15,32757.0
1293,202408082100,32023,202408,2024082100,2354.3309600000002,0.07352,21,30.75,44.2,35.95,32757.0
1294,202408082200,32023,202408,2024082200,2200.6205600000003,0.06872,22,42.75,39.2,29.6,32757.0
1295,202408082300,32023,202408,2024082300,928.9872300000001,0.02901,23,27.85,38.55,27.9,32757.0
1296,202408070000,32495,202408,2024080000,61.7405,0.0019,00,11.05,0.0,0.0,32757.0
1297,202408070100,32495,202408,2024080100,0.0,0.0,01,,,,
1298,202408070200,32495,202408,2024080200,0.0,0.0,02,,,,
1299,202408070300,32495,202408,2024080300,0.0,0.0,03,,,,
1300,202408070400,32495,202408,2024080400,0.97485,3e-05,04,,,,
1301,202408070500,32495,202408,2024080500,56.5413,0.00174,05,5.7,5.05,2.55,32757.0
1302,202408070600,32495,202408,2024080600,128.0303,0.00394,06,15.4,12.45,7.85,32757.0
1303,202408070700,32495,202408,2024080700,268.4087,0.00826,07,23.15,14.35,10.7,32757.0
1304,202408070800,32495,202408,2024080800,540.0669,0.01662,08,40.5,29.35,19.85,32757.0
1305,202408070900,32495,202408,2024080900,1044.71425,0.03215,09,32.65,38.45,24.9,32757.0
1306,202408071000,32495,202408,2024081000,1291.02635,0.03973,10,33.849999999999994,43.25,31.0,32757.0
1307,202408071100,32495,202408,2024081100,1448.6271000000002,0.04458,11,30.0,44.75,34.5,32757.0
1308,202408071200,32495,202408,2024081200,1434.9792,0.04416,12,38.099999999999994,46.35,32.25,32757.0
1309,202408071300,32495,202408,2024081300,1530.83945,0.04711,13,39.349999999999994,45.8,38.25,32757.0
1310,202408071400,32495,202408,2024081400,1780.40105,0.05479,14,41.8,49.1,33.9,32757.0
1311,202408071500,32495,202408,2024081500,2148.24445,0.06611,15,48.05,52.9,36.8,32757.0
1312,202408071600,32495,202408,2024081600,2642.1684499999997,0.08131,16,53.599999999999994,57.5,38.1,32757.0
1313,202408071700,32495,202408,2024081700,3116.2705,0.0959,17,73.94999999999999,57.65,35.85,32757.0
1314,202408071800,32495,202408,2024081800,4391.3743,0.13514,18,76.35,54.05,41.75,32757.0
1315,202408071900,32495,202408,2024081900,2638.5939999999996,0.0812,19,44.85,48.8,41.6,32757.0
1316,202408072000,32495,202408,2024082000,2406.90465,0.07407,20,33.5,46.1,39.15,32757.0
1317,202408072100,32495,202408,2024082100,2389.0324,0.07352,21,30.75,44.2,35.95,32757.0
1318,202408072200,32495,202408,2024082200,2233.0564,0.06872,22,42.75,39.2,29.6,32757.0
1319,202408072300,32495,202408,2024082300,942.6799500000001,0.02901,23,27.85,38.55,27.9,32757.0
1320,202408060000,31285,202408,2024080000,59.4415,0.0019,00,11.05,0.0,0.0,32757.0
1321,202408060100,31285,202408,2024080100,0.0,0.0,01,,,,
1322,202408060200,31285,202408,2024080200,0.0,0.0,02,,,,
1323,202408060300,31285,202408,2024080300,0.0,0.0,03,,,,
1324,202408060400,31285,202408,2024080400,0.93855,3e-05,04,,,,
1325,202408060500,31285,202408,2024080500,54.435900000000004,0.00174,05,5.7,5.05,2.55,32757.0
1326,202408060600,31285,202408,2024080600,123.2629,0.00394,06,15.4,12.45,7.85,32757.0
1327,202408060700,31285,202408,2024080700,258.4141,0.00826,07,23.15,14.35,10.7,32757.0
1328,202408060800,31285,202408,2024080800,519.9567,0.01662,08,40.5,29.35,19.85,32757.0
1329,202408060900,31285,202408,2024080900,1005.8127499999999,0.03215,09,32.65,38.45,24.9,32757.0
1330,202408061000,31285,202408,2024081000,1242.95305,0.03973,10,33.849999999999994,43.25,31.0,32757.0
1331,202408061100,31285,202408,2024081100,1394.6853,0.04458,11,30.0,44.75,34.5,32757.0
1332,202408061200,31285,202408,2024081200,1381.5456,0.04416,12,38.099999999999994,46.35,32.25,32757.0
1333,202408061300,31285,202408,2024081300,1473.83635,0.04711,13,39.349999999999994,45.8,38.25,32757.0
1334,202408061400,31285,202408,2024081400,1714.1051499999999,0.05479,14,41.8,49.1,33.9,32757.0
1335,202408061500,31285,202408,2024081500,2068.25135,0.06611,15,48.05,52.9,36.8,32757.0
1336,202408061600,31285,202408,2024081600,2543.7833499999997,0.08131,16,53.599999999999994,57.5,38.1,32757.0
1337,202408061700,31285,202408,2024081700,3000.2315,0.0959,17,73.94999999999999,57.65,35.85,32757.0
1338,202408061800,31285,202408,2024081800,4227.8549,0.13514,18,76.35,54.05,41.75,32757.0
1339,202408061900,31285,202408,2024081900,2540.3419999999996,0.0812,19,44.85,48.8,41.6,32757.0
1340,202408062000,31285,202408,2024082000,2317.27995,0.07407,20,33.5,46.1,39.15,32757.0
1341,202408062100,31285,202408,2024082100,2300.0732000000003,0.07352,21,30.75,44.2,35.95,32757.0
1342,202408062200,31285,202408,2024082200,2149.9052,0.06872,22,42.75,39.2,29.6,32757.0
1343,202408062300,31285,202408,2024082300,907.57785,0.02901,23,27.85,38.55,27.9,32757.0
1344,202408050000,30832,202408,2024080000,58.580799999999996,0.0019,00,11.05,0.0,0.0,32757.0
1345,202408050100,30832,202408,2024080100,0.0,0.0,01,,,,
1346,202408050200,30832,202408,2024080200,0.0,0.0,02,,,,
1347,202408050300,30832,202408,2024080300,0.0,0.0,03,,,,
1348,202408050400,30832,202408,2024080400,0.92496,3e-05,04,,,,
1349,202408050500,30832,202408,2024080500,53.64768,0.00174,05,5.7,5.05,2.55,32757.0
1350,202408050600,30832,202408,2024080600,121.47807999999999,0.00394,06,15.4,12.45,7.85,32757.0
1351,202408050700,30832,202408,2024080700,254.67232,0.00826,07,23.15,14.35,10.7,32757.0
1352,202408050800,30832,202408,2024080800,512.42784,0.01662,08,40.5,29.35,19.85,32757.0
1353,202408050900,30832,202408,2024080900,991.2488,0.03215,09,32.65,38.45,24.9,32757.0
1354,202408051000,30832,202408,2024081000,1224.9553600000002,0.03973,10,33.849999999999994,43.25,31.0,32757.0
1355,202408051100,30832,202408,2024081100,1374.49056,0.04458,11,30.0,44.75,34.5,32757.0
1356,202408051200,30832,202408,2024081200,1361.5411199999999,0.04416,12,38.099999999999994,46.35,32.25,32757.0
1357,202408051300,30832,202408,2024081300,1452.49552,0.04711,13,39.349999999999994,45.8,38.25,32757.0
1358,202408051400,30832,202408,2024081400,1689.28528,0.05479,14,41.8,49.1,33.9,32757.0
1359,202408051500,30832,202408,2024081500,2038.3035200000002,0.06611,15,48.05,52.9,36.8,32757.0
1360,202408051600,30832,202408,2024081600,2506.94992,0.08131,16,53.599999999999994,57.5,38.1,32757.0
1361,202408051700,30832,202408,2024081700,2956.7888,0.0959,17,73.94999999999999,57.65,35.85,32757.0
1362,202408051800,30832,202408,2024081800,4166.63648,0.13514,18,76.35,54.05,41.75,32757.0
1363,202408051900,30832,202408,2024081900,2503.5584,0.0812,19,44.85,48.8,41.6,32757.0
1364,202408052000,30832,202408,2024082000,2283.72624,0.07407,20,33.5,46.1,39.15,32757.0
1365,202408052100,30832,202408,2024082100,2266.7686400000002,0.07352,21,30.75,44.2,35.95,32757.0
1366,202408052200,30832,202408,2024082200,2118.77504,0.06872,22,42.75,39.2,29.6,32757.0
1367,202408052300,30832,202408,2024082300,894.43632,0.02901,23,27.85,38.55,27.9,32757.0
1368,202408040000,23922,202408,2024080000,45.4518,0.0019,00,11.05,0.0,0.0,32757.0
1369,202408040100,23922,202408,2024080100,0.0,0.0,01,,,,
1370,202408040200,23922,202408,2024080200,0.0,0.0,02,,,,
1371,202408040300,23922,202408,2024080300,0.0,0.0,03,,,,
1372,202408040400,23922,202408,2024080400,0.71766,3e-05,04,,,,
1373,202408040500,23922,202408,2024080500,41.62428,0.00174,05,5.7,5.05,2.55,32757.0
1374,202408040600,23922,202408,2024080600,94.25268,0.00394,06,15.4,12.45,7.85,32757.0
1375,202408040700,23922,202408,2024080700,197.59572,0.00826,07,23.15,14.35,10.7,32757.0
1376,202408040800,23922,202408,2024080800,397.58364,0.01662,08,40.5,29.35,19.85,32757.0
1377,202408040900,23922,202408,2024080900,769.0922999999999,0.03215,09,32.65,38.45,24.9,32757.0
1378,202408041000,23922,202408,2024081000,950.42106,0.03973,10,33.849999999999994,43.25,31.0,32757.0
1379,202408041100,23922,202408,2024081100,1066.4427600000001,0.04458,11,30.0,44.75,34.5,32757.0
1380,202408041200,23922,202408,2024081200,1056.39552,0.04416,12,38.099999999999994,46.35,32.25,32757.0
1381,202408041300,23922,202408,2024081300,1126.96542,0.04711,13,39.349999999999994,45.8,38.25,32757.0
1382,202408041400,23922,202408,2024081400,1310.6863799999999,0.05479,14,41.8,49.1,33.9,32757.0
1383,202408041500,23922,202408,2024081500,1581.48342,0.06611,15,48.05,52.9,36.8,32757.0
1384,202408041600,23922,202408,2024081600,1945.0978199999997,0.08131,16,53.599999999999994,57.5,38.1,32757.0
1385,202408041700,23922,202408,2024081700,2294.1198,0.0959,17,73.94999999999999,57.65,35.85,32757.0
1386,202408041800,23922,202408,2024081800,3232.81908,0.13514,18,76.35,54.05,41.75,32757.0
1387,202408041900,23922,202408,2024081900,1942.4663999999998,0.0812,19,44.85,48.8,41.6,32757.0
1388,202408042000,23922,202408,2024082000,1771.9025399999998,0.07407,20,33.5,46.1,39.15,32757.0
1389,202408042100,23922,202408,2024082100,1758.7454400000001,0.07352,21,30.75,44.2,35.95,32757.0
1390,202408042200,23922,202408,2024082200,1643.91984,0.06872,22,42.75,39.2,29.6,32757.0
1391,202408042300,23922,202408,2024082300,693.97722,0.02901,23,27.85,38.55,27.9,32757.0
1392,202408030000,28361,202408,2024080000,53.8859,0.0019,00,11.05,0.0,0.0,32757.0
1393,202408030100,28361,202408,2024080100,0.0,0.0,01,,,,
1394,202408030200,28361,202408,2024080200,0.0,0.0,02,,,,
1395,202408030300,28361,202408,2024080300,0.0,0.0,03,,,,
1396,202408030400,28361,202408,2024080400,0.85083,3e-05,04,,,,
1397,202408030500,28361,202408,2024080500,49.34814,0.00174,05,5.7,5.05,2.55,32757.0
1398,202408030600,28361,202408,2024080600,111.74234,0.00394,06,15.4,12.45,7.85,32757.0
1399,202408030700,28361,202408,2024080700,234.26186,0.00826,07,23.15,14.35,10.7,32757.0
1400,202408030800,28361,202408,2024080800,471.35981999999996,0.01662,08,40.5,29.35,19.85,32757.0
1401,202408030900,28361,202408,2024080900,911.8061499999999,0.03215,09,32.65,38.45,24.9,32757.0
1402,202408031000,28361,202408,2024081000,1126.78253,0.03973,10,33.849999999999994,43.25,31.0,32757.0
1403,202408031100,28361,202408,2024081100,1264.33338,0.04458,11,30.0,44.75,34.5,32757.0
1404,202408031200,28361,202408,2024081200,1252.42176,0.04416,12,38.099999999999994,46.35,32.25,32757.0
1405,202408031300,28361,202408,2024081300,1336.08671,0.04711,13,39.349999999999994,45.8,38.25,32757.0
1406,202408031400,28361,202408,2024081400,1553.8991899999999,0.05479,14,41.8,49.1,33.9,32757.0
1407,202408031500,28361,202408,2024081500,1874.94571,0.06611,15,48.05,52.9,36.8,32757.0
1408,202408031600,28361,202408,2024081600,2306.03291,0.08131,16,53.599999999999994,57.5,38.1,32757.0
1409,202408031700,28361,202408,2024081700,2719.8199,0.0959,17,73.94999999999999,57.65,35.85,32757.0
1410,202408031800,28361,202408,2024081800,3832.7055400000004,0.13514,18,76.35,54.05,41.75,32757.0
1411,202408031900,28361,202408,2024081900,2302.9132,0.0812,19,44.85,48.8,41.6,32757.0
1412,202408032000,28361,202408,2024082000,2100.69927,0.07407,20,33.5,46.1,39.15,32757.0
1413,202408032100,28361,202408,2024082100,2085.10072,0.07352,21,30.75,44.2,35.95,32757.0
1414,202408032200,28361,202408,2024082200,1948.96792,0.06872,22,42.75,39.2,29.6,32757.0
1415,202408032300,28361,202408,2024082300,822.75261,0.02901,23,27.85,38.55,27.9,32757.0
1416,202408020000,35326,202408,2024080000,67.1194,0.0019,00,11.05,0.0,0.0,32757.0
1417,202408020100,35326,202408,2024080100,0.0,0.0,01,,,,
1418,202408020200,35326,202408,2024080200,0.0,0.0,02,,,,
1419,202408020300,35326,202408,2024080300,0.0,0.0,03,,,,
1420,202408020400,35326,202408,2024080400,1.05978,3e-05,04,,,,
1421,202408020500,35326,202408,2024080500,61.467240000000004,0.00174,05,5.7,5.05,2.55,32757.0
1422,202408020600,35326,202408,2024080600,139.18444,0.00394,06,15.4,12.45,7.85,32757.0
1423,202408020700,35326,202408,2024080700,291.79276,0.00826,07,23.15,14.35,10.7,32757.0
1424,202408020800,35326,202408,2024080800,587.11812,0.01662,08,40.5,29.35,19.85,32757.0
1425,202408020900,35326,202408,2024080900,1135.7309,0.03215,09,32.65,38.45,24.9,32757.0
1426,202408021000,35326,202408,2024081000,1403.50198,0.03973,10,33.849999999999994,43.25,31.0,32757.0
1427,202408021100,35326,202408,2024081100,1574.83308,0.04458,11,30.0,44.75,34.5,32757.0
1428,202408021200,35326,202408,2024081200,1559.99616,0.04416,12,38.099999999999994,46.35,32.25,32757.0
1429,202408021300,35326,202408,2024081300,1664.20786,0.04711,13,39.349999999999994,45.8,38.25,32757.0
1430,202408021400,35326,202408,2024081400,1935.51154,0.05479,14,41.8,49.1,33.9,32757.0
1431,202408021500,35326,202408,2024081500,2335.40186,0.06611,15,48.05,52.9,36.8,32757.0
1432,202408021600,35326,202408,2024081600,2872.35706,0.08131,16,53.599999999999994,57.5,38.1,32757.0
1433,202408021700,35326,202408,2024081700,3387.7634,0.0959,17,73.94999999999999,57.65,35.85,32757.0
1434,202408021800,35326,202408,2024081800,4773.95564,0.13514,18,76.35,54.05,41.75,32757.0
1435,202408021900,35326,202408,2024081900,2868.4712,0.0812,19,44.85,48.8,41.6,32757.0
1436,202408022000,35326,202408,2024082000,2616.5968199999998,0.07407,20,33.5,46.1,39.15,32757.0
1437,202408022100,35326,202408,2024082100,2597.16752,0.07352,21,30.75,44.2,35.95,32757.0
1438,202408022200,35326,202408,2024082200,2427.6027200000003,0.06872,22,42.75,39.2,29.6,32757.0
1439,202408022300,35326,202408,2024082300,1024.80726,0.02901,23,27.85,38.55,27.9,32757.0
1440,202408010000,34481,202408,2024080000,65.5139,0.0019,00,11.05,0.0,0.0,32757.0
1441,202408010100,34481,202408,2024080100,0.0,0.0,01,,,,
1442,202408010200,34481,202408,2024080200,0.0,0.0,02,,,,
1443,202408010300,34481,202408,2024080300,0.0,0.0,03,,,,
1444,202408010400,34481,202408,2024080400,1.03443,3e-05,04,,,,
1445,202408010500,34481,202408,2024080500,59.99694,0.00174,05,5.7,5.05,2.55,32757.0
1446,202408010600,34481,202408,2024080600,135.85514,0.00394,06,15.4,12.45,7.85,32757.0
1447,202408010700,34481,202408,2024080700,284.81306,0.00826,07,23.15,14.35,10.7,32757.0
1448,202408010800,34481,202408,2024080800,573.07422,0.01662,08,40.5,29.35,19.85,32757.0
1449,202408010900,34481,202408,2024080900,1108.56415,0.03215,09,32.65,38.45,24.9,32757.0
1450,202408011000,34481,202408,2024081000,1369.93013,0.03973,10,33.849999999999994,43.25,31.0,32757.0
1451,202408011100,34481,202408,2024081100,1537.16298,0.04458,11,30.0,44.75,34.5,32757.0
1452,202408011200,34481,202408,2024081200,1522.68096,0.04416,12,38.099999999999994,46.35,32.25,32757.0
1453,202408011300,34481,202408,2024081300,1624.3999099999999,0.04711,13,39.349999999999994,45.8,38.25,32757.0
1454,202408011400,34481,202408,2024081400,1889.21399,0.05479,14,41.8,49.1,33.9,32757.0
1455,202408011500,34481,202408,2024081500,2279.53891,0.06611,15,48.05,52.9,36.8,32757.0
1456,202408011600,34481,202408,2024081600,2803.6501099999996,0.08131,16,53.599999999999994,57.5,38.1,32757.0
1457,202408011700,34481,202408,2024081700,3306.7279,0.0959,17,73.94999999999999,57.65,35.85,32757.0
1458,202408011800,34481,202408,2024081800,4659.76234,0.13514,18,76.35,54.05,41.75,32757.0
1459,202408011900,34481,202408,2024081900,2799.8572,0.0812,19,44.85,48.8,41.6,32757.0
1460,202408012000,34481,202408,2024082000,2554.00767,0.07407,20,33.5,46.1,39.15,32757.0
1461,202408012100,34481,202408,2024082100,2535.0431200000003,0.07352,21,30.75,44.2,35.95,32757.0
1462,202408012200,34481,202408,2024082200,2369.53432,0.06872,22,42.75,39.2,29.6,32757.0
1463,202408012300,34481,202408,2024082300,1000.29381,0.02901,23,27.85,38.55,27.9,32757.0
1464,202407310000,34215,202407,2024070000,70.4829,0.00206,00,11.05,0.0,0.0,32757.0
1465,202407310100,34215,202407,2024070100,0.0,0.0,01,,,,
1466,202407310200,34215,202407,2024070200,0.0,0.0,02,,,,
1467,202407310300,34215,202407,2024070300,0.0,0.0,03,,,,
1468,202407310400,34215,202407,2024070400,0.6843,2e-05,04,,,,
1469,202407310500,34215,202407,2024070500,53.033249999999995,0.00155,05,5.7,5.05,2.55,32757.0
1470,202407310600,34215,202407,2024070600,132.7542,0.00388,06,15.4,12.45,7.85,32757.0
1471,202407310700,34215,202407,2024070700,294.59114999999997,0.00861,07,23.15,14.35,10.7,32757.0
1472,202407310800,34215,202407,2024070800,543.6763500000001,0.01589,08,40.5,29.35,19.85,32757.0
1473,202407310900,34215,202407,2024070900,996.68295,0.02913,09,32.65,38.45,24.9,32757.0
1474,202407311000,34215,202407,2024071000,1253.97975,0.03665,10,33.849999999999994,43.25,31.0,32757.0
1475,202407311100,34215,202407,2024071100,1467.48135,0.04289,11,30.0,44.75,34.5,32757.0
1476,202407311200,34215,202407,2024071200,1493.48475,0.04365,12,38.099999999999994,46.35,32.25,32757.0
1477,202407311300,34215,202407,2024071300,1610.1579,0.04706,13,39.349999999999994,45.8,38.25,32757.0
1478,202407311400,34215,202407,2024071400,1863.3489,0.05446,14,41.8,49.1,33.9,32757.0
1479,202407311500,34215,202407,2024071500,2273.2446,0.06644,15,48.05,52.9,36.8,32757.0
1480,202407311600,34215,202407,2024071600,2770.0464,0.08096,16,53.599999999999994,57.5,38.1,32757.0
1481,202407311700,34215,202407,2024071700,3385.9164,0.09896,17,73.94999999999999,57.65,35.85,32757.0
1482,202407311800,34215,202407,2024071800,4946.8047,0.14458,18,76.35,54.05,41.75,32757.0
1483,202407311900,34215,202407,2024071900,2765.2563,0.08082,19,44.85,48.8,41.6,32757.0
1484,202407312000,34215,202407,2024072000,2529.1728,0.07392,20,33.5,46.1,39.15,32757.0
1485,202407312100,34215,202407,2024072100,2477.8503,0.07242,21,30.75,44.2,35.95,32757.0
1486,202407312200,34215,202407,2024072200,2321.1456,0.06784,22,42.75,39.2,29.6,32757.0
1487,202407312300,34215,202407,2024072300,965.88945,0.02823,23,27.85,38.55,27.9,32757.0
1488,202407300000,33720,202407,2024070000,69.4632,0.00206,00,11.05,0.0,0.0,32757.0
1489,202407300100,33720,202407,2024070100,0.0,0.0,01,,,,
1490,202407300200,33720,202407,2024070200,0.0,0.0,02,,,,
1491,202407300300,33720,202407,2024070300,0.0,0.0,03,,,,
1492,202407300400,33720,202407,2024070400,0.6744000000000001,2e-05,04,,,,
1493,202407300500,33720,202407,2024070500,52.266,0.00155,05,5.7,5.05,2.55,32757.0
1494,202407300600,33720,202407,2024070600,130.83360000000002,0.00388,06,15.4,12.45,7.85,32757.0
1495,202407300700,33720,202407,2024070700,290.3292,0.00861,07,23.15,14.35,10.7,32757.0
1496,202407300800,33720,202407,2024070800,535.8108000000001,0.01589,08,40.5,29.35,19.85,32757.0
1497,202407300900,33720,202407,2024070900,982.2636,0.02913,09,32.65,38.45,24.9,32757.0
1498,202407301000,33720,202407,2024071000,1235.838,0.03665,10,33.849999999999994,43.25,31.0,32757.0
1499,202407301100,33720,202407,2024071100,1446.2508,0.04289,11,30.0,44.75,34.5,32757.0
1500,202407301200,33720,202407,2024071200,1471.8780000000002,0.04365,12,38.099999999999994,46.35,32.25,32757.0
1501,202407301300,33720,202407,2024071300,1586.8632,0.04706,13,39.349999999999994,45.8,38.25,32757.0
1502,202407301400,33720,202407,2024071400,1836.3912,0.05446,14,41.8,49.1,33.9,32757.0
1503,202407301500,33720,202407,2024071500,2240.3568,0.06644,15,48.05,52.9,36.8,32757.0
1504,202407301600,33720,202407,2024071600,2729.9712,0.08096,16,53.599999999999994,57.5,38.1,32757.0
1505,202407301700,33720,202407,2024071700,3336.9312,0.09896,17,73.94999999999999,57.65,35.85,32757.0
1506,202407301800,33720,202407,2024071800,4875.2375999999995,0.14458,18,76.35,54.05,41.75,32757.0
1507,202407301900,33720,202407,2024071900,2725.2504,0.08082,19,44.85,48.8,41.6,32757.0
1508,202407302000,33720,202407,2024072000,2492.5824,0.07392,20,33.5,46.1,39.15,32757.0
1509,202407302100,33720,202407,2024072100,2442.0024,0.07242,21,30.75,44.2,35.95,32757.0
1510,202407302200,33720,202407,2024072200,2287.5648,0.06784,22,42.75,39.2,29.6,32757.0
1511,202407302300,33720,202407,2024072300,951.9156,0.02823,23,27.85,38.55,27.9,32757.0
1512,202407290000,33905,202407,2024070000,69.8443,0.00206,00,11.05,0.0,0.0,32757.0
1513,202407290100,33905,202407,2024070100,0.0,0.0,01,,,,
1514,202407290200,33905,202407,2024070200,0.0,0.0,02,,,,
1515,202407290300,33905,202407,2024070300,0.0,0.0,03,,,,
1516,202407290400,33905,202407,2024070400,0.6781,2e-05,04,,,,
1517,202407290500,33905,202407,2024070500,52.552749999999996,0.00155,05,5.7,5.05,2.55,32757.0
1518,202407290600,33905,202407,2024070600,131.5514,0.00388,06,15.4,12.45,7.85,32757.0
1519,202407290700,33905,202407,2024070700,291.92205,0.00861,07,23.15,14.35,10.7,32757.0
1520,202407290800,33905,202407,2024070800,538.75045,0.01589,08,40.5,29.35,19.85,32757.0
1521,202407290900,33905,202407,2024070900,987.65265,0.02913,09,32.65,38.45,24.9,32757.0
1522,202407291000,33905,202407,2024071000,1242.61825,0.03665,10,33.849999999999994,43.25,31.0,32757.0
1523,202407291100,33905,202407,2024071100,1454.18545,0.04289,11,30.0,44.75,34.5,32757.0
1524,202407291200,33905,202407,2024071200,1479.95325,0.04365,12,38.099999999999994,46.35,32.25,32757.0
1525,202407291300,33905,202407,2024071300,1595.5692999999999,0.04706,13,39.349999999999994,45.8,38.25,32757.0
1526,202407291400,33905,202407,2024071400,1846.4663,0.05446,14,41.8,49.1,33.9,32757.0
1527,202407291500,33905,202407,2024071500,2252.6482,0.06644,15,48.05,52.9,36.8,32757.0
1528,202407291600,33905,202407,2024071600,2744.9488,0.08096,16,53.599999999999994,57.5,38.1,32757.0
1529,202407291700,33905,202407,2024071700,3355.2388,0.09896,17,73.94999999999999,57.65,35.85,32757.0
1530,202407291800,33905,202407,2024071800,4901.9848999999995,0.14458,18,76.35,54.05,41.75,32757.0
1531,202407291900,33905,202407,2024071900,2740.2021,0.08082,19,44.85,48.8,41.6,32757.0
1532,202407292000,33905,202407,2024072000,2506.2576,0.07392,20,33.5,46.1,39.15,32757.0
1533,202407292100,33905,202407,2024072100,2455.4001,0.07242,21,30.75,44.2,35.95,32757.0
1534,202407292200,33905,202407,2024072200,2300.1151999999997,0.06784,22,42.75,39.2,29.6,32757.0
1535,202407292300,33905,202407,2024072300,957.1381500000001,0.02823,23,27.85,38.55,27.9,32757.0
1536,202407280000,27284,202407,2024070000,56.205040000000004,0.00206,00,11.05,0.0,0.0,32757.0
1537,202407280100,27284,202407,2024070100,0.0,0.0,01,,,,
1538,202407280200,27284,202407,2024070200,0.0,0.0,02,,,,
1539,202407280300,27284,202407,2024070300,0.0,0.0,03,,,,
1540,202407280400,27284,202407,2024070400,0.54568,2e-05,04,,,,
1541,202407280500,27284,202407,2024070500,42.2902,0.00155,05,5.7,5.05,2.55,32757.0
1542,202407280600,27284,202407,2024070600,105.86192000000001,0.00388,06,15.4,12.45,7.85,32757.0
1543,202407280700,27284,202407,2024070700,234.91523999999998,0.00861,07,23.15,14.35,10.7,32757.0
1544,202407280800,27284,202407,2024070800,433.54276000000004,0.01589,08,40.5,29.35,19.85,32757.0
1545,202407280900,27284,202407,2024070900,794.78292,0.02913,09,32.65,38.45,24.9,32757.0
1546,202407281000,27284,202407,2024071000,999.9586,0.03665,10,33.849999999999994,43.25,31.0,32757.0
1547,202407281100,27284,202407,2024071100,1170.21076,0.04289,11,30.0,44.75,34.5,32757.0
1548,202407281200,27284,202407,2024071200,1190.9466,0.04365,12,38.099999999999994,46.35,32.25,32757.0
1549,202407281300,27284,202407,2024071300,1283.98504,0.04706,13,39.349999999999994,45.8,38.25,32757.0
1550,202407281400,27284,202407,2024071400,1485.88664,0.05446,14,41.8,49.1,33.9,32757.0
1551,202407281500,27284,202407,2024071500,1812.74896,0.06644,15,48.05,52.9,36.8,32757.0
1552,202407281600,27284,202407,2024071600,2208.91264,0.08096,16,53.599999999999994,57.5,38.1,32757.0
1553,202407281700,27284,202407,2024071700,2700.02464,0.09896,17,73.94999999999999,57.65,35.85,32757.0
1554,202407281800,27284,202407,2024071800,3944.72072,0.14458,18,76.35,54.05,41.75,32757.0
1555,202407281900,27284,202407,2024071900,2205.09288,0.08082,19,44.85,48.8,41.6,32757.0
1556,202407282000,27284,202407,2024072000,2016.83328,0.07392,20,33.5,46.1,39.15,32757.0
1557,202407282100,27284,202407,2024072100,1975.90728,0.07242,21,30.75,44.2,35.95,32757.0
1558,202407282200,27284,202407,2024072200,1850.9465599999999,0.06784,22,42.75,39.2,29.6,32757.0
1559,202407282300,27284,202407,2024072300,770.2273200000001,0.02823,23,27.85,38.55,27.9,32757.0
1560,202407270000,27401,202407,2024070000,56.44606,0.00206,00,11.05,0.0,0.0,32757.0
1561,202407270100,27401,202407,2024070100,0.0,0.0,01,,,,
1562,202407270200,27401,202407,2024070200,0.0,0.0,02,,,,
1563,202407270300,27401,202407,2024070300,0.0,0.0,03,,,,
1564,202407270400,27401,202407,2024070400,0.5480200000000001,2e-05,04,,,,
1565,202407270500,27401,202407,2024070500,42.47155,0.00155,05,5.7,5.05,2.55,32757.0
1566,202407270600,27401,202407,2024070600,106.31588,0.00388,06,15.4,12.45,7.85,32757.0
1567,202407270700,27401,202407,2024070700,235.92261,0.00861,07,23.15,14.35,10.7,32757.0
1568,202407270800,27401,202407,2024070800,435.40189000000004,0.01589,08,40.5,29.35,19.85,32757.0
1569,202407270900,27401,202407,2024070900,798.19113,0.02913,09,32.65,38.45,24.9,32757.0
1570,202407271000,27401,202407,2024071000,1004.24665,0.03665,10,33.849999999999994,43.25,31.0,32757.0
1571,202407271100,27401,202407,2024071100,1175.2288899999999,0.04289,11,30.0,44.75,34.5,32757.0
1572,202407271200,27401,202407,2024071200,1196.05365,0.04365,12,38.099999999999994,46.35,32.25,32757.0
1573,202407271300,27401,202407,2024071300,1289.4910599999998,0.04706,13,39.349999999999994,45.8,38.25,32757.0
1574,202407271400,27401,202407,2024071400,1492.25846,0.05446,14,41.8,49.1,33.9,32757.0
1575,202407271500,27401,202407,2024071500,1820.52244,0.06644,15,48.05,52.9,36.8,32757.0
1576,202407271600,27401,202407,2024071600,2218.3849600000003,0.08096,16,53.599999999999994,57.5,38.1,32757.0
1577,202407271700,27401,202407,2024071700,2711.60296,0.09896,17,73.94999999999999,57.65,35.85,32757.0
1578,202407271800,27401,202407,2024071800,3961.6365799999994,0.14458,18,76.35,54.05,41.75,32757.0
1579,202407271900,27401,202407,2024071900,2214.54882,0.08082,19,44.85,48.8,41.6,32757.0
1580,202407272000,27401,202407,2024072000,2025.48192,0.07392,20,33.5,46.1,39.15,32757.0
1581,202407272100,27401,202407,2024072100,1984.38042,0.07242,21,30.75,44.2,35.95,32757.0
1582,202407272200,27401,202407,2024072200,1858.88384,0.06784,22,42.75,39.2,29.6,32757.0
1583,202407272300,27401,202407,2024072300,773.5302300000001,0.02823,23,27.85,38.55,27.9,32757.0
1584,202407260000,33540,202407,2024070000,69.09240000000001,0.00206,00,11.05,0.0,0.0,32757.0
1585,202407260100,33540,202407,2024070100,0.0,0.0,01,,,,
1586,202407260200,33540,202407,2024070200,0.0,0.0,02,,,,
1587,202407260300,33540,202407,2024070300,0.0,0.0,03,,,,
1588,202407260400,33540,202407,2024070400,0.6708000000000001,2e-05,04,,,,
1589,202407260500,33540,202407,2024070500,51.986999999999995,0.00155,05,5.7,5.05,2.55,32757.0
1590,202407260600,33540,202407,2024070600,130.1352,0.00388,06,15.4,12.45,7.85,32757.0
1591,202407260700,33540,202407,2024070700,288.7794,0.00861,07,23.15,14.35,10.7,32757.0
1592,202407260800,33540,202407,2024070800,532.9506,0.01589,08,40.5,29.35,19.85,32757.0
1593,202407260900,33540,202407,2024070900,977.0201999999999,0.02913,09,32.65,38.45,24.9,32757.0
1594,202407261000,33540,202407,2024071000,1229.241,0.03665,10,33.849999999999994,43.25,31.0,32757.0
1595,202407261100,33540,202407,2024071100,1438.5305999999998,0.04289,11,30.0,44.75,34.5,32757.0
1596,202407261200,33540,202407,2024071200,1464.021,0.04365,12,38.099999999999994,46.35,32.25,32757.0
1597,202407261300,33540,202407,2024071300,1578.3924,0.04706,13,39.349999999999994,45.8,38.25,32757.0
1598,202407261400,33540,202407,2024071400,1826.5884,0.05446,14,41.8,49.1,33.9,32757.0
1599,202407261500,33540,202407,2024071500,2228.3976,0.06644,15,48.05,52.9,36.8,32757.0
1600,202407261600,33540,202407,2024071600,2715.3984,0.08096,16,53.599999999999994,57.5,38.1,32757.0
1601,202407261700,33540,202407,2024071700,3319.1184000000003,0.09896,17,73.94999999999999,57.65,35.85,32757.0
1602,202407261800,33540,202407,2024071800,4849.213199999999,0.14458,18,76.35,54.05,41.75,32757.0
1603,202407261900,33540,202407,2024071900,2710.7028,0.08082,19,44.85,48.8,41.6,32757.0
1604,202407262000,33540,202407,2024072000,2479.2768,0.07392,20,33.5,46.1,39.15,32757.0
1605,202407262100,33540,202407,2024072100,2428.9668,0.07242,21,30.75,44.2,35.95,32757.0
1606,202407262200,33540,202407,2024072200,2275.3536,0.06784,22,42.75,39.2,29.6,32757.0
1607,202407262300,33540,202407,2024072300,946.8342,0.02823,23,27.85,38.55,27.9,32757.0
1608,202407250000,34951,202407,2024070000,71.99906,0.00206,00,11.05,0.0,0.0,32757.0
1609,202407250100,34951,202407,2024070100,0.0,0.0,01,,,,
1610,202407250200,34951,202407,2024070200,0.0,0.0,02,,,,
1611,202407250300,34951,202407,2024070300,0.0,0.0,03,,,,
1612,202407250400,34951,202407,2024070400,0.6990200000000001,2e-05,04,,,,
1613,202407250500,34951,202407,2024070500,54.17405,0.00155,05,5.7,5.05,2.55,32757.0
1614,202407250600,34951,202407,2024070600,135.60988,0.00388,06,15.4,12.45,7.85,32757.0
1615,202407250700,34951,202407,2024070700,300.92811,0.00861,07,23.15,14.35,10.7,32757.0
1616,202407250800,34951,202407,2024070800,555.37139,0.01589,08,40.5,29.35,19.85,32757.0
1617,202407250900,34951,202407,2024070900,1018.12263,0.02913,09,32.65,38.45,24.9,32757.0
1618,202407251000,34951,202407,2024071000,1280.95415,0.03665,10,33.849999999999994,43.25,31.0,32757.0
1619,202407251100,34951,202407,2024071100,1499.04839,0.04289,11,30.0,44.75,34.5,32757.0
1620,202407251200,34951,202407,2024071200,1525.61115,0.04365,12,38.099999999999994,46.35,32.25,32757.0
1621,202407251300,34951,202407,2024071300,1644.79406,0.04706,13,39.349999999999994,45.8,38.25,32757.0
1622,202407251400,34951,202407,2024071400,1903.43146,0.05446,14,41.8,49.1,33.9,32757.0
1623,202407251500,34951,202407,2024071500,2322.14444,0.06644,15,48.05,52.9,36.8,32757.0
1624,202407251600,34951,202407,2024071600,2829.6329600000004,0.08096,16,53.599999999999994,57.5,38.1,32757.0
1625,202407251700,34951,202407,2024071700,3458.7509600000003,0.09896,17,73.94999999999999,57.65,35.85,32757.0
1626,202407251800,34951,202407,2024071800,5053.215579999999,0.14458,18,76.35,54.05,41.75,32757.0
1627,202407251900,34951,202407,2024071900,2824.7398200000002,0.08082,19,44.85,48.8,41.6,32757.0
1628,202407252000,34951,202407,2024072000,2583.57792,0.07392,20,33.5,46.1,39.15,32757.0
1629,202407252100,34951,202407,2024072100,2531.15142,0.07242,21,30.75,44.2,35.95,32757.0
1630,202407252200,34951,202407,2024072200,2371.07584,0.06784,22,42.75,39.2,29.6,32757.0
1631,202407252300,34951,202407,2024072300,986.66673,0.02823,23,27.85,38.55,27.9,32757.0
1632,202407240000,35397,202407,2024070000,72.91782,0.00206,00,11.05,0.0,0.0,32757.0
1633,202407240100,35397,202407,2024070100,0.0,0.0,01,,,,
1634,202407240200,35397,202407,2024070200,0.0,0.0,02,,,,
1635,202407240300,35397,202407,2024070300,0.0,0.0,03,,,,
1636,202407240400,35397,202407,2024070400,0.70794,2e-05,04,,,,
1637,202407240500,35397,202407,2024070500,54.86535,0.00155,05,5.7,5.05,2.55,32757.0
1638,202407240600,35397,202407,2024070600,137.34036,0.00388,06,15.4,12.45,7.85,32757.0
1639,202407240700,35397,202407,2024070700,304.76817,0.00861,07,23.15,14.35,10.7,32757.0
1640,202407240800,35397,202407,2024070800,562.45833,0.01589,08,40.5,29.35,19.85,32757.0
1641,202407240900,35397,202407,2024070900,1031.11461,0.02913,09,32.65,38.45,24.9,32757.0
1642,202407241000,35397,202407,2024071000,1297.30005,0.03665,10,33.849999999999994,43.25,31.0,32757.0
1643,202407241100,35397,202407,2024071100,1518.17733,0.04289,11,30.0,44.75,34.5,32757.0
1644,202407241200,35397,202407,2024071200,1545.07905,0.04365,12,38.099999999999994,46.35,32.25,32757.0
1645,202407241300,35397,202407,2024071300,1665.78282,0.04706,13,39.349999999999994,45.8,38.25,32757.0
1646,202407241400,35397,202407,2024071400,1927.72062,0.05446,14,41.8,49.1,33.9,32757.0
1647,202407241500,35397,202407,2024071500,2351.77668,0.06644,15,48.05,52.9,36.8,32757.0
1648,202407241600,35397,202407,2024071600,2865.74112,0.08096,16,53.599999999999994,57.5,38.1,32757.0
1649,202407241700,35397,202407,2024071700,3502.8871200000003,0.09896,17,73.94999999999999,57.65,35.85,32757.0
1650,202407241800,35397,202407,2024071800,5117.698259999999,0.14458,18,76.35,54.05,41.75,32757.0
1651,202407241900,35397,202407,2024071900,2860.7855400000003,0.08082,19,44.85,48.8,41.6,32757.0
1652,202407242000,35397,202407,2024072000,2616.54624,0.07392,20,33.5,46.1,39.15,32757.0
1653,202407242100,35397,202407,2024072100,2563.4507399999998,0.07242,21,30.75,44.2,35.95,32757.0
1654,202407242200,35397,202407,2024072200,2401.33248,0.06784,22,42.75,39.2,29.6,32757.0
1655,202407242300,35397,202407,2024072300,999.2573100000001,0.02823,23,27.85,38.55,27.9,32757.0
1656,202407230000,33612,202407,2024070000,69.24072000000001,0.00206,00,11.05,0.0,0.0,32757.0
1657,202407230100,33612,202407,2024070100,0.0,0.0,01,,,,
1658,202407230200,33612,202407,2024070200,0.0,0.0,02,,,,
1659,202407230300,33612,202407,2024070300,0.0,0.0,03,,,,
1660,202407230400,33612,202407,2024070400,0.6722400000000001,2e-05,04,,,,
1661,202407230500,33612,202407,2024070500,52.0986,0.00155,05,5.7,5.05,2.55,32757.0
1662,202407230600,33612,202407,2024070600,130.41456,0.00388,06,15.4,12.45,7.85,32757.0
1663,202407230700,33612,202407,2024070700,289.39932,0.00861,07,23.15,14.35,10.7,32757.0
1664,202407230800,33612,202407,2024070800,534.09468,0.01589,08,40.5,29.35,19.85,32757.0
1665,202407230900,33612,202407,2024070900,979.11756,0.02913,09,32.65,38.45,24.9,32757.0
1666,202407231000,33612,202407,2024071000,1231.8798000000002,0.03665,10,33.849999999999994,43.25,31.0,32757.0
1667,202407231100,33612,202407,2024071100,1441.6186799999998,0.04289,11,30.0,44.75,34.5,32757.0
1668,202407231200,33612,202407,2024071200,1467.1638,0.04365,12,38.099999999999994,46.35,32.25,32757.0
1669,202407231300,33612,202407,2024071300,1581.78072,0.04706,13,39.349999999999994,45.8,38.25,32757.0
1670,202407231400,33612,202407,2024071400,1830.50952,0.05446,14,41.8,49.1,33.9,32757.0
1671,202407231500,33612,202407,2024071500,2233.18128,0.06644,15,48.05,52.9,36.8,32757.0
1672,202407231600,33612,202407,2024071600,2721.2275200000004,0.08096,16,53.599999999999994,57.5,38.1,32757.0
1673,202407231700,33612,202407,2024071700,3326.24352,0.09896,17,73.94999999999999,57.65,35.85,32757.0
1674,202407231800,33612,202407,2024071800,4859.62296,0.14458,18,76.35,54.05,41.75,32757.0
1675,202407231900,33612,202407,2024071900,2716.52184,0.08082,19,44.85,48.8,41.6,32757.0
1676,202407232000,33612,202407,2024072000,2484.59904,0.07392,20,33.5,46.1,39.15,32757.0
1677,202407232100,33612,202407,2024072100,2434.18104,0.07242,21,30.75,44.2,35.95,32757.0
1678,202407232200,33612,202407,2024072200,2280.23808,0.06784,22,42.75,39.2,29.6,32757.0
1679,202407232300,33612,202407,2024072300,948.86676,0.02823,23,27.85,38.55,27.9,32757.0
1680,202407220000,33618,202407,2024070000,69.25308000000001,0.00206,00,11.05,0.0,0.0,32757.0
1681,202407220100,33618,202407,2024070100,0.0,0.0,01,,,,
1682,202407220200,33618,202407,2024070200,0.0,0.0,02,,,,
1683,202407220300,33618,202407,2024070300,0.0,0.0,03,,,,
1684,202407220400,33618,202407,2024070400,0.6723600000000001,2e-05,04,,,,
1685,202407220500,33618,202407,2024070500,52.1079,0.00155,05,5.7,5.05,2.55,32757.0
1686,202407220600,33618,202407,2024070600,130.43784,0.00388,06,15.4,12.45,7.85,32757.0
1687,202407220700,33618,202407,2024070700,289.45097999999996,0.00861,07,23.15,14.35,10.7,32757.0
1688,202407220800,33618,202407,2024070800,534.19002,0.01589,08,40.5,29.35,19.85,32757.0
1689,202407220900,33618,202407,2024070900,979.29234,0.02913,09,32.65,38.45,24.9,32757.0
1690,202407221000,33618,202407,2024071000,1232.0997,0.03665,10,33.849999999999994,43.25,31.0,32757.0
1691,202407221100,33618,202407,2024071100,1441.87602,0.04289,11,30.0,44.75,34.5,32757.0
1692,202407221200,33618,202407,2024071200,1467.4257,0.04365,12,38.099999999999994,46.35,32.25,32757.0
1693,202407221300,33618,202407,2024071300,1582.06308,0.04706,13,39.349999999999994,45.8,38.25,32757.0
1694,202407221400,33618,202407,2024071400,1830.83628,0.05446,14,41.8,49.1,33.9,32757.0
1695,202407221500,33618,202407,2024071500,2233.57992,0.06644,15,48.05,52.9,36.8,32757.0
1696,202407221600,33618,202407,2024071600,2721.71328,0.08096,16,53.599999999999994,57.5,38.1,32757.0
1697,202407221700,33618,202407,2024071700,3326.83728,0.09896,17,73.94999999999999,57.65,35.85,32757.0
1698,202407221800,33618,202407,2024071800,4860.49044,0.14458,18,76.35,54.05,41.75,32757.0
1699,202407221900,33618,202407,2024071900,2717.00676,0.08082,19,44.85,48.8,41.6,32757.0
1700,202407222000,33618,202407,2024072000,2485.04256,0.07392,20,33.5,46.1,39.15,32757.0
1701,202407222100,33618,202407,2024072100,2434.6155599999997,0.07242,21,30.75,44.2,35.95,32757.0
1702,202407222200,33618,202407,2024072200,2280.64512,0.06784,22,42.75,39.2,29.6,32757.0
1703,202407222300,33618,202407,2024072300,949.03614,0.02823,23,27.85,38.55,27.9,32757.0
1704,202407210000,26647,202407,2024070000,54.89282000000001,0.00206,00,11.05,0.0,0.0,32757.0
1705,202407210100,26647,202407,2024070100,0.0,0.0,01,,,,
1706,202407210200,26647,202407,2024070200,0.0,0.0,02,,,,
1707,202407210300,26647,202407,2024070300,0.0,0.0,03,,,,
1708,202407210400,26647,202407,2024070400,0.5329400000000001,2e-05,04,,,,
1709,202407210500,26647,202407,2024070500,41.30285,0.00155,05,5.7,5.05,2.55,32757.0
1710,202407210600,26647,202407,2024070600,103.39036,0.00388,06,15.4,12.45,7.85,32757.0
1711,202407210700,26647,202407,2024070700,229.43067,0.00861,07,23.15,14.35,10.7,32757.0
1712,202407210800,26647,202407,2024070800,423.42083,0.01589,08,40.5,29.35,19.85,32757.0
1713,202407210900,26647,202407,2024070900,776.22711,0.02913,09,32.65,38.45,24.9,32757.0
1714,202407211000,26647,202407,2024071000,976.61255,0.03665,10,33.849999999999994,43.25,31.0,32757.0
1715,202407211100,26647,202407,2024071100,1142.8898299999998,0.04289,11,30.0,44.75,34.5,32757.0
1716,202407211200,26647,202407,2024071200,1163.14155,0.04365,12,38.099999999999994,46.35,32.25,32757.0
1717,202407211300,26647,202407,2024071300,1254.00782,0.04706,13,39.349999999999994,45.8,38.25,32757.0
1718,202407211400,26647,202407,2024071400,1451.19562,0.05446,14,41.8,49.1,33.9,32757.0
1719,202407211500,26647,202407,2024071500,1770.42668,0.06644,15,48.05,52.9,36.8,32757.0
1720,202407211600,26647,202407,2024071600,2157.34112,0.08096,16,53.599999999999994,57.5,38.1,32757.0
1721,202407211700,26647,202407,2024071700,2636.9871200000002,0.09896,17,73.94999999999999,57.65,35.85,32757.0
1722,202407211800,26647,202407,2024071800,3852.62326,0.14458,18,76.35,54.05,41.75,32757.0
1723,202407211900,26647,202407,2024071900,2153.61054,0.08082,19,44.85,48.8,41.6,32757.0
1724,202407212000,26647,202407,2024072000,1969.74624,0.07392,20,33.5,46.1,39.15,32757.0
1725,202407212100,26647,202407,2024072100,1929.77574,0.07242,21,30.75,44.2,35.95,32757.0
1726,202407212200,26647,202407,2024072200,1807.73248,0.06784,22,42.75,39.2,29.6,32757.0
1727,202407212300,26647,202407,2024072300,752.24481,0.02823,23,27.85,38.55,27.9,32757.0
1728,202407200000,29248,202407,2024070000,60.25088000000001,0.00206,00,11.05,0.0,0.0,32757.0
1729,202407200100,29248,202407,2024070100,0.0,0.0,01,,,,
1730,202407200200,29248,202407,2024070200,0.0,0.0,02,,,,
1731,202407200300,29248,202407,2024070300,0.0,0.0,03,,,,
1732,202407200400,29248,202407,2024070400,0.58496,2e-05,04,,,,
1733,202407200500,29248,202407,2024070500,45.334399999999995,0.00155,05,5.7,5.05,2.55,32757.0
1734,202407200600,29248,202407,2024070600,113.48224,0.00388,06,15.4,12.45,7.85,32757.0
1735,202407200700,29248,202407,2024070700,251.82528,0.00861,07,23.15,14.35,10.7,32757.0
1736,202407200800,29248,202407,2024070800,464.75072000000006,0.01589,08,40.5,29.35,19.85,32757.0
1737,202407200900,29248,202407,2024070900,851.99424,0.02913,09,32.65,38.45,24.9,32757.0
1738,202407201000,29248,202407,2024071000,1071.9392,0.03665,10,33.849999999999994,43.25,31.0,32757.0
1739,202407201100,29248,202407,2024071100,1254.44672,0.04289,11,30.0,44.75,34.5,32757.0
1740,202407201200,29248,202407,2024071200,1276.6752000000001,0.04365,12,38.099999999999994,46.35,32.25,32757.0
1741,202407201300,29248,202407,2024071300,1376.41088,0.04706,13,39.349999999999994,45.8,38.25,32757.0
1742,202407201400,29248,202407,2024071400,1592.84608,0.05446,14,41.8,49.1,33.9,32757.0
1743,202407201500,29248,202407,2024071500,1943.23712,0.06644,15,48.05,52.9,36.8,32757.0
1744,202407201600,29248,202407,2024071600,2367.91808,0.08096,16,53.599999999999994,57.5,38.1,32757.0
1745,202407201700,29248,202407,2024071700,2894.3820800000003,0.09896,17,73.94999999999999,57.65,35.85,32757.0
1746,202407201800,29248,202407,2024071800,4228.67584,0.14458,18,76.35,54.05,41.75,32757.0
1747,202407201900,29248,202407,2024071900,2363.82336,0.08082,19,44.85,48.8,41.6,32757.0
1748,202407202000,29248,202407,2024072000,2162.0121599999998,0.07392,20,33.5,46.1,39.15,32757.0
1749,202407202100,29248,202407,2024072100,2118.14016,0.07242,21,30.75,44.2,35.95,32757.0
1750,202407202200,29248,202407,2024072200,1984.1843199999998,0.06784,22,42.75,39.2,29.6,32757.0
1751,202407202300,29248,202407,2024072300,825.6710400000001,0.02823,23,27.85,38.55,27.9,32757.0
1752,202407190000,35299,202407,2024070000,72.71594,0.00206,00,11.05,0.0,0.0,32757.0
1753,202407190100,35299,202407,2024070100,0.0,0.0,01,,,,
1754,202407190200,35299,202407,2024070200,0.0,0.0,02,,,,
1755,202407190300,35299,202407,2024070300,0.0,0.0,03,,,,
1756,202407190400,35299,202407,2024070400,0.70598,2e-05,04,,,,
1757,202407190500,35299,202407,2024070500,54.713449999999995,0.00155,05,5.7,5.05,2.55,32757.0
1758,202407190600,35299,202407,2024070600,136.96012000000002,0.00388,06,15.4,12.45,7.85,32757.0
1759,202407190700,35299,202407,2024070700,303.92438999999996,0.00861,07,23.15,14.35,10.7,32757.0
1760,202407190800,35299,202407,2024070800,560.90111,0.01589,08,40.5,29.35,19.85,32757.0
1761,202407190900,35299,202407,2024070900,1028.25987,0.02913,09,32.65,38.45,24.9,32757.0
1762,202407191000,35299,202407,2024071000,1293.70835,0.03665,10,33.849999999999994,43.25,31.0,32757.0
1763,202407191100,35299,202407,2024071100,1513.9741099999999,0.04289,11,30.0,44.75,34.5,32757.0
1764,202407191200,35299,202407,2024071200,1540.80135,0.04365,12,38.099999999999994,46.35,32.25,32757.0
1765,202407191300,35299,202407,2024071300,1661.17094,0.04706,13,39.349999999999994,45.8,38.25,32757.0
1766,202407191400,35299,202407,2024071400,1922.38354,0.05446,14,41.8,49.1,33.9,32757.0
1767,202407191500,35299,202407,2024071500,2345.26556,0.06644,15,48.05,52.9,36.8,32757.0
1768,202407191600,35299,202407,2024071600,2857.80704,0.08096,16,53.599999999999994,57.5,38.1,32757.0
1769,202407191700,35299,202407,2024071700,3493.18904,0.09896,17,73.94999999999999,57.65,35.85,32757.0
1770,202407191800,35299,202407,2024071800,5103.52942,0.14458,18,76.35,54.05,41.75,32757.0
1771,202407191900,35299,202407,2024071900,2852.8651800000002,0.08082,19,44.85,48.8,41.6,32757.0
1772,202407192000,35299,202407,2024072000,2609.30208,0.07392,20,33.5,46.1,39.15,32757.0
1773,202407192100,35299,202407,2024072100,2556.35358,0.07242,21,30.75,44.2,35.95,32757.0
1774,202407192200,35299,202407,2024072200,2394.68416,0.06784,22,42.75,39.2,29.6,32757.0
1775,202407192300,35299,202407,2024072300,996.4907700000001,0.02823,23,27.85,38.55,27.9,32757.0
1776,202407180000,30230,202407,2024070000,62.27380000000001,0.00206,00,11.05,0.0,0.0,32757.0
1777,202407180100,30230,202407,2024070100,0.0,0.0,01,,,,
1778,202407180200,30230,202407,2024070200,0.0,0.0,02,,,,
1779,202407180300,30230,202407,2024070300,0.0,0.0,03,,,,
1780,202407180400,30230,202407,2024070400,0.6046,2e-05,04,,,,
1781,202407180500,30230,202407,2024070500,46.8565,0.00155,05,5.7,5.05,2.55,32757.0
1782,202407180600,30230,202407,2024070600,117.2924,0.00388,06,15.4,12.45,7.85,32757.0
1783,202407180700,30230,202407,2024070700,260.2803,0.00861,07,23.15,14.35,10.7,32757.0
1784,202407180800,30230,202407,2024070800,480.35470000000004,0.01589,08,40.5,29.35,19.85,32757.0
1785,202407180900,30230,202407,2024070900,880.5998999999999,0.02913,09,32.65,38.45,24.9,32757.0
1786,202407181000,30230,202407,2024071000,1107.9295,0.03665,10,33.849999999999994,43.25,31.0,32757.0
1787,202407181100,30230,202407,2024071100,1296.5647,0.04289,11,30.0,44.75,34.5,32757.0
1788,202407181200,30230,202407,2024071200,1319.5395,0.04365,12,38.099999999999994,46.35,32.25,32757.0
1789,202407181300,30230,202407,2024071300,1422.6237999999998,0.04706,13,39.349999999999994,45.8,38.25,32757.0
1790,202407181400,30230,202407,2024071400,1646.3258,0.05446,14,41.8,49.1,33.9,32757.0
1791,202407181500,30230,202407,2024071500,2008.4812,0.06644,15,48.05,52.9,36.8,32757.0
1792,202407181600,30230,202407,2024071600,2447.4208000000003,0.08096,16,53.599999999999994,57.5,38.1,32757.0
1793,202407181700,30230,202407,2024071700,2991.5608,0.09896,17,73.94999999999999,57.65,35.85,32757.0
1794,202407181800,30230,202407,2024071800,4370.653399999999,0.14458,18,76.35,54.05,41.75,32757.0
1795,202407181900,30230,202407,2024071900,2443.1886,0.08082,19,44.85,48.8,41.6,32757.0
1796,202407182000,30230,202407,2024072000,2234.6016,0.07392,20,33.5,46.1,39.15,32757.0
1797,202407182100,30230,202407,2024072100,2189.2566,0.07242,21,30.75,44.2,35.95,32757.0
1798,202407182200,30230,202407,2024072200,2050.8032,0.06784,22,42.75,39.2,29.6,32757.0
1799,202407182300,30230,202407,2024072300,853.3929,0.02823,23,27.85,38.55,27.9,32757.0
1800,202407170000,30979,202407,2024070000,63.81674,0.00206,00,11.05,0.0,0.0,32757.0
1801,202407170100,30979,202407,2024070100,0.0,0.0,01,,,,
1802,202407170200,30979,202407,2024070200,0.0,0.0,02,,,,
1803,202407170300,30979,202407,2024070300,0.0,0.0,03,,,,
1804,202407170400,30979,202407,2024070400,0.61958,2e-05,04,,,,
1805,202407170500,30979,202407,2024070500,48.01745,0.00155,05,5.7,5.05,2.55,32757.0
1806,202407170600,30979,202407,2024070600,120.19852,0.00388,06,15.4,12.45,7.85,32757.0
1807,202407170700,30979,202407,2024070700,266.72918999999996,0.00861,07,23.15,14.35,10.7,32757.0
1808,202407170800,30979,202407,2024070800,492.25631000000004,0.01589,08,40.5,29.35,19.85,32757.0
1809,202407170900,30979,202407,2024070900,902.41827,0.02913,09,32.65,38.45,24.9,32757.0
1810,202407171000,30979,202407,2024071000,1135.3803500000001,0.03665,10,33.849999999999994,43.25,31.0,32757.0
1811,202407171100,30979,202407,2024071100,1328.68931,0.04289,11,30.0,44.75,34.5,32757.0
1812,202407171200,30979,202407,2024071200,1352.23335,0.04365,12,38.099999999999994,46.35,32.25,32757.0
1813,202407171300,30979,202407,2024071300,1457.8717399999998,0.04706,13,39.349999999999994,45.8,38.25,32757.0
1814,202407171400,30979,202407,2024071400,1687.11634,0.05446,14,41.8,49.1,33.9,32757.0
1815,202407171500,30979,202407,2024071500,2058.24476,0.06644,15,48.05,52.9,36.8,32757.0
1816,202407171600,30979,202407,2024071600,2508.0598400000003,0.08096,16,53.599999999999994,57.5,38.1,32757.0
1817,202407171700,30979,202407,2024071700,3065.68184,0.09896,17,73.94999999999999,57.65,35.85,32757.0
1818,202407171800,30979,202407,2024071800,4478.9438199999995,0.14458,18,76.35,54.05,41.75,32757.0
1819,202407171900,30979,202407,2024071900,2503.72278,0.08082,19,44.85,48.8,41.6,32757.0
1820,202407172000,30979,202407,2024072000,2289.96768,0.07392,20,33.5,46.1,39.15,32757.0
1821,202407172100,30979,202407,2024072100,2243.49918,0.07242,21,30.75,44.2,35.95,32757.0
1822,202407172200,30979,202407,2024072200,2101.61536,0.06784,22,42.75,39.2,29.6,32757.0
1823,202407172300,30979,202407,2024072300,874.5371700000001,0.02823,23,27.85,38.55,27.9,32757.0
1824,202407160000,31824,202407,2024070000,65.55744,0.00206,00,11.05,0.0,0.0,32757.0
1825,202407160100,31824,202407,2024070100,0.0,0.0,01,,,,
1826,202407160200,31824,202407,2024070200,0.0,0.0,02,,,,
1827,202407160300,31824,202407,2024070300,0.0,0.0,03,,,,
1828,202407160400,31824,202407,2024070400,0.63648,2e-05,04,,,,
1829,202407160500,31824,202407,2024070500,49.3272,0.00155,05,5.7,5.05,2.55,32757.0
1830,202407160600,31824,202407,2024070600,123.47712000000001,0.00388,06,15.4,12.45,7.85,32757.0
1831,202407160700,31824,202407,2024070700,274.00464,0.00861,07,23.15,14.35,10.7,32757.0
1832,202407160800,31824,202407,2024070800,505.68336000000005,0.01589,08,40.5,29.35,19.85,32757.0
1833,202407160900,31824,202407,2024070900,927.0331199999999,0.02913,09,32.65,38.45,24.9,32757.0
1834,202407161000,31824,202407,2024071000,1166.3496,0.03665,10,33.849999999999994,43.25,31.0,32757.0
1835,202407161100,31824,202407,2024071100,1364.9313599999998,0.04289,11,30.0,44.75,34.5,32757.0
1836,202407161200,31824,202407,2024071200,1389.1176,0.04365,12,38.099999999999994,46.35,32.25,32757.0
1837,202407161300,31824,202407,2024071300,1497.63744,0.04706,13,39.349999999999994,45.8,38.25,32757.0
1838,202407161400,31824,202407,2024071400,1733.1350400000001,0.05446,14,41.8,49.1,33.9,32757.0
1839,202407161500,31824,202407,2024071500,2114.38656,0.06644,15,48.05,52.9,36.8,32757.0
1840,202407161600,31824,202407,2024071600,2576.4710400000004,0.08096,16,53.599999999999994,57.5,38.1,32757.0
1841,202407161700,31824,202407,2024071700,3149.3030400000002,0.09896,17,73.94999999999999,57.65,35.85,32757.0
1842,202407161800,31824,202407,2024071800,4601.11392,0.14458,18,76.35,54.05,41.75,32757.0
1843,202407161900,31824,202407,2024071900,2572.01568,0.08082,19,44.85,48.8,41.6,32757.0
1844,202407162000,31824,202407,2024072000,2352.43008,0.07392,20,33.5,46.1,39.15,32757.0
1845,202407162100,31824,202407,2024072100,2304.6940799999998,0.07242,21,30.75,44.2,35.95,32757.0
1846,202407162200,31824,202407,2024072200,2158.94016,0.06784,22,42.75,39.2,29.6,32757.0
1847,202407162300,31824,202407,2024072300,898.39152,0.02823,23,27.85,38.55,27.9,32757.0
1848,202407150000,34323,202407,2024070000,70.70538,0.00206,00,11.05,0.0,0.0,32757.0
1849,202407150100,34323,202407,2024070100,0.0,0.0,01,,,,
1850,202407150200,34323,202407,2024070200,0.0,0.0,02,,,,
1851,202407150300,34323,202407,2024070300,0.0,0.0,03,,,,
1852,202407150400,34323,202407,2024070400,0.6864600000000001,2e-05,04,,,,
1853,202407150500,34323,202407,2024070500,53.200649999999996,0.00155,05,5.7,5.05,2.55,32757.0
1854,202407150600,34323,202407,2024070600,133.17324,0.00388,06,15.4,12.45,7.85,32757.0
1855,202407150700,34323,202407,2024070700,295.52103,0.00861,07,23.15,14.35,10.7,32757.0
1856,202407150800,34323,202407,2024070800,545.39247,0.01589,08,40.5,29.35,19.85,32757.0
1857,202407150900,34323,202407,2024070900,999.82899,0.02913,09,32.65,38.45,24.9,32757.0
1858,202407151000,34323,202407,2024071000,1257.93795,0.03665,10,33.849999999999994,43.25,31.0,32757.0
1859,202407151100,34323,202407,2024071100,1472.11347,0.04289,11,30.0,44.75,34.5,32757.0
1860,202407151200,34323,202407,2024071200,1498.19895,0.04365,12,38.099999999999994,46.35,32.25,32757.0
1861,202407151300,34323,202407,2024071300,1615.24038,0.04706,13,39.349999999999994,45.8,38.25,32757.0
1862,202407151400,34323,202407,2024071400,1869.2305800000001,0.05446,14,41.8,49.1,33.9,32757.0
1863,202407151500,34323,202407,2024071500,2280.4201199999998,0.06644,15,48.05,52.9,36.8,32757.0
1864,202407151600,34323,202407,2024071600,2778.79008,0.08096,16,53.599999999999994,57.5,38.1,32757.0
1865,202407151700,34323,202407,2024071700,3396.60408,0.09896,17,73.94999999999999,57.65,35.85,32757.0
1866,202407151800,34323,202407,2024071800,4962.4193399999995,0.14458,18,76.35,54.05,41.75,32757.0
1867,202407151900,34323,202407,2024071900,2773.98486,0.08082,19,44.85,48.8,41.6,32757.0
1868,202407152000,34323,202407,2024072000,2537.15616,0.07392,20,33.5,46.1,39.15,32757.0
1869,202407152100,34323,202407,2024072100,2485.67166,0.07242,21,30.75,44.2,35.95,32757.0
1870,202407152200,34323,202407,2024072200,2328.47232,0.06784,22,42.75,39.2,29.6,32757.0
1871,202407152300,34323,202407,2024072300,968.93829,0.02823,23,27.85,38.55,27.9,32757.0
1872,202407140000,28846,202407,2024070000,59.422760000000004,0.00206,00,11.05,0.0,0.0,32757.0
1873,202407140100,28846,202407,2024070100,0.0,0.0,01,,,,
1874,202407140200,28846,202407,2024070200,0.0,0.0,02,,,,
1875,202407140300,28846,202407,2024070300,0.0,0.0,03,,,,
1876,202407140400,28846,202407,2024070400,0.5769200000000001,2e-05,04,,,,
1877,202407140500,28846,202407,2024070500,44.7113,0.00155,05,5.7,5.05,2.55,32757.0
1878,202407140600,28846,202407,2024070600,111.92248000000001,0.00388,06,15.4,12.45,7.85,32757.0
1879,202407140700,28846,202407,2024070700,248.36406,0.00861,07,23.15,14.35,10.7,32757.0
1880,202407140800,28846,202407,2024070800,458.36294000000004,0.01589,08,40.5,29.35,19.85,32757.0
1881,202407140900,28846,202407,2024070900,840.28398,0.02913,09,32.65,38.45,24.9,32757.0
1882,202407141000,28846,202407,2024071000,1057.2059000000002,0.03665,10,33.849999999999994,43.25,31.0,32757.0
1883,202407141100,28846,202407,2024071100,1237.2049399999999,0.04289,11,30.0,44.75,34.5,32757.0
1884,202407141200,28846,202407,2024071200,1259.1279,0.04365,12,38.099999999999994,46.35,32.25,32757.0
1885,202407141300,28846,202407,2024071300,1357.4927599999999,0.04706,13,39.349999999999994,45.8,38.25,32757.0
1886,202407141400,28846,202407,2024071400,1570.95316,0.05446,14,41.8,49.1,33.9,32757.0
1887,202407141500,28846,202407,2024071500,1916.5282399999999,0.06644,15,48.05,52.9,36.8,32757.0
1888,202407141600,28846,202407,2024071600,2335.37216,0.08096,16,53.599999999999994,57.5,38.1,32757.0
1889,202407141700,28846,202407,2024071700,2854.60016,0.09896,17,73.94999999999999,57.65,35.85,32757.0
1890,202407141800,28846,202407,2024071800,4170.554679999999,0.14458,18,76.35,54.05,41.75,32757.0
1891,202407141900,28846,202407,2024071900,2331.33372,0.08082,19,44.85,48.8,41.6,32757.0
1892,202407142000,28846,202407,2024072000,2132.29632,0.07392,20,33.5,46.1,39.15,32757.0
1893,202407142100,28846,202407,2024072100,2089.02732,0.07242,21,30.75,44.2,35.95,32757.0
1894,202407142200,28846,202407,2024072200,1956.91264,0.06784,22,42.75,39.2,29.6,32757.0
1895,202407142300,28846,202407,2024072300,814.32258,0.02823,23,27.85,38.55,27.9,32757.0
1896,202407130000,32081,202407,2024070000,66.08686,0.00206,00,11.05,0.0,0.0,32757.0
1897,202407130100,32081,202407,2024070100,0.0,0.0,01,,,,
1898,202407130200,32081,202407,2024070200,0.0,0.0,02,,,,
1899,202407130300,32081,202407,2024070300,0.0,0.0,03,,,,
1900,202407130400,32081,202407,2024070400,0.6416200000000001,2e-05,04,,,,
1901,202407130500,32081,202407,2024070500,49.72555,0.00155,05,5.7,5.05,2.55,32757.0
1902,202407130600,32081,202407,2024070600,124.47428000000001,0.00388,06,15.4,12.45,7.85,32757.0
1903,202407130700,32081,202407,2024070700,276.21741,0.00861,07,23.15,14.35,10.7,32757.0
1904,202407130800,32081,202407,2024070800,509.76709000000005,0.01589,08,40.5,29.35,19.85,32757.0
1905,202407130900,32081,202407,2024070900,934.51953,0.02913,09,32.65,38.45,24.9,32757.0
1906,202407131000,32081,202407,2024071000,1175.76865,0.03665,10,33.849999999999994,43.25,31.0,32757.0
1907,202407131100,32081,202407,2024071100,1375.95409,0.04289,11,30.0,44.75,34.5,32757.0
1908,202407131200,32081,202407,2024071200,1400.33565,0.04365,12,38.099999999999994,46.35,32.25,32757.0
1909,202407131300,32081,202407,2024071300,1509.7318599999999,0.04706,13,39.349999999999994,45.8,38.25,32757.0
1910,202407131400,32081,202407,2024071400,1747.13126,0.05446,14,41.8,49.1,33.9,32757.0
1911,202407131500,32081,202407,2024071500,2131.46164,0.06644,15,48.05,52.9,36.8,32757.0
1912,202407131600,32081,202407,2024071600,2597.27776,0.08096,16,53.599999999999994,57.5,38.1,32757.0
1913,202407131700,32081,202407,2024071700,3174.73576,0.09896,17,73.94999999999999,57.65,35.85,32757.0
1914,202407131800,32081,202407,2024071800,4638.270979999999,0.14458,18,76.35,54.05,41.75,32757.0
1915,202407131900,32081,202407,2024071900,2592.78642,0.08082,19,44.85,48.8,41.6,32757.0
1916,202407132000,32081,202407,2024072000,2371.42752,0.07392,20,33.5,46.1,39.15,32757.0
1917,202407132100,32081,202407,2024072100,2323.30602,0.07242,21,30.75,44.2,35.95,32757.0
1918,202407132200,32081,202407,2024072200,2176.37504,0.06784,22,42.75,39.2,29.6,32757.0
1919,202407132300,32081,202407,2024072300,905.6466300000001,0.02823,23,27.85,38.55,27.9,32757.0
1920,202407120000,34312,202407,2024070000,70.68272,0.00206,00,11.05,0.0,0.0,32757.0
1921,202407120100,34312,202407,2024070100,0.0,0.0,01,,,,
1922,202407120200,34312,202407,2024070200,0.0,0.0,02,,,,
1923,202407120300,34312,202407,2024070300,0.0,0.0,03,,,,
1924,202407120400,34312,202407,2024070400,0.6862400000000001,2e-05,04,,,,
1925,202407120500,34312,202407,2024070500,53.1836,0.00155,05,5.7,5.05,2.55,32757.0
1926,202407120600,34312,202407,2024070600,133.13056,0.00388,06,15.4,12.45,7.85,32757.0
1927,202407120700,34312,202407,2024070700,295.42632,0.00861,07,23.15,14.35,10.7,32757.0
1928,202407120800,34312,202407,2024070800,545.2176800000001,0.01589,08,40.5,29.35,19.85,32757.0
1929,202407120900,34312,202407,2024070900,999.50856,0.02913,09,32.65,38.45,24.9,32757.0
1930,202407121000,34312,202407,2024071000,1257.5348000000001,0.03665,10,33.849999999999994,43.25,31.0,32757.0
1931,202407121100,34312,202407,2024071100,1471.64168,0.04289,11,30.0,44.75,34.5,32757.0
1932,202407121200,34312,202407,2024071200,1497.7188,0.04365,12,38.099999999999994,46.35,32.25,32757.0
1933,202407121300,34312,202407,2024071300,1614.72272,0.04706,13,39.349999999999994,45.8,38.25,32757.0
1934,202407121400,34312,202407,2024071400,1868.6315200000001,0.05446,14,41.8,49.1,33.9,32757.0
1935,202407121500,34312,202407,2024071500,2279.68928,0.06644,15,48.05,52.9,36.8,32757.0
1936,202407121600,34312,202407,2024071600,2777.89952,0.08096,16,53.599999999999994,57.5,38.1,32757.0
1937,202407121700,34312,202407,2024071700,3395.5155200000004,0.09896,17,73.94999999999999,57.65,35.85,32757.0
1938,202407121800,34312,202407,2024071800,4960.82896,0.14458,18,76.35,54.05,41.75,32757.0
1939,202407121900,34312,202407,2024071900,2773.09584,0.08082,19,44.85,48.8,41.6,32757.0
1940,202407122000,34312,202407,2024072000,2536.34304,0.07392,20,33.5,46.1,39.15,32757.0
1941,202407122100,34312,202407,2024072100,2484.87504,0.07242,21,30.75,44.2,35.95,32757.0
1942,202407122200,34312,202407,2024072200,2327.72608,0.06784,22,42.75,39.2,29.6,32757.0
1943,202407122300,34312,202407,2024072300,968.6277600000001,0.02823,23,27.85,38.55,27.9,32757.0
1944,202407110000,32978,202407,2024070000,67.93468,0.00206,00,11.05,0.0,0.0,32757.0
1945,202407110100,32978,202407,2024070100,0.0,0.0,01,,,,
1946,202407110200,32978,202407,2024070200,0.0,0.0,02,,,,
1947,202407110300,32978,202407,2024070300,0.0,0.0,03,,,,
1948,202407110400,32978,202407,2024070400,0.65956,2e-05,04,,,,
1949,202407110500,32978,202407,2024070500,51.115899999999996,0.00155,05,5.7,5.05,2.55,32757.0
1950,202407110600,32978,202407,2024070600,127.95464000000001,0.00388,06,15.4,12.45,7.85,32757.0
1951,202407110700,32978,202407,2024070700,283.94058,0.00861,07,23.15,14.35,10.7,32757.0
1952,202407110800,32978,202407,2024070800,524.0204200000001,0.01589,08,40.5,29.35,19.85,32757.0
1953,202407110900,32978,202407,2024070900,960.64914,0.02913,09,32.65,38.45,24.9,32757.0
1954,202407111000,32978,202407,2024071000,1208.6437,0.03665,10,33.849999999999994,43.25,31.0,32757.0
1955,202407111100,32978,202407,2024071100,1414.42642,0.04289,11,30.0,44.75,34.5,32757.0
1956,202407111200,32978,202407,2024071200,1439.4897,0.04365,12,38.099999999999994,46.35,32.25,32757.0
1957,202407111300,32978,202407,2024071300,1551.9446799999998,0.04706,13,39.349999999999994,45.8,38.25,32757.0
1958,202407111400,32978,202407,2024071400,1795.98188,0.05446,14,41.8,49.1,33.9,32757.0
1959,202407111500,32978,202407,2024071500,2191.05832,0.06644,15,48.05,52.9,36.8,32757.0
1960,202407111600,32978,202407,2024071600,2669.89888,0.08096,16,53.599999999999994,57.5,38.1,32757.0
1961,202407111700,32978,202407,2024071700,3263.50288,0.09896,17,73.94999999999999,57.65,35.85,32757.0
1962,202407111800,32978,202407,2024071800,4767.959239999999,0.14458,18,76.35,54.05,41.75,32757.0
1963,202407111900,32978,202407,2024071900,2665.2819600000003,0.08082,19,44.85,48.8,41.6,32757.0
1964,202407112000,32978,202407,2024072000,2437.73376,0.07392,20,33.5,46.1,39.15,32757.0
1965,202407112100,32978,202407,2024072100,2388.26676,0.07242,21,30.75,44.2,35.95,32757.0
1966,202407112200,32978,202407,2024072200,2237.22752,0.06784,22,42.75,39.2,29.6,32757.0
1967,202407112300,32978,202407,2024072300,930.9689400000001,0.02823,23,27.85,38.55,27.9,32757.0
1968,202407100000,32846,202407,2024070000,67.66276,0.00206,00,11.05,0.0,0.0,32757.0
1969,202407100100,32846,202407,2024070100,0.0,0.0,01,,,,
1970,202407100200,32846,202407,2024070200,0.0,0.0,02,,,,
1971,202407100300,32846,202407,2024070300,0.0,0.0,03,,,,
1972,202407100400,32846,202407,2024070400,0.6569200000000001,2e-05,04,,,,
1973,202407100500,32846,202407,2024070500,50.9113,0.00155,05,5.7,5.05,2.55,32757.0
1974,202407100600,32846,202407,2024070600,127.44248,0.00388,06,15.4,12.45,7.85,32757.0
1975,202407100700,32846,202407,2024070700,282.80406,0.00861,07,23.15,14.35,10.7,32757.0
1976,202407100800,32846,202407,2024070800,521.92294,0.01589,08,40.5,29.35,19.85,32757.0
1977,202407100900,32846,202407,2024070900,956.80398,0.02913,09,32.65,38.45,24.9,32757.0
1978,202407101000,32846,202407,2024071000,1203.8059,0.03665,10,33.849999999999994,43.25,31.0,32757.0
1979,202407101100,32846,202407,2024071100,1408.76494,0.04289,11,30.0,44.75,34.5,32757.0
1980,202407101200,32846,202407,2024071200,1433.7279,0.04365,12,38.099999999999994,46.35,32.25,32757.0
1981,202407101300,32846,202407,2024071300,1545.7327599999999,0.04706,13,39.349999999999994,45.8,38.25,32757.0
1982,202407101400,32846,202407,2024071400,1788.79316,0.05446,14,41.8,49.1,33.9,32757.0
1983,202407101500,32846,202407,2024071500,2182.28824,0.06644,15,48.05,52.9,36.8,32757.0
1984,202407101600,32846,202407,2024071600,2659.21216,0.08096,16,53.599999999999994,57.5,38.1,32757.0
1985,202407101700,32846,202407,2024071700,3250.44016,0.09896,17,73.94999999999999,57.65,35.85,32757.0
1986,202407101800,32846,202407,2024071800,4748.87468,0.14458,18,76.35,54.05,41.75,32757.0
1987,202407101900,32846,202407,2024071900,2654.6137200000003,0.08082,19,44.85,48.8,41.6,32757.0
1988,202407102000,32846,202407,2024072000,2427.9763199999998,0.07392,20,33.5,46.1,39.15,32757.0
1989,202407102100,32846,202407,2024072100,2378.70732,0.07242,21,30.75,44.2,35.95,32757.0
1990,202407102200,32846,202407,2024072200,2228.27264,0.06784,22,42.75,39.2,29.6,32757.0
1991,202407102300,32846,202407,2024072300,927.2425800000001,0.02823,23,27.85,38.55,27.9,32757.0
1992,202407090000,31430,202407,2024070000,64.7458,0.00206,00,11.05,0.0,0.0,32757.0
1993,202407090100,31430,202407,2024070100,0.0,0.0,01,,,,
1994,202407090200,31430,202407,2024070200,0.0,0.0,02,,,,
1995,202407090300,31430,202407,2024070300,0.0,0.0,03,,,,
1996,202407090400,31430,202407,2024070400,0.6286,2e-05,04,,,,
1997,202407090500,31430,202407,2024070500,48.716499999999996,0.00155,05,5.7,5.05,2.55,32757.0
1998,202407090600,31430,202407,2024070600,121.9484,0.00388,06,15.4,12.45,7.85,32757.0
1999,202407090700,31430,202407,2024070700,270.6123,0.00861,07,23.15,14.35,10.7,32757.0
2000,202407090800,31430,202407,2024070800,499.4227,0.01589,08,40.5,29.35,19.85,32757.0
2001,202407090900,31430,202407,2024070900,915.5559,0.02913,09,32.65,38.45,24.9,32757.0
2002,202407091000,31430,202407,2024071000,1151.9095,0.03665,10,33.849999999999994,43.25,31.0,32757.0
2003,202407091100,31430,202407,2024071100,1348.0327,0.04289,11,30.0,44.75,34.5,32757.0
2004,202407091200,31430,202407,2024071200,1371.9195,0.04365,12,38.099999999999994,46.35,32.25,32757.0
2005,202407091300,31430,202407,2024071300,1479.0957999999998,0.04706,13,39.349999999999994,45.8,38.25,32757.0
2006,202407091400,31430,202407,2024071400,1711.6778,0.05446,14,41.8,49.1,33.9,32757.0
2007,202407091500,31430,202407,2024071500,2088.2092,0.06644,15,48.05,52.9,36.8,32757.0
2008,202407091600,31430,202407,2024071600,2544.5728,0.08096,16,53.599999999999994,57.5,38.1,32757.0
2009,202407091700,31430,202407,2024071700,3110.3128,0.09896,17,73.94999999999999,57.65,35.85,32757.0
2010,202407091800,31430,202407,2024071800,4544.149399999999,0.14458,18,76.35,54.05,41.75,32757.0
2011,202407091900,31430,202407,2024071900,2540.1726,0.08082,19,44.85,48.8,41.6,32757.0
2012,202407092000,31430,202407,2024072000,2323.3056,0.07392,20,33.5,46.1,39.15,32757.0
2013,202407092100,31430,202407,2024072100,2276.1606,0.07242,21,30.75,44.2,35.95,32757.0
2014,202407092200,31430,202407,2024072200,2132.2111999999997,0.06784,22,42.75,39.2,29.6,32757.0
2015,202407092300,31430,202407,2024072300,887.2689,0.02823,23,27.85,38.55,27.9,32757.0
2016,202407080000,30816,202407,2024070000,63.48096,0.00206,00,11.05,0.0,0.0,32757.0
2017,202407080100,30816,202407,2024070100,0.0,0.0,01,,,,
2018,202407080200,30816,202407,2024070200,0.0,0.0,02,,,,
2019,202407080300,30816,202407,2024070300,0.0,0.0,03,,,,
2020,202407080400,30816,202407,2024070400,0.6163200000000001,2e-05,04,,,,
2021,202407080500,30816,202407,2024070500,47.7648,0.00155,05,5.7,5.05,2.55,32757.0
2022,202407080600,30816,202407,2024070600,119.56608,0.00388,06,15.4,12.45,7.85,32757.0
2023,202407080700,30816,202407,2024070700,265.32576,0.00861,07,23.15,14.35,10.7,32757.0
2024,202407080800,30816,202407,2024070800,489.66624,0.01589,08,40.5,29.35,19.85,32757.0
2025,202407080900,30816,202407,2024070900,897.67008,0.02913,09,32.65,38.45,24.9,32757.0
2026,202407081000,30816,202407,2024071000,1129.4064,0.03665,10,33.849999999999994,43.25,31.0,32757.0
2027,202407081100,30816,202407,2024071100,1321.69824,0.04289,11,30.0,44.75,34.5,32757.0
2028,202407081200,30816,202407,2024071200,1345.1184,0.04365,12,38.099999999999994,46.35,32.25,32757.0
2029,202407081300,30816,202407,2024071300,1450.20096,0.04706,13,39.349999999999994,45.8,38.25,32757.0
2030,202407081400,30816,202407,2024071400,1678.23936,0.05446,14,41.8,49.1,33.9,32757.0
2031,202407081500,30816,202407,2024071500,2047.4150399999999,0.06644,15,48.05,52.9,36.8,32757.0
2032,202407081600,30816,202407,2024071600,2494.8633600000003,0.08096,16,53.599999999999994,57.5,38.1,32757.0
2033,202407081700,30816,202407,2024071700,3049.5513600000004,0.09896,17,73.94999999999999,57.65,35.85,32757.0
2034,202407081800,30816,202407,2024071800,4455.37728,0.14458,18,76.35,54.05,41.75,32757.0
2035,202407081900,30816,202407,2024071900,2490.54912,0.08082,19,44.85,48.8,41.6,32757.0
2036,202407082000,30816,202407,2024072000,2277.91872,0.07392,20,33.5,46.1,39.15,32757.0
2037,202407082100,30816,202407,2024072100,2231.69472,0.07242,21,30.75,44.2,35.95,32757.0
2038,202407082200,30816,202407,2024072200,2090.55744,0.06784,22,42.75,39.2,29.6,32757.0
2039,202407082300,30816,202407,2024072300,869.93568,0.02823,23,27.85,38.55,27.9,32757.0
2040,202407070000,26145,202407,2024070000,53.858700000000006,0.00206,00,11.05,0.0,0.0,32757.0
2041,202407070100,26145,202407,2024070100,0.0,0.0,01,,,,
2042,202407070200,26145,202407,2024070200,0.0,0.0,02,,,,
2043,202407070300,26145,202407,2024070300,0.0,0.0,03,,,,
2044,202407070400,26145,202407,2024070400,0.5229,2e-05,04,,,,
2045,202407070500,26145,202407,2024070500,40.52475,0.00155,05,5.7,5.05,2.55,32757.0
2046,202407070600,26145,202407,2024070600,101.4426,0.00388,06,15.4,12.45,7.85,32757.0
2047,202407070700,26145,202407,2024070700,225.10844999999998,0.00861,07,23.15,14.35,10.7,32757.0
2048,202407070800,26145,202407,2024070800,415.44405000000006,0.01589,08,40.5,29.35,19.85,32757.0
2049,202407070900,26145,202407,2024070900,761.60385,0.02913,09,32.65,38.45,24.9,32757.0
2050,202407071000,26145,202407,2024071000,958.2142500000001,0.03665,10,33.849999999999994,43.25,31.0,32757.0
2051,202407071100,26145,202407,2024071100,1121.35905,0.04289,11,30.0,44.75,34.5,32757.0
2052,202407071200,26145,202407,2024071200,1141.22925,0.04365,12,38.099999999999994,46.35,32.25,32757.0
2053,202407071300,26145,202407,2024071300,1230.3836999999999,0.04706,13,39.349999999999994,45.8,38.25,32757.0
2054,202407071400,26145,202407,2024071400,1423.8567,0.05446,14,41.8,49.1,33.9,32757.0
2055,202407071500,26145,202407,2024071500,1737.0738,0.06644,15,48.05,52.9,36.8,32757.0
2056,202407071600,26145,202407,2024071600,2116.6992,0.08096,16,53.599999999999994,57.5,38.1,32757.0
2057,202407071700,26145,202407,2024071700,2587.3092,0.09896,17,73.94999999999999,57.65,35.85,32757.0
2058,202407071800,26145,202407,2024071800,3780.0440999999996,0.14458,18,76.35,54.05,41.75,32757.0
2059,202407071900,26145,202407,2024071900,2113.0389,0.08082,19,44.85,48.8,41.6,32757.0
2060,202407072000,26145,202407,2024072000,1932.6384,0.07392,20,33.5,46.1,39.15,32757.0
2061,202407072100,26145,202407,2024072100,1893.4208999999998,0.07242,21,30.75,44.2,35.95,32757.0
2062,202407072200,26145,202407,2024072200,1773.6768,0.06784,22,42.75,39.2,29.6,32757.0
2063,202407072300,26145,202407,2024072300,738.07335,0.02823,23,27.85,38.55,27.9,32757.0
2064,202407060000,28929,202407,2024070000,59.593740000000004,0.00206,00,11.05,0.0,0.0,32757.0
2065,202407060100,28929,202407,2024070100,0.0,0.0,01,,,,
2066,202407060200,28929,202407,2024070200,0.0,0.0,02,,,,
2067,202407060300,28929,202407,2024070300,0.0,0.0,03,,,,
2068,202407060400,28929,202407,2024070400,0.5785800000000001,2e-05,04,,,,
2069,202407060500,28929,202407,2024070500,44.83995,0.00155,05,5.7,5.05,2.55,32757.0
2070,202407060600,28929,202407,2024070600,112.24452000000001,0.00388,06,15.4,12.45,7.85,32757.0
2071,202407060700,28929,202407,2024070700,249.07869,0.00861,07,23.15,14.35,10.7,32757.0
2072,202407060800,28929,202407,2024070800,459.68181000000004,0.01589,08,40.5,29.35,19.85,32757.0
2073,202407060900,28929,202407,2024070900,842.70177,0.02913,09,32.65,38.45,24.9,32757.0
2074,202407061000,28929,202407,2024071000,1060.24785,0.03665,10,33.849999999999994,43.25,31.0,32757.0
2075,202407061100,28929,202407,2024071100,1240.76481,0.04289,11,30.0,44.75,34.5,32757.0
2076,202407061200,28929,202407,2024071200,1262.7508500000001,0.04365,12,38.099999999999994,46.35,32.25,32757.0
2077,202407061300,28929,202407,2024071300,1361.3987399999999,0.04706,13,39.349999999999994,45.8,38.25,32757.0
2078,202407061400,28929,202407,2024071400,1575.47334,0.05446,14,41.8,49.1,33.9,32757.0
2079,202407061500,28929,202407,2024071500,1922.04276,0.06644,15,48.05,52.9,36.8,32757.0
2080,202407061600,28929,202407,2024071600,2342.09184,0.08096,16,53.599999999999994,57.5,38.1,32757.0
2081,202407061700,28929,202407,2024071700,2862.8138400000003,0.09896,17,73.94999999999999,57.65,35.85,32757.0
2082,202407061800,28929,202407,2024071800,4182.554819999999,0.14458,18,76.35,54.05,41.75,32757.0
2083,202407061900,28929,202407,2024071900,2338.04178,0.08082,19,44.85,48.8,41.6,32757.0
2084,202407062000,28929,202407,2024072000,2138.43168,0.07392,20,33.5,46.1,39.15,32757.0
2085,202407062100,28929,202407,2024072100,2095.03818,0.07242,21,30.75,44.2,35.95,32757.0
2086,202407062200,28929,202407,2024072200,1962.54336,0.06784,22,42.75,39.2,29.6,32757.0
2087,202407062300,28929,202407,2024072300,816.6656700000001,0.02823,23,27.85,38.55,27.9,32757.0
2088,202407050000,34859,202407,2024070000,71.80954000000001,0.00206,00,11.05,0.0,0.0,32757.0
2089,202407050100,34859,202407,2024070100,0.0,0.0,01,,,,
2090,202407050200,34859,202407,2024070200,0.0,0.0,02,,,,
2091,202407050300,34859,202407,2024070300,0.0,0.0,03,,,,
2092,202407050400,34859,202407,2024070400,0.69718,2e-05,04,,,,
2093,202407050500,34859,202407,2024070500,54.03145,0.00155,05,5.7,5.05,2.55,32757.0
2094,202407050600,34859,202407,2024070600,135.25292000000002,0.00388,06,15.4,12.45,7.85,32757.0
2095,202407050700,34859,202407,2024070700,300.13599,0.00861,07,23.15,14.35,10.7,32757.0
2096,202407050800,34859,202407,2024070800,553.9095100000001,0.01589,08,40.5,29.35,19.85,32757.0
2097,202407050900,34859,202407,2024070900,1015.44267,0.02913,09,32.65,38.45,24.9,32757.0
2098,202407051000,34859,202407,2024071000,1277.5823500000001,0.03665,10,33.849999999999994,43.25,31.0,32757.0
2099,202407051100,34859,202407,2024071100,1495.10251,0.04289,11,30.0,44.75,34.5,32757.0
2100,202407051200,34859,202407,2024071200,1521.59535,0.04365,12,38.099999999999994,46.35,32.25,32757.0
2101,202407051300,34859,202407,2024071300,1640.46454,0.04706,13,39.349999999999994,45.8,38.25,32757.0
2102,202407051400,34859,202407,2024071400,1898.4211400000002,0.05446,14,41.8,49.1,33.9,32757.0
2103,202407051500,34859,202407,2024071500,2316.03196,0.06644,15,48.05,52.9,36.8,32757.0
2104,202407051600,34859,202407,2024071600,2822.18464,0.08096,16,53.599999999999994,57.5,38.1,32757.0
2105,202407051700,34859,202407,2024071700,3449.6466400000004,0.09896,17,73.94999999999999,57.65,35.85,32757.0
2106,202407051800,34859,202407,2024071800,5039.91422,0.14458,18,76.35,54.05,41.75,32757.0
2107,202407051900,34859,202407,2024071900,2817.30438,0.08082,19,44.85,48.8,41.6,32757.0
2108,202407052000,34859,202407,2024072000,2576.77728,0.07392,20,33.5,46.1,39.15,32757.0
2109,202407052100,34859,202407,2024072100,2524.48878,0.07242,21,30.75,44.2,35.95,32757.0
2110,202407052200,34859,202407,2024072200,2364.83456,0.06784,22,42.75,39.2,29.6,32757.0
2111,202407052300,34859,202407,2024072300,984.0695700000001,0.02823,23,27.85,38.55,27.9,32757.0
2112,202407040000,32886,202407,2024070000,67.74516000000001,0.00206,00,11.05,0.0,0.0,32757.0
2113,202407040100,32886,202407,2024070100,0.0,0.0,01,,,,
2114,202407040200,32886,202407,2024070200,0.0,0.0,02,,,,
2115,202407040300,32886,202407,2024070300,0.0,0.0,03,,,,
2116,202407040400,32886,202407,2024070400,0.6577200000000001,2e-05,04,,,,
2117,202407040500,32886,202407,2024070500,50.973299999999995,0.00155,05,5.7,5.05,2.55,32757.0
2118,202407040600,32886,202407,2024070600,127.59768000000001,0.00388,06,15.4,12.45,7.85,32757.0
2119,202407040700,32886,202407,2024070700,283.14846,0.00861,07,23.15,14.35,10.7,32757.0
2120,202407040800,32886,202407,2024070800,522.55854,0.01589,08,40.5,29.35,19.85,32757.0
2121,202407040900,32886,202407,2024070900,957.9691799999999,0.02913,09,32.65,38.45,24.9,32757.0
2122,202407041000,32886,202407,2024071000,1205.2719,0.03665,10,33.849999999999994,43.25,31.0,32757.0
2123,202407041100,32886,202407,2024071100,1410.48054,0.04289,11,30.0,44.75,34.5,32757.0
2124,202407041200,32886,202407,2024071200,1435.4739,0.04365,12,38.099999999999994,46.35,32.25,32757.0
2125,202407041300,32886,202407,2024071300,1547.6151599999998,0.04706,13,39.349999999999994,45.8,38.25,32757.0
2126,202407041400,32886,202407,2024071400,1790.97156,0.05446,14,41.8,49.1,33.9,32757.0
2127,202407041500,32886,202407,2024071500,2184.94584,0.06644,15,48.05,52.9,36.8,32757.0
2128,202407041600,32886,202407,2024071600,2662.45056,0.08096,16,53.599999999999994,57.5,38.1,32757.0
2129,202407041700,32886,202407,2024071700,3254.39856,0.09896,17,73.94999999999999,57.65,35.85,32757.0
2130,202407041800,32886,202407,2024071800,4754.65788,0.14458,18,76.35,54.05,41.75,32757.0
2131,202407041900,32886,202407,2024071900,2657.84652,0.08082,19,44.85,48.8,41.6,32757.0
2132,202407042000,32886,202407,2024072000,2430.93312,0.07392,20,33.5,46.1,39.15,32757.0
2133,202407042100,32886,202407,2024072100,2381.60412,0.07242,21,30.75,44.2,35.95,32757.0
2134,202407042200,32886,202407,2024072200,2230.9862399999997,0.06784,22,42.75,39.2,29.6,32757.0
2135,202407042300,32886,202407,2024072300,928.3717800000001,0.02823,23,27.85,38.55,27.9,32757.0
2136,202407030000,33266,202407,2024070000,68.52796000000001,0.00206,00,11.05,0.0,0.0,32757.0
2137,202407030100,33266,202407,2024070100,0.0,0.0,01,,,,
2138,202407030200,33266,202407,2024070200,0.0,0.0,02,,,,
2139,202407030300,33266,202407,2024070300,0.0,0.0,03,,,,
2140,202407030400,33266,202407,2024070400,0.66532,2e-05,04,,,,
2141,202407030500,33266,202407,2024070500,51.5623,0.00155,05,5.7,5.05,2.55,32757.0
2142,202407030600,33266,202407,2024070600,129.07208,0.00388,06,15.4,12.45,7.85,32757.0
2143,202407030700,33266,202407,2024070700,286.42026,0.00861,07,23.15,14.35,10.7,32757.0
2144,202407030800,33266,202407,2024070800,528.5967400000001,0.01589,08,40.5,29.35,19.85,32757.0
2145,202407030900,33266,202407,2024070900,969.03858,0.02913,09,32.65,38.45,24.9,32757.0
2146,202407031000,33266,202407,2024071000,1219.1989,0.03665,10,33.849999999999994,43.25,31.0,32757.0
2147,202407031100,33266,202407,2024071100,1426.77874,0.04289,11,30.0,44.75,34.5,32757.0
2148,202407031200,33266,202407,2024071200,1452.0609,0.04365,12,38.099999999999994,46.35,32.25,32757.0
2149,202407031300,33266,202407,2024071300,1565.49796,0.04706,13,39.349999999999994,45.8,38.25,32757.0
2150,202407031400,33266,202407,2024071400,1811.66636,0.05446,14,41.8,49.1,33.9,32757.0
2151,202407031500,33266,202407,2024071500,2210.19304,0.06644,15,48.05,52.9,36.8,32757.0
2152,202407031600,33266,202407,2024071600,2693.21536,0.08096,16,53.599999999999994,57.5,38.1,32757.0
2153,202407031700,33266,202407,2024071700,3292.00336,0.09896,17,73.94999999999999,57.65,35.85,32757.0
2154,202407031800,33266,202407,2024071800,4809.598279999999,0.14458,18,76.35,54.05,41.75,32757.0
2155,202407031900,33266,202407,2024071900,2688.55812,0.08082,19,44.85,48.8,41.6,32757.0
2156,202407032000,33266,202407,2024072000,2459.02272,0.07392,20,33.5,46.1,39.15,32757.0
2157,202407032100,33266,202407,2024072100,2409.12372,0.07242,21,30.75,44.2,35.95,32757.0
2158,202407032200,33266,202407,2024072200,2256.76544,0.06784,22,42.75,39.2,29.6,32757.0
2159,202407032300,33266,202407,2024072300,939.09918,0.02823,23,27.85,38.55,27.9,32757.0
2160,202407020000,29466,202407,2024070000,60.699960000000004,0.00206,00,11.05,0.0,0.0,32757.0
2161,202407020100,29466,202407,2024070100,0.0,0.0,01,,,,
2162,202407020200,29466,202407,2024070200,0.0,0.0,02,,,,
2163,202407020300,29466,202407,2024070300,0.0,0.0,03,,,,
2164,202407020400,29466,202407,2024070400,0.5893200000000001,2e-05,04,,,,
2165,202407020500,29466,202407,2024070500,45.6723,0.00155,05,5.7,5.05,2.55,32757.0
2166,202407020600,29466,202407,2024070600,114.32808,0.00388,06,15.4,12.45,7.85,32757.0
2167,202407020700,29466,202407,2024070700,253.70226,0.00861,07,23.15,14.35,10.7,32757.0
2168,202407020800,29466,202407,2024070800,468.21474000000006,0.01589,08,40.5,29.35,19.85,32757.0
2169,202407020900,29466,202407,2024070900,858.34458,0.02913,09,32.65,38.45,24.9,32757.0
2170,202407021000,29466,202407,2024071000,1079.9289,0.03665,10,33.849999999999994,43.25,31.0,32757.0
2171,202407021100,29466,202407,2024071100,1263.79674,0.04289,11,30.0,44.75,34.5,32757.0
2172,202407021200,29466,202407,2024071200,1286.1909,0.04365,12,38.099999999999994,46.35,32.25,32757.0
2173,202407021300,29466,202407,2024071300,1386.66996,0.04706,13,39.349999999999994,45.8,38.25,32757.0
2174,202407021400,29466,202407,2024071400,1604.71836,0.05446,14,41.8,49.1,33.9,32757.0
2175,202407021500,29466,202407,2024071500,1957.72104,0.06644,15,48.05,52.9,36.8,32757.0
2176,202407021600,29466,202407,2024071600,2385.56736,0.08096,16,53.599999999999994,57.5,38.1,32757.0
2177,202407021700,29466,202407,2024071700,2915.9553600000004,0.09896,17,73.94999999999999,57.65,35.85,32757.0
2178,202407021800,29466,202407,2024071800,4260.19428,0.14458,18,76.35,54.05,41.75,32757.0
2179,202407021900,29466,202407,2024071900,2381.44212,0.08082,19,44.85,48.8,41.6,32757.0
2180,202407022000,29466,202407,2024072000,2178.12672,0.07392,20,33.5,46.1,39.15,32757.0
2181,202407022100,29466,202407,2024072100,2133.92772,0.07242,21,30.75,44.2,35.95,32757.0
2182,202407022200,29466,202407,2024072200,1998.97344,0.06784,22,42.75,39.2,29.6,32757.0
2183,202407022300,29466,202407,2024072300,831.82518,0.02823,23,27.85,38.55,27.9,32757.0
2184,202407010000,33431,202407,2024070000,68.86786000000001,0.00206,00,11.05,0.0,0.0,32757.0
2185,202407010100,33431,202407,2024070100,0.0,0.0,01,,,,
2186,202407010200,33431,202407,2024070200,0.0,0.0,02,,,,
2187,202407010300,33431,202407,2024070300,0.0,0.0,03,,,,
2188,202407010400,33431,202407,2024070400,0.6686200000000001,2e-05,04,,,,
2189,202407010500,33431,202407,2024070500,51.81805,0.00155,05,5.7,5.05,2.55,32757.0
2190,202407010600,33431,202407,2024070600,129.71228,0.00388,06,15.4,12.45,7.85,32757.0
2191,202407010700,33431,202407,2024070700,287.84091,0.00861,07,23.15,14.35,10.7,32757.0
2192,202407010800,33431,202407,2024070800,531.2185900000001,0.01589,08,40.5,29.35,19.85,32757.0
2193,202407010900,33431,202407,2024070900,973.84503,0.02913,09,32.65,38.45,24.9,32757.0
2194,202407011000,33431,202407,2024071000,1225.2461500000002,0.03665,10,33.849999999999994,43.25,31.0,32757.0
2195,202407011100,33431,202407,2024071100,1433.85559,0.04289,11,30.0,44.75,34.5,32757.0
2196,202407011200,33431,202407,2024071200,1459.26315,0.04365,12,38.099999999999994,46.35,32.25,32757.0
2197,202407011300,33431,202407,2024071300,1573.2628599999998,0.04706,13,39.349999999999994,45.8,38.25,32757.0
2198,202407011400,33431,202407,2024071400,1820.65226,0.05446,14,41.8,49.1,33.9,32757.0
2199,202407011500,33431,202407,2024071500,2221.15564,0.06644,15,48.05,52.9,36.8,32757.0
2200,202407011600,33431,202407,2024071600,2706.57376,0.08096,16,53.599999999999994,57.5,38.1,32757.0
2201,202407011700,33431,202407,2024071700,3308.33176,0.09896,17,73.94999999999999,57.65,35.85,32757.0
2202,202407011800,33431,202407,2024071800,4833.453979999999,0.14458,18,76.35,54.05,41.75,32757.0
2203,202407011900,33431,202407,2024071900,2701.89342,0.08082,19,44.85,48.8,41.6,32757.0
2204,202407012000,33431,202407,2024072000,2471.21952,0.07392,20,33.5,46.1,39.15,32757.0
2205,202407012100,33431,202407,2024072100,2421.07302,0.07242,21,30.75,44.2,35.95,32757.0
2206,202407012200,33431,202407,2024072200,2267.9590399999997,0.06784,22,42.75,39.2,29.6,32757.0
2207,202407012300,33431,202407,2024072300,943.7571300000001,0.02823,23,27.85,38.55,27.9,32757.0
