,지점,지점명,일시,기온(°C),강수량(mm),풍속(m/s),습도(%),증기압(hPa),이슬점온도(°C),현지기압(hPa),일사(MJ/m2),적설(cm),중하층운량(10분위),시정(10m)
0,108,서울,2023-10-01 00:00,17.1,,1.2,69,13.4,11.3,1000.8,,,0,2000
1,108,서울,2023-10-01 01:00,16.5,,1.1,74,13.8,11.8,1001.1,,,0,2000
2,108,서울,2023-10-01 02:00,15.9,,1.1,78,14.0,12.0,1001.2,,,0,2000
3,108,서울,2023-10-01 03:00,15.6,,1.6,81,14.3,12.3,1001.2,,,0,2000
4,108,서울,2023-10-01 04:00,15.4,,2.0,82,14.3,12.3,1001.3,,,0,2000
5,108,서울,2023-10-01 05:00,15.3,,2.7,82,14.2,12.2,1001.7,,,0,2000
6,108,서울,2023-10-01 06:00,14.9,,1.8,82,13.8,11.8,1002.3,,,0,2000
7,108,서울,2023-10-01 07:00,14.4,,1.3,82,13.4,11.3,1003.1,0.04,,0,2000
8,108,서울,2023-10-01 08:00,14.8,,2.1,75,12.6,10.4,1003.6,0.52,,0,2000
9,108,서울,2023-10-01 09:00,16.3,,3.5,68,12.5,10.3,1004.5,1.29,,0,2000
10,108,서울,2023-10-01 10:00,17.8,,3.4,60,12.2,9.9,1005.1,2.01,,0,2000
11,108,서울,2023-10-01 11:00,19.7,,2.8,54,12.4,10.1,1005.2,2.55,,0,2000
12,108,서울,2023-10-01 12:00,21.3,,3.1,45,11.3,8.8,1005.0,2.88,,0,2000
13,108,서울,2023-10-01 13:00,22.4,,2.9,40,10.8,8.1,1004.6,2.98,,0,2000
14,108,서울,2023-10-01 14:00,22.6,,3.5,38,10.4,7.5,1004.3,2.81,,1,2000
15,108,서울,2023-10-01 15:00,23.4,,3.9,37,10.6,7.8,1004.0,2.34,,1,2000
16,108,서울,2023-10-01 16:00,22.6,,2.8,39,10.6,7.9,1003.9,1.51,,2,2000
17,108,서울,2023-10-01 17:00,22.6,,3.1,49,13.4,11.3,1004.0,0.72,,2,2000
18,108,서울,2023-10-01 18:00,21.0,,2.6,56,13.8,11.8,1004.3,0.38,,0,2000
19,108,서울,2023-10-01 19:00,19.9,,1.7,61,14.1,12.1,1004.1,0.02,,0,2000
20,108,서울,2023-10-01 20:00,19.2,,0.9,59,13.0,10.9,1004.7,,,1,2000
21,108,서울,2023-10-01 21:00,18.5,,1.9,50,10.6,7.8,1005.3,,,0,2000
22,108,서울,2023-10-01 22:00,17.7,,2.4,52,10.5,7.7,1005.9,,,0,2000
23,108,서울,2023-10-01 23:00,16.7,,1.0,54,10.2,7.3,1006.4,,,1,2000
24,108,서울,2023-10-02 00:00,16.1,,1.6,57,10.4,7.5,1006.7,,,0,2000
25,108,서울,2023-10-02 01:00,15.1,,1.1,60,10.2,7.3,1006.8,,,0,2000
26,108,서울,2023-10-02 02:00,14.6,,0.5,66,10.9,8.3,1006.9,,,0,2000
27,108,서울,2023-10-02 03:00,14.1,,0.1,66,10.6,7.8,1006.6,,,0,2000
28,108,서울,2023-10-02 04:00,13.7,,0.4,68,10.6,7.8,1006.9,,,0,2000
29,108,서울,2023-10-02 05:00,13.4,,1.1,75,11.5,9.0,1007.2,,,0,2000
30,108,서울,2023-10-02 06:00,13.1,,1.1,76,11.4,8.9,1007.6,,,0,2000
31,108,서울,2023-10-02 07:00,12.9,,1.8,77,11.4,8.9,1008.2,0.03,,0,2000
32,108,서울,2023-10-02 08:00,13.9,,2.0,78,12.4,10.1,1008.6,0.51,,0,2000
33,108,서울,2023-10-02 09:00,16.7,,1.5,68,12.9,10.7,1009.2,1.26,,0,2000
34,108,서울,2023-10-02 10:00,19.1,,0.9,58,12.8,10.6,1009.5,1.97,,0,2000
35,108,서울,2023-10-02 11:00,21.2,,2.2,48,12.0,9.7,1008.9,2.54,,0,2000
36,108,서울,2023-10-02 12:00,22.6,,3.4,38,10.4,7.5,1008.5,2.87,,0,2000
37,108,서울,2023-10-02 13:00,23.3,,2.8,35,9.9,6.9,1007.9,2.84,,0,2000
38,108,서울,2023-10-02 14:00,24.1,,1.4,34,10.2,7.2,1006.9,2.55,,0,2000
39,108,서울,2023-10-02 15:00,24.2,,2.6,30,9.0,5.5,1006.5,2.4,,0,2000
40,108,서울,2023-10-02 16:00,24.3,,2.4,32,9.7,6.5,1006.3,1.82,,0,2000
41,108,서울,2023-10-02 17:00,23.1,,2.3,34,9.5,6.3,1006.8,0.86,,0,2000
42,108,서울,2023-10-02 18:00,21.3,,2.7,38,9.5,6.3,1006.9,0.27,,0,2000
43,108,서울,2023-10-02 19:00,19.7,,0.8,49,11.2,8.6,1006.9,0.01,,1,2000
44,108,서울,2023-10-02 20:00,18.6,,1.5,54,11.5,9.0,1007.3,,,1,2000
45,108,서울,2023-10-02 21:00,18.0,,2.2,51,10.5,7.7,1007.3,,,0,2000
46,108,서울,2023-10-02 22:00,17.3,,1.6,56,11.0,8.4,1007.6,,,0,2000
47,108,서울,2023-10-02 23:00,16.7,,1.2,60,11.3,8.8,1008.0,,,2,2000
48,108,서울,2023-10-03 00:00,15.9,,1.2,63,11.3,8.8,1007.9,,,0,2000
49,108,서울,2023-10-03 01:00,15.3,,1.7,66,11.4,8.9,1008.0,,,0,2000
50,108,서울,2023-10-03 02:00,14.9,,1.5,68,11.5,9.0,1008.6,,,1,2000
51,108,서울,2023-10-03 03:00,14.4,,1.9,73,11.9,9.6,1007.9,,,0,2000
52,108,서울,2023-10-03 04:00,14.4,,1.9,70,11.4,8.9,1007.8,,,0,2000
53,108,서울,2023-10-03 05:00,14.6,,2.1,72,11.9,9.6,1007.7,,,0,2000
54,108,서울,2023-10-03 06:00,14.7,,2.7,70,11.6,9.2,1007.6,,,2,2000
55,108,서울,2023-10-03 07:00,14.8,,1.8,70,11.7,9.3,1007.7,0.01,,5,2000
56,108,서울,2023-10-03 08:00,15.8,,2.2,69,12.4,10.1,1008.0,0.24,,4,2000
57,108,서울,2023-10-03 09:00,16.6,,2.2,68,12.8,10.6,1008.3,0.52,,7,2000
58,108,서울,2023-10-03 10:00,17.4,,2.4,65,12.9,10.7,1008.4,0.73,,7,2000
59,108,서울,2023-10-03 11:00,17.5,,2.3,64,12.8,10.6,1008.3,0.53,,8,2000
60,108,서울,2023-10-03 12:00,18.0,,2.0,66,13.6,11.5,1007.7,0.59,,7,2000
61,108,서울,2023-10-03 13:00,19.3,,2.0,61,13.6,11.5,1007.2,1.06,,7,2000
62,108,서울,2023-10-03 14:00,20.4,,2.5,55,13.1,11.0,1006.7,1.32,,6,2000
63,108,서울,2023-10-03 15:00,22.1,,2.2,49,12.9,10.8,1006.1,2.03,,1,2000
64,108,서울,2023-10-03 16:00,22.1,,1.2,52,13.7,11.7,1005.8,1.27,,4,2000
65,108,서울,2023-10-03 17:00,22.0,,0.8,52,13.7,11.6,1005.8,0.78,,4,2000
66,108,서울,2023-10-03 18:00,20.6,,1.7,56,13.6,11.5,1005.9,0.32,,1,2000
67,108,서울,2023-10-03 19:00,19.1,,1.5,62,13.7,11.6,1005.8,0.0,,1,2000
68,108,서울,2023-10-03 20:00,18.2,,1.4,65,13.6,11.5,1006.1,,,2,2000
69,108,서울,2023-10-03 21:00,17.4,,1.5,70,13.8,11.8,1006.0,,,0,2000
70,108,서울,2023-10-03 22:00,16.7,,1.2,74,14.0,12.0,1006.4,,,0,2000
71,108,서울,2023-10-03 23:00,16.4,,1.7,76,14.1,12.1,1006.7,,,0,2000
72,108,서울,2023-10-04 00:00,15.8,,1.3,78,13.9,11.9,1006.1,,,0,2000
73,108,서울,2023-10-04 01:00,15.4,,1.0,82,14.3,12.3,1006.1,,,0,2000
74,108,서울,2023-10-04 02:00,14.9,,1.6,83,14.0,12.0,1005.5,,,3,2000
75,108,서울,2023-10-04 03:00,14.6,,1.3,84,13.9,11.9,1005.3,,,0,2000
76,108,서울,2023-10-04 04:00,14.6,,1.7,86,14.2,12.2,1005.4,,,6,2000
77,108,서울,2023-10-04 05:00,14.6,,1.5,86,14.2,12.2,1005.3,,,6,2000
78,108,서울,2023-10-04 06:00,14.6,,1.4,86,14.2,12.2,1005.5,,,6,2000
79,108,서울,2023-10-04 07:00,14.2,,1.3,86,13.8,11.8,1005.4,0.02,,2,2000
80,108,서울,2023-10-04 08:00,14.9,,2.4,86,14.5,12.5,1005.3,0.41,,0,2000
81,108,서울,2023-10-04 09:00,17.1,,1.9,80,15.6,13.6,1005.2,1.12,,0,2000
82,108,서울,2023-10-04 10:00,19.5,,1.5,72,16.3,14.3,1005.0,1.71,,0,2000
83,108,서울,2023-10-04 11:00,21.3,,1.9,61,15.4,13.4,1004.5,2.01,,0,2000
84,108,서울,2023-10-04 12:00,22.0,,2.6,59,15.6,13.6,1003.9,2.3,,3,2000
85,108,서울,2023-10-04 13:00,23.2,,2.6,54,15.3,13.3,1002.8,1.93,,3,2000
86,108,서울,2023-10-04 14:00,23.0,,2.7,58,16.2,14.2,1001.5,1.5,,4,2000
87,108,서울,2023-10-04 15:00,22.2,,3.3,62,16.5,14.5,1001.2,0.73,,8,2000
88,108,서울,2023-10-04 16:00,19.1,0.0,4.5,72,15.9,13.9,1001.6,0.33,,9,1928
89,108,서울,2023-10-04 17:00,17.0,10.2,2.3,87,16.8,14.8,1001.3,0.03,,8,184
90,108,서울,2023-10-04 18:00,17.0,4.5,0.4,90,17.4,15.3,1001.1,0.02,,8,1266
91,108,서울,2023-10-04 19:00,17.2,0.0,1.3,91,17.8,15.7,1001.1,0.0,,6,650
92,108,서울,2023-10-04 20:00,16.8,,2.5,87,16.6,14.6,1001.7,,,3,1906
93,108,서울,2023-10-04 21:00,16.6,,1.4,89,16.7,14.7,1002.3,,,0,1311
94,108,서울,2023-10-04 22:00,16.2,,2.4,83,15.3,13.3,1002.7,,,8,2000
95,108,서울,2023-10-04 23:00,15.8,,4.5,64,11.4,8.9,1003.5,,,7,2000
96,108,서울,2023-10-05 00:00,14.5,,2.4,54,8.8,5.2,1004.4,,,0,2000
97,108,서울,2023-10-05 01:00,13.4,,1.1,55,8.4,4.5,1004.6,,,1,2000
98,108,서울,2023-10-05 02:00,12.9,,1.7,51,7.5,2.9,1005.0,,,1,2000
99,108,서울,2023-10-05 03:00,12.2,,1.4,51,7.2,2.3,1005.2,,,0,2000
100,108,서울,2023-10-05 04:00,11.7,,2.6,50,6.9,1.6,1005.2,,,0,2000
101,108,서울,2023-10-05 05:00,11.1,,1.3,50,6.6,1.0,1005.4,,,0,2000
102,108,서울,2023-10-05 06:00,10.2,,0.9,53,6.6,1.0,1006.0,,,0,2000
103,108,서울,2023-10-05 07:00,10.0,,1.3,52,6.3,0.5,1006.4,0.02,,0,2000
104,108,서울,2023-10-05 08:00,11.0,,3.0,51,6.7,1.2,1006.7,0.47,,0,2000
105,108,서울,2023-10-05 09:00,12.3,,3.4,47,6.7,1.2,1007.0,1.25,,0,2000
106,108,서울,2023-10-05 10:00,13.3,,3.9,43,6.5,0.9,1007.4,1.98,,0,2000
107,108,서울,2023-10-05 11:00,14.8,,3.1,41,6.9,1.6,1007.0,2.53,,0,2000
108,108,서울,2023-10-05 12:00,16.2,,3.3,39,7.2,2.2,1006.6,2.88,,0,2000
109,108,서울,2023-10-05 13:00,17.0,,3.1,35,6.8,1.4,1005.9,2.47,,0,5000
110,108,서울,2023-10-05 14:00,18.3,,2.9,35,7.3,2.5,1005.4,2.79,,0,5000
111,108,서울,2023-10-05 15:00,18.7,,3.3,36,7.7,3.3,1004.7,2.39,,0,3610
112,108,서울,2023-10-05 16:00,19.2,,2.4,35,7.7,3.3,1004.8,1.8,,0,3916
113,108,서울,2023-10-05 17:00,18.3,,2.7,37,7.7,3.3,1005.1,1.06,,0,4379
114,108,서울,2023-10-05 18:00,16.6,,3.0,41,7.7,3.2,1005.4,0.35,,0,3983
115,108,서울,2023-10-05 19:00,15.6,,3.6,43,7.6,3.0,1005.8,0.0,,0,4257
116,108,서울,2023-10-05 20:00,14.6,,2.7,48,7.9,3.6,1006.8,,,0,3953
117,108,서울,2023-10-05 21:00,14.2,,2.1,49,7.9,3.6,1007.2,,,0,3931
118,108,서울,2023-10-05 22:00,13.6,,2.1,52,8.1,3.9,1007.5,,,8,3662
119,108,서울,2023-10-05 23:00,13.3,,1.9,54,8.2,4.1,1007.5,,,7,3772
120,108,서울,2023-10-06 00:00,13.5,,3.0,53,8.1,4.0,1007.3,,,0,4092
121,108,서울,2023-10-06 01:00,12.5,,2.4,58,8.4,4.4,1007.4,,,7,3862
122,108,서울,2023-10-06 02:00,11.9,,1.7,63,8.7,5.0,1007.7,,,4,3571
123,108,서울,2023-10-06 03:00,11.3,,2.0,66,8.8,5.1,1007.6,,,0,3862
124,108,서울,2023-10-06 04:00,11.1,,0.5,67,8.8,5.1,1007.8,,,0,3922
125,108,서울,2023-10-06 05:00,10.6,,0.8,67,8.5,4.7,1008.0,,,0,3949
126,108,서울,2023-10-06 06:00,10.0,,2.0,71,8.7,4.9,1008.4,,,0,4049
127,108,서울,2023-10-06 07:00,9.6,,1.8,71,8.4,4.5,1008.8,0.03,,0,4065
128,108,서울,2023-10-06 08:00,10.6,,1.7,71,9.0,5.5,1009.4,0.47,,0,3239
129,108,서울,2023-10-06 09:00,12.9,,0.6,60,8.9,5.3,1009.7,0.97,,0,4221
130,108,서울,2023-10-06 10:00,14.9,,1.8,50,8.4,4.5,1009.8,1.66,,0,4285
131,108,서울,2023-10-06 11:00,16.7,,2.0,43,8.1,4.0,1009.4,2.09,,0,3906
132,108,서울,2023-10-06 12:00,18.3,,2.0,41,8.6,4.8,1008.9,2.68,,0,3453
133,108,서울,2023-10-06 13:00,19.5,,1.5,38,8.5,4.7,1008.1,2.85,,0,4403
134,108,서울,2023-10-06 14:00,21.1,,2.9,37,9.2,5.8,1007.6,3.01,,0,4625
135,108,서울,2023-10-06 15:00,20.9,,2.4,34,8.4,4.4,1007.2,2.14,,0,4922
136,108,서울,2023-10-06 16:00,20.5,,2.2,38,9.1,5.6,1007.2,1.35,,0,4091
137,108,서울,2023-10-06 17:00,19.8,,1.1,40,9.2,5.7,1007.0,0.52,,0,3592
138,108,서울,2023-10-06 18:00,18.8,,0.6,51,11.0,8.4,1007.4,0.15,,0,3372
139,108,서울,2023-10-06 19:00,17.9,,0.9,55,11.2,8.7,1007.8,0.0,,9,3302
140,108,서울,2023-10-06 20:00,17.0,,1.7,59,11.4,8.9,1008.7,,,9,3133
141,108,서울,2023-10-06 21:00,16.5,,2.4,59,11.0,8.4,1008.9,,,0,2746
142,108,서울,2023-10-06 22:00,16.0,,0.9,60,10.9,8.2,1009.3,,,5,2769
143,108,서울,2023-10-06 23:00,15.6,,1.4,59,10.4,7.6,1009.5,,,10,2780
144,108,서울,2023-10-07 00:00,15.1,,1.8,60,10.2,7.3,1009.5,,,0,2838
145,108,서울,2023-10-07 01:00,14.3,,1.2,66,10.7,8.0,1009.7,,,5,2841
146,108,서울,2023-10-07 02:00,13.7,,1.7,70,10.9,8.3,1009.8,,,6,2832
147,108,서울,2023-10-07 03:00,12.8,,1.2,75,11.0,8.4,1009.9,,,0,2838
148,108,서울,2023-10-07 04:00,12.3,,1.9,76,10.8,8.1,1009.9,,,0,2749
149,108,서울,2023-10-07 05:00,12.0,,2.0,76,10.6,7.8,1010.1,,,0,2693
150,108,서울,2023-10-07 06:00,11.9,,1.9,77,10.6,7.9,1010.3,,,0,2567
151,108,서울,2023-10-07 07:00,11.8,,1.9,79,10.9,8.2,1011.3,0.01,,0,2678
152,108,서울,2023-10-07 08:00,12.9,,2.0,75,11.1,8.5,1012.0,0.33,,0,2633
153,108,서울,2023-10-07 09:00,14.8,,3.0,69,11.6,9.1,1012.1,0.85,,0,2779
154,108,서울,2023-10-07 10:00,17.4,,3.6,60,11.9,9.5,1012.4,1.73,,0,3498
155,108,서울,2023-10-07 11:00,19.1,,2.4,56,12.4,10.1,1012.2,2.02,,0,3785
156,108,서울,2023-10-07 12:00,20.2,,2.0,49,11.6,9.1,1012.1,1.96,,0,4075
157,108,서울,2023-10-07 13:00,20.8,,2.7,46,11.2,8.7,1011.5,1.83,,0,3998
158,108,서울,2023-10-07 14:00,21.0,,2.6,43,10.6,7.9,1011.1,1.35,,0,3803
159,108,서울,2023-10-07 15:00,20.8,,2.6,43,10.5,7.7,1010.9,1.18,,0,4956
160,108,서울,2023-10-07 16:00,21.2,,2.6,45,11.2,8.7,1010.9,1.09,,0,4797
161,108,서울,2023-10-07 17:00,20.6,,1.8,46,11.1,8.5,1010.7,0.66,,0,4396
162,108,서울,2023-10-07 18:00,19.7,,1.6,51,11.6,9.2,1011.2,0.14,,0,4174
163,108,서울,2023-10-07 19:00,18.4,,2.1,59,12.4,10.2,1011.7,0.01,,10,3647
164,108,서울,2023-10-07 20:00,17.9,,2.5,64,13.0,10.9,1012.2,,,10,3587
165,108,서울,2023-10-07 21:00,17.5,,2.3,65,12.9,10.8,1012.7,,,0,3667
166,108,서울,2023-10-07 22:00,16.9,,2.0,68,13.0,10.9,1012.9,,,8,2409
167,108,서울,2023-10-07 23:00,16.8,,2.6,69,13.1,11.0,1013.4,,,9,3806
168,108,서울,2023-10-08 00:00,16.4,,2.5,72,13.4,11.3,1013.0,,,0,4091
169,108,서울,2023-10-08 01:00,15.9,,2.4,72,12.9,10.8,1012.8,,,3,4036
170,108,서울,2023-10-08 02:00,15.7,,2.3,72,12.8,10.6,1013.0,,,1,4204
171,108,서울,2023-10-08 03:00,15.5,,2.4,74,12.9,10.8,1012.9,,,0,4196
172,108,서울,2023-10-08 04:00,15.4,,2.3,73,12.7,10.5,1012.7,,,0,4393
173,108,서울,2023-10-08 05:00,15.3,,2.4,73,12.6,10.4,1012.5,,,5,4165
174,108,서울,2023-10-08 06:00,15.2,,2.6,72,12.4,10.1,1012.7,,,2,4266
175,108,서울,2023-10-08 07:00,15.2,,2.4,72,12.4,10.1,1012.9,0.01,,4,4399
176,108,서울,2023-10-08 08:00,15.6,,2.5,72,12.7,10.5,1013.1,0.15,,9,3763
177,108,서울,2023-10-08 09:00,16.4,,2.5,70,13.0,10.9,1013.4,0.4,,9,4142
178,108,서울,2023-10-08 10:00,17.4,,2.1,67,13.3,11.2,1013.5,0.75,,1,3749
179,108,서울,2023-10-08 11:00,18.1,,3.4,65,13.5,11.4,1013.4,0.84,,1,2670
180,108,서울,2023-10-08 12:00,18.5,,3.0,64,13.6,11.5,1012.9,0.76,,2,4039
181,108,서울,2023-10-08 13:00,18.5,0.0,2.8,67,14.2,12.2,1012.5,0.57,,4,3709
182,108,서울,2023-10-08 14:00,18.7,0.0,3.1,68,14.6,12.6,1012.0,0.67,,3,4278
183,108,서울,2023-10-08 15:00,19.1,0.0,2.8,67,14.8,12.8,1011.7,0.58,,10,4328
184,108,서울,2023-10-08 16:00,19.4,,2.4,64,14.4,12.4,1011.5,0.65,,9,4409
185,108,서울,2023-10-08 17:00,19.0,,1.9,63,13.7,11.7,1011.4,0.42,,9,4963
186,108,서울,2023-10-08 18:00,18.4,,2.7,62,13.0,10.9,1011.3,0.11,,8,4950
187,108,서울,2023-10-08 19:00,17.9,,3.0,62,12.7,10.5,1011.7,0.01,,1,4734
188,108,서울,2023-10-08 20:00,17.6,,2.7,63,12.6,10.4,1012.3,,,8,4405
189,108,서울,2023-10-08 21:00,17.3,,2.3,63,12.4,10.1,1012.3,,,7,4559
190,108,서울,2023-10-08 22:00,17.0,,3.0,63,12.1,9.8,1012.2,,,7,4521
191,108,서울,2023-10-08 23:00,16.9,,2.7,65,12.4,10.2,1012.0,,,7,4440
192,108,서울,2023-10-09 00:00,16.5,,2.4,65,12.1,9.8,1011.6,,,7,3143
193,108,서울,2023-10-09 01:00,16.3,,1.7,65,11.9,9.6,1011.3,,,9,4442
194,108,서울,2023-10-09 02:00,16.2,,2.2,65,11.9,9.6,1011.1,,,1,4554
195,108,서울,2023-10-09 03:00,16.0,,2.6,64,11.6,9.1,1010.4,,,8,4656
196,108,서울,2023-10-09 04:00,15.7,,2.5,65,11.6,9.1,1009.9,,,8,4782
197,108,서울,2023-10-09 05:00,15.6,,3.0,66,11.6,9.2,1009.5,,,8,4887
198,108,서울,2023-10-09 06:00,15.5,,1.8,67,11.7,9.3,1009.9,,,8,4878
199,108,서울,2023-10-09 07:00,15.5,,2.0,69,12.1,9.8,1009.9,0.01,,9,4834
200,108,서울,2023-10-09 08:00,15.5,0.1,1.1,74,12.9,10.8,1010.4,0.12,,7,4115
201,108,서울,2023-10-09 09:00,15.5,0.3,2.1,80,14.0,12.0,1010.5,0.32,,6,3021
202,108,서울,2023-10-09 10:00,16.4,0.1,2.6,72,13.4,11.3,1010.5,0.74,,6,4547
203,108,서울,2023-10-09 11:00,17.1,0.0,2.6,70,13.6,11.5,1010.4,0.75,,5,3760
204,108,서울,2023-10-09 12:00,19.0,0.0,1.9,64,14.0,12.0,1009.4,2.16,,3,4540
205,108,서울,2023-10-09 13:00,20.0,,1.4,60,13.9,11.9,1008.7,1.61,,3,3688
206,108,서울,2023-10-09 14:00,21.0,,1.6,57,14.1,12.1,1007.9,1.6,,2,3841
207,108,서울,2023-10-09 15:00,22.2,,0.6,54,14.4,12.4,1007.5,2.09,,1,3445
208,108,서울,2023-10-09 16:00,22.1,,1.3,54,14.3,12.3,1007.5,1.31,,1,3276
209,108,서울,2023-10-09 17:00,21.3,,1.6,55,13.8,11.8,1007.2,0.8,,1,3212
210,108,서울,2023-10-09 18:00,19.8,,2.0,60,13.8,11.8,1007.4,0.26,,1,2952
211,108,서울,2023-10-09 19:00,18.4,,2.4,69,14.6,12.6,1008.0,0.0,,2,3034
212,108,서울,2023-10-09 20:00,17.8,,2.8,70,14.2,12.2,1008.7,,,5,3005
213,108,서울,2023-10-09 21:00,16.8,0.0,3.1,69,13.1,11.0,1008.9,,,9,4294
214,108,서울,2023-10-09 22:00,15.5,0.7,0.7,81,14.2,12.2,1009.1,,,4,3757
215,108,서울,2023-10-09 23:00,14.9,,0.3,85,14.3,12.3,1009.0,,,6,3154
216,108,서울,2023-10-10 00:00,14.1,,1.3,87,13.9,11.9,1008.8,,,0,3467
217,108,서울,2023-10-10 01:00,13.6,,2.9,86,13.3,11.2,1009.1,,,0,3437
218,108,서울,2023-10-10 02:00,13.2,,2.0,88,13.3,11.2,1009.3,,,0,3030
219,108,서울,2023-10-10 03:00,12.8,,1.2,88,12.9,10.8,1009.3,,,0,3101
220,108,서울,2023-10-10 04:00,12.5,,3.3,90,12.9,10.8,1009.4,,,0,2678
221,108,서울,2023-10-10 05:00,12.2,,0.6,89,12.6,10.4,1009.5,,,0,2444
222,108,서울,2023-10-10 06:00,12.1,,0.8,89,12.5,10.3,1009.8,,,0,2630
223,108,서울,2023-10-10 07:00,11.9,,0.2,89,12.4,10.1,1010.0,0.01,,0,2138
224,108,서울,2023-10-10 08:00,12.7,,1.7,91,13.3,11.2,1010.6,0.4,,0,1021
225,108,서울,2023-10-10 09:00,14.7,,1.0,84,14.0,12.0,1011.1,1.06,,0,1168
226,108,서울,2023-10-10 10:00,17.1,,1.1,74,14.4,12.4,1011.5,1.79,,0,1279
227,108,서울,2023-10-10 11:00,19.0,,1.0,67,14.7,12.7,1011.1,2.32,,0,1701
228,108,서울,2023-10-10 12:00,20.6,,3.2,55,13.3,11.2,1010.2,2.67,,0,2922
229,108,서울,2023-10-10 13:00,21.9,,1.5,54,14.1,12.1,1009.7,2.75,,0,2649
230,108,서울,2023-10-10 14:00,22.7,,2.1,47,12.9,10.7,1009.3,2.58,,0,3327
231,108,서울,2023-10-10 15:00,23.3,,1.6,40,11.4,8.9,1009.3,2.21,,0,4715
232,108,서울,2023-10-10 16:00,23.2,,2.7,38,10.7,8.0,1009.4,1.67,,0,3828
233,108,서울,2023-10-10 17:00,22.5,,2.6,40,10.9,8.2,1009.6,0.91,,0,3915
234,108,서울,2023-10-10 18:00,20.5,,2.5,45,10.8,8.1,1009.8,0.25,,0,3809
235,108,서울,2023-10-10 19:00,18.9,,1.4,55,11.9,9.6,1010.3,0.01,,0,3523
236,108,서울,2023-10-10 20:00,18.1,,1.1,63,13.0,10.9,1010.8,,,0,2998
237,108,서울,2023-10-10 21:00,17.2,,0.4,65,12.7,10.5,1011.4,,,0,2798
238,108,서울,2023-10-10 22:00,16.6,,0.8,67,12.6,10.4,1011.8,,,0,2518
239,108,서울,2023-10-10 23:00,16.2,,1.0,67,12.3,10.0,1012.1,,,0,3003
240,108,서울,2023-10-11 00:00,15.4,,1.6,71,12.4,10.1,1012.2,,,0,2274
241,108,서울,2023-10-11 01:00,15.0,,1.4,75,12.7,10.5,1012.5,,,0,2744
242,108,서울,2023-10-11 02:00,14.6,,2.1,74,12.3,10.0,1012.9,,,0,2839
243,108,서울,2023-10-11 03:00,14.2,,1.9,77,12.4,10.2,1012.8,,,0,2712
244,108,서울,2023-10-11 04:00,13.9,,2.4,77,12.2,9.9,1012.8,,,0,2531
245,108,서울,2023-10-11 05:00,13.6,,2.7,78,12.1,9.8,1013.1,,,0,2555
246,108,서울,2023-10-11 06:00,13.4,,1.9,77,11.8,9.4,1013.5,,,0,2756
247,108,서울,2023-10-11 07:00,13.1,,2.1,77,11.6,9.1,1014.0,0.01,,0,2824
248,108,서울,2023-10-11 08:00,13.7,,2.4,78,12.2,9.9,1014.7,0.38,,0,2701
249,108,서울,2023-10-11 09:00,15.6,,2.6,68,12.0,9.7,1015.2,0.81,,0,2786
250,108,서울,2023-10-11 10:00,17.6,,2.7,60,12.0,9.7,1015.3,1.6,,0,2882
251,108,서울,2023-10-11 11:00,19.7,,2.1,52,11.9,9.5,1015.0,2.22,,0,2768
252,108,서울,2023-10-11 12:00,21.3,,2.1,48,12.1,9.8,1014.4,2.62,,0,2831
253,108,서울,2023-10-11 13:00,22.4,,1.6,41,11.0,8.4,1013.7,2.73,,0,3309
254,108,서울,2023-10-11 14:00,23.6,,2.3,36,10.4,7.6,1013.2,2.57,,0,3530
255,108,서울,2023-10-11 15:00,23.4,,1.6,34,9.7,6.6,1012.9,1.96,,0,3152
256,108,서울,2023-10-11 16:00,23.8,,0.8,36,10.6,7.8,1012.7,1.59,,1,3108
257,108,서울,2023-10-11 17:00,22.6,,2.0,37,10.1,7.1,1012.6,0.82,,1,3096
258,108,서울,2023-10-11 18:00,20.7,,2.0,40,9.7,6.6,1012.7,0.18,,0,3248
259,108,서울,2023-10-11 19:00,19.0,,0.3,51,11.2,8.6,1012.8,0.0,,0,2910
260,108,서울,2023-10-11 20:00,17.8,,0.7,53,10.7,8.0,1013.2,,,0,2854
261,108,서울,2023-10-11 21:00,16.8,,1.0,53,10.1,7.1,1013.8,,,0,2825
262,108,서울,2023-10-11 22:00,16.1,,0.5,60,10.9,8.3,1014.2,,,0,2407
263,108,서울,2023-10-11 23:00,15.6,,1.4,61,10.7,8.0,1014.5,,,0,2454
264,108,서울,2023-10-12 00:00,15.1,,1.3,63,10.7,8.0,1014.8,,,0,2512
265,108,서울,2023-10-12 01:00,14.4,,1.5,69,11.2,8.7,1014.5,,,0,2632
266,108,서울,2023-10-12 02:00,13.7,,1.9,70,10.9,8.3,1014.5,,,0,2530
267,108,서울,2023-10-12 03:00,13.1,,1.9,73,10.9,8.3,1014.6,,,0,2459
268,108,서울,2023-10-12 04:00,12.7,,1.6,74,10.8,8.1,1014.6,,,0,2361
269,108,서울,2023-10-12 05:00,12.5,,1.9,76,10.9,8.3,1014.7,,,0,2278
270,108,서울,2023-10-12 06:00,12.3,,1.7,80,11.4,8.9,1014.9,,,0,2180
271,108,서울,2023-10-12 07:00,12.0,,2.4,82,11.5,9.0,1015.1,0.01,,0,2031
272,108,서울,2023-10-12 08:00,13.0,,2.4,77,11.5,9.0,1015.7,0.38,,0,2125
273,108,서울,2023-10-12 09:00,15.3,,2.0,68,11.8,9.4,1016.1,0.99,,0,2295
274,108,서울,2023-10-12 10:00,18.1,,1.1,58,11.9,9.6,1016.2,1.72,,0,2232
275,108,서울,2023-10-12 11:00,20.2,,0.7,51,12.0,9.7,1015.4,2.15,,0,2075
276,108,서울,2023-10-12 12:00,21.9,,0.6,48,12.5,10.3,1014.4,2.43,,0,2144
277,108,서울,2023-10-12 13:00,23.4,,2.2,41,11.7,9.3,1013.2,2.62,,1,2753
278,108,서울,2023-10-12 14:00,24.0,,2.0,41,12.2,9.9,1012.3,2.09,,1,2375
279,108,서울,2023-10-12 15:00,23.0,,2.0,45,12.6,10.4,1011.9,1.04,,6,2871
280,108,서울,2023-10-12 16:00,22.0,,1.4,46,12.1,9.8,1011.8,0.48,,4,2909
281,108,서울,2023-10-12 17:00,21.4,,0.5,54,13.7,11.6,1011.7,0.35,,2,2775
282,108,서울,2023-10-12 18:00,20.0,,1.3,57,13.3,11.2,1011.9,0.14,,1,2912
283,108,서울,2023-10-12 19:00,19.1,,2.2,59,12.9,10.8,1012.2,,,1,2669
284,108,서울,2023-10-12 20:00,18.4,,2.8,61,12.9,10.7,1012.2,,,3,2692
285,108,서울,2023-10-12 21:00,17.8,,0.7,60,12.2,9.9,1012.4,,,0,2757
286,108,서울,2023-10-12 22:00,17.3,,1.1,62,12.2,9.9,1012.4,,,7,2437
287,108,서울,2023-10-12 23:00,16.8,,0.8,65,12.4,10.1,1012.3,,,8,1751
288,108,서울,2023-10-13 00:00,16.3,,0.2,68,12.5,10.3,1011.8,,,0,1782
289,108,서울,2023-10-13 01:00,16.0,,1.2,68,12.3,10.0,1011.6,,,7,2303
290,108,서울,2023-10-13 02:00,15.9,,1.5,71,12.8,10.6,1011.3,,,8,2150
291,108,서울,2023-10-13 03:00,15.4,,1.4,75,13.0,10.9,1010.9,,,0,2011
292,108,서울,2023-10-13 04:00,15.0,,1.4,76,12.9,10.7,1010.3,,,0,1977
293,108,서울,2023-10-13 05:00,14.7,,1.8,79,13.1,11.0,1010.0,,,0,1900
294,108,서울,2023-10-13 06:00,14.4,,1.9,80,13.0,10.9,1010.0,,,0,1699
295,108,서울,2023-10-13 07:00,14.3,,1.7,80,12.9,10.8,1009.9,0.0,,0,1592
296,108,서울,2023-10-13 08:00,14.9,,2.0,80,13.5,11.4,1010.1,0.21,,0,1754
297,108,서울,2023-10-13 09:00,15.9,,2.0,78,14.0,12.0,1010.1,0.47,,2,1618
298,108,서울,2023-10-13 10:00,17.9,,1.6,69,14.1,12.1,1009.8,1.17,,0,1766
299,108,서울,2023-10-13 11:00,19.5,,1.9,63,14.2,12.2,1008.9,1.58,,0,1802
300,108,서울,2023-10-13 12:00,21.1,,1.3,58,14.5,12.5,1008.0,1.7,,0,1766
301,108,서울,2023-10-13 13:00,21.4,,1.3,52,13.2,11.1,1007.1,1.42,,2,2104
302,108,서울,2023-10-13 14:00,21.3,,1.4,53,13.4,11.3,1005.9,0.82,,6,1786
303,108,서울,2023-10-13 15:00,20.6,,2.0,56,13.6,11.5,1005.3,0.4,,6,1761
304,108,서울,2023-10-13 16:00,20.9,,1.6,55,13.6,11.5,1004.8,0.71,,2,1193
305,108,서울,2023-10-13 17:00,20.6,,1.6,54,13.0,10.9,1004.6,0.52,,2,1334
306,108,서울,2023-10-13 18:00,19.6,,1.7,59,13.4,11.3,1004.4,0.14,,1,1290
307,108,서울,2023-10-13 19:00,18.6,,1.2,66,14.1,12.1,1004.4,,,2,1097
308,108,서울,2023-10-13 20:00,17.9,,1.4,70,14.3,12.3,1004.4,,,5,1097
309,108,서울,2023-10-13 21:00,17.4,,1.0,71,14.0,12.0,1004.3,,,8,1228
310,108,서울,2023-10-13 22:00,16.9,,1.5,72,13.8,11.8,1004.3,,,8,1398
311,108,서울,2023-10-13 23:00,16.3,,1.1,76,14.0,12.0,1004.0,,,7,1344
312,108,서울,2023-10-14 00:00,15.5,,0.1,80,14.0,12.0,1003.4,,,2,1288
313,108,서울,2023-10-14 01:00,15.1,,0.2,81,13.8,11.8,1002.9,,,7,1522
314,108,서울,2023-10-14 02:00,14.8,,0.8,77,12.9,10.7,1002.6,,,7,1888
315,108,서울,2023-10-14 03:00,14.6,,0.8,79,13.0,10.9,1002.0,,,6,1747
316,108,서울,2023-10-14 04:00,14.2,,1.5,83,13.4,11.3,1001.4,,,2,1219
317,108,서울,2023-10-14 05:00,13.6,,1.4,84,13.0,10.9,1001.0,,,1,952
318,108,서울,2023-10-14 06:00,13.4,,1.5,88,13.5,11.4,1001.0,,,7,890
319,108,서울,2023-10-14 07:00,13.7,,1.2,89,13.9,11.9,1000.8,0.0,,5,756
320,108,서울,2023-10-14 08:00,14.1,0.2,0.9,90,14.4,12.4,1001.0,0.05,,6,504
321,108,서울,2023-10-14 09:00,14.6,1.3,1.8,92,15.3,13.3,1001.0,0.17,,5,372
322,108,서울,2023-10-14 10:00,14.9,0.0,2.8,90,15.2,13.2,1000.7,0.38,,4,387
323,108,서울,2023-10-14 11:00,15.0,0.1,2.3,91,15.5,13.5,1000.7,0.24,,6,251
324,108,서울,2023-10-14 12:00,15.0,1.5,1.6,90,15.3,13.3,1000.7,0.33,,8,269
325,108,서울,2023-10-14 13:00,14.7,2.0,0.8,89,14.8,12.8,1000.0,0.18,,8,450
326,108,서울,2023-10-14 14:00,16.7,0.7,2.3,83,15.7,13.7,999.0,1.64,,3,1167
327,108,서울,2023-10-14 15:00,17.2,,1.9,74,14.5,12.5,998.1,1.36,,2,1711
328,108,서울,2023-10-14 16:00,18.2,,2.2,71,14.8,12.8,997.7,1.48,,3,2260
329,108,서울,2023-10-14 17:00,17.1,,2.4,73,14.2,12.2,997.7,0.54,,1,1427
330,108,서울,2023-10-14 18:00,16.0,,1.8,78,14.1,12.1,997.7,0.17,,1,1311
331,108,서울,2023-10-14 19:00,14.9,,1.8,82,13.8,11.8,998.1,,,0,1219
332,108,서울,2023-10-14 20:00,14.5,,0.7,84,13.8,11.8,998.6,,,2,1175
333,108,서울,2023-10-14 21:00,14.1,,1.0,87,13.9,11.9,998.8,,,0,988
334,108,서울,2023-10-14 22:00,13.6,,0.6,88,13.7,11.6,998.9,,,1,997
335,108,서울,2023-10-14 23:00,13.3,,0.1,89,13.6,11.5,999.1,,,0,912
336,108,서울,2023-10-15 00:00,12.9,,0.9,91,13.5,11.4,999.2,,,0,667
337,108,서울,2023-10-15 01:00,12.7,,1.0,92,13.5,11.4,999.0,,,1,674
338,108,서울,2023-10-15 02:00,12.3,,1.0,93,13.2,11.1,999.0,,,1,485
339,108,서울,2023-10-15 03:00,12.1,,1.1,94,13.2,11.1,998.8,,,0,529
340,108,서울,2023-10-15 04:00,11.7,,1.6,93,12.7,10.5,998.8,,,0,396
341,108,서울,2023-10-15 05:00,11.4,,1.1,95,12.8,10.6,999.0,,,0,519
342,108,서울,2023-10-15 06:00,11.2,,0.9,94,12.4,10.2,999.4,,,0,535
343,108,서울,2023-10-15 07:00,11.0,,1.1,95,12.4,10.2,999.5,0.0,,6,531
344,108,서울,2023-10-15 08:00,11.8,,0.8,97,13.4,11.3,1000.2,0.19,,7,463
345,108,서울,2023-10-15 09:00,13.6,,1.6,93,14.4,12.4,1000.6,0.64,,4,716
346,108,서울,2023-10-15 10:00,15.3,,2.2,80,13.8,11.8,1000.6,1.54,,4,1405
347,108,서울,2023-10-15 11:00,16.9,,2.6,74,14.2,12.2,1000.7,1.74,,6,2055
348,108,서울,2023-10-15 12:00,17.7,,3.3,69,13.9,11.9,1000.7,1.66,,6,2153
349,108,서울,2023-10-15 13:00,19.1,,3.0,62,13.7,11.6,1000.1,2.16,,4,1956
350,108,서울,2023-10-15 14:00,20.7,,2.0,54,13.1,11.0,999.4,2.3,,2,2169
351,108,서울,2023-10-15 15:00,20.7,,3.0,57,13.8,11.8,999.2,1.61,,2,2351
352,108,서울,2023-10-15 16:00,20.5,,2.9,61,14.7,12.7,999.4,1.18,,6,2438
353,108,서울,2023-10-15 17:00,19.5,,2.6,65,14.7,12.7,999.8,0.55,,6,2090
354,108,서울,2023-10-15 18:00,18.9,,2.5,68,14.8,12.8,999.9,0.16,,1,1762
355,108,서울,2023-10-15 19:00,18.1,,2.7,69,14.3,12.3,1000.5,,,1,2344
356,108,서울,2023-10-15 20:00,17.6,,2.4,75,15.1,13.1,1000.9,,,0,2344
357,108,서울,2023-10-15 21:00,17.4,,2.5,81,16.0,14.0,1001.1,,,0,1875
358,108,서울,2023-10-15 22:00,17.1,,1.9,83,16.1,14.1,1001.3,,,0,1534
359,108,서울,2023-10-15 23:00,17.1,,1.5,84,16.3,14.3,1001.2,,,5,1285
360,108,서울,2023-10-16 00:00,16.9,,1.5,84,16.1,14.1,1001.2,,,3,1147
361,108,서울,2023-10-16 01:00,16.3,,3.1,79,14.6,12.6,1001.9,,,4,1250
362,108,서울,2023-10-16 02:00,15.2,,2.1,77,13.2,11.1,1002.4,,,1,1278
363,108,서울,2023-10-16 03:00,14.4,,2.2,78,12.8,10.6,1002.5,,,0,1292
364,108,서울,2023-10-16 04:00,13.6,,2.0,78,12.1,9.8,1002.5,,,0,1445
365,108,서울,2023-10-16 05:00,13.1,,1.9,80,12.0,9.7,1003.0,,,0,1527
366,108,서울,2023-10-16 06:00,12.6,,1.8,76,11.0,8.4,1003.5,,,0,1685
367,108,서울,2023-10-16 07:00,11.8,,1.4,74,10.2,7.3,1004.0,0.0,,0,1848
368,108,서울,2023-10-16 08:00,12.2,,2.0,70,9.9,6.8,1004.8,0.36,,0,2081
369,108,서울,2023-10-16 09:00,13.3,,2.2,64,9.7,6.6,1005.4,1.02,,0,2295
370,108,서울,2023-10-16 10:00,14.8,,2.2,54,9.0,5.5,1005.5,1.79,,0,2257
371,108,서울,2023-10-16 11:00,15.8,,3.0,49,8.7,5.0,1005.3,2.31,,0,2439
372,108,서울,2023-10-16 12:00,17.5,,3.0,39,7.7,3.3,1005.0,2.64,,0,3250
373,108,서울,2023-10-16 13:00,18.7,,1.7,33,7.1,2.0,1004.3,2.74,,0,4164
374,108,서울,2023-10-16 14:00,19.3,,2.4,39,8.7,4.9,1003.9,2.54,,0,2471
375,108,서울,2023-10-16 15:00,19.1,,2.9,37,8.1,4.0,1003.7,2.13,,0,2623
376,108,서울,2023-10-16 16:00,18.7,,2.9,43,9.2,5.8,1004.0,1.53,,0,1889
377,108,서울,2023-10-16 17:00,17.8,,2.6,46,9.3,6.0,1004.2,0.76,,0,1919
378,108,서울,2023-10-16 18:00,16.2,,2.5,47,8.6,4.8,1004.6,0.18,,0,2429
379,108,서울,2023-10-16 19:00,15.3,,2.9,46,8.0,3.7,1005.2,,,0,2970
380,108,서울,2023-10-16 20:00,14.3,,1.7,51,8.2,4.2,1005.5,,,0,3000
381,108,서울,2023-10-16 21:00,13.4,,2.8,56,8.5,4.7,1005.7,,,0,2657
382,108,서울,2023-10-16 22:00,12.7,,3.2,57,8.3,4.3,1006.3,,,0,2643
383,108,서울,2023-10-16 23:00,11.6,,1.3,55,7.5,2.8,1006.7,,,0,3031
384,108,서울,2023-10-17 00:00,10.7,,2.3,59,7.6,3.0,1006.6,,,0,3074
385,108,서울,2023-10-17 01:00,9.9,,1.4,62,7.5,2.9,1007.0,,,0,3117
386,108,서울,2023-10-17 02:00,9.3,,1.3,64,7.5,2.8,1007.2,,,0,3103
387,108,서울,2023-10-17 03:00,9.0,,1.1,69,7.9,3.6,1007.3,,,0,3060
388,108,서울,2023-10-17 04:00,8.5,,1.2,68,7.5,2.9,1007.3,,,0,3177
389,108,서울,2023-10-17 05:00,8.5,,1.2,65,7.2,2.2,1007.6,,,0,3321
390,108,서울,2023-10-17 06:00,8.1,,1.7,71,7.6,3.1,1007.8,,,0,3568
391,108,서울,2023-10-17 07:00,7.5,,2.4,77,8.0,3.7,1008.4,0.0,,0,3291
392,108,서울,2023-10-17 08:00,8.4,,1.9,79,8.7,4.9,1009.0,0.39,,0,2717
393,108,서울,2023-10-17 09:00,11.5,,2.2,71,9.6,6.4,1009.4,1.02,,0,2561
394,108,서울,2023-10-17 10:00,13.8,,1.9,58,9.1,5.6,1009.4,1.76,,0,2136
395,108,서울,2023-10-17 11:00,16.1,,1.3,43,7.8,3.5,1009.2,2.26,,0,2813
396,108,서울,2023-10-17 12:00,18.0,,1.9,40,8.2,4.1,1009.1,2.59,,0,3224
397,108,서울,2023-10-17 13:00,19.4,,2.2,33,7.4,2.6,1008.4,2.68,,0,3361
398,108,서울,2023-10-17 14:00,20.4,,1.8,30,7.2,2.2,1007.9,2.52,,0,3556
399,108,서울,2023-10-17 15:00,20.6,,2.7,29,7.0,1.9,1007.8,2.17,,0,3597
400,108,서울,2023-10-17 16:00,20.1,,2.5,30,7.0,1.9,1007.9,1.54,,0,2723
401,108,서울,2023-10-17 17:00,19.7,,1.4,36,8.2,4.1,1007.8,0.75,,0,2761
402,108,서울,2023-10-17 18:00,17.6,,1.4,43,8.6,4.8,1008.4,0.17,,0,2963
403,108,서울,2023-10-17 19:00,16.1,,1.3,48,8.7,5.0,1008.9,,,0,3515
404,108,서울,2023-10-17 20:00,14.8,,1.3,51,8.5,4.7,1009.3,,,0,3417
405,108,서울,2023-10-17 21:00,14.0,,0.4,58,9.2,5.8,1009.5,,,0,2855
406,108,서울,2023-10-17 22:00,13.2,,1.3,56,8.5,4.6,1009.7,,,0,3141
407,108,서울,2023-10-17 23:00,12.6,,0.5,63,9.2,5.7,1010.1,,,0,2716
408,108,서울,2023-10-18 00:00,11.9,,1.5,64,8.8,5.2,1010.0,,,0,2974
409,108,서울,2023-10-18 01:00,11.2,,2.0,68,9.0,5.5,1010.4,,,1,2863
410,108,서울,2023-10-18 02:00,10.7,,1.8,71,9.1,5.6,1010.2,,,0,2838
411,108,서울,2023-10-18 03:00,10.3,,0.9,71,8.8,5.2,1010.1,,,0,2828
412,108,서울,2023-10-18 04:00,9.8,,1.8,76,9.2,5.7,1009.9,,,0,2710
413,108,서울,2023-10-18 05:00,9.6,,1.5,77,9.2,5.7,1010.1,,,0,2786
414,108,서울,2023-10-18 06:00,9.3,,1.4,76,8.8,5.2,1010.3,,,0,2721
415,108,서울,2023-10-18 07:00,9.3,,1.9,79,9.2,5.8,1010.3,0.01,,0,2672
416,108,서울,2023-10-18 08:00,10.2,,1.8,78,9.7,6.5,1010.8,0.3,,0,2661
417,108,서울,2023-10-18 09:00,12.7,,1.7,68,9.9,6.9,1010.7,0.86,,0,2131
418,108,서울,2023-10-18 10:00,14.8,,1.8,64,10.7,8.0,1010.3,1.53,,0,1926
419,108,서울,2023-10-18 11:00,17.0,,1.5,60,11.6,9.1,1009.6,1.99,,5,1643
420,108,서울,2023-10-18 12:00,19.2,,1.6,55,12.2,9.9,1009.0,2.05,,2,1601
421,108,서울,2023-10-18 13:00,20.4,,2.8,51,12.2,9.9,1007.7,2.25,,3,1733
422,108,서울,2023-10-18 14:00,21.1,,2.4,47,11.7,9.3,1007.1,1.85,,0,2007
423,108,서울,2023-10-18 15:00,21.6,,3.1,42,10.8,8.1,1007.1,1.76,,0,1898
424,108,서울,2023-10-18 16:00,20.5,,3.7,51,12.3,10.0,1007.6,1.2,,3,2697
425,108,서울,2023-10-18 17:00,19.3,,3.3,60,13.4,11.3,1007.0,0.46,,3,2333
426,108,서울,2023-10-18 18:00,18.1,,3.5,69,14.3,12.3,1007.0,0.11,,1,2969
427,108,서울,2023-10-18 19:00,17.6,,2.1,75,15.1,13.1,1007.3,,,1,2226
428,108,서울,2023-10-18 20:00,17.3,,2.3,78,15.4,13.4,1007.0,,,1,2729
429,108,서울,2023-10-18 21:00,17.3,,2.2,77,15.2,13.2,1007.6,,,7,2342
430,108,서울,2023-10-18 22:00,17.4,,2.1,78,15.5,13.5,1007.8,,,7,2437
431,108,서울,2023-10-18 23:00,17.4,,1.6,78,15.5,13.5,1007.6,,,7,1904
432,108,서울,2023-10-19 00:00,17.4,,1.9,78,15.5,13.5,1007.3,,,8,1485
433,108,서울,2023-10-19 01:00,17.3,,0.7,80,15.8,13.8,1006.8,,,9,1243
434,108,서울,2023-10-19 02:00,17.1,,2.1,81,15.8,13.8,1006.6,,,8,1216
435,108,서울,2023-10-19 03:00,17.2,,1.8,83,16.2,14.2,1006.1,,,9,1233
436,108,서울,2023-10-19 04:00,17.3,,3.5,83,16.3,14.3,1005.9,,,8,1410
437,108,서울,2023-10-19 05:00,17.2,,2.7,84,16.4,14.4,1005.3,,,7,1289
438,108,서울,2023-10-19 06:00,17.0,,2.3,81,15.7,13.7,1005.0,,,8,1484
439,108,서울,2023-10-19 07:00,17.0,0.2,2.2,86,16.6,14.6,1005.0,0.0,,8,784
440,108,서울,2023-10-19 08:00,16.6,7.3,1.6,92,17.3,15.2,1005.6,0.01,,8,142
441,108,서울,2023-10-19 09:00,16.6,0.5,0.7,92,17.3,15.2,1005.8,0.02,,9,316
442,108,서울,2023-10-19 10:00,16.8,0.2,2.4,92,17.5,15.4,1005.6,0.1,,9,272
443,108,서울,2023-10-19 11:00,17.2,0.0,1.6,92,17.9,15.8,1005.2,0.31,,8,237
444,108,서울,2023-10-19 12:00,17.6,,0.3,89,17.8,15.7,1004.9,0.4,,8,479
445,108,서울,2023-10-19 13:00,18.0,,0.6,88,18.1,15.9,1004.0,0.41,,8,409
446,108,서울,2023-10-19 14:00,18.6,,1.5,87,18.5,16.3,1003.4,0.55,,8,520
447,108,서울,2023-10-19 15:00,18.8,,1.3,85,18.4,16.2,1003.0,0.57,,5,538
448,108,서울,2023-10-19 16:00,18.6,,1.2,85,18.2,16.0,1003.1,0.25,,6,508
449,108,서울,2023-10-19 17:00,18.3,,1.3,78,16.3,14.3,1003.1,0.22,,2,1130
450,108,서울,2023-10-19 18:00,17.8,,1.0,79,16.1,14.1,1003.3,0.04,,7,1388
451,108,서울,2023-10-19 19:00,17.1,,1.3,79,15.4,13.4,1003.4,,,9,1576
452,108,서울,2023-10-19 20:00,16.9,,1.1,83,15.9,13.9,1003.3,,,10,881
453,108,서울,2023-10-19 21:00,16.4,,2.0,83,15.4,13.4,1003.1,,,9,1104
454,108,서울,2023-10-19 22:00,16.0,,1.6,70,12.7,10.5,1003.9,,,1,2404
455,108,서울,2023-10-19 23:00,15.5,,3.1,65,11.4,8.9,1004.3,,,1,2834
456,108,서울,2023-10-20 00:00,14.9,,2.9,68,11.5,9.0,1004.0,,,10,2784
457,108,서울,2023-10-20 01:00,14.4,,2.2,66,10.8,8.1,1003.9,,,10,3365
458,108,서울,2023-10-20 02:00,14.0,,1.6,59,9.4,6.1,1004.0,,,10,4116
459,108,서울,2023-10-20 03:00,13.8,,2.3,59,9.3,5.9,1003.8,,,3,3514
460,108,서울,2023-10-20 04:00,13.4,,2.7,58,8.8,5.2,1004.1,,,10,4069
461,108,서울,2023-10-20 05:00,12.5,,2.8,51,7.4,2.6,1004.7,,,0,3775
462,108,서울,2023-10-20 06:00,11.3,,2.1,52,6.9,1.7,1005.1,,,0,3620
463,108,서울,2023-10-20 07:00,10.5,,1.6,50,6.3,0.4,1005.6,0.0,,0,4199
464,108,서울,2023-10-20 08:00,10.6,,2.3,50,6.3,0.5,1006.2,0.35,,0,4702
465,108,서울,2023-10-20 09:00,11.9,,2.7,50,6.9,1.7,1006.8,1.02,,0,4552
466,108,서울,2023-10-20 10:00,12.7,,6.2,43,6.3,0.4,1006.9,1.76,,0,4882
467,108,서울,2023-10-20 11:00,13.5,,4.7,38,5.9,-0.5,1006.8,2.32,,1,4659
468,108,서울,2023-10-20 12:00,14.0,,4.7,35,5.6,-1.2,1006.6,2.61,,0,4735
469,108,서울,2023-10-20 13:00,14.7,,4.5,37,6.2,0.1,1005.7,2.7,,0,4321
470,108,서울,2023-10-20 14:00,14.9,,4.7,35,5.9,-0.4,1005.0,2.52,,0,5000
471,108,서울,2023-10-20 15:00,14.6,,4.3,37,6.1,0.0,1005.1,2.09,,0,4344
472,108,서울,2023-10-20 16:00,14.0,,4.3,35,5.6,-1.2,1005.1,1.55,,0,4946
473,108,서울,2023-10-20 17:00,12.9,,5.3,36,5.4,-1.8,1005.6,0.82,,0,4764
474,108,서울,2023-10-20 18:00,11.1,,4.2,39,5.2,-2.3,1006.5,0.16,,0,4872
475,108,서울,2023-10-20 19:00,10.0,,3.0,44,5.4,-1.7,1007.6,,,0,4553
476,108,서울,2023-10-20 20:00,9.6,,3.7,45,5.4,-1.7,1008.4,,,0,4777
477,108,서울,2023-10-20 21:00,9.0,,2.2,48,5.5,-1.4,1009.1,,,0,4452
478,108,서울,2023-10-20 22:00,8.2,,0.6,51,5.6,-1.3,1009.6,,,0,4015
479,108,서울,2023-10-20 23:00,7.7,,1.1,53,5.6,-1.2,1009.8,,,0,4152
480,108,서울,2023-10-21 00:00,7.3,,1.2,55,5.6,-1.1,1009.8,,,0,3950
481,108,서울,2023-10-21 01:00,6.8,,1.2,57,5.6,-1.1,1009.8,,,0,3846
482,108,서울,2023-10-21 02:00,6.7,,1.4,60,5.9,-0.5,1010.0,,,0,3637
483,108,서울,2023-10-21 03:00,6.3,,0.8,66,6.3,0.4,1009.9,,,0,3737
484,108,서울,2023-10-21 04:00,6.0,,0.5,67,6.2,0.3,1009.3,,,0,3644
485,108,서울,2023-10-21 05:00,6.2,,0.2,65,6.1,0.0,1008.6,,,8,3850
486,108,서울,2023-10-21 06:00,7.0,,1.3,69,6.9,1.6,1007.7,,,4,3887
487,108,서울,2023-10-21 07:00,7.7,0.0,3.0,70,7.3,2.5,1008.2,0.0,,3,3626
488,108,서울,2023-10-21 08:00,7.7,0.1,4.1,76,8.0,3.7,1009.3,0.04,,8,1776
489,108,서울,2023-10-21 09:00,7.5,1.0,2.6,80,8.2,4.2,1009.2,0.46,,0,3442
490,108,서울,2023-10-21 10:00,9.8,,1.5,73,8.8,5.1,1009.2,1.74,,0,3463
491,108,서울,2023-10-21 11:00,12.9,,1.6,64,9.5,6.2,1009.2,2.26,,0,3121
492,108,서울,2023-10-21 12:00,13.8,,4.7,46,7.2,2.3,1009.1,2.51,,0,4497
493,108,서울,2023-10-21 13:00,14.5,,5.0,47,7.7,3.3,1008.6,2.64,,0,4475
494,108,서울,2023-10-21 14:00,15.6,,4.4,42,7.4,2.7,1008.2,2.49,,0,3972
495,108,서울,2023-10-21 15:00,16.4,,3.9,38,7.1,2.0,1008.1,2.1,,0,4367
496,108,서울,2023-10-21 16:00,16.2,,3.7,37,6.8,1.4,1008.4,1.53,,0,4318
497,108,서울,2023-10-21 17:00,15.1,,3.1,32,5.5,-1.5,1008.7,0.79,,0,4709
498,108,서울,2023-10-21 18:00,13.3,,2.4,34,5.2,-2.2,1009.5,0.14,,0,4830
499,108,서울,2023-10-21 19:00,12.2,,2.1,38,5.4,-1.7,1010.3,,,0,4528
500,108,서울,2023-10-21 20:00,11.2,,1.9,44,5.8,-0.6,1010.8,,,0,4088
501,108,서울,2023-10-21 21:00,10.5,,2.1,47,6.0,-0.3,1011.4,,,0,3806
502,108,서울,2023-10-21 22:00,9.6,,2.7,52,6.2,0.2,1011.9,,,0,3571
503,108,서울,2023-10-21 23:00,9.1,,2.5,55,6.3,0.5,1011.7,,,0,3520
504,108,서울,2023-10-22 00:00,8.6,,2.7,58,6.4,0.7,1011.9,,,0,3586
505,108,서울,2023-10-22 01:00,8.0,,2.6,60,6.4,0.6,1012.2,,,0,3277
506,108,서울,2023-10-22 02:00,7.3,,2.4,63,6.4,0.7,1012.8,,,0,3265
507,108,서울,2023-10-22 03:00,6.7,,1.4,70,6.9,1.6,1012.6,,,0,3117
508,108,서울,2023-10-22 04:00,6.6,,1.2,72,7.0,1.9,1012.5,,,0,3109
509,108,서울,2023-10-22 05:00,6.3,,0.6,74,7.0,1.9,1012.8,,,0,3037
510,108,서울,2023-10-22 06:00,5.9,,2.0,74,6.9,1.6,1012.7,,,0,3131
511,108,서울,2023-10-22 07:00,5.5,,1.8,75,6.8,1.4,1012.9,0.0,,0,3325
512,108,서울,2023-10-22 08:00,6.2,,2.0,77,7.3,2.4,1013.5,0.32,,0,3089
513,108,서울,2023-10-22 09:00,9.1,,1.7,68,7.8,3.4,1013.6,1.02,,0,3157
514,108,서울,2023-10-22 10:00,11.9,,1.6,58,8.0,3.8,1013.2,1.69,,0,2660
515,108,서울,2023-10-22 11:00,14.0,,1.0,48,7.6,3.1,1013.1,2.2,,0,3220
516,108,서울,2023-10-22 12:00,15.8,,1.7,44,7.8,3.5,1012.6,2.34,,4,3573
517,108,서울,2023-10-22 13:00,17.1,,2.0,45,8.7,5.0,1011.7,1.93,,7,3396
518,108,서울,2023-10-22 14:00,17.6,,2.6,48,9.6,6.4,1011.1,1.66,,1,3409
519,108,서울,2023-10-22 15:00,18.3,,3.2,50,10.4,7.6,1010.8,1.69,,0,3134
520,108,서울,2023-10-22 16:00,18.3,,2.9,54,11.3,8.8,1010.8,1.08,,1,3522
521,108,서울,2023-10-22 17:00,17.2,,2.5,61,11.9,9.6,1010.8,0.55,,1,3900
522,108,서울,2023-10-22 18:00,16.3,,2.6,68,12.5,10.3,1010.9,0.1,,1,3393
523,108,서울,2023-10-22 19:00,15.8,,0.8,70,12.5,10.3,1011.3,,,8,2774
524,108,서울,2023-10-22 20:00,15.2,,1.6,74,12.7,10.5,1011.7,,,7,2619
525,108,서울,2023-10-22 21:00,15.0,,1.9,77,13.0,10.9,1011.9,,,0,2521
526,108,서울,2023-10-22 22:00,14.3,,0.1,78,12.7,10.5,1012.2,,,5,2283
527,108,서울,2023-10-22 23:00,13.3,,1.8,84,12.8,10.6,1012.4,,,6,1943
528,108,서울,2023-10-23 00:00,13.0,,1.0,87,12.9,10.8,1012.2,,,0,1780
529,108,서울,2023-10-23 01:00,12.3,,1.6,86,12.3,10.0,1012.3,,,6,1517
530,108,서울,2023-10-23 02:00,11.8,,1.8,87,11.9,9.6,1012.6,,,0,1409
531,108,서울,2023-10-23 03:00,11.6,,1.8,89,12.1,9.8,1012.2,,,6,1059
532,108,서울,2023-10-23 04:00,11.6,,1.6,90,12.3,10.0,1012.2,,,4,973
533,108,서울,2023-10-23 05:00,11.4,,1.2,90,12.1,9.8,1012.4,,,3,896
534,108,서울,2023-10-23 06:00,11.4,,1.1,91,12.2,9.9,1012.6,,,3,903
535,108,서울,2023-10-23 07:00,11.2,,1.8,91,12.0,9.7,1012.8,0.0,,2,795
536,108,서울,2023-10-23 08:00,11.7,,1.7,93,12.7,10.5,1013.5,0.21,,1,844
537,108,서울,2023-10-23 09:00,13.3,,1.7,88,13.4,11.3,1013.8,0.7,,4,948
538,108,서울,2023-10-23 10:00,15.3,,1.9,78,13.5,11.4,1013.5,1.47,,0,951
539,108,서울,2023-10-23 11:00,17.4,,1.6,73,14.5,12.5,1013.1,1.86,,6,1128
540,108,서울,2023-10-23 12:00,19.7,,2.3,61,13.9,11.9,1012.6,2.06,,6,1634
541,108,서울,2023-10-23 13:00,19.7,,1.6,59,13.5,11.4,1011.5,1.67,,6,1905
542,108,서울,2023-10-23 14:00,20.9,,2.1,51,12.5,10.3,1010.8,1.64,,4,2057
543,108,서울,2023-10-23 15:00,20.6,,2.8,51,12.3,10.0,1010.5,1.59,,6,2909
544,108,서울,2023-10-23 16:00,20.0,,2.7,52,12.1,9.8,1010.3,0.87,,6,3783
545,108,서울,2023-10-23 17:00,18.7,,3.1,59,12.7,10.5,1010.2,0.46,,3,2720
546,108,서울,2023-10-23 18:00,17.2,,2.5,61,11.9,9.6,1010.2,0.11,,0,3301
547,108,서울,2023-10-23 19:00,16.1,,1.6,64,11.6,9.2,1010.6,,,0,2638
548,108,서울,2023-10-23 20:00,15.2,,1.4,67,11.6,9.1,1010.8,,,0,2271
549,108,서울,2023-10-23 21:00,14.6,,1.1,71,11.7,9.3,1011.0,,,0,2078
550,108,서울,2023-10-23 22:00,14.1,,0.8,76,12.2,9.9,1011.2,,,0,1924
551,108,서울,2023-10-23 23:00,13.6,,1.4,78,12.1,9.8,1010.8,,,4,1628
552,108,서울,2023-10-24 00:00,13.4,,1.3,78,11.9,9.6,1010.7,,,5,1470
553,108,서울,2023-10-24 01:00,13.2,,1.6,81,12.3,10.0,1010.7,,,7,1268
554,108,서울,2023-10-24 02:00,13.2,,1.2,82,12.4,10.1,1010.7,,,7,1242
555,108,서울,2023-10-24 03:00,13.0,,1.6,81,12.1,9.8,1010.5,,,5,1090
556,108,서울,2023-10-24 04:00,12.2,,2.0,86,12.2,9.9,1010.3,,,0,839
557,108,서울,2023-10-24 05:00,11.7,,1.6,87,11.9,9.6,1010.4,,,0,704
558,108,서울,2023-10-24 06:00,11.3,,1.8,89,11.9,9.5,1010.3,,,3,565
559,108,서울,2023-10-24 07:00,11.4,,1.6,92,12.4,10.1,1010.2,0.0,,0,430
560,108,서울,2023-10-24 08:00,12.0,,2.1,91,12.7,10.5,1010.9,0.14,,0,574
561,108,서울,2023-10-24 09:00,13.4,,2.2,88,13.5,11.4,1011.0,0.48,,1,647
562,108,서울,2023-10-24 10:00,14.7,,1.2,82,13.7,11.6,1010.8,0.88,,0,786
563,108,서울,2023-10-24 11:00,16.5,,1.2,74,13.8,11.8,1010.3,1.54,,0,861
564,108,서울,2023-10-24 12:00,19.2,,1.7,65,14.4,12.4,1009.7,2.12,,5,1335
565,108,서울,2023-10-24 13:00,18.8,,2.8,64,13.8,11.8,1008.8,1.26,,6,1682
566,108,서울,2023-10-24 14:00,19.3,,2.4,64,14.3,12.3,1008.0,0.98,,4,1899
567,108,서울,2023-10-24 15:00,19.1,,2.2,65,14.3,12.3,1007.9,0.69,,6,1556
568,108,서울,2023-10-24 16:00,18.7,,2.9,67,14.4,12.4,1007.6,0.66,,6,2532
569,108,서울,2023-10-24 17:00,18.4,,1.8,70,14.8,12.8,1007.5,0.52,,4,1878
570,108,서울,2023-10-24 18:00,17.6,,2.6,74,14.9,12.9,1007.8,0.07,,5,1688
571,108,서울,2023-10-24 19:00,16.9,,1.7,78,15.0,13.0,1008.3,,,6,1359
572,108,서울,2023-10-24 20:00,16.5,,1.9,79,14.8,12.8,1008.2,,,4,1196
573,108,서울,2023-10-24 21:00,16.3,,1.5,80,14.8,12.8,1008.7,,,5,1057
574,108,서울,2023-10-24 22:00,15.9,,1.3,80,14.4,12.4,1009.0,,,7,991
575,108,서울,2023-10-24 23:00,15.3,,0.7,82,14.2,12.2,1009.0,,,4,914
576,108,서울,2023-10-25 00:00,14.8,,0.7,86,14.4,12.4,1008.9,,,0,723
577,108,서울,2023-10-25 01:00,14.3,,0.0,86,13.9,11.9,1009.0,,,5,587
578,108,서울,2023-10-25 02:00,13.8,,1.2,88,13.8,11.8,1008.7,,,1,529
579,108,서울,2023-10-25 03:00,13.3,,1.4,90,13.7,11.6,1008.4,,,0,453
580,108,서울,2023-10-25 04:00,13.1,,1.3,92,13.8,11.8,1008.2,,,8,381
581,108,서울,2023-10-25 05:00,13.3,,1.3,92,14.0,12.0,1008.3,,,8,425
582,108,서울,2023-10-25 06:00,13.3,,1.1,91,13.8,11.8,1008.2,,,6,394
583,108,서울,2023-10-25 07:00,12.8,,1.6,92,13.6,11.5,1008.0,0.0,,0,313
584,108,서울,2023-10-25 08:00,13.1,,1.8,93,13.9,11.9,1008.5,0.21,,0,380
585,108,서울,2023-10-25 09:00,14.6,,1.2,90,14.9,12.9,1008.8,0.73,,8,491
586,108,서울,2023-10-25 10:00,16.6,,1.0,81,15.3,13.3,1008.6,1.35,,7,675
587,108,서울,2023-10-25 11:00,17.5,,0.9,75,15.0,13.0,1008.6,0.88,,8,1150
588,108,서울,2023-10-25 12:00,19.0,,1.6,68,14.9,12.9,1008.0,1.48,,8,1208
589,108,서울,2023-10-25 13:00,20.0,,2.1,63,14.7,12.7,1006.9,1.4,,5,1609
590,108,서울,2023-10-25 14:00,21.4,,2.8,59,15.0,13.0,1006.2,2.06,,3,1524
591,108,서울,2023-10-25 15:00,21.8,,1.7,56,14.6,12.6,1005.8,1.62,,3,1433
592,108,서울,2023-10-25 16:00,21.6,,1.7,56,14.4,12.4,1005.7,1.12,,3,1149
593,108,서울,2023-10-25 17:00,20.3,,2.1,60,14.2,12.2,1005.9,0.47,,3,1571
594,108,서울,2023-10-25 18:00,18.8,,1.4,68,14.7,12.7,1006.0,0.08,,0,1992
595,108,서울,2023-10-25 19:00,17.7,,1.6,72,14.5,12.5,1006.3,,,0,1650
596,108,서울,2023-10-25 20:00,17.0,,1.3,76,14.7,12.7,1006.4,,,0,1287
597,108,서울,2023-10-25 21:00,16.2,,1.5,79,14.5,12.5,1006.6,,,0,884
598,108,서울,2023-10-25 22:00,15.6,,1.0,85,15.0,13.0,1006.7,,,0,635
599,108,서울,2023-10-25 23:00,15.7,,1.1,85,15.1,13.1,1006.8,,,7,512
600,108,서울,2023-10-26 00:00,15.9,,0.5,87,15.7,13.7,1006.7,,,7,462
601,108,서울,2023-10-26 01:00,16.0,,0.7,87,15.8,13.8,1006.5,,,6,405
602,108,서울,2023-10-26 02:00,16.2,,0.9,88,16.2,14.2,1006.1,,,7,306
603,108,서울,2023-10-26 03:00,15.8,,1.1,85,15.2,13.2,1005.6,,,9,558
604,108,서울,2023-10-26 04:00,15.6,,1.8,85,15.0,13.0,1005.6,,,9,549
605,108,서울,2023-10-26 05:00,15.5,,1.3,86,15.1,13.1,1005.7,,,9,568
606,108,서울,2023-10-26 06:00,15.5,,1.6,86,15.1,13.1,1005.6,,,9,477
607,108,서울,2023-10-26 07:00,15.5,,1.3,87,15.3,13.3,1005.5,0.0,,10,436
608,108,서울,2023-10-26 08:00,15.8,,1.3,87,15.6,13.6,1005.8,0.05,,10,406
609,108,서울,2023-10-26 09:00,16.4,,2.0,89,16.5,14.5,1005.9,0.15,,10,319
610,108,서울,2023-10-26 10:00,17.1,,1.4,87,16.9,14.9,1005.9,0.34,,9,325
611,108,서울,2023-10-26 11:00,18.4,,2.2,81,17.0,15.0,1005.3,0.65,,9,286
612,108,서울,2023-10-26 12:00,19.5,,3.1,75,16.9,14.9,1004.7,1.01,,9,593
613,108,서울,2023-10-26 13:00,20.4,,2.4,71,16.9,14.9,1003.6,1.24,,9,611
614,108,서울,2023-10-26 14:00,20.7,,3.1,67,16.3,14.3,1003.2,0.94,,8,867
615,108,서울,2023-10-26 15:00,20.3,,3.0,69,16.4,14.4,1002.7,0.64,,8,883
616,108,서울,2023-10-26 16:00,20.4,,3.3,68,16.2,14.2,1001.8,0.61,,7,924
617,108,서울,2023-10-26 17:00,19.7,,2.8,74,16.9,14.9,1001.8,0.12,,9,860
618,108,서울,2023-10-26 18:00,19.2,0.0,3.5,78,17.3,15.2,1001.2,0.04,,7,644
619,108,서울,2023-10-26 19:00,18.9,0.0,2.1,81,17.6,15.5,1001.6,,,8,560
620,108,서울,2023-10-26 20:00,18.7,0.0,4.2,83,17.8,15.7,1001.5,,,10,445
621,108,서울,2023-10-26 21:00,16.1,,2.4,77,14.0,12.0,1002.3,,,8,1632
622,108,서울,2023-10-26 22:00,15.1,,2.1,80,13.7,11.6,1002.3,,,7,1290
623,108,서울,2023-10-26 23:00,14.9,0.0,2.1,78,13.1,11.0,1002.1,,,7,1905
624,108,서울,2023-10-27 00:00,14.6,0.0,1.6,76,12.6,10.4,1002.0,,,8,1771
625,108,서울,2023-10-27 01:00,14.7,,0.6,78,12.9,10.8,1001.6,,,8,2175
626,108,서울,2023-10-27 02:00,15.3,,1.5,86,14.9,12.9,1001.4,,,8,751
627,108,서울,2023-10-27 03:00,15.3,,2.6,86,14.9,12.9,1001.4,,,8,416
628,108,서울,2023-10-27 04:00,14.4,,2.2,77,12.6,10.4,1001.3,,,7,1052
629,108,서울,2023-10-27 05:00,13.9,,3.0,80,12.6,10.4,1001.5,,,8,1089
630,108,서울,2023-10-27 06:00,13.4,,3.3,83,12.7,10.5,1002.0,,,7,941
631,108,서울,2023-10-27 07:00,12.9,,1.7,86,12.8,10.6,1002.7,0.0,,8,827
632,108,서울,2023-10-27 08:00,13.3,,1.7,84,12.8,10.6,1003.6,0.05,,8,891
633,108,서울,2023-10-27 09:00,14.3,,2.1,81,13.1,11.0,1004.2,0.55,,1,1037
634,108,서울,2023-10-27 10:00,15.7,,2.3,73,12.9,10.8,1004.5,1.12,,3,1292
635,108,서울,2023-10-27 11:00,16.6,,2.5,66,12.4,10.2,1004.9,1.11,,6,2759
636,108,서울,2023-10-27 12:00,17.7,,1.9,63,12.7,10.5,1004.8,1.49,,8,3022
637,108,서울,2023-10-27 13:00,18.1,,3.1,59,12.2,9.9,1004.2,1.31,,8,3007
638,108,서울,2023-10-27 14:00,19.7,,2.2,53,12.1,9.8,1003.6,1.87,,7,4340
639,108,서울,2023-10-27 15:00,20.1,,2.0,51,11.9,9.6,1003.3,1.41,,5,4199
640,108,서울,2023-10-27 16:00,18.9,,1.7,52,11.3,8.8,1003.4,0.71,,2,4878
641,108,서울,2023-10-27 17:00,18.2,,2.3,55,11.5,9.0,1003.6,0.37,,1,4650
642,108,서울,2023-10-27 18:00,17.0,,1.4,57,11.0,8.4,1004.0,0.08,,1,3625
643,108,서울,2023-10-27 19:00,16.1,,1.9,63,11.5,9.0,1004.6,,,1,3166
644,108,서울,2023-10-27 20:00,15.2,,1.9,68,11.7,9.3,1005.1,,,1,2555
645,108,서울,2023-10-27 21:00,14.8,,2.6,71,11.9,9.5,1005.7,,,0,2443
646,108,서울,2023-10-27 22:00,14.1,,0.7,72,11.6,9.1,1006.2,,,1,2332
647,108,서울,2023-10-27 23:00,13.2,,1.3,74,11.2,8.6,1006.5,,,0,1886
648,108,서울,2023-10-28 00:00,12.6,,1.8,77,11.2,8.6,1006.5,,,0,1979
649,108,서울,2023-10-28 01:00,12.2,,1.3,80,11.3,8.8,1006.6,,,0,1946
650,108,서울,2023-10-28 02:00,11.8,,1.4,80,11.0,8.4,1006.5,,,0,1299
651,108,서울,2023-10-28 03:00,11.3,,0.9,80,10.6,7.9,1006.5,,,0,1885
652,108,서울,2023-10-28 04:00,10.7,,1.6,84,10.7,8.0,1006.2,,,0,1684
653,108,서울,2023-10-28 05:00,10.4,,1.6,86,10.8,8.1,1006.7,,,0,1742
654,108,서울,2023-10-28 06:00,9.9,,1.4,87,10.6,7.8,1006.8,,,0,1671
655,108,서울,2023-10-28 07:00,9.5,,1.3,90,10.6,7.9,1006.9,0.0,,0,1557
656,108,서울,2023-10-28 08:00,9.6,,1.3,90,10.7,8.0,1007.7,0.21,,0,1512
657,108,서울,2023-10-28 09:00,11.9,,1.9,86,11.9,9.6,1008.3,0.85,,0,1541
658,108,서울,2023-10-28 10:00,14.5,,2.3,77,12.7,10.5,1008.3,1.53,,0,1540
659,108,서울,2023-10-28 11:00,16.3,,1.2,65,11.9,9.6,1008.2,2.01,,0,1526
660,108,서울,2023-10-28 12:00,18.3,,1.2,55,11.5,9.0,1007.9,2.31,,0,1476
661,108,서울,2023-10-28 13:00,18.8,,1.7,42,9.1,5.6,1007.1,2.36,,0,1791
662,108,서울,2023-10-28 14:00,20.5,,2.1,33,7.9,3.6,1006.7,2.25,,0,2726
663,108,서울,2023-10-28 15:00,20.5,,2.2,30,7.2,2.3,1006.6,1.86,,0,2755
664,108,서울,2023-10-28 16:00,19.9,,2.2,36,8.3,4.3,1006.8,1.27,,0,2324
665,108,서울,2023-10-28 17:00,18.8,,2.0,34,7.3,2.5,1006.9,0.57,,0,3252
666,108,서울,2023-10-28 18:00,16.7,,1.2,41,7.7,3.3,1007.2,0.08,,0,3522
667,108,서울,2023-10-28 19:00,15.3,,0.9,44,7.6,3.1,1008.0,,,0,3487
668,108,서울,2023-10-28 20:00,14.3,,0.7,50,8.1,4.0,1008.5,,,0,2359
669,108,서울,2023-10-28 21:00,13.5,,0.8,55,8.5,4.6,1009.1,,,0,2668
670,108,서울,2023-10-28 22:00,12.9,,0.4,60,8.9,5.3,1009.7,,,0,2376
671,108,서울,2023-10-28 23:00,12.4,,1.6,65,9.3,5.9,1009.7,,,0,2082
672,108,서울,2023-10-29 00:00,11.6,,1.4,69,9.3,6.0,1009.8,,,0,1921
673,108,서울,2023-10-29 01:00,11.0,,1.8,73,9.5,6.3,1010.1,,,0,1877
674,108,서울,2023-10-29 02:00,10.5,,2.1,76,9.6,6.4,1010.2,,,0,1884
675,108,서울,2023-10-29 03:00,10.5,,2.2,75,9.5,6.2,1010.4,,,0,2096
676,108,서울,2023-10-29 04:00,10.1,,2.3,78,9.6,6.4,1010.4,,,0,1875
677,108,서울,2023-10-29 05:00,10.0,,1.8,79,9.7,6.5,1010.4,,,0,2143
678,108,서울,2023-10-29 06:00,10.1,,2.5,81,9.9,6.9,1010.5,,,0,2452
679,108,서울,2023-10-29 07:00,9.8,,2.3,82,9.9,6.8,1010.8,0.0,,0,2195
680,108,서울,2023-10-29 08:00,10.2,,1.6,83,10.3,7.4,1011.5,0.21,,0,2340
681,108,서울,2023-10-29 09:00,12.7,,1.9,74,10.8,8.1,1011.9,0.83,,0,2589
682,108,서울,2023-10-29 10:00,15.2,,2.4,65,11.2,8.6,1012.0,1.53,,0,2882
683,108,서울,2023-10-29 11:00,17.2,,2.0,59,11.6,9.1,1012.0,2.02,,0,2689
684,108,서울,2023-10-29 12:00,18.8,,2.0,50,10.8,8.1,1011.3,2.34,,0,2937
685,108,서울,2023-10-29 13:00,20.1,,1.1,45,10.5,7.7,1010.4,2.4,,0,2494
686,108,서울,2023-10-29 14:00,21.5,,2.2,37,9.4,6.1,1009.8,2.25,,0,3209
687,108,서울,2023-10-29 15:00,21.6,,1.8,38,9.7,6.6,1009.5,1.83,,0,3081
688,108,서울,2023-10-29 16:00,21.4,,1.0,36,9.1,5.6,1009.5,1.25,,0,2943
689,108,서울,2023-10-29 17:00,20.1,,1.1,40,9.3,6.0,1009.5,0.57,,0,3096
690,108,서울,2023-10-29 18:00,17.8,,2.0,46,9.3,6.0,1010.1,0.07,,0,2869
691,108,서울,2023-10-29 19:00,16.5,,2.1,50,9.3,6.0,1010.5,,,0,2832
692,108,서울,2023-10-29 20:00,15.3,,1.8,55,9.5,6.2,1010.6,,,0,2611
693,108,서울,2023-10-29 21:00,14.5,,1.7,62,10.2,7.2,1011.0,,,0,2295
694,108,서울,2023-10-29 22:00,13.9,,0.3,68,10.7,8.0,1011.4,,,0,1996
695,108,서울,2023-10-29 23:00,13.4,,0.9,66,10.1,7.1,1011.5,,,0,2185
696,108,서울,2023-10-30 00:00,13.0,,0.7,67,10.0,7.0,1011.5,,,0,2078
697,108,서울,2023-10-30 01:00,12.2,,1.9,72,10.2,7.2,1011.5,,,0,1919
698,108,서울,2023-10-30 02:00,11.6,,1.6,76,10.4,7.5,1011.5,,,1,1828
699,108,서울,2023-10-30 03:00,11.1,,1.8,77,10.2,7.2,1011.4,,,0,1760
700,108,서울,2023-10-30 04:00,10.8,,1.2,79,10.2,7.2,1011.2,,,0,1732
701,108,서울,2023-10-30 05:00,10.4,,1.6,81,10.2,7.2,1011.2,,,0,1677
702,108,서울,2023-10-30 06:00,10.1,,1.5,83,10.2,7.3,1011.5,,,0,1646
703,108,서울,2023-10-30 07:00,9.7,,1.8,85,10.2,7.2,1011.8,0.0,,0,1540
704,108,서울,2023-10-30 08:00,10.0,,1.5,86,10.5,7.7,1012.4,0.15,,0,1465
705,108,서울,2023-10-30 09:00,12.1,,0.9,78,10.9,8.3,1012.7,0.65,,0,1625
706,108,서울,2023-10-30 10:00,14.4,,1.7,68,11.1,8.5,1012.7,1.3,,0,1426
707,108,서울,2023-10-30 11:00,16.6,,1.4,60,11.2,8.7,1012.5,1.85,,0,1235
708,108,서울,2023-10-30 12:00,19.1,,2.0,55,12.1,9.8,1011.9,2.2,,0,1366
709,108,서울,2023-10-30 13:00,20.5,,2.9,49,11.8,9.4,1011.1,2.28,,0,1348
710,108,서울,2023-10-30 14:00,21.2,,2.0,46,11.6,9.1,1010.5,2.07,,0,1237
711,108,서울,2023-10-30 15:00,21.8,,2.0,46,11.9,9.6,1010.3,1.65,,0,1095
712,108,서울,2023-10-30 16:00,21.1,,1.8,51,12.7,10.5,1010.5,1.04,,0,967
713,108,서울,2023-10-30 17:00,19.6,,2.5,58,13.2,11.1,1010.8,0.46,,0,1252
714,108,서울,2023-10-30 18:00,17.7,,1.9,69,13.9,11.9,1011.0,0.06,,0,1196
715,108,서울,2023-10-30 19:00,16.5,,2.1,75,14.0,12.0,1011.3,,,0,1132
716,108,서울,2023-10-30 20:00,15.5,,1.9,77,13.5,11.4,1011.5,,,0,1068
717,108,서울,2023-10-30 21:00,15.0,,0.8,81,13.7,11.7,1011.9,,,0,943
718,108,서울,2023-10-30 22:00,14.6,,1.5,82,13.6,11.5,1012.3,,,0,819
719,108,서울,2023-10-30 23:00,14.0,,0.4,85,13.6,11.5,1012.4,,,0,663
720,108,서울,2023-10-31 00:00,13.8,,0.7,87,13.7,11.6,1012.3,,,0,619
721,108,서울,2023-10-31 01:00,13.3,,0.7,88,13.4,11.3,1012.4,,,0,583
722,108,서울,2023-10-31 02:00,12.8,,2.0,89,13.1,11.0,1012.4,,,0,530
723,108,서울,2023-10-31 03:00,12.9,,1.4,89,13.2,11.1,1012.4,,,4,442
724,108,서울,2023-10-31 04:00,12.8,,1.4,89,13.1,11.0,1012.1,,,6,391
725,108,서울,2023-10-31 05:00,13.0,,1.9,90,13.4,11.3,1012.0,,,8,495
726,108,서울,2023-10-31 06:00,13.1,,1.9,88,13.2,11.1,1012.0,,,8,470
727,108,서울,2023-10-31 07:00,13.2,,2.0,88,13.3,11.2,1012.4,0.0,,10,504
728,108,서울,2023-10-31 08:00,13.1,,2.2,88,13.2,11.1,1012.8,0.13,,3,448
729,108,서울,2023-10-31 09:00,13.9,,1.4,88,13.9,11.9,1012.8,0.46,,0,409
730,108,서울,2023-10-31 10:00,15.3,,1.6,80,13.8,11.8,1012.8,0.71,,6,616
731,108,서울,2023-10-31 11:00,16.5,,1.3,75,14.0,12.0,1012.6,0.86,,8,770
732,108,서울,2023-10-31 12:00,18.6,,2.0,64,13.7,11.6,1012.0,1.83,,7,904
733,108,서울,2023-10-31 13:00,19.9,,2.0,60,13.8,11.8,1010.6,1.79,,1,880
734,108,서울,2023-10-31 14:00,20.6,,2.6,59,14.2,12.2,1009.8,1.85,,1,782
735,108,서울,2023-10-31 15:00,20.4,,3.3,56,13.4,11.3,1009.8,1.57,,0,854
736,108,서울,2023-10-31 16:00,19.7,,2.9,61,13.9,11.9,1009.4,0.89,,1,1094
737,108,서울,2023-10-31 17:00,18.8,,2.2,64,13.8,11.8,1009.4,0.44,,1,1094
738,108,서울,2023-10-31 18:00,18.0,,2.6,68,13.9,11.9,1009.4,0.04,,6,1203
739,108,서울,2023-10-31 19:00,17.7,,2.1,70,14.1,12.1,1009.5,,,2,1164
740,108,서울,2023-10-31 20:00,17.6,,2.3,73,14.6,12.6,1009.5,,,8,1056
741,108,서울,2023-10-31 21:00,17.5,,1.9,75,15.0,13.0,1009.6,,,8,1274
742,108,서울,2023-10-31 22:00,17.4,,1.3,78,15.5,13.5,1009.4,,,8,1075
743,108,서울,2023-10-31 23:00,17.4,,1.8,79,15.7,13.7,1008.9,,,8,893
744,108,서울,2023-11-01 00:00,17.4,,1.0,80,15.9,13.9,1009.0,,,9,830
745,108,서울,2023-11-01 01:00,17.4,,1.3,81,16.0,14.0,1009.2,,,9,824
746,108,서울,2023-11-01 02:00,17.6,,2.9,83,16.6,14.6,1008.8,,,9,883
747,108,서울,2023-11-01 03:00,17.5,,0.8,82,16.3,14.3,1008.2,,,8,897
748,108,서울,2023-11-01 04:00,17.3,,1.9,82,16.1,14.1,1007.7,,,7,879
749,108,서울,2023-11-01 05:00,17.2,,1.6,82,16.0,14.0,1007.7,,,8,880
750,108,서울,2023-11-01 06:00,17.4,,2.5,83,16.4,14.4,1007.5,,,10,983
751,108,서울,2023-11-01 07:00,17.5,,1.6,83,16.5,14.5,1007.2,0.0,,6,872
752,108,서울,2023-11-01 08:00,17.9,,2.8,85,17.4,15.3,1007.5,0.07,,4,929
753,108,서울,2023-11-01 09:00,18.2,0.0,3.4,83,17.3,15.2,1007.6,0.21,,9,933
754,108,서울,2023-11-01 10:00,18.5,,2.1,82,17.4,15.3,1007.3,0.18,,9,966
755,108,서울,2023-11-01 11:00,18.7,,0.5,82,17.6,15.5,1007.3,0.17,,10,901
756,108,서울,2023-11-01 12:00,19.1,,2.2,80,17.6,15.5,1006.6,0.29,,10,864
757,108,서울,2023-11-01 13:00,19.5,,2.3,80,18.1,15.9,1005.7,0.42,,10,900
758,108,서울,2023-11-01 14:00,20.0,,2.5,80,18.6,16.4,1005.2,0.38,,9,989
759,108,서울,2023-11-01 15:00,20.5,,4.4,78,18.8,16.5,1005.4,0.27,,9,1082
760,108,서울,2023-11-01 16:00,20.5,,3.2,79,19.0,16.7,1005.5,0.13,,9,1005
761,108,서울,2023-11-01 17:00,20.4,,3.3,80,19.1,16.8,1005.1,0.1,,8,1035
762,108,서울,2023-11-01 18:00,20.2,,3.8,81,19.1,16.8,1005.1,0.01,,8,941
763,108,서울,2023-11-01 19:00,20.0,,3.7,82,19.1,16.8,1005.5,,,8,890
764,108,서울,2023-11-01 20:00,19.9,,3.2,82,19.0,16.7,1005.6,,,8,781
765,108,서울,2023-11-01 21:00,19.7,,2.2,83,19.0,16.7,1006.4,,,9,754
766,108,서울,2023-11-01 22:00,19.6,,2.2,84,19.1,16.8,1006.7,,,9,750
767,108,서울,2023-11-01 23:00,19.5,,2.7,84,19.0,16.7,1006.7,,,8,769
768,108,서울,2023-11-02 00:00,19.5,,2.2,84,19.0,16.7,1006.7,,,9,799
769,108,서울,2023-11-02 01:00,19.4,,3.0,83,18.6,16.4,1006.8,,,9,827
770,108,서울,2023-11-02 02:00,19.1,,2.4,85,18.8,16.5,1007.0,,,8,850
771,108,서울,2023-11-02 03:00,19.0,,1.8,85,18.6,16.4,1006.6,,,9,722
772,108,서울,2023-11-02 04:00,19.0,,1.7,84,18.4,16.2,1006.6,,,9,683
773,108,서울,2023-11-02 05:00,18.9,,0.9,85,18.5,16.3,1006.5,,,9,713
774,108,서울,2023-11-02 06:00,18.9,,1.4,85,18.5,16.3,1006.3,,,9,783
775,108,서울,2023-11-02 07:00,18.9,,1.5,84,18.3,16.1,1006.3,0.0,,9,860
776,108,서울,2023-11-02 08:00,19.1,,3.1,82,18.1,15.9,1006.9,0.05,,9,1180
777,108,서울,2023-11-02 09:00,19.8,,1.9,79,18.2,16.0,1007.2,0.5,,4,1492
778,108,서울,2023-11-02 10:00,20.7,,2.6,73,17.7,15.6,1007.2,0.89,,4,1599
779,108,서울,2023-11-02 11:00,22.4,,2.0,69,18.6,16.4,1006.8,1.53,,3,1587
780,108,서울,2023-11-02 12:00,23.7,,3.3,63,18.4,16.2,1006.0,2.01,,1,1822
781,108,서울,2023-11-02 13:00,24.9,,3.6,55,17.3,15.2,1005.1,2.22,,0,2125
782,108,서울,2023-11-02 14:00,25.7,,4.1,45,14.8,12.8,1004.4,2.12,,0,2609
783,108,서울,2023-11-02 15:00,25.4,,4.6,42,13.6,11.5,1004.2,1.78,,0,3166
784,108,서울,2023-11-02 16:00,25.0,,3.6,38,11.9,9.6,1004.2,1.2,,0,4066
785,108,서울,2023-11-02 17:00,23.6,,3.4,50,14.5,12.5,1004.2,0.5,,0,3958
786,108,서울,2023-11-02 18:00,21.8,,3.6,57,14.8,12.8,1004.6,0.06,,0,3868
787,108,서울,2023-11-02 19:00,20.8,,3.2,52,12.7,10.5,1004.9,,,0,4056
788,108,서울,2023-11-02 20:00,19.8,,3.3,60,13.8,11.8,1004.9,,,0,4040
789,108,서울,2023-11-02 21:00,19.2,,3.3,75,16.6,14.6,1005.0,,,6,3121
790,108,서울,2023-11-02 22:00,18.9,,3.7,78,16.9,14.9,1005.3,,,6,2833
791,108,서울,2023-11-02 23:00,18.8,,3.9,80,17.3,15.2,1004.9,,,6,2482
792,108,서울,2023-11-03 00:00,18.8,,3.4,81,17.5,15.4,1004.7,,,8,2741
793,108,서울,2023-11-03 01:00,18.8,,3.7,81,17.5,15.4,1004.6,,,7,2827
794,108,서울,2023-11-03 02:00,18.7,,3.6,81,17.4,15.3,1005.0,,,7,2656
795,108,서울,2023-11-03 03:00,18.6,,2.2,82,17.5,15.4,1004.8,,,9,2490
796,108,서울,2023-11-03 04:00,18.5,,3.0,83,17.6,15.5,1004.6,,,9,2687
797,108,서울,2023-11-03 05:00,18.5,,2.9,83,17.6,15.5,1004.5,,,9,3339
798,108,서울,2023-11-03 06:00,18.5,,3.6,83,17.6,15.5,1004.2,,,6,3179
799,108,서울,2023-11-03 07:00,18.3,,2.6,83,17.4,15.3,1003.8,0.0,,8,3266
800,108,서울,2023-11-03 08:00,18.6,,2.4,83,17.7,15.6,1004.1,0.09,,9,2688
801,108,서울,2023-11-03 09:00,19.6,,2.9,79,17.9,15.8,1004.5,0.47,,8,2764
802,108,서울,2023-11-03 10:00,20.1,,3.9,78,18.3,16.1,1004.6,0.5,,9,2371
803,108,서울,2023-11-03 11:00,21.3,,3.3,74,18.6,16.4,1004.3,1.12,,8,2223
804,108,서울,2023-11-03 12:00,21.6,,3.4,73,18.8,16.5,1003.6,1.0,,5,1700
805,108,서울,2023-11-03 13:00,22.3,,4.4,71,19.0,16.7,1003.1,1.45,,6,1968
806,108,서울,2023-11-03 14:00,20.9,,2.9,81,20.0,17.5,1002.9,0.49,,7,1299
807,108,서울,2023-11-03 15:00,21.3,0.1,3.0,78,19.7,17.3,1003.1,0.58,,6,1469
808,108,서울,2023-11-03 16:00,21.0,,2.6,79,19.6,17.2,1003.3,0.28,,7,1520
809,108,서울,2023-11-03 17:00,20.6,,3.3,80,19.4,17.0,1003.9,0.12,,8,1315
810,108,서울,2023-11-03 18:00,19.7,0.2,2.4,88,20.1,17.6,1004.3,0.0,,6,468
811,108,서울,2023-11-03 19:00,19.0,,3.0,92,20.1,17.6,1004.6,,,8,320
812,108,서울,2023-11-03 20:00,19.0,,0.8,92,20.1,17.6,1004.7,,,6,430
813,108,서울,2023-11-03 21:00,18.8,8.2,1.7,91,19.6,17.2,1005.1,,,4,426
814,108,서울,2023-11-03 22:00,18.4,,1.9,91,19.1,16.8,1005.7,,,2,326
815,108,서울,2023-11-03 23:00,18.0,,1.2,92,18.9,16.6,1006.2,,,0,311
816,108,서울,2023-11-04 00:00,17.7,,1.3,92,18.5,16.3,1006.4,,,8,294
817,108,서울,2023-11-04 01:00,17.3,,1.4,92,18.1,15.9,1006.5,,,1,380
818,108,서울,2023-11-04 02:00,16.6,,1.5,91,17.2,15.1,1007.1,,,9,642
819,108,서울,2023-11-04 03:00,16.2,,1.1,91,16.7,14.7,1007.5,,,0,433
820,108,서울,2023-11-04 04:00,15.8,,1.9,90,16.1,14.1,1007.5,,,2,429
821,108,서울,2023-11-04 05:00,15.0,,1.9,84,14.3,12.3,1007.7,,,8,1242
822,108,서울,2023-11-04 06:00,14.8,,1.0,86,14.4,12.4,1008.1,,,3,1223
823,108,서울,2023-11-04 07:00,14.2,,2.0,88,14.2,12.2,1008.5,,,0,1128
824,108,서울,2023-11-04 08:00,14.5,,2.5,88,14.5,12.5,1009.5,0.12,,0,1237
825,108,서울,2023-11-04 09:00,16.0,,2.9,82,14.9,12.9,1010.0,0.55,,0,1431
826,108,서울,2023-11-04 10:00,17.1,,2.9,75,14.6,12.6,1010.3,0.98,,0,1708
827,108,서울,2023-11-04 11:00,17.7,,3.2,73,14.7,12.7,1010.5,0.71,,0,1832
828,108,서울,2023-11-04 12:00,18.6,,3.7,70,15.0,13.0,1010.1,1.12,,0,1833
829,108,서울,2023-11-04 13:00,19.7,,3.6,66,15.1,13.1,1009.5,1.32,,0,2230
830,108,서울,2023-11-04 14:00,20.3,,2.9,65,15.4,13.4,1009.2,1.35,,2,2128
831,108,서울,2023-11-04 15:00,20.9,,2.6,65,16.0,14.0,1009.3,1.17,,3,1755
832,108,서울,2023-11-04 16:00,20.6,,3.0,65,15.7,13.7,1009.5,0.63,,2,2002
833,108,서울,2023-11-04 17:00,20.0,,3.4,66,15.4,13.4,1009.7,0.35,,7,2463
834,108,서울,2023-11-04 18:00,19.1,,3.2,67,14.8,12.8,1010.2,0.02,,3,3282
835,108,서울,2023-11-04 19:00,18.3,,2.8,68,14.2,12.2,1010.6,,,5,3625
836,108,서울,2023-11-04 20:00,17.6,,3.3,70,14.0,12.0,1010.7,,,1,3954
837,108,서울,2023-11-04 21:00,17.2,,4.1,71,13.8,11.8,1010.8,,,1,4289
838,108,서울,2023-11-04 22:00,16.9,,4.0,71,13.6,11.5,1011.4,,,1,5000
839,108,서울,2023-11-04 23:00,16.6,,3.4,73,13.7,11.7,1011.9,,,2,4979
840,108,서울,2023-11-05 00:00,16.7,,3.1,72,13.7,11.6,1011.8,,,8,5000
841,108,서울,2023-11-05 01:00,16.6,,3.4,72,13.6,11.5,1011.4,,,3,4975
842,108,서울,2023-11-05 02:00,16.2,,3.8,79,14.5,12.5,1011.3,,,8,4392
843,108,서울,2023-11-05 03:00,16.0,0.1,4.1,80,14.5,12.5,1011.0,,,1,5000
844,108,서울,2023-11-05 04:00,16.0,,2.9,79,14.3,12.3,1010.6,,,8,4993
845,108,서울,2023-11-05 05:00,16.2,,3.9,81,14.9,12.9,1010.2,,,5,4306
846,108,서울,2023-11-05 06:00,15.7,0.2,3.1,84,14.9,12.9,1010.1,,,7,2098
847,108,서울,2023-11-05 07:00,15.2,,3.2,91,15.7,13.7,1010.7,,,6,869
848,108,서울,2023-11-05 08:00,15.1,,4.5,92,15.8,13.8,1010.4,0.04,,6,2923
849,108,서울,2023-11-05 09:00,15.8,4.4,2.8,90,16.1,14.1,1010.9,0.34,,4,3227
850,108,서울,2023-11-05 10:00,15.9,,2.2,92,16.5,14.5,1010.9,0.21,,5,1591
851,108,서울,2023-11-05 11:00,16.1,,3.8,95,17.3,15.2,1009.7,0.35,,3,931
852,108,서울,2023-11-05 12:00,17.0,2.7,3.6,93,17.9,15.8,1007.9,0.86,,2,2027
853,108,서울,2023-11-05 13:00,17.5,,2.8,89,17.7,15.6,1006.8,0.76,,4,2994
854,108,서울,2023-11-05 14:00,18.0,,3.8,87,17.8,15.7,1004.9,0.51,,4,3161
855,108,서울,2023-11-05 15:00,18.3,0.0,3.4,86,18.1,15.9,1004.0,0.41,,2,2791
856,108,서울,2023-11-05 16:00,18.4,,3.6,84,17.7,15.6,1003.2,0.17,,10,2153
857,108,서울,2023-11-05 17:00,18.5,,3.0,84,17.8,15.7,1002.4,0.08,,5,2808
858,108,서울,2023-11-05 18:00,18.7,0.0,2.3,83,17.8,15.7,1001.7,0.02,,7,2320
859,108,서울,2023-11-05 19:00,20.1,,2.8,74,17.4,15.3,1001.3,,,7,1930
860,108,서울,2023-11-05 20:00,19.7,,3.8,78,17.8,15.7,1000.6,,,5,1055
861,108,서울,2023-11-05 21:00,18.4,1.6,3.3,90,19.0,16.7,1000.1,,,8,343
862,108,서울,2023-11-05 22:00,18.0,,2.7,91,18.8,16.5,998.5,,,7,672
863,108,서울,2023-11-05 23:00,18.1,,2.9,89,18.4,16.2,996.1,,,7,1076
864,108,서울,2023-11-06 00:00,18.5,1.4,2.2,90,19.1,16.8,995.1,,,9,911
865,108,서울,2023-11-06 01:00,18.4,,2.3,94,19.9,17.4,993.2,,,8,575
866,108,서울,2023-11-06 02:00,19.2,,4.4,94,20.9,18.2,992.0,,,9,839
867,108,서울,2023-11-06 03:00,19.1,14.8,3.5,97,21.4,18.6,990.8,,,9,316
868,108,서울,2023-11-06 04:00,19.2,,5.3,96,21.3,18.5,990.2,,,9,2944
869,108,서울,2023-11-06 05:00,18.9,,4.7,93,20.2,17.7,990.1,,,8,1882
870,108,서울,2023-11-06 06:00,18.8,19.0,4.6,93,20.1,17.6,989.7,,,8,1502
871,108,서울,2023-11-06 07:00,18.9,,5.1,94,20.5,17.9,989.2,,,8,905
872,108,서울,2023-11-06 08:00,16.9,,6.0,94,18.1,15.9,991.2,0.01,,9,709
873,108,서울,2023-11-06 09:00,15.4,7.0,4.7,90,15.7,13.7,992.9,0.03,,8,1740
874,108,서울,2023-11-06 10:00,15.2,,4.8,84,14.5,12.5,994.5,0.44,,9,2209
875,108,서울,2023-11-06 11:00,15.1,,5.5,80,13.7,11.6,994.7,0.48,,8,1743
876,108,서울,2023-11-06 12:00,14.7,0.3,5.5,83,13.8,11.8,995.3,0.79,,9,1752
877,108,서울,2023-11-06 13:00,15.2,,3.8,75,12.9,10.7,994.7,0.57,,9,3502
878,108,서울,2023-11-06 14:00,15.0,,4.8,69,11.7,9.3,995.0,0.89,,8,3192
879,108,서울,2023-11-06 15:00,13.2,0.0,6.9,70,10.6,7.8,995.8,0.64,,8,2146
880,108,서울,2023-11-06 16:00,12.1,,4.4,71,9.9,6.9,997.2,0.48,,9,3993
881,108,서울,2023-11-06 17:00,11.9,,4.3,59,8.2,4.1,997.9,0.07,,7,1889
882,108,서울,2023-11-06 18:00,10.9,0.4,5.5,71,9.2,5.8,998.7,0.02,,8,2018
883,108,서울,2023-11-06 19:00,10.2,,5.0,69,8.5,4.7,999.6,,,9,2642
884,108,서울,2023-11-06 20:00,8.7,,4.0,77,8.6,4.8,1000.4,,,6,3473
885,108,서울,2023-11-06 21:00,7.4,0.7,4.5,86,8.8,5.2,1001.0,,,8,1874
886,108,서울,2023-11-06 22:00,6.8,,5.0,90,8.8,5.2,1002.0,,,9,682
887,108,서울,2023-11-06 23:00,6.9,,4.4,83,8.2,4.2,1002.3,,,5,3975
888,108,서울,2023-11-07 00:00,6.7,3.6,2.8,89,8.7,5.0,1002.7,,,7,2193
889,108,서울,2023-11-07 01:00,7.3,,5.8,72,7.3,2.5,1003.3,,,9,3506
890,108,서울,2023-11-07 02:00,6.8,,6.2,70,6.9,1.7,1004.5,,,3,4139
891,108,서울,2023-11-07 03:00,5.6,0.0,5.7,68,6.2,0.1,1005.5,,,4,3965
892,108,서울,2023-11-07 04:00,5.5,,4.0,68,6.1,0.0,1006.4,,,9,4058
893,108,서울,2023-11-07 05:00,5.2,,4.6,68,6.0,-0.2,1007.4,,,9,3863
894,108,서울,2023-11-07 06:00,4.4,,4.1,65,5.4,-1.6,1008.2,,,3,4101
895,108,서울,2023-11-07 07:00,3.8,,3.7,68,5.5,-1.5,1008.9,,,2,4021
896,108,서울,2023-11-07 08:00,3.7,,3.3,70,5.6,-1.2,1010.1,0.1,,3,3811
897,108,서울,2023-11-07 09:00,3.9,,2.8,68,5.5,-1.4,1011.3,0.48,,6,3796
898,108,서울,2023-11-07 10:00,4.7,,3.5,62,5.3,-1.9,1011.6,1.5,,3,3459
899,108,서울,2023-11-07 11:00,5.6,,3.2,59,5.4,-1.7,1011.9,1.86,,1,3672
900,108,서울,2023-11-07 12:00,7.0,,3.4,54,5.4,-1.6,1011.6,2.3,,0,4812
901,108,서울,2023-11-07 13:00,7.7,,3.3,47,4.9,-2.9,1011.0,2.38,,0,4794
902,108,서울,2023-11-07 14:00,9.1,,3.3,45,5.2,-2.2,1010.9,2.21,,0,4621
903,108,서울,2023-11-07 15:00,9.6,,2.8,47,5.6,-1.1,1011.1,1.77,,0,3894
904,108,서울,2023-11-07 16:00,9.6,,2.8,49,5.8,-0.6,1011.4,1.2,,0,3940
905,108,서울,2023-11-07 17:00,8.1,,3.0,54,5.8,-0.6,1011.8,0.5,,0,3802
906,108,서울,2023-11-07 18:00,6.9,,2.0,58,5.8,-0.8,1012.4,0.04,,0,4007
907,108,서울,2023-11-07 19:00,6.1,,2.1,64,6.0,-0.2,1013.0,,,0,4146
908,108,서울,2023-11-07 20:00,5.6,,1.8,64,5.8,-0.6,1013.0,,,0,3691
909,108,서울,2023-11-07 21:00,5.1,,0.9,68,6.0,-0.3,1013.5,,,0,3617
910,108,서울,2023-11-07 22:00,4.7,,1.5,71,6.1,-0.1,1013.8,,,0,3609
911,108,서울,2023-11-07 23:00,4.2,,0.9,70,5.8,-0.7,1013.3,,,0,3472
912,108,서울,2023-11-08 00:00,3.8,,1.6,72,5.8,-0.7,1013.3,,,0,3599
913,108,서울,2023-11-08 01:00,3.3,,1.9,72,5.6,-1.2,1013.2,,,0,3987
914,108,서울,2023-11-08 02:00,3.0,,2.3,73,5.6,-1.3,1012.9,,,0,3580
915,108,서울,2023-11-08 03:00,2.7,,2.5,76,5.6,-1.1,1012.6,,,0,3397
916,108,서울,2023-11-08 04:00,2.5,,1.7,77,5.6,-1.1,1012.5,,,0,3252
917,108,서울,2023-11-08 05:00,2.3,,0.6,78,5.6,-1.1,1012.8,,,0,3313
918,108,서울,2023-11-08 06:00,2.4,,1.5,79,5.8,-0.8,1013.5,,,0,3050
919,108,서울,2023-11-08 07:00,1.9,,2.1,82,5.8,-0.8,1013.3,,,0,2683
920,108,서울,2023-11-08 08:00,2.5,,2.6,82,6.0,-0.2,1013.0,0.17,,0,2175
921,108,서울,2023-11-08 09:00,4.6,,2.3,71,6.0,-0.2,1012.8,0.71,,0,2963
922,108,서울,2023-11-08 10:00,7.2,,2.3,60,6.1,0.0,1012.9,1.45,,0,3480
923,108,서울,2023-11-08 11:00,9.1,,2.2,53,6.1,0.0,1012.4,1.72,,0,3885
924,108,서울,2023-11-08 12:00,10.6,,2.3,46,5.9,-0.5,1012.0,1.74,,0,3494
925,108,서울,2023-11-08 13:00,12.7,,1.8,38,5.6,-1.2,1011.2,2.35,,0,4001
926,108,서울,2023-11-08 14:00,13.9,,0.5,29,4.6,-3.8,1010.6,2.12,,0,4767
927,108,서울,2023-11-08 15:00,16.0,,1.7,27,4.9,-3.0,1010.3,1.76,,0,4195
928,108,서울,2023-11-08 16:00,16.0,,1.5,28,5.1,-2.5,1010.4,1.16,,0,3418
929,108,서울,2023-11-08 17:00,14.1,,1.5,30,4.8,-3.2,1010.4,0.45,,0,3980
930,108,서울,2023-11-08 18:00,12.2,,0.7,39,5.6,-1.3,1010.1,0.02,,0,2896
931,108,서울,2023-11-08 19:00,10.6,,0.6,46,5.9,-0.5,1010.6,,,1,2958
932,108,서울,2023-11-08 20:00,10.1,,1.4,45,5.6,-1.3,1010.5,,,5,2417
933,108,서울,2023-11-08 21:00,10.0,,1.4,46,5.6,-1.1,1010.8,,,2,2904
934,108,서울,2023-11-08 22:00,9.7,,0.8,48,5.8,-0.8,1011.2,,,5,2667
935,108,서울,2023-11-08 23:00,9.0,,1.4,54,6.2,0.1,1010.9,,,5,2575
936,108,서울,2023-11-09 00:00,8.5,,1.5,57,6.3,0.4,1010.8,,,3,2579
937,108,서울,2023-11-09 01:00,8.1,,1.3,60,6.4,0.7,1010.8,,,0,2678
938,108,서울,2023-11-09 02:00,7.6,,1.1,63,6.5,0.9,1010.7,,,0,2736
939,108,서울,2023-11-09 03:00,7.1,,2.2,68,6.8,1.5,1010.2,,,0,2575
940,108,서울,2023-11-09 04:00,6.7,,2.1,70,6.9,1.6,1009.9,,,0,2462
941,108,서울,2023-11-09 05:00,6.5,,2.4,70,6.8,1.4,1009.8,,,0,2563
942,108,서울,2023-11-09 06:00,6.2,,1.5,72,6.8,1.5,1009.7,,,0,2460
943,108,서울,2023-11-09 07:00,6.0,,2.1,75,7.0,1.8,1009.6,,,0,2138
944,108,서울,2023-11-09 08:00,6.6,,1.0,75,7.3,2.4,1009.6,0.05,,8,2105
945,108,서울,2023-11-09 09:00,8.4,,1.3,72,7.9,3.6,1010.2,0.17,,7,2079
946,108,서울,2023-11-09 10:00,11.5,,2.5,61,8.2,4.2,1009.8,1.22,,8,1962
947,108,서울,2023-11-09 11:00,13.3,,1.4,58,8.8,5.1,1009.7,1.21,,8,1912
948,108,서울,2023-11-09 12:00,15.1,,1.0,55,9.4,6.1,1008.4,1.32,,6,1721
949,108,서울,2023-11-09 13:00,17.0,,0.6,62,11.9,9.6,1007.2,1.38,,9,1850
950,108,서울,2023-11-09 14:00,17.3,,1.0,62,12.2,9.9,1006.5,0.59,,9,2168
951,108,서울,2023-11-09 15:00,18.3,,2.6,66,13.8,11.8,1005.9,0.61,,9,2106
952,108,서울,2023-11-09 16:00,18.0,,2.4,73,15.0,13.0,1005.8,0.19,,7,1768
953,108,서울,2023-11-09 17:00,15.7,,4.0,90,16.0,14.0,1007.1,0.03,,8,568
954,108,서울,2023-11-09 18:00,14.5,5.1,2.2,90,14.8,12.8,1007.7,0.01,,7,847
955,108,서울,2023-11-09 19:00,13.7,,2.1,89,13.9,11.9,1008.8,,,8,658
956,108,서울,2023-11-09 20:00,13.2,,2.0,88,13.3,11.2,1009.3,,,7,637
957,108,서울,2023-11-09 21:00,12.8,0.0,2.4,88,12.9,10.8,1008.7,,,5,570
958,108,서울,2023-11-09 22:00,11.7,,2.1,85,11.6,9.2,1010.2,,,6,635
959,108,서울,2023-11-09 23:00,10.6,,2.4,80,10.2,7.2,1010.4,,,2,1071
960,108,서울,2023-11-10 00:00,9.1,,3.5,74,8.5,4.7,1010.3,,,0,1387
961,108,서울,2023-11-10 01:00,7.4,,6.2,66,6.8,1.4,1010.8,,,8,2093
962,108,서울,2023-11-10 02:00,5.8,,4.8,69,6.3,0.5,1010.9,,,8,2768
963,108,서울,2023-11-10 03:00,4.7,,3.7,73,6.2,0.2,1011.6,,,0,2450
964,108,서울,2023-11-10 04:00,3.9,,2.2,75,6.1,-0.1,1012.2,,,0,2410
965,108,서울,2023-11-10 05:00,3.0,,3.4,72,5.5,-1.5,1011.9,,,0,2852
966,108,서울,2023-11-10 06:00,2.1,,3.8,71,5.0,-2.6,1013.1,,,0,3289
967,108,서울,2023-11-10 07:00,1.4,,3.1,71,4.8,-3.2,1013.6,,,0,3217
968,108,서울,2023-11-10 08:00,0.8,,3.9,70,4.5,-4.0,1014.7,0.07,,0,3250
969,108,서울,2023-11-10 09:00,1.5,,4.1,66,4.5,-4.1,1015.6,0.63,,1,3395
970,108,서울,2023-11-10 10:00,3.2,,3.0,54,4.2,-5.2,1015.7,1.43,,0,3829
971,108,서울,2023-11-10 11:00,4.1,,4.7,46,3.8,-6.5,1015.6,1.97,,0,4460
972,108,서울,2023-11-10 12:00,5.2,,3.6,45,4.0,-5.7,1015.4,2.28,,0,4001
973,108,서울,2023-11-10 13:00,6.0,,4.5,36,3.4,-7.9,1014.9,2.36,,0,4178
974,108,서울,2023-11-10 14:00,7.2,,3.9,35,3.6,-7.2,1014.7,2.2,,0,4884
975,108,서울,2023-11-10 15:00,7.2,,3.7,33,3.3,-8.0,1015.2,1.81,,0,4179
976,108,서울,2023-11-10 16:00,7.0,,3.6,33,3.3,-8.2,1015.3,1.24,,0,5000
977,108,서울,2023-11-10 17:00,5.5,,2.8,34,3.1,-9.1,1015.8,0.51,,0,5000
978,108,서울,2023-11-10 18:00,4.3,,3.0,37,3.1,-9.1,1016.7,0.02,,0,5000
979,108,서울,2023-11-10 19:00,3.2,,4.0,43,3.3,-8.2,1017.2,,,0,4285
980,108,서울,2023-11-10 20:00,2.3,,4.8,45,3.2,-8.4,1017.7,,,0,4514
981,108,서울,2023-11-10 21:00,1.7,,5.1,48,3.3,-8.1,1017.8,,,0,4230
982,108,서울,2023-11-10 22:00,1.3,,4.2,47,3.2,-8.7,1018.0,,,0,4311
983,108,서울,2023-11-10 23:00,0.9,,2.9,51,3.3,-8.1,1018.2,,,0,4036
984,108,서울,2023-11-11 00:00,0.5,,2.5,52,3.3,-8.2,1018.0,,,0,3965
985,108,서울,2023-11-11 01:00,-0.1,,2.1,54,3.3,-8.3,1017.8,,,0,4119
986,108,서울,2023-11-11 02:00,-0.7,,1.2,56,3.2,-8.4,1018.0,,,0,4137
987,108,서울,2023-11-11 03:00,-0.8,,1.7,58,3.3,-8.0,1017.8,,,0,4034
988,108,서울,2023-11-11 04:00,-1.1,,1.0,59,3.3,-8.1,1018.3,,,0,3806
989,108,서울,2023-11-11 05:00,-1.2,,1.2,60,3.4,-7.9,1018.4,,,0,3846
990,108,서울,2023-11-11 06:00,-1.5,,1.5,61,3.3,-8.0,1018.5,,,0,3582
991,108,서울,2023-11-11 07:00,-1.8,,1.5,62,3.3,-8.1,1018.4,,,0,4140
992,108,서울,2023-11-11 08:00,-1.6,,1.0,59,3.2,-8.5,1018.7,0.1,,1,4154
993,108,서울,2023-11-11 09:00,0.0,,1.6,54,3.3,-8.2,1019.1,0.53,,6,3860
994,108,서울,2023-11-11 10:00,1.2,,3.1,50,3.3,-8.0,1019.5,0.68,,7,3610
995,108,서울,2023-11-11 11:00,2.0,,3.2,47,3.3,-8.1,1019.2,0.98,,8,4088
996,108,서울,2023-11-11 12:00,3.1,,2.8,41,3.1,-8.9,1018.6,1.38,,6,4019
997,108,서울,2023-11-11 13:00,4.5,,3.7,34,2.9,-10.0,1017.7,1.92,,0,4182
998,108,서울,2023-11-11 14:00,6.0,,2.7,31,2.9,-9.8,1016.6,1.97,,0,3303
999,108,서울,2023-11-11 15:00,6.4,,2.3,28,2.7,-10.8,1016.2,1.69,,0,3280
1000,108,서울,2023-11-11 16:00,6.4,,2.7,29,2.8,-10.3,1016.5,1.16,,0,4208
1001,108,서울,2023-11-11 17:00,4.8,,3.6,34,2.9,-9.7,1016.6,0.47,,0,4375
1002,108,서울,2023-11-11 18:00,3.7,,2.7,39,3.1,-9.0,1017.1,0.02,,0,4458
1003,108,서울,2023-11-11 19:00,3.1,,2.3,42,3.2,-8.5,1017.3,,,0,4137
1004,108,서울,2023-11-11 20:00,2.5,,2.1,44,3.2,-8.5,1017.4,,,0,3760
1005,108,서울,2023-11-11 21:00,1.9,,1.6,43,3.0,-9.3,1017.4,,,0,3747
1006,108,서울,2023-11-11 22:00,1.4,,2.3,47,3.2,-8.7,1017.8,,,0,3928
1007,108,서울,2023-11-11 23:00,1.0,,3.0,54,3.6,-7.2,1018.1,,,0,3618
1008,108,서울,2023-11-12 00:00,0.4,,2.3,59,3.7,-6.6,1018.0,,,0,3093
1009,108,서울,2023-11-12 01:00,0.0,,2.2,61,3.7,-6.6,1017.9,,,0,3277
1010,108,서울,2023-11-12 02:00,-0.6,,0.9,61,3.6,-7.2,1018.0,,,0,3264
1011,108,서울,2023-11-12 03:00,-0.9,,2.1,60,3.4,-7.7,1017.8,,,0,3602
1012,108,서울,2023-11-12 04:00,-1.4,,1.1,61,3.4,-7.9,1017.5,,,0,3754
1013,108,서울,2023-11-12 05:00,-1.5,,0.9,61,3.3,-8.0,1017.5,,,0,3911
1014,108,서울,2023-11-12 06:00,-1.8,,1.1,63,3.4,-7.9,1017.3,,,0,3790
1015,108,서울,2023-11-12 07:00,-1.8,,1.6,65,3.5,-7.5,1017.4,,,0,3193
1016,108,서울,2023-11-12 08:00,-1.2,,2.3,64,3.6,-7.1,1017.7,0.12,,0,2879
1017,108,서울,2023-11-12 09:00,0.0,,3.7,58,3.6,-7.2,1017.8,0.69,,0,3388
1018,108,서울,2023-11-12 10:00,1.3,,3.9,51,3.4,-7.7,1017.6,1.42,,0,3201
1019,108,서울,2023-11-12 11:00,2.2,,3.1,46,3.3,-8.2,1017.5,1.91,,0,3428
1020,108,서울,2023-11-12 12:00,2.9,,2.9,41,3.1,-9.0,1016.9,2.23,,0,3948
1021,108,서울,2023-11-12 13:00,3.9,,2.7,39,3.1,-8.8,1015.9,2.3,,0,4103
1022,108,서울,2023-11-12 14:00,4.6,,3.5,38,3.2,-8.5,1015.3,2.13,,0,3396
1023,108,서울,2023-11-12 15:00,5.4,,2.2,40,3.6,-7.1,1015.0,1.72,,0,3342
1024,108,서울,2023-11-12 16:00,5.3,,2.2,42,3.7,-6.6,1014.9,1.15,,0,3285
1025,108,서울,2023-11-12 17:00,3.7,,2.0,47,3.8,-6.5,1014.8,0.48,,0,3288
1026,108,서울,2023-11-12 18:00,2.8,,2.2,48,3.6,-7.1,1015.1,0.02,,0,3813
1027,108,서울,2023-11-12 19:00,2.3,,2.5,47,3.4,-7.8,1015.5,,,0,4040
1028,108,서울,2023-11-12 20:00,1.7,,1.6,49,3.4,-7.8,1015.7,,,0,3737
1029,108,서울,2023-11-12 21:00,1.3,,1.6,54,3.6,-7.0,1016.0,,,0,3253
1030,108,서울,2023-11-12 22:00,0.9,,2.9,60,3.9,-6.0,1016.4,,,0,3247
1031,108,서울,2023-11-12 23:00,0.5,,1.3,63,4.0,-5.7,1016.7,,,0,2818
1032,108,서울,2023-11-13 00:00,-0.3,,1.1,66,4.0,-5.8,1016.9,,,0,2655
1033,108,서울,2023-11-13 01:00,-0.4,,2.3,71,4.2,-5.0,1016.8,,,0,2419
1034,108,서울,2023-11-13 02:00,-0.5,,2.1,70,4.1,-5.3,1017.3,,,0,2423
1035,108,서울,2023-11-13 03:00,-1.1,,1.1,70,4.0,-5.8,1016.9,,,0,2382
1036,108,서울,2023-11-13 04:00,-1.3,,1.5,69,3.8,-6.2,1016.6,,,0,2487
1037,108,서울,2023-11-13 05:00,-1.4,,2.4,68,3.8,-6.5,1016.9,,,0,2497
1038,108,서울,2023-11-13 06:00,-1.6,,2.9,68,3.7,-6.7,1017.1,,,0,2374
1039,108,서울,2023-11-13 07:00,-2.0,,1.9,69,3.6,-6.9,1017.3,,,0,2208
1040,108,서울,2023-11-13 08:00,-1.7,,2.7,67,3.6,-7.0,1018.0,0.13,,0,2388
1041,108,서울,2023-11-13 09:00,-0.5,,3.9,57,3.4,-7.9,1018.6,0.71,,0,2769
1042,108,서울,2023-11-13 10:00,1.1,,2.6,51,3.4,-7.9,1018.8,1.42,,0,3059
1043,108,서울,2023-11-13 11:00,3.3,,1.9,43,3.3,-8.1,1018.6,1.89,,0,3619
1044,108,서울,2023-11-13 12:00,4.3,,4.1,35,2.9,-9.8,1018.1,2.23,,0,4612
1045,108,서울,2023-11-13 13:00,4.7,,2.8,34,2.9,-9.8,1017.0,2.3,,0,4441
1046,108,서울,2023-11-13 14:00,6.3,,2.9,35,3.3,-8.0,1016.3,2.13,,0,3872
1047,108,서울,2023-11-13 15:00,6.2,,3.6,34,3.2,-8.5,1016.5,1.73,,0,3642
1048,108,서울,2023-11-13 16:00,6.3,,3.1,35,3.3,-8.0,1016.0,1.17,,0,4418
1049,108,서울,2023-11-13 17:00,5.4,,2.6,44,3.9,-5.9,1016.1,0.45,,0,3609
1050,108,서울,2023-11-13 18:00,4.4,,2.5,47,3.9,-5.9,1016.5,0.02,,0,3597
1051,108,서울,2023-11-13 19:00,3.7,,1.9,50,4.0,-5.7,1016.6,,,0,3538
1052,108,서울,2023-11-13 20:00,3.0,,1.2,54,4.1,-5.4,1016.6,,,0,3320
1053,108,서울,2023-11-13 21:00,2.5,,1.1,59,4.3,-4.7,1016.8,,,0,2991
1054,108,서울,2023-11-13 22:00,2.3,,0.9,62,4.5,-4.2,1017.2,,,0,2817
1055,108,서울,2023-11-13 23:00,2.4,,2.3,63,4.6,-3.9,1017.3,,,0,2623
1056,108,서울,2023-11-14 00:00,1.7,,2.2,62,4.3,-4.8,1017.5,,,0,3057
1057,108,서울,2023-11-14 01:00,0.9,,1.0,64,4.2,-5.1,1017.3,,,0,2867
1058,108,서울,2023-11-14 02:00,0.6,,1.4,69,4.4,-4.4,1017.3,,,0,2784
1059,108,서울,2023-11-14 03:00,0.3,,1.0,70,4.4,-4.5,1017.1,,,0,2628
1060,108,서울,2023-11-14 04:00,-0.1,,1.5,73,4.4,-4.3,1016.9,,,0,2555
1061,108,서울,2023-11-14 05:00,-0.3,,1.1,75,4.5,-4.2,1016.7,,,0,2563
1062,108,서울,2023-11-14 06:00,-0.2,,0.1,74,4.5,-4.2,1016.5,,,0,2562
1063,108,서울,2023-11-14 07:00,-0.6,,1.8,77,4.5,-4.1,1016.4,,,0,2323
1064,108,서울,2023-11-14 08:00,-0.7,,1.7,78,4.5,-4.0,1016.5,0.1,,0,2231
1065,108,서울,2023-11-14 09:00,1.1,,1.9,74,4.9,-3.0,1017.0,0.6,,0,2269
1066,108,서울,2023-11-14 10:00,4.1,,1.8,63,5.2,-2.3,1017.0,1.29,,0,2228
1067,108,서울,2023-11-14 11:00,6.0,,1.2,55,5.2,-2.3,1016.9,1.75,,0,2262
1068,108,서울,2023-11-14 12:00,8.7,,1.5,50,5.6,-1.1,1016.2,2.06,,0,2300
1069,108,서울,2023-11-14 13:00,9.2,,3.7,51,5.9,-0.4,1015.3,2.14,,0,2560
1070,108,서울,2023-11-14 14:00,9.9,,3.9,48,5.8,-0.6,1014.9,2.0,,0,3044
1071,108,서울,2023-11-14 15:00,10.7,,2.2,49,6.3,0.4,1014.5,1.61,,0,2864
1072,108,서울,2023-11-14 16:00,10.5,,2.5,48,6.1,0.0,1014.1,1.0,,0,2245
1073,108,서울,2023-11-14 17:00,9.2,,2.8,55,6.4,0.6,1014.2,0.37,,0,2322
1074,108,서울,2023-11-14 18:00,8.1,,2.5,62,6.7,1.2,1014.5,0.02,,0,2427
1075,108,서울,2023-11-14 19:00,7.3,,1.4,67,6.8,1.5,1015.0,,,6,2228
1076,108,서울,2023-11-14 20:00,6.6,,1.7,67,6.5,0.8,1015.1,,,7,2241
1077,108,서울,2023-11-14 21:00,6.1,,1.0,71,6.7,1.2,1015.4,,,0,2030
1078,108,서울,2023-11-14 22:00,5.6,,1.6,75,6.8,1.5,1015.7,,,2,1930
1079,108,서울,2023-11-14 23:00,5.2,,0.4,78,6.9,1.6,1015.6,,,0,1846
1080,108,서울,2023-11-15 00:00,4.8,,1.2,79,6.8,1.4,1015.7,,,0,2059
1081,108,서울,2023-11-15 01:00,4.2,,1.7,81,6.7,1.2,1016.0,,,0,1724
1082,108,서울,2023-11-15 02:00,4.0,,1.3,80,6.5,0.8,1016.3,,,0,1942
1083,108,서울,2023-11-15 03:00,3.6,,0.1,82,6.5,0.8,1016.7,,,0,1727
1084,108,서울,2023-11-15 04:00,3.2,,1.4,84,6.4,0.7,1016.7,,,0,1541
1085,108,서울,2023-11-15 05:00,2.9,,1.4,88,6.6,1.1,1016.7,,,0,1399
1086,108,서울,2023-11-15 06:00,2.6,,1.5,89,6.5,0.9,1017.2,,,0,1353
1087,108,서울,2023-11-15 07:00,2.1,,2.0,89,6.3,0.4,1017.4,,,0,1079
1088,108,서울,2023-11-15 08:00,2.2,,1.5,91,6.5,0.8,1018.2,0.09,,0,1093
1089,108,서울,2023-11-15 09:00,3.4,,1.6,91,7.1,2.0,1018.3,0.49,,0,1217
1090,108,서울,2023-11-15 10:00,6.1,,1.6,79,7.4,2.7,1018.4,1.14,,0,1170
1091,108,서울,2023-11-15 11:00,8.7,,0.8,65,7.3,2.4,1018.0,1.56,,0,1284
1092,108,서울,2023-11-15 12:00,10.4,,1.8,58,7.3,2.4,1017.2,1.88,,0,1247
1093,108,서울,2023-11-15 13:00,12.1,,2.5,51,7.2,2.2,1016.6,1.98,,0,1207
1094,108,서울,2023-11-15 14:00,12.4,,2.4,49,7.0,1.9,1016.5,1.81,,0,1200
1095,108,서울,2023-11-15 15:00,11.1,,3.3,51,6.7,1.3,1017.3,0.88,,8,1121
1096,108,서울,2023-11-15 16:00,10.5,,2.2,51,6.4,0.7,1016.9,0.49,,4,1193
1097,108,서울,2023-11-15 17:00,10.2,,0.2,54,6.7,1.2,1016.9,0.14,,8,1168
1098,108,서울,2023-11-15 18:00,9.7,,1.2,56,6.7,1.3,1016.6,0.01,,8,1138
1099,108,서울,2023-11-15 19:00,9.0,,1.1,59,6.8,1.4,1016.7,,,5,1074
1100,108,서울,2023-11-15 20:00,8.5,,2.0,65,7.2,2.2,1015.8,,,6,932
1101,108,서울,2023-11-15 21:00,8.3,,0.5,69,7.5,2.9,1016.0,,,0,970
1102,108,서울,2023-11-15 22:00,7.5,,1.7,72,7.4,2.7,1015.6,,,2,870
1103,108,서울,2023-11-15 23:00,7.4,,1.4,76,7.8,3.4,1016.5,,,8,840
1104,108,서울,2023-11-16 00:00,7.2,,1.2,75,7.6,3.0,1015.9,,,6,862
1105,108,서울,2023-11-16 01:00,7.0,,2.1,76,7.6,3.0,1015.3,,,8,777
1106,108,서울,2023-11-16 02:00,6.9,,1.9,77,7.6,3.1,1014.9,,,9,847
1107,108,서울,2023-11-16 03:00,6.7,,1.7,74,7.2,2.3,1014.5,,,3,838
1108,108,서울,2023-11-16 04:00,6.8,,2.3,75,7.4,2.6,1013.6,,,8,820
1109,108,서울,2023-11-16 05:00,6.9,,2.1,73,7.2,2.3,1013.5,,,9,825
1110,108,서울,2023-11-16 06:00,6.9,,1.8,72,7.1,2.1,1012.3,,,9,830
1111,108,서울,2023-11-16 07:00,6.8,,2.7,69,6.8,1.4,1012.1,,,7,800
1112,108,서울,2023-11-16 08:00,6.9,,2.0,70,6.9,1.7,1011.3,0.01,,7,782
1113,108,서울,2023-11-16 09:00,7.2,,1.8,69,7.0,1.8,1010.7,0.11,,7,750
1114,108,서울,2023-11-16 10:00,7.2,,0.8,77,7.8,3.4,1010.6,0.13,,7,492
1115,108,서울,2023-11-16 11:00,6.9,,2.0,89,8.8,5.2,1009.7,0.17,,8,240
1116,108,서울,2023-11-16 12:00,6.8,3.3,2.1,91,9.0,5.4,1008.6,0.18,,8,211
1117,108,서울,2023-11-16 13:00,6.8,,1.7,93,9.2,5.7,1007.0,0.15,,9,160
1118,108,서울,2023-11-16 14:00,6.8,,1.7,93,9.2,5.7,1006.0,0.11,,8,129
1119,108,서울,2023-11-16 15:00,7.0,4.0,1.4,94,9.3,6.0,1005.3,0.07,,9,118
1120,108,서울,2023-11-16 16:00,7.4,,3.3,94,9.6,6.4,1005.4,0.06,,7,386
1121,108,서울,2023-11-16 17:00,6.8,,3.6,93,9.2,5.7,1005.7,0.09,,8,396
1122,108,서울,2023-11-16 18:00,6.6,1.0,2.3,93,9.0,5.5,1005.5,0.01,,7,304
1123,108,서울,2023-11-16 19:00,6.7,,1.3,93,9.1,5.6,1005.6,,,6,290
1124,108,서울,2023-11-16 20:00,6.6,,0.9,92,8.9,5.3,1005.4,,,8,380
1125,108,서울,2023-11-16 21:00,6.1,0.1,1.0,93,8.7,5.0,1005.5,,,7,347
1126,108,서울,2023-11-16 22:00,5.8,,1.1,93,8.5,4.7,1005.2,,,9,351
1127,108,서울,2023-11-16 23:00,6.0,,1.4,94,8.8,5.1,1004.9,,,5,265
1128,108,서울,2023-11-17 00:00,5.7,0.0,1.5,94,8.6,4.8,1004.7,,,6,308
1129,108,서울,2023-11-17 01:00,5.9,,3.1,92,8.5,4.6,1004.5,,,6,453
1130,108,서울,2023-11-17 02:00,4.4,,3.1,80,6.7,1.2,1004.9,,,7,1956
1131,108,서울,2023-11-17 03:00,3.7,0.0,3.3,69,5.5,-1.4,1005.1,,,8,3291
1132,108,서울,2023-11-17 04:00,2.6,,1.3,67,4.9,-2.9,1004.7,,,0,3935
1133,108,서울,2023-11-17 05:00,1.8,,2.4,65,4.5,-4.0,1004.9,,,0,3979
1134,108,서울,2023-11-17 06:00,1.1,,1.3,65,4.3,-4.7,1004.5,,,0,4165
1135,108,서울,2023-11-17 07:00,0.7,,1.6,72,4.6,-3.7,1004.5,,,0,3612
1136,108,서울,2023-11-17 08:00,0.7,,1.1,72,4.6,-3.7,1004.5,0.1,,0,3911
1137,108,서울,2023-11-17 09:00,2.0,,1.7,63,4.4,-4.3,1004.6,0.64,,0,4749
1138,108,서울,2023-11-17 10:00,4.2,,1.2,50,4.1,-5.3,1003.5,1.28,,0,4907
1139,108,서울,2023-11-17 11:00,5.1,,2.8,42,3.7,-6.7,1002.9,1.01,,6,5000
1140,108,서울,2023-11-17 12:00,4.0,0.0,2.3,52,4.2,-4.9,1002.1,0.55,,7,4990
1141,108,서울,2023-11-17 13:00,3.7,,3.1,64,5.1,-2.4,1001.6,0.49,,8,3798
1142,108,서울,2023-11-17 14:00,3.8,,2.3,67,5.4,-1.7,1001.1,0.76,,7,4484
1143,108,서울,2023-11-17 15:00,3.8,0.0,4.8,55,4.4,-4.4,1001.2,1.15,,5,4874
1144,108,서울,2023-11-17 16:00,3.0,,4.4,54,4.1,-5.4,1001.4,1.12,,3,4930
1145,108,서울,2023-11-17 17:00,1.9,,3.6,58,4.1,-5.5,1001.6,0.31,,2,4425
1146,108,서울,2023-11-17 18:00,1.1,,4.4,58,3.8,-6.2,1002.1,0.01,,7,4428
1147,108,서울,2023-11-17 19:00,0.4,,3.2,56,3.5,-7.3,1002.7,,,1,4682
1148,108,서울,2023-11-17 20:00,-0.4,,2.5,56,3.3,-8.1,1002.8,,,0,4999
1149,108,서울,2023-11-17 21:00,-0.7,,2.5,58,3.4,-7.9,1002.7,,,1,4510
1150,108,서울,2023-11-17 22:00,-1.1,,2.3,59,3.3,-8.1,1002.7,,,3,4329
1151,108,서울,2023-11-17 23:00,-1.5,,3.6,54,3.0,-9.6,1002.6,,,0,4951
1152,108,서울,2023-11-18 00:00,-1.9,,2.5,54,2.9,-9.9,1002.5,,,0,4555
1153,108,서울,2023-11-18 01:00,-2.2,,4.0,50,2.6,-11.2,1002.3,,,0,4821
1154,108,서울,2023-11-18 02:00,-2.6,,5.5,50,2.5,-11.6,1002.7,,,0,4861
1155,108,서울,2023-11-18 03:00,-3.1,,4.9,53,2.6,-11.3,1003.1,,,0,4890
1156,108,서울,2023-11-18 04:00,-3.5,,3.1,56,2.6,-11.0,1003.8,,,0,4491
1157,108,서울,2023-11-18 05:00,-3.7,,2.9,57,2.7,-10.9,1004.6,,,0,4959
1158,108,서울,2023-11-18 06:00,-3.5,,3.7,55,2.6,-11.2,1005.3,,,0,4447
1159,108,서울,2023-11-18 07:00,-3.6,,3.0,58,2.7,-10.6,1005.9,,,0,4380
1160,108,서울,2023-11-18 08:00,-3.3,,2.8,57,2.7,-10.6,1007.0,0.09,,0,4151
1161,108,서울,2023-11-18 09:00,-2.1,,3.1,54,2.8,-10.1,1007.6,0.62,,0,4569
1162,108,서울,2023-11-18 10:00,-0.5,,4.2,51,3.0,-9.4,1008.3,1.23,,0,3098
1163,108,서울,2023-11-18 11:00,1.0,,4.0,53,3.5,-7.5,1008.2,1.72,,0,2824
1164,108,서울,2023-11-18 12:00,2.2,,3.8,50,3.6,-7.1,1008.3,2.03,,0,2648
1165,108,서울,2023-11-18 13:00,3.2,,5.0,51,3.9,-5.9,1007.2,2.15,,0,2672
1166,108,서울,2023-11-18 14:00,4.7,,4.0,49,4.2,-5.1,1007.1,1.99,,0,2395
1167,108,서울,2023-11-18 15:00,5.6,,4.4,50,4.5,-4.0,1007.1,1.59,,0,2255
1168,108,서울,2023-11-18 16:00,5.4,,4.3,55,4.9,-2.9,1007.7,1.01,,0,2179
1169,108,서울,2023-11-18 17:00,4.3,,3.3,61,5.1,-2.5,1008.1,0.43,,1,1951
1170,108,서울,2023-11-18 18:00,3.3,,3.7,67,5.2,-2.2,1008.2,0.02,,0,1961
1171,108,서울,2023-11-18 19:00,2.7,,3.6,69,5.1,-2.4,1008.9,,,0,1949
1172,108,서울,2023-11-18 20:00,2.1,,2.8,68,4.8,-3.2,1009.3,,,0,2035
1173,108,서울,2023-11-18 21:00,1.8,,3.1,69,4.8,-3.2,1009.4,,,0,1960
1174,108,서울,2023-11-18 22:00,1.4,,2.5,71,4.8,-3.2,1009.4,,,0,1788
1175,108,서울,2023-11-18 23:00,0.7,,1.1,73,4.7,-3.5,1009.6,,,0,1582
1176,108,서울,2023-11-19 00:00,0.2,,1.1,73,4.5,-4.0,1009.4,,,0,1586
1177,108,서울,2023-11-19 01:00,0.1,,0.9,76,4.7,-3.6,1009.5,,,0,1540
1178,108,서울,2023-11-19 02:00,-0.3,,1.8,77,4.6,-3.8,1009.3,,,0,1488
1179,108,서울,2023-11-19 03:00,0.5,,2.3,77,4.9,-3.0,1008.8,,,9,1549
1180,108,서울,2023-11-19 04:00,1.1,,2.2,76,5.0,-2.6,1008.3,,,9,1491
1181,108,서울,2023-11-19 05:00,1.4,,2.6,74,5.0,-2.7,1008.1,,,8,1508
1182,108,서울,2023-11-19 06:00,1.4,,2.3,73,4.9,-2.9,1007.9,,,2,1567
1183,108,서울,2023-11-19 07:00,0.9,,2.1,77,5.0,-2.6,1007.5,,,0,1576
1184,108,서울,2023-11-19 08:00,0.9,,1.9,80,5.2,-2.1,1007.4,0.06,,0,1576
1185,108,서울,2023-11-19 09:00,2.7,,2.3,77,5.7,-0.9,1007.3,0.47,,3,1642
1186,108,서울,2023-11-19 10:00,4.3,,2.3,74,6.1,0.0,1006.8,0.55,,6,1525
1187,108,서울,2023-11-19 11:00,6.0,,2.0,69,6.4,0.7,1005.9,1.02,,8,1613
1188,108,서울,2023-11-19 12:00,7.7,,1.5,68,7.1,2.1,1004.9,0.88,,7,1619
1189,108,서울,2023-11-19 13:00,10.6,,0.9,70,8.9,5.3,1003.6,1.14,,4,1632
1190,108,서울,2023-11-19 14:00,13.1,,3.7,57,8.5,4.7,1003.1,1.21,,0,1322
1191,108,서울,2023-11-19 15:00,13.4,,3.4,46,7.0,1.9,1003.3,1.36,,0,1441
1192,108,서울,2023-11-19 16:00,12.7,,3.7,54,7.9,3.6,1003.5,0.79,,0,1114
1193,108,서울,2023-11-19 17:00,11.6,,4.6,66,9.0,5.4,1004.1,0.29,,3,961
1194,108,서울,2023-11-19 18:00,10.7,,2.9,75,9.6,6.4,1004.4,0.02,,0,755
1195,108,서울,2023-11-19 19:00,9.8,,4.0,62,7.5,2.8,1005.1,,,3,764
1196,108,서울,2023-11-19 20:00,8.1,,2.8,58,6.2,0.3,1006.4,,,0,1743
1197,108,서울,2023-11-19 21:00,6.9,,3.2,61,6.1,-0.1,1007.4,,,0,2024
1198,108,서울,2023-11-19 22:00,6.1,,2.6,65,6.1,0.0,1008.5,,,0,1919
1199,108,서울,2023-11-19 23:00,5.0,,1.7,67,5.8,-0.6,1008.8,,,0,1925
1200,108,서울,2023-11-20 00:00,4.2,,0.5,69,5.7,-0.9,1009.5,,,0,1881
1201,108,서울,2023-11-20 01:00,3.6,,0.3,71,5.6,-1.1,1009.9,,,0,1812
1202,108,서울,2023-11-20 02:00,3.1,,1.5,73,5.6,-1.2,1009.9,,,0,1969
1203,108,서울,2023-11-20 03:00,2.8,,0.6,75,5.6,-1.1,1010.5,,,0,1881
1204,108,서울,2023-11-20 04:00,2.6,,1.4,77,5.7,-1.0,1010.4,,,0,1743
1205,108,서울,2023-11-20 05:00,2.9,,2.6,78,5.9,-0.5,1010.8,,,0,1765
1206,108,서울,2023-11-20 06:00,2.6,,2.6,79,5.8,-0.6,1011.0,,,0,1773
1207,108,서울,2023-11-20 07:00,2.0,,0.7,80,5.7,-1.0,1011.6,,,0,1753
1208,108,서울,2023-11-20 08:00,1.8,,1.6,78,5.4,-1.6,1012.7,0.08,,0,1894
1209,108,서울,2023-11-20 09:00,2.9,,0.6,73,5.5,-1.4,1013.4,0.58,,0,2175
1210,108,서울,2023-11-20 10:00,5.9,,0.9,65,6.1,-0.1,1013.7,1.23,,0,2061
1211,108,서울,2023-11-20 11:00,8.0,,1.4,54,5.8,-0.7,1013.9,1.74,,0,2195
1212,108,서울,2023-11-20 12:00,10.1,,2.0,46,5.7,-1.0,1013.7,2.05,,0,2464
1213,108,서울,2023-11-20 13:00,11.1,,1.9,40,5.3,-2.0,1013.2,2.15,,0,2905
1214,108,서울,2023-11-20 14:00,11.7,,1.8,34,4.7,-3.6,1012.7,2.01,,0,2992
1215,108,서울,2023-11-20 15:00,12.3,,1.6,33,4.7,-3.5,1012.6,1.63,,0,3543
1216,108,서울,2023-11-20 16:00,12.2,,2.3,31,4.4,-4.4,1012.6,1.03,,0,3019
1217,108,서울,2023-11-20 17:00,10.4,,1.9,34,4.3,-4.8,1012.8,0.42,,0,3330
1218,108,서울,2023-11-20 18:00,8.8,,1.4,40,4.5,-4.0,1013.0,0.01,,0,3467
1219,108,서울,2023-11-20 19:00,7.7,,1.1,49,5.2,-2.3,1013.3,,,0,2995
1220,108,서울,2023-11-20 20:00,6.7,,1.7,56,5.5,-1.4,1013.5,,,0,2678
1221,108,서울,2023-11-20 21:00,5.9,,0.4,58,5.4,-1.7,1013.4,,,0,2600
1222,108,서울,2023-11-20 22:00,5.3,,1.4,61,5.4,-1.6,1013.4,,,0,2573
1223,108,서울,2023-11-20 23:00,4.6,,1.2,63,5.4,-1.8,1013.1,,,0,2452
1224,108,서울,2023-11-21 00:00,4.2,,1.4,63,5.2,-2.2,1013.2,,,0,2412
1225,108,서울,2023-11-21 01:00,3.9,,0.7,64,5.2,-2.3,1013.0,,,0,2314
1226,108,서울,2023-11-21 02:00,3.2,,2.0,67,5.2,-2.3,1012.9,,,0,2371
1227,108,서울,2023-11-21 03:00,2.9,,1.5,70,5.3,-2.0,1012.9,,,0,2243
1228,108,서울,2023-11-21 04:00,2.5,,1.4,71,5.2,-2.2,1012.7,,,0,2255
1229,108,서울,2023-11-21 05:00,2.0,,1.9,74,5.2,-2.1,1012.3,,,0,2183
1230,108,서울,2023-11-21 06:00,1.9,,1.9,77,5.4,-1.7,1012.5,,,0,2065
1231,108,서울,2023-11-21 07:00,1.5,,2.3,79,5.4,-1.7,1012.4,,,0,1949
1232,108,서울,2023-11-21 08:00,1.6,,1.7,78,5.4,-1.8,1012.4,0.07,,0,1953
1233,108,서울,2023-11-21 09:00,3.4,,2.4,70,5.5,-1.5,1012.9,0.55,,0,2214
1234,108,서울,2023-11-21 10:00,6.3,,1.2,60,5.7,-0.9,1012.8,1.22,,0,1969
1235,108,서울,2023-11-21 11:00,8.9,,1.7,53,6.1,-0.1,1012.2,1.71,,0,2014
1236,108,서울,2023-11-21 12:00,11.8,,1.1,43,6.0,-0.3,1011.3,2.0,,0,1654
1237,108,서울,2023-11-21 13:00,13.1,,1.9,36,5.4,-1.6,1010.3,2.12,,0,2096
1238,108,서울,2023-11-21 14:00,13.9,,1.9,31,4.9,-2.9,1009.4,1.97,,0,2755
1239,108,서울,2023-11-21 15:00,14.5,,2.4,31,5.1,-2.4,1008.8,1.56,,0,2382
1240,108,서울,2023-11-21 16:00,14.5,,1.8,32,5.3,-2.0,1008.8,0.97,,0,2218
1241,108,서울,2023-11-21 17:00,12.4,,2.7,38,5.5,-1.5,1009.2,0.39,,0,2426
1242,108,서울,2023-11-21 18:00,10.4,,1.8,48,6.1,-0.1,1009.4,0.01,,0,3589
1243,108,서울,2023-11-21 19:00,9.4,,2.0,57,6.7,1.2,1009.8,,,0,2782
1244,108,서울,2023-11-21 20:00,9.0,,1.8,62,7.1,2.0,1009.9,,,0,2497
1245,108,서울,2023-11-21 21:00,8.3,,0.6,68,7.4,2.7,1010.0,,,0,1865
1246,108,서울,2023-11-21 22:00,7.5,,0.8,72,7.4,2.7,1009.7,,,0,1604
1247,108,서울,2023-11-21 23:00,7.0,,1.5,72,7.2,2.2,1009.6,,,0,1813
1248,108,서울,2023-11-22 00:00,6.3,,1.9,70,6.7,1.2,1009.5,,,0,1803
1249,108,서울,2023-11-22 01:00,5.6,,1.8,75,6.8,1.5,1009.5,,,0,1561
1250,108,서울,2023-11-22 02:00,5.2,,1.4,76,6.7,1.3,1009.4,,,0,1568
1251,108,서울,2023-11-22 03:00,4.5,,2.1,78,6.5,0.9,1009.4,,,0,1380
1252,108,서울,2023-11-22 04:00,4.0,,2.3,80,6.5,0.8,1009.1,,,0,1353
1253,108,서울,2023-11-22 05:00,3.6,,2.2,82,6.5,0.8,1009.1,,,0,1289
1254,108,서울,2023-11-22 06:00,3.3,,1.6,83,6.4,0.6,1008.8,,,0,1193
1255,108,서울,2023-11-22 07:00,3.0,,1.9,84,6.3,0.5,1008.5,,,0,1063
1256,108,서울,2023-11-22 08:00,2.9,,2.1,85,6.4,0.6,1008.6,0.06,,0,1008
1257,108,서울,2023-11-22 09:00,4.7,,2.1,80,6.8,1.5,1008.7,0.5,,0,1108
1258,108,서울,2023-11-22 10:00,7.1,,1.6,65,6.5,0.9,1008.8,1.14,,0,1328
1259,108,서울,2023-11-22 11:00,9.6,,1.5,52,6.2,0.2,1007.9,1.62,,0,1508
1260,108,서울,2023-11-22 12:00,11.8,,0.9,50,6.9,1.6,1007.0,1.9,,0,1265
1261,108,서울,2023-11-22 13:00,12.5,,1.6,54,7.8,3.4,1006.2,1.81,,8,1697
1262,108,서울,2023-11-22 14:00,14.2,,1.9,54,8.7,5.0,1004.9,1.46,,6,1678
1263,108,서울,2023-11-22 15:00,15.1,,1.2,56,9.5,6.3,1004.0,1.19,,5,2334
1264,108,서울,2023-11-22 16:00,13.7,,2.0,60,9.3,6.0,1003.5,0.46,,5,2719
1265,108,서울,2023-11-22 17:00,13.3,,2.3,61,9.3,5.9,1003.8,0.13,,9,2425
1266,108,서울,2023-11-22 18:00,12.8,,1.3,63,9.3,5.9,1003.7,0.01,,9,1838
1267,108,서울,2023-11-22 19:00,12.4,,1.9,65,9.3,5.9,1003.1,,,3,1534
1268,108,서울,2023-11-22 20:00,12.1,,2.0,67,9.4,6.1,1002.5,,,9,1307
1269,108,서울,2023-11-22 21:00,11.9,,1.8,65,9.0,5.5,1002.6,,,5,1297
1270,108,서울,2023-11-22 22:00,11.9,,2.2,68,9.4,6.1,1002.4,,,9,1275
1271,108,서울,2023-11-22 23:00,12.0,,2.2,68,9.5,6.2,1001.6,,,5,1274
1272,108,서울,2023-11-23 00:00,12.2,,0.9,70,9.9,6.8,1001.6,,,8,1229
1273,108,서울,2023-11-23 01:00,12.2,,1.7,71,10.0,7.0,1001.1,,,7,1129
1274,108,서울,2023-11-23 02:00,13.6,,2.8,82,12.7,10.5,1000.6,,,7,1293
1275,108,서울,2023-11-23 03:00,13.7,0.0,3.2,85,13.3,11.2,1000.3,,,7,850
1276,108,서울,2023-11-23 04:00,13.4,,2.8,88,13.5,11.4,1000.3,,,7,606
1277,108,서울,2023-11-23 05:00,12.9,,2.4,88,13.0,10.9,1000.6,,,2,316
1278,108,서울,2023-11-23 06:00,11.6,0.1,3.0,87,11.9,9.5,1001.6,,,2,215
1279,108,서울,2023-11-23 07:00,10.4,,2.8,85,10.6,7.9,1001.7,,,0,232
1280,108,서울,2023-11-23 08:00,9.9,,2.6,86,10.4,7.6,1002.3,0.04,,0,217
1281,108,서울,2023-11-23 09:00,10.1,,0.7,86,10.6,7.8,1002.4,0.38,,0,194
1282,108,서울,2023-11-23 10:00,11.2,,1.8,83,11.0,8.4,1002.1,0.68,,4,222
1283,108,서울,2023-11-23 11:00,12.2,,2.6,76,10.7,8.0,1002.5,1.19,,8,258
1284,108,서울,2023-11-23 12:00,13.6,,1.5,66,10.2,7.3,1001.5,1.35,,6,342
1285,108,서울,2023-11-23 13:00,14.1,,3.6,55,8.8,5.1,1000.3,1.71,,1,490
1286,108,서울,2023-11-23 14:00,14.2,,4.7,52,8.4,4.4,1000.2,1.28,,4,501
1287,108,서울,2023-11-23 15:00,13.8,,4.7,55,8.7,4.9,1000.4,1.03,,2,672
1288,108,서울,2023-11-23 16:00,13.1,,3.4,62,9.3,5.9,1000.7,0.65,,7,674
1289,108,서울,2023-11-23 17:00,11.3,,3.5,70,9.3,6.0,1001.5,0.09,,7,862
1290,108,서울,2023-11-23 18:00,9.5,,6.9,58,6.9,1.6,1002.9,0.01,,7,1383
1291,108,서울,2023-11-23 19:00,7.3,,4.2,61,6.2,0.2,1004.3,,,3,2221
1292,108,서울,2023-11-23 20:00,5.7,,4.9,64,5.9,-0.5,1005.8,,,5,2547
1293,108,서울,2023-11-23 21:00,4.7,,3.7,69,5.9,-0.5,1007.1,,,4,2329
1294,108,서울,2023-11-23 22:00,4.1,,4.6,69,5.7,-1.0,1007.8,,,0,2198
1295,108,서울,2023-11-23 23:00,3.0,,4.7,65,4.9,-2.9,1008.8,,,0,2509
1296,108,서울,2023-11-24 00:00,1.9,,5.6,63,4.4,-4.4,1009.6,,,2,2964
1297,108,서울,2023-11-24 01:00,1.1,,4.4,65,4.3,-4.7,1010.2,,,0,3121
1298,108,서울,2023-11-24 02:00,-0.1,,4.7,65,3.9,-5.9,1011.0,,,0,3273
1299,108,서울,2023-11-24 03:00,-0.9,,5.6,62,3.6,-7.2,1011.7,,,0,3622
1300,108,서울,2023-11-24 04:00,-1.3,,3.0,65,3.6,-7.0,1012.1,,,0,3386
1301,108,서울,2023-11-24 05:00,-1.8,,4.1,66,3.5,-7.3,1012.8,,,0,3736
1302,108,서울,2023-11-24 06:00,-2.2,,3.3,67,3.5,-7.5,1014.2,,,0,3651
1303,108,서울,2023-11-24 07:00,-2.8,,2.7,67,3.3,-8.0,1015.2,,,0,3769
1304,108,서울,2023-11-24 08:00,-2.9,,2.8,67,3.3,-8.1,1016.2,0.06,,0,4019
1305,108,서울,2023-11-24 09:00,-2.6,,4.3,63,3.2,-8.6,1017.4,0.43,,2,4215
1306,108,서울,2023-11-24 10:00,-1.7,,3.5,58,3.1,-8.8,1018.0,1.17,,1,4257
1307,108,서울,2023-11-24 11:00,-0.6,,4.1,49,2.9,-10.0,1018.3,1.76,,0,4009
1308,108,서울,2023-11-24 12:00,0.2,,4.4,46,2.9,-10.0,1018.1,2.07,,0,3927
1309,108,서울,2023-11-24 13:00,1.0,,4.5,42,2.8,-10.5,1017.7,2.14,,1,3874
1310,108,서울,2023-11-24 14:00,1.9,,4.5,42,3.0,-9.6,1017.6,1.94,,1,3199
1311,108,서울,2023-11-24 15:00,1.8,,4.2,38,2.6,-11.0,1017.7,1.63,,0,4269
1312,108,서울,2023-11-24 16:00,1.1,,3.9,36,2.4,-12.3,1018.2,1.04,,0,4084
1313,108,서울,2023-11-24 17:00,0.0,,4.8,34,2.1,-14.0,1018.9,0.42,,0,4683
1314,108,서울,2023-11-24 18:00,-0.9,,3.3,34,1.9,-14.8,1019.4,0.01,,0,5000
1315,108,서울,2023-11-24 19:00,-1.5,,3.1,42,2.3,-12.7,1020.3,,,0,4919
1316,108,서울,2023-11-24 20:00,-2.2,,2.9,44,2.3,-12.8,1021.0,,,0,4579
1317,108,서울,2023-11-24 21:00,-2.9,,3.6,46,2.3,-12.9,1021.5,,,0,4226
1318,108,서울,2023-11-24 22:00,-3.6,,4.7,53,2.5,-11.8,1021.9,,,0,4286
1319,108,서울,2023-11-24 23:00,-4.0,,2.2,57,2.6,-11.2,1022.3,,,0,4255
1320,108,서울,2023-11-25 00:00,-4.4,,2.2,58,2.6,-11.4,1022.3,,,0,4114
1321,108,서울,2023-11-25 01:00,-4.6,,2.8,58,2.5,-11.6,1022.4,,,0,4110
1322,108,서울,2023-11-25 02:00,-4.7,,2.5,59,2.5,-11.5,1022.4,,,0,4001
1323,108,서울,2023-11-25 03:00,-5.2,,1.7,61,2.5,-11.5,1022.7,,,0,3828
1324,108,서울,2023-11-25 04:00,-5.2,,2.3,60,2.5,-11.7,1022.7,,,0,3732
1325,108,서울,2023-11-25 05:00,-5.5,,2.0,60,2.4,-12.0,1023.1,,,0,3954
1326,108,서울,2023-11-25 06:00,-5.6,,1.4,60,2.4,-12.1,1023.4,,,0,3865
1327,108,서울,2023-11-25 07:00,-5.6,,1.0,59,2.4,-12.3,1023.5,,,0,3852
1328,108,서울,2023-11-25 08:00,-5.7,,1.5,59,2.4,-12.4,1023.8,0.05,,0,3922
1329,108,서울,2023-11-25 09:00,-4.6,,2.4,57,2.5,-11.8,1023.9,0.54,,0,3832
1330,108,서울,2023-11-25 10:00,-2.2,,1.1,48,2.5,-11.7,1023.9,1.19,,0,3854
1331,108,서울,2023-11-25 11:00,0.4,,1.5,37,2.3,-12.6,1023.4,1.71,,0,4033
1332,108,서울,2023-11-25 12:00,2.2,,2.7,33,2.4,-12.4,1022.6,2.01,,0,4286
1333,108,서울,2023-11-25 13:00,3.0,,2.4,27,2.0,-14.2,1021.6,2.12,,0,4809
1334,108,서울,2023-11-25 14:00,3.8,,2.5,25,2.0,-14.4,1021.0,1.98,,0,3781
1335,108,서울,2023-11-25 15:00,3.2,,2.4,22,1.7,-16.5,1020.2,1.63,,0,4171
1336,108,서울,2023-11-25 16:00,3.4,,2.3,24,1.9,-15.3,1020.2,1.02,,0,4243
1337,108,서울,2023-11-25 17:00,1.6,,2.0,25,1.7,-16.3,1020.2,0.41,,0,4987
1338,108,서울,2023-11-25 18:00,0.5,,1.8,31,2.0,-14.7,1020.0,0.01,,0,4395
1339,108,서울,2023-11-25 19:00,-0.5,,1.4,35,2.1,-14.1,1019.8,,,0,3927
1340,108,서울,2023-11-25 20:00,-1.0,,0.6,34,1.9,-14.9,1019.6,,,0,3957
1341,108,서울,2023-11-25 21:00,-1.3,,1.2,37,2.1,-14.1,1019.6,,,6,3949
1342,108,서울,2023-11-25 22:00,-1.0,,1.2,38,2.2,-13.5,1019.3,,,4,3903
1343,108,서울,2023-11-25 23:00,-0.4,,1.2,38,2.3,-13.0,1019.5,,,0,3531
1344,108,서울,2023-11-26 00:00,0.0,,1.9,41,2.5,-11.7,1019.8,,,8,3602
1345,108,서울,2023-11-26 01:00,0.0,,1.0,38,2.3,-12.6,1018.9,,,6,3458
1346,108,서울,2023-11-26 02:00,0.2,,0.5,37,2.3,-12.8,1018.6,,,3,3836
1347,108,서울,2023-11-26 03:00,0.3,,0.1,37,2.3,-12.7,1018.3,,,10,3879
1348,108,서울,2023-11-26 04:00,0.4,,0.7,35,2.2,-13.3,1018.1,,,10,3738
1349,108,서울,2023-11-26 05:00,0.5,,1.8,39,2.5,-11.8,1017.8,,,9,3612
1350,108,서울,2023-11-26 06:00,0.4,,2.0,40,2.5,-11.6,1017.5,,,9,3853
1351,108,서울,2023-11-26 07:00,0.3,,2.4,41,2.6,-11.4,1017.5,,,10,3610
1352,108,서울,2023-11-26 08:00,0.5,,1.9,44,2.8,-10.3,1017.3,0.02,,10,3318
1353,108,서울,2023-11-26 09:00,1.1,,2.0,42,2.8,-10.4,1017.2,0.16,,9,3030
1354,108,서울,2023-11-26 10:00,2.8,,1.1,39,2.9,-9.8,1016.6,0.72,,8,3257
1355,108,서울,2023-11-26 11:00,5.1,,1.4,38,3.3,-8.0,1015.8,1.33,,5,4274
1356,108,서울,2023-11-26 12:00,5.3,,1.2,39,3.5,-7.5,1014.8,0.91,,8,3680
1357,108,서울,2023-11-26 13:00,6.0,,2.0,40,3.7,-6.6,1013.5,0.99,,2,3194
1358,108,서울,2023-11-26 14:00,6.7,,1.7,39,3.8,-6.3,1012.9,1.12,,3,3126
1359,108,서울,2023-11-26 15:00,7.1,,0.1,39,3.9,-5.9,1012.4,0.58,,9,3412
1360,108,서울,2023-11-26 16:00,7.0,,1.7,44,4.4,-4.4,1012.2,0.36,,10,3334
1361,108,서울,2023-11-26 17:00,6.7,,1.1,45,4.4,-4.4,1011.5,0.19,,9,3103
1362,108,서울,2023-11-26 18:00,6.3,,1.8,47,4.5,-4.2,1011.1,0.01,,3,3443
1363,108,서울,2023-11-26 19:00,6.3,,0.9,48,4.6,-3.9,1010.6,,,1,3412
1364,108,서울,2023-11-26 20:00,6.2,,1.7,49,4.6,-3.7,1010.2,,,0,2731
1365,108,서울,2023-11-26 21:00,6.0,,2.0,50,4.7,-3.6,1009.7,,,6,2734
1366,108,서울,2023-11-26 22:00,5.6,,1.8,52,4.7,-3.5,1009.4,,,0,2508
1367,108,서울,2023-11-26 23:00,5.6,,2.1,55,5.0,-2.7,1008.5,,,3,2331
1368,108,서울,2023-11-27 00:00,5.6,0.0,1.7,55,5.0,-2.7,1008.1,,,6,2508
1369,108,서울,2023-11-27 01:00,5.5,,1.4,59,5.4,-1.8,1007.7,,,7,2359
1370,108,서울,2023-11-27 02:00,5.2,,1.3,71,6.2,0.3,1007.1,,,7,1367
1371,108,서울,2023-11-27 03:00,4.8,0.9,2.2,81,7.0,1.8,1006.2,,,7,847
1372,108,서울,2023-11-27 04:00,4.5,,2.4,86,7.2,2.3,1004.9,,,7,646
1373,108,서울,2023-11-27 05:00,4.4,,2.6,89,7.4,2.7,1004.4,,,5,544
1374,108,서울,2023-11-27 06:00,4.6,1.1,2.3,90,7.6,3.0,1004.1,,,9,479
1375,108,서울,2023-11-27 07:00,4.6,,1.7,91,7.7,3.2,1003.8,,,7,415
1376,108,서울,2023-11-27 08:00,4.8,,2.1,92,7.9,3.6,1003.5,0.0,,8,438
1377,108,서울,2023-11-27 09:00,5.2,0.1,1.6,93,8.2,4.1,1003.6,0.03,,8,449
1378,108,서울,2023-11-27 10:00,5.6,,2.4,93,8.4,4.5,1003.3,0.1,,8,499
1379,108,서울,2023-11-27 11:00,5.8,,1.4,94,8.7,4.9,1003.2,0.16,,8,337
1380,108,서울,2023-11-27 12:00,5.9,1.5,1.9,93,8.6,4.8,1002.7,0.15,,8,277
1381,108,서울,2023-11-27 13:00,6.3,,0.7,93,8.8,5.2,1001.7,0.25,,8,504
1382,108,서울,2023-11-27 14:00,7.3,,1.7,92,9.3,6.0,1001.5,0.43,,8,609
1383,108,서울,2023-11-27 15:00,8.4,0.0,1.3,87,9.5,6.3,1001.0,0.5,,4,550
1384,108,서울,2023-11-27 16:00,9.3,,2.3,75,8.7,5.0,1001.1,0.56,,2,852
1385,108,서울,2023-11-27 17:00,8.7,,2.7,71,8.0,3.7,1001.5,0.18,,7,902
1386,108,서울,2023-11-27 18:00,8.5,,2.1,77,8.5,4.6,1001.7,0.0,,8,757
1387,108,서울,2023-11-27 19:00,8.5,,3.3,80,8.8,5.2,1001.9,,,3,573
1388,108,서울,2023-11-27 20:00,8.2,,4.3,79,8.5,4.7,1002.6,,,2,479
1389,108,서울,2023-11-27 21:00,6.9,,4.8,69,6.8,1.5,1003.2,,,0,731
1390,108,서울,2023-11-27 22:00,6.3,,4.3,72,6.9,1.6,1003.7,,,1,834
1391,108,서울,2023-11-27 23:00,5.7,,3.8,71,6.5,0.8,1004.2,,,0,1171
1392,108,서울,2023-11-28 00:00,5.2,,2.7,73,6.4,0.7,1004.5,,,2,1073
1393,108,서울,2023-11-28 01:00,4.5,,3.1,76,6.4,0.6,1004.6,,,1,829
1394,108,서울,2023-11-28 02:00,3.9,,3.5,72,5.8,-0.6,1005.0,,,8,903
1395,108,서울,2023-11-28 03:00,3.1,,4.4,72,5.5,-1.4,1006.0,,,1,881
1396,108,서울,2023-11-28 04:00,1.7,,3.9,68,4.7,-3.5,1006.3,,,0,1375
1397,108,서울,2023-11-28 05:00,0.8,,2.2,71,4.6,-3.8,1006.8,,,0,1157
1398,108,서울,2023-11-28 06:00,0.1,,1.8,70,4.3,-4.7,1007.5,,,0,1119
1399,108,서울,2023-11-28 07:00,-0.3,,2.4,67,4.0,-5.6,1008.2,,,0,1316
1400,108,서울,2023-11-28 08:00,-0.5,,2.6,65,3.8,-6.2,1009.1,0.04,,0,1462
1401,108,서울,2023-11-28 09:00,0.2,,3.2,62,3.8,-6.2,1009.9,0.47,,1,1555
1402,108,서울,2023-11-28 10:00,1.1,,2.5,54,3.6,-7.1,1010.6,0.99,,0,3097
1403,108,서울,2023-11-28 11:00,2.0,,5.4,39,2.8,-10.5,1011.3,1.6,,2,3619
1404,108,서울,2023-11-28 12:00,3.1,,3.9,41,3.1,-8.9,1011.3,1.92,,3,3559
1405,108,서울,2023-11-28 13:00,3.4,,3.9,40,3.1,-8.9,1011.5,1.97,,2,4508
1406,108,서울,2023-11-28 14:00,2.8,,4.8,47,3.5,-7.4,1011.2,0.98,,5,4041
1407,108,서울,2023-11-28 15:00,3.4,,5.0,50,3.9,-6.0,1011.3,1.14,,3,3622
1408,108,서울,2023-11-28 16:00,2.3,,4.3,55,4.0,-5.8,1011.8,0.55,,9,3285
1409,108,서울,2023-11-28 17:00,2.0,,2.9,55,3.9,-6.1,1011.7,0.19,,7,3734
1410,108,서울,2023-11-28 18:00,1.4,0.0,3.1,57,3.8,-6.2,1011.7,0.01,,2,3884
1411,108,서울,2023-11-28 19:00,0.8,,2.6,60,3.9,-6.0,1011.6,,,0,3669
1412,108,서울,2023-11-28 20:00,0.6,,2.4,58,3.7,-6.7,1012.1,,,7,3703
1413,108,서울,2023-11-28 21:00,0.4,,2.3,54,3.4,-7.8,1011.8,,,1,4027
1414,108,서울,2023-11-28 22:00,-0.1,,3.8,55,3.3,-8.0,1012.5,,,2,4702
1415,108,서울,2023-11-28 23:00,-0.7,,2.8,58,3.4,-7.9,1013.3,,,3,4082
1416,108,서울,2023-11-29 00:00,-1.2,,3.0,54,3.0,-9.3,1013.7,,,2,4779
1417,108,서울,2023-11-29 01:00,-1.6,,2.0,50,2.7,-10.6,1013.9,,,3,4981
1418,108,서울,2023-11-29 02:00,-2.2,,1.0,56,2.9,-9.8,1014.3,,,6,4604
1419,108,서울,2023-11-29 03:00,-2.6,,2.0,60,3.0,-9.3,1014.4,,,0,4305
1420,108,서울,2023-11-29 04:00,-3.2,,1.8,58,2.8,-10.3,1014.2,,,3,4706
1421,108,서울,2023-11-29 05:00,-3.4,,2.1,58,2.8,-10.4,1014.0,,,1,4929
1422,108,서울,2023-11-29 06:00,-3.8,,2.4,59,2.7,-10.6,1013.7,,,2,4995
1423,108,서울,2023-11-29 07:00,-3.9,,2.5,56,2.6,-11.4,1013.5,,,1,5000
1424,108,서울,2023-11-29 08:00,-3.9,,2.1,57,2.6,-11.1,1013.7,0.04,,0,4668
1425,108,서울,2023-11-29 09:00,-2.5,,2.2,52,2.6,-11.0,1013.7,0.45,,0,4665
1426,108,서울,2023-11-29 10:00,0.1,,1.3,49,3.0,-9.3,1013.9,0.87,,0,4126
1427,108,서울,2023-11-29 11:00,1.2,,1.8,47,3.1,-8.8,1013.6,0.9,,9,4517
1428,108,서울,2023-11-29 12:00,2.0,,1.9,47,3.3,-8.1,1012.8,0.79,,9,3716
1429,108,서울,2023-11-29 13:00,2.7,,0.9,52,3.9,-6.1,1012.0,0.76,,9,4081
1430,108,서울,2023-11-29 14:00,2.8,,2.0,57,4.3,-4.8,1011.5,0.35,,9,3480
1431,108,서울,2023-11-29 15:00,2.7,0.0,2.3,61,4.5,-4.0,1011.4,0.33,,9,2925
1432,108,서울,2023-11-29 16:00,1.8,,4.1,65,4.5,-4.0,1012.1,0.17,,9,1726
1433,108,서울,2023-11-29 17:00,-0.3,,2.6,79,4.7,-3.5,1013.1,0.08,,8,1908
1434,108,서울,2023-11-29 18:00,-0.6,0.0,3.4,76,4.4,-4.3,1013.8,0.01,,4,2792
1435,108,서울,2023-11-29 19:00,-1.3,,3.3,77,4.3,-4.8,1014.4,,,0,2388
1436,108,서울,2023-11-29 20:00,-1.8,,4.6,66,3.5,-7.3,1015.3,,,2,2418
1437,108,서울,2023-11-29 21:00,-2.5,,5.3,60,3.0,-9.2,1016.2,,,4,3895
1438,108,서울,2023-11-29 22:00,-2.7,,4.2,62,3.1,-8.9,1016.6,,,0,3617
1439,108,서울,2023-11-29 23:00,-3.4,,3.2,55,2.6,-11.1,1017.4,,,4,3872
1440,108,서울,2023-11-30 00:00,-4.0,,4.0,56,2.5,-11.5,1017.8,,,0,3977
1441,108,서울,2023-11-30 01:00,-4.8,,3.0,51,2.2,-13.4,1018.4,,,0,4585
1442,108,서울,2023-11-30 02:00,-5.2,,2.4,48,2.0,-14.5,1018.6,,,0,4728
1443,108,서울,2023-11-30 03:00,-5.6,,3.9,49,2.0,-14.6,1018.8,,,0,4486
1444,108,서울,2023-11-30 04:00,-6.1,,3.3,47,1.8,-15.6,1018.6,,,0,4482
1445,108,서울,2023-11-30 05:00,-6.4,,2.1,49,1.9,-15.3,1018.6,,,0,4606
1446,108,서울,2023-11-30 06:00,-6.8,,1.9,50,1.8,-15.5,1018.8,,,0,4531
1447,108,서울,2023-11-30 07:00,-7.0,,3.3,48,1.7,-16.1,1019.1,,,0,4712
1448,108,서울,2023-11-30 08:00,-7.1,,2.8,48,1.7,-16.2,1019.5,0.04,,0,4922
1449,108,서울,2023-11-30 09:00,-6.5,,2.7,47,1.8,-15.9,1019.5,0.53,,0,4628
1450,108,서울,2023-11-30 10:00,-5.4,,1.7,44,1.8,-15.7,1019.6,1.19,,0,4654
1451,108,서울,2023-11-30 11:00,-4.0,,3.0,40,1.8,-15.6,1019.4,1.69,,0,3514
1452,108,서울,2023-11-30 12:00,-3.2,,4.3,36,1.7,-16.1,1018.4,2.01,,0,4783
1453,108,서울,2023-11-30 13:00,-1.9,,3.3,37,2.0,-14.6,1017.5,2.1,,0,4561
1454,108,서울,2023-11-30 14:00,-1.2,,3.9,39,2.2,-13.4,1016.6,1.96,,0,4018
1455,108,서울,2023-11-30 15:00,-0.7,,4.1,37,2.1,-13.6,1016.2,1.58,,0,4994
1456,108,서울,2023-11-30 16:00,-0.8,,3.5,41,2.4,-12.4,1016.3,0.95,,0,3410
1457,108,서울,2023-11-30 17:00,-1.8,,3.7,44,2.4,-12.4,1016.4,0.38,,0,4058
1458,108,서울,2023-11-30 18:00,-2.6,,2.2,50,2.5,-11.6,1016.7,0.01,,0,3793
1459,108,서울,2023-11-30 19:00,-2.9,,3.6,52,2.6,-11.4,1016.8,,,0,3721
1460,108,서울,2023-11-30 20:00,-3.3,,2.4,52,2.5,-11.7,1016.6,,,0,3995
1461,108,서울,2023-11-30 21:00,-3.8,,1.9,55,2.5,-11.5,1016.3,,,0,3945
1462,108,서울,2023-11-30 22:00,-4.1,,1.6,53,2.4,-12.2,1016.6,,,0,3706
1463,108,서울,2023-11-30 23:00,-4.5,,2.1,58,2.5,-11.5,1016.6,,,0,3543
1464,108,서울,2023-12-01 00:00,-5.0,,2.1,64,2.7,-10.7,1016.3,,,0,3354
1465,108,서울,2023-12-01 01:00,-5.5,,2.3,64,2.6,-11.2,1016.3,,,0,3319
1466,108,서울,2023-12-01 02:00,-5.6,,3.4,66,2.7,-10.9,1016.1,,,0,3130
1467,108,서울,2023-12-01 03:00,-6.3,,2.3,66,2.5,-11.6,1015.6,,,0,3099
1468,108,서울,2023-12-01 04:00,-6.7,,2.1,68,2.5,-11.6,1015.2,,,0,3254
1469,108,서울,2023-12-01 05:00,-6.6,,1.0,66,2.5,-11.9,1014.8,,,0,3323
1470,108,서울,2023-12-01 06:00,-6.6,,0.8,66,2.5,-11.9,1014.9,,,0,3281
1471,108,서울,2023-12-01 07:00,-6.7,,1.8,63,2.3,-12.5,1015.2,,,0,3359
1472,108,서울,2023-12-01 08:00,-6.5,,1.2,64,2.4,-12.1,1015.6,0.04,,0,3519
1473,108,서울,2023-12-01 09:00,-5.3,,2.6,63,2.6,-11.2,1016.0,0.48,,0,3291
1474,108,서울,2023-12-01 10:00,-3.7,,2.9,52,2.4,-12.1,1016.1,1.14,,0,3676
1475,108,서울,2023-12-01 11:00,-2.9,,4.2,46,2.3,-12.9,1015.9,1.66,,0,3469
1476,108,서울,2023-12-01 12:00,-1.5,,2.5,42,2.3,-12.7,1015.4,1.97,,0,3581
1477,108,서울,2023-12-01 13:00,-0.9,,3.4,39,2.2,-13.1,1015.0,2.07,,0,3604
1478,108,서울,2023-12-01 14:00,-0.2,,2.8,36,2.2,-13.5,1014.6,1.93,,0,3538
1479,108,서울,2023-12-01 15:00,0.2,,3.2,37,2.3,-12.8,1014.4,1.54,,0,3890
1480,108,서울,2023-12-01 16:00,0.3,,2.9,37,2.3,-12.7,1014.5,0.98,,0,4519
1481,108,서울,2023-12-01 17:00,-0.5,,2.2,41,2.4,-12.1,1014.8,0.38,,0,3991
1482,108,서울,2023-12-01 18:00,-1.0,,2.4,46,2.6,-11.1,1015.2,0.01,,1,3826
1483,108,서울,2023-12-01 19:00,-1.3,,2.1,51,2.8,-10.1,1015.4,,,0,3513
1484,108,서울,2023-12-01 20:00,-1.7,,1.5,54,2.9,-9.8,1015.6,,,0,3408
1485,108,서울,2023-12-01 21:00,-2.2,,0.9,57,3.0,-9.5,1015.6,,,0,3242
1486,108,서울,2023-12-01 22:00,-2.7,,0.4,59,3.0,-9.6,1015.8,,,0,2951
1487,108,서울,2023-12-01 23:00,-3.2,,0.7,61,3.0,-9.6,1015.6,,,0,2948
1488,108,서울,2023-12-02 00:00,-3.2,,0.8,65,3.1,-8.8,1015.7,,,0,3048
1489,108,서울,2023-12-02 01:00,-3.4,,1.4,68,3.2,-8.4,1015.8,,,0,2761
1490,108,서울,2023-12-02 02:00,-3.8,,1.8,69,3.2,-8.6,1015.7,,,0,2863
1491,108,서울,2023-12-02 03:00,-4.2,,2.0,70,3.1,-8.8,1015.7,,,0,2849
1492,108,서울,2023-12-02 04:00,-4.2,,2.2,70,3.1,-8.8,1015.5,,,7,2806
1493,108,서울,2023-12-02 05:00,-3.3,,1.6,69,3.3,-8.1,1015.3,,,9,2821
1494,108,서울,2023-12-02 06:00,-2.8,,2.4,67,3.3,-8.0,1015.3,,,9,2878
1495,108,서울,2023-12-02 07:00,-2.4,,1.5,67,3.4,-7.7,1015.4,,,9,2695
1496,108,서울,2023-12-02 08:00,-2.0,,2.0,67,3.5,-7.3,1015.4,0.01,,8,2518
1497,108,서울,2023-12-02 09:00,-1.3,,2.2,66,3.7,-6.8,1015.6,0.18,,8,2259
1498,108,서울,2023-12-02 10:00,-0.1,,2.4,63,3.8,-6.3,1015.3,0.61,,3,2138
1499,108,서울,2023-12-02 11:00,2.1,,2.3,58,4.1,-5.3,1015.1,1.37,,1,1854
1500,108,서울,2023-12-02 12:00,3.7,,1.5,55,4.4,-4.5,1014.1,1.7,,2,1864
1501,108,서울,2023-12-02 13:00,4.4,,1.3,55,4.6,-3.8,1013.2,0.91,,9,1933
1502,108,서울,2023-12-02 14:00,6.4,,1.3,57,5.5,-1.5,1012.1,1.24,,2,2125
1503,108,서울,2023-12-02 15:00,7.4,0.0,6.0,52,5.4,-1.8,1011.5,1.22,,4,2985
1504,108,서울,2023-12-02 16:00,6.6,,3.0,50,4.9,-3.1,1011.6,0.9,,4,4807
1505,108,서울,2023-12-02 17:00,6.0,,3.1,54,5.0,-2.6,1011.4,0.11,,6,3694
1506,108,서울,2023-12-02 18:00,5.2,,2.4,54,4.8,-3.3,1011.4,0.0,,0,2868
1507,108,서울,2023-12-02 19:00,5.1,,2.4,56,4.9,-2.9,1011.2,,,3,2646
1508,108,서울,2023-12-02 20:00,5.5,,2.5,57,5.2,-2.3,1011.2,,,9,2420
1509,108,서울,2023-12-02 21:00,5.8,0.0,2.9,66,6.1,0.0,1011.3,,,9,1398
1510,108,서울,2023-12-02 22:00,5.5,,4.9,69,6.2,0.2,1012.1,,,9,948
1511,108,서울,2023-12-02 23:00,3.4,,3.6,55,4.3,-4.8,1012.8,,,0,1809
1512,108,서울,2023-12-03 00:00,1.9,0.0,2.6,56,3.9,-5.9,1013.9,,,0,2274
1513,108,서울,2023-12-03 01:00,0.8,,1.8,56,3.6,-6.9,1014.0,,,0,2384
1514,108,서울,2023-12-03 02:00,-0.2,,0.7,58,3.5,-7.4,1014.5,,,0,2267
1515,108,서울,2023-12-03 03:00,-0.7,,1.0,62,3.6,-7.0,1014.8,,,0,1992
1516,108,서울,2023-12-03 04:00,-1.5,,1.6,68,3.7,-6.6,1014.8,,,0,1840
1517,108,서울,2023-12-03 05:00,-1.6,,1.6,72,3.9,-5.9,1014.9,,,0,1679
1518,108,서울,2023-12-03 06:00,-2.3,,1.4,73,3.8,-6.4,1015.2,,,0,1609
1519,108,서울,2023-12-03 07:00,-2.8,,0.9,76,3.8,-6.4,1015.5,,,0,1476
1520,108,서울,2023-12-03 08:00,-2.7,,0.7,77,3.9,-6.1,1016.0,0.03,,0,1409
1521,108,서울,2023-12-03 09:00,-1.8,,1.5,72,3.9,-6.1,1016.7,0.43,,0,1418
1522,108,서울,2023-12-03 10:00,0.2,,2.1,64,4.0,-5.8,1016.9,1.03,,0,1558
1523,108,서울,2023-12-03 11:00,1.3,,2.4,55,3.7,-6.7,1017.0,1.56,,0,1802
1524,108,서울,2023-12-03 12:00,3.0,,1.8,49,3.7,-6.6,1016.5,1.88,,0,1862
1525,108,서울,2023-12-03 13:00,5.0,,2.1,43,3.8,-6.5,1015.9,1.98,,0,1809
1526,108,서울,2023-12-03 14:00,5.3,,2.8,35,3.1,-8.9,1015.5,1.87,,0,2634
1527,108,서울,2023-12-03 15:00,5.8,,2.2,33,3.0,-9.2,1015.2,1.53,,0,3128
1528,108,서울,2023-12-03 16:00,5.2,,2.6,32,2.8,-10.1,1015.2,0.95,,0,3013
1529,108,서울,2023-12-03 17:00,4.0,,1.8,38,3.1,-9.0,1015.3,0.35,,0,2738
1530,108,서울,2023-12-03 18:00,2.7,,2.3,46,3.4,-7.7,1015.4,0.01,,0,2389
1531,108,서울,2023-12-03 19:00,1.8,,1.6,55,3.8,-6.2,1015.7,,,0,2332
1532,108,서울,2023-12-03 20:00,1.2,,1.5,58,3.9,-6.1,1015.8,,,0,1994
1533,108,서울,2023-12-03 21:00,0.4,,0.8,56,3.5,-7.3,1015.3,,,0,2081
1534,108,서울,2023-12-03 22:00,-0.1,,0.4,61,3.7,-6.7,1015.3,,,0,2050
1535,108,서울,2023-12-03 23:00,-0.5,,1.2,63,3.7,-6.6,1015.4,,,0,2012
1536,108,서울,2023-12-04 00:00,-0.8,,1.1,59,3.4,-7.8,1015.3,,,0,2076
1537,108,서울,2023-12-04 01:00,-1.0,,1.5,61,3.5,-7.5,1014.9,,,0,2011
1538,108,서울,2023-12-04 02:00,-1.4,,1.6,64,3.5,-7.3,1014.6,,,0,1924
1539,108,서울,2023-12-04 03:00,-1.9,,2.3,69,3.7,-6.8,1014.1,,,0,1846
1540,108,서울,2023-12-04 04:00,-2.3,,1.9,71,3.7,-6.8,1013.5,,,0,1761
1541,108,서울,2023-12-04 05:00,-2.5,,1.5,71,3.6,-7.0,1013.1,,,0,1773
1542,108,서울,2023-12-04 06:00,-2.7,,1.8,72,3.6,-7.0,1012.9,,,0,1782
1543,108,서울,2023-12-04 07:00,-2.6,,1.6,71,3.6,-7.1,1013.3,,,0,1805
1544,108,서울,2023-12-04 08:00,-3.0,,2.3,73,3.6,-7.1,1012.9,0.03,,0,1654
1545,108,서울,2023-12-04 09:00,-1.6,,2.2,72,3.9,-5.9,1013.2,0.43,,0,1555
1546,108,서울,2023-12-04 10:00,0.9,,2.3,61,4.0,-5.7,1013.2,0.98,,0,1609
1547,108,서울,2023-12-04 11:00,3.3,,1.8,52,4.0,-5.6,1012.7,1.53,,0,1536
1548,108,서울,2023-12-04 12:00,5.2,,1.1,45,4.0,-5.7,1011.7,1.83,,0,1627
1549,108,서울,2023-12-04 13:00,7.1,,1.0,41,4.2,-5.2,1010.6,1.92,,0,1861
1550,108,서울,2023-12-04 14:00,8.0,,1.8,36,3.9,-6.1,1009.8,1.44,,7,2669
1551,108,서울,2023-12-04 15:00,8.8,,1.4,44,5.0,-2.8,1009.2,1.03,,6,2288
1552,108,서울,2023-12-04 16:00,9.0,,1.3,42,4.8,-3.2,1008.6,0.89,,0,2589
1553,108,서울,2023-12-04 17:00,7.5,,1.5,48,5.0,-2.8,1008.7,0.31,,0,2791
1554,108,서울,2023-12-04 18:00,6.2,,1.0,55,5.2,-2.1,1009.0,0.0,,5,2647
1555,108,서울,2023-12-04 19:00,5.8,,1.3,58,5.4,-1.8,1008.9,,,0,2432
1556,108,서울,2023-12-04 20:00,5.0,,2.0,61,5.3,-1.9,1009.0,,,0,2199
1557,108,서울,2023-12-04 21:00,4.0,,1.6,62,5.0,-2.6,1009.1,,,1,2098
1558,108,서울,2023-12-04 22:00,3.2,,2.0,62,4.8,-3.3,1009.2,,,0,2059
1559,108,서울,2023-12-04 23:00,3.5,,1.7,61,4.8,-3.3,1009.5,,,0,2188
1560,108,서울,2023-12-05 00:00,3.8,,2.4,57,4.6,-3.9,1009.2,,,8,2161
1561,108,서울,2023-12-05 01:00,3.9,,2.6,55,4.4,-4.3,1008.6,,,1,2315
1562,108,서울,2023-12-05 02:00,3.9,,1.8,54,4.4,-4.5,1008.6,,,0,2371
1563,108,서울,2023-12-05 03:00,3.9,,2.7,55,4.4,-4.3,1008.4,,,8,2318
1564,108,서울,2023-12-05 04:00,3.9,,2.0,54,4.4,-4.5,1007.9,,,8,2338
1565,108,서울,2023-12-05 05:00,4.0,,3.0,54,4.4,-4.4,1007.8,,,9,2417
1566,108,서울,2023-12-05 06:00,4.2,,2.0,54,4.4,-4.3,1008.0,,,9,2538
1567,108,서울,2023-12-05 07:00,4.2,,3.3,56,4.6,-3.8,1008.1,,,8,2341
1568,108,서울,2023-12-05 08:00,3.9,,2.9,57,4.6,-3.8,1007.9,0.02,,6,2359
1569,108,서울,2023-12-05 09:00,4.4,,2.9,56,4.7,-3.6,1008.1,0.33,,0,2243
1570,108,서울,2023-12-05 10:00,5.3,,2.9,53,4.7,-3.5,1008.2,0.54,,1,2232
1571,108,서울,2023-12-05 11:00,7.3,,3.2,49,5.0,-2.7,1007.7,1.15,,0,2048
1572,108,서울,2023-12-05 12:00,8.2,,1.6,50,5.4,-1.6,1007.2,1.02,,2,1938
1573,108,서울,2023-12-05 13:00,10.1,,1.3,47,5.8,-0.7,1006.3,1.71,,4,1888
1574,108,서울,2023-12-05 14:00,10.5,,1.2,48,6.1,0.0,1005.2,0.97,,0,1806
1575,108,서울,2023-12-05 15:00,12.4,,1.0,44,6.3,0.4,1004.6,1.38,,0,1930
1576,108,서울,2023-12-05 16:00,12.1,,1.5,44,6.2,0.1,1005.1,0.7,,1,2419
1577,108,서울,2023-12-05 17:00,10.7,,0.6,48,6.2,0.1,1005.1,0.26,,0,2087
1578,108,서울,2023-12-05 18:00,8.9,,1.3,55,6.2,0.3,1005.5,0.01,,0,1786
1579,108,서울,2023-12-05 19:00,7.8,,1.3,58,6.1,0.0,1005.7,,,0,1685
1580,108,서울,2023-12-05 20:00,7.3,,1.5,59,6.1,-0.1,1006.2,,,0,1527
1581,108,서울,2023-12-05 21:00,7.1,,0.1,61,6.1,0.0,1005.7,,,1,1402
1582,108,서울,2023-12-05 22:00,6.2,,1.6,63,6.0,-0.3,1005.9,,,0,1320
1583,108,서울,2023-12-05 23:00,6.2,,1.7,66,6.2,0.3,1005.4,,,0,1248
1584,108,서울,2023-12-06 00:00,5.6,,2.1,68,6.2,0.1,1005.0,,,0,1209
1585,108,서울,2023-12-06 01:00,4.8,,1.6,71,6.1,0.0,1004.1,,,1,1150
1586,108,서울,2023-12-06 02:00,4.2,,2.2,73,6.0,-0.2,1004.0,,,0,1069
1587,108,서울,2023-12-06 03:00,4.3,,1.1,73,6.1,-0.1,1004.1,,,3,1161
1588,108,서울,2023-12-06 04:00,3.9,,2.1,74,6.0,-0.3,1003.4,,,7,1104
1589,108,서울,2023-12-06 05:00,4.2,,2.0,73,6.0,-0.2,1002.6,,,5,1190
1590,108,서울,2023-12-06 06:00,4.3,,1.3,73,6.1,-0.1,1002.5,,,7,1162
1591,108,서울,2023-12-06 07:00,4.6,,1.8,73,6.2,0.1,1002.4,,,7,1096
1592,108,서울,2023-12-06 08:00,4.8,,2.3,72,6.2,0.1,1002.0,0.02,,5,1016
1593,108,서울,2023-12-06 09:00,5.4,,2.6,70,6.2,0.3,1001.5,0.13,,6,957
1594,108,서울,2023-12-06 10:00,6.2,,2.1,69,6.5,0.9,1000.9,0.27,,7,857
1595,108,서울,2023-12-06 11:00,7.0,,2.6,68,6.8,1.4,999.9,0.41,,5,807
1596,108,서울,2023-12-06 12:00,7.6,,2.3,66,6.9,1.6,999.1,0.37,,7,761
1597,108,서울,2023-12-06 13:00,8.0,,2.6,67,7.2,2.2,997.9,0.33,,7,735
1598,108,서울,2023-12-06 14:00,6.9,,2.6,86,8.5,4.7,996.4,0.08,,8,207
1599,108,서울,2023-12-06 15:00,7.1,2.7,2.3,88,8.8,5.2,995.3,0.16,,8,297
1600,108,서울,2023-12-06 16:00,7.4,,2.2,84,8.6,4.8,994.4,0.08,,8,410
1601,108,서울,2023-12-06 17:00,7.4,,1.6,88,9.0,5.5,994.0,0.02,,8,225
1602,108,서울,2023-12-06 18:00,7.5,1.1,0.1,89,9.2,5.7,994.2,0.0,,8,217
1603,108,서울,2023-12-06 19:00,8.7,,3.2,92,10.3,7.4,995.5,,,0,174
1604,108,서울,2023-12-06 20:00,8.3,,3.2,88,9.6,6.4,996.5,,,1,202
1605,108,서울,2023-12-06 21:00,7.4,,3.1,81,8.3,4.3,997.4,,,1,243
1606,108,서울,2023-12-06 22:00,5.9,,2.9,75,6.9,1.7,998.4,,,0,503
1607,108,서울,2023-12-06 23:00,5.3,,2.8,72,6.4,0.6,998.8,,,0,768
1608,108,서울,2023-12-07 00:00,4.9,,3.2,69,6.0,-0.3,999.5,,,1,1368
1609,108,서울,2023-12-07 01:00,4.6,,3.6,63,5.4,-1.8,1000.3,,,0,3310
1610,108,서울,2023-12-07 02:00,3.9,,4.4,60,4.9,-3.1,1001.5,,,4,2825
1611,108,서울,2023-12-07 03:00,3.3,,3.4,60,4.6,-3.7,1002.2,,,7,2882
1612,108,서울,2023-12-07 04:00,2.5,,2.9,60,4.4,-4.4,1002.5,,,0,3064
1613,108,서울,2023-12-07 05:00,2.0,,1.2,62,4.4,-4.5,1002.6,,,0,3185
1614,108,서울,2023-12-07 06:00,1.3,,1.4,63,4.2,-4.9,1003.1,,,0,3143
1615,108,서울,2023-12-07 07:00,0.9,,1.0,64,4.2,-5.1,1003.4,,,0,3613
1616,108,서울,2023-12-07 08:00,1.0,,0.9,67,4.4,-4.4,1003.8,0.01,,0,3141
1617,108,서울,2023-12-07 09:00,1.6,,1.2,63,4.3,-4.6,1004.5,0.32,,0,3169
1618,108,서울,2023-12-07 10:00,4.2,,1.7,55,4.5,-4.0,1004.8,0.81,,0,3784
1619,108,서울,2023-12-07 11:00,7.2,,2.7,54,5.5,-1.5,1004.5,1.35,,0,2811
1620,108,서울,2023-12-07 12:00,9.1,,4.0,58,6.7,1.2,1003.7,1.65,,0,2508
1621,108,서울,2023-12-07 13:00,10.9,,3.8,52,6.8,1.4,1003.0,1.74,,1,1869
1622,108,서울,2023-12-07 14:00,11.3,,5.2,49,6.5,0.9,1003.2,1.55,,1,1491
1623,108,서울,2023-12-07 15:00,11.2,,5.8,56,7.4,2.7,1003.3,1.09,,6,1573
1624,108,서울,2023-12-07 16:00,11.1,,4.5,59,7.7,3.3,1003.6,0.6,,6,1689
1625,108,서울,2023-12-07 17:00,10.7,,3.9,62,8.0,3.7,1003.8,0.24,,8,1771
1626,108,서울,2023-12-07 18:00,10.1,,2.9,67,8.2,4.2,1004.3,0.0,,2,1689
1627,108,서울,2023-12-07 19:00,9.5,,2.0,70,8.2,4.2,1004.6,,,0,1608
1628,108,서울,2023-12-07 20:00,8.9,,1.5,70,8.0,3.7,1004.7,,,1,1565
1629,108,서울,2023-12-07 21:00,8.4,,1.5,72,7.9,3.6,1004.8,,,0,1559
1630,108,서울,2023-12-07 22:00,7.7,,1.4,75,7.8,3.5,1004.9,,,0,1507
1631,108,서울,2023-12-07 23:00,7.6,,1.4,75,7.8,3.4,1005.0,,,0,1621
1632,108,서울,2023-12-08 00:00,7.8,,2.0,73,7.7,3.2,1004.7,,,0,1701
1633,108,서울,2023-12-08 01:00,6.4,,2.4,76,7.3,2.4,1004.6,,,0,1560
1634,108,서울,2023-12-08 02:00,5.8,,2.3,77,7.1,2.0,1004.6,,,0,1553
1635,108,서울,2023-12-08 03:00,5.4,,2.3,78,7.0,1.8,1004.5,,,0,1629
1636,108,서울,2023-12-08 04:00,5.2,,2.2,77,6.8,1.4,1004.0,,,0,1679
1637,108,서울,2023-12-08 05:00,5.3,,2.6,77,6.8,1.5,1003.9,,,0,1666
1638,108,서울,2023-12-08 06:00,5.3,,2.3,76,6.8,1.4,1003.4,,,0,1628
1639,108,서울,2023-12-08 07:00,5.4,,2.9,75,6.7,1.3,1003.4,,,0,1667
1640,108,서울,2023-12-08 08:00,5.7,,3.0,74,6.8,1.4,1003.6,0.01,,0,1695
1641,108,서울,2023-12-08 09:00,6.7,,2.1,72,7.0,1.9,1003.9,0.3,,0,1716
1642,108,서울,2023-12-08 10:00,8.8,,2.0,66,7.4,2.7,1003.9,0.74,,0,1681
1643,108,서울,2023-12-08 11:00,10.9,,1.8,62,8.0,3.8,1003.4,1.24,,0,1513
1644,108,서울,2023-12-08 12:00,13.9,,1.5,60,9.5,6.2,1002.0,1.55,,2,1604
1645,108,서울,2023-12-08 13:00,15.9,,4.1,58,10.4,7.6,1001.0,1.57,,6,1621
1646,108,서울,2023-12-08 14:00,16.4,,7.3,62,11.5,9.0,1000.3,0.58,,8,1543
1647,108,서울,2023-12-08 15:00,16.8,,5.9,62,11.8,9.4,1000.1,0.8,,4,1526
1648,108,서울,2023-12-08 16:00,16.4,,5.2,65,12.0,9.7,1000.2,0.54,,4,1558
1649,108,서울,2023-12-08 17:00,15.6,,4.1,70,12.4,10.1,1000.4,0.2,,2,1513
1650,108,서울,2023-12-08 18:00,14.8,,2.8,74,12.4,10.2,1000.8,0.01,,2,1475
1651,108,서울,2023-12-08 19:00,14.3,,3.1,77,12.5,10.3,1001.1,,,7,1308
1652,108,서울,2023-12-08 20:00,14.0,,2.7,79,12.6,10.4,1001.7,,,7,1250
1653,108,서울,2023-12-08 21:00,13.7,,2.9,81,12.6,10.4,1002.0,,,2,1221
1654,108,서울,2023-12-08 22:00,13.6,,2.1,81,12.5,10.3,1002.3,,,8,1227
1655,108,서울,2023-12-08 23:00,13.3,,1.8,83,12.6,10.4,1002.5,,,9,1202
1656,108,서울,2023-12-09 00:00,13.1,,2.8,84,12.6,10.4,1002.9,,,1,1181
1657,108,서울,2023-12-09 01:00,12.7,,2.3,86,12.6,10.4,1002.8,,,6,1142
1658,108,서울,2023-12-09 02:00,12.7,,3.2,88,12.9,10.7,1003.3,,,7,1130
1659,108,서울,2023-12-09 03:00,12.8,,2.5,88,12.9,10.8,1003.5,,,8,1067
1660,108,서울,2023-12-09 04:00,13.1,,2.5,88,13.2,11.1,1003.7,,,9,993
1661,108,서울,2023-12-09 05:00,13.1,,2.2,89,13.4,11.3,1003.8,,,8,949
1662,108,서울,2023-12-09 06:00,13.1,,1.8,88,13.2,11.1,1004.1,,,9,882
1663,108,서울,2023-12-09 07:00,13.1,,2.6,89,13.4,11.3,1004.6,,,8,832
1664,108,서울,2023-12-09 08:00,13.2,,3.0,89,13.5,11.4,1005.3,0.01,,8,836
1665,108,서울,2023-12-09 09:00,13.3,,2.6,89,13.6,11.5,1006.2,0.06,,9,778
1666,108,서울,2023-12-09 10:00,13.5,,2.5,86,13.2,11.1,1006.8,0.18,,9,757
1667,108,서울,2023-12-09 11:00,13.9,,2.7,84,13.3,11.2,1007.0,0.29,,9,802
1668,108,서울,2023-12-09 12:00,14.7,,2.4,79,13.1,11.0,1006.9,0.57,,9,800
1669,108,서울,2023-12-09 13:00,15.3,,2.2,76,13.1,11.0,1006.7,0.76,,9,812
1670,108,서울,2023-12-09 14:00,16.0,,1.9,73,13.2,11.1,1006.4,0.84,,9,803
1671,108,서울,2023-12-09 15:00,16.2,,1.5,71,13.0,10.9,1006.4,0.64,,8,839
1672,108,서울,2023-12-09 16:00,16.0,,1.0,71,12.9,10.7,1006.5,0.5,,1,860
1673,108,서울,2023-12-09 17:00,15.1,,1.7,75,12.8,10.6,1007.0,0.2,,6,872
1674,108,서울,2023-12-09 18:00,14.4,,1.2,78,12.8,10.6,1007.8,0.0,,6,757
1675,108,서울,2023-12-09 19:00,14.2,,2.4,81,13.0,10.9,1008.5,,,9,589
1676,108,서울,2023-12-09 20:00,13.8,,2.1,82,12.9,10.7,1009.1,,,9,558
1677,108,서울,2023-12-09 21:00,13.5,,0.6,82,12.6,10.4,1009.5,,,8,535
1678,108,서울,2023-12-09 22:00,13.1,,1.2,83,12.4,10.2,1009.8,,,5,515
1679,108,서울,2023-12-09 23:00,12.3,,0.7,86,12.3,10.0,1010.0,,,1,410
1680,108,서울,2023-12-10 00:00,11.7,,0.3,88,12.0,9.7,1010.2,,,9,367
1681,108,서울,2023-12-10 01:00,11.6,,,87,11.9,9.5,1010.4,,,10,399
1682,108,서울,2023-12-10 02:00,11.4,,,86,11.6,9.1,1010.7,,,9,467
1683,108,서울,2023-12-10 03:00,10.8,,,82,10.6,7.8,1010.9,,,2,580
1684,108,서울,2023-12-10 04:00,9.9,,,83,10.1,7.1,1011.2,,,0,553
1685,108,서울,2023-12-10 05:00,8.9,,,87,9.9,6.8,1011.7,,,0,508
1686,108,서울,2023-12-10 06:00,8.0,,,87,9.3,5.9,1012.0,,,0,575
1687,108,서울,2023-12-10 07:00,7.4,,,88,9.0,5.5,1012.6,,,0,530
1688,108,서울,2023-12-10 08:00,6.8,,,89,8.8,5.1,1013.3,,,0,611
1689,108,서울,2023-12-10 09:00,7.0,,,87,8.7,4.9,1013.5,,,0,696
1690,108,서울,2023-12-10 10:00,8.7,,,84,9.4,6.1,1013.9,,,0,749
1691,108,서울,2023-12-10 11:00,10.9,,,65,8.4,4.5,1014.1,,,0,937
1692,108,서울,2023-12-10 12:00,12.4,,,51,7.3,2.5,1013.1,,,0,1331
1693,108,서울,2023-12-10 13:00,14.2,,,48,7.7,3.3,1012.1,,,0,1568
1694,108,서울,2023-12-10 14:00,15.3,,,48,8.3,4.3,1010.9,,,0,1286
1695,108,서울,2023-12-10 15:00,15.4,,,51,8.9,5.3,1011.1,,,0,1223
1696,108,서울,2023-12-10 16:00,14.7,,,55,9.2,5.7,1011.1,,,0,1174
1697,108,서울,2023-12-10 17:00,13.4,,,54,8.2,4.2,1011.2,,,0,1434
1698,108,서울,2023-12-10 18:00,12.8,,,56,8.2,4.2,1011.4,,,0,1403
1699,108,서울,2023-12-10 19:00,12.4,,,61,8.7,5.0,1011.6,,,9,1349
1700,108,서울,2023-12-10 20:00,12.3,,,62,8.8,5.2,1011.8,,,10,1403
1701,108,서울,2023-12-10 21:00,12.3,,,63,9.0,5.4,1012.0,,,2,1569
1702,108,서울,2023-12-10 22:00,12.1,,,63,8.8,5.2,1012.2,,,1,1743
1703,108,서울,2023-12-10 23:00,12.1,,,65,9.2,5.7,1012.2,,,1,2590
1704,108,서울,2023-12-11 00:00,12.2,0.0,,66,9.3,6.0,1012.0,,,6,3378
1705,108,서울,2023-12-11 01:00,12.0,,,70,9.7,6.6,1011.5,,,6,3409
1706,108,서울,2023-12-11 02:00,11.8,,,73,10.1,7.1,1011.0,,,8,2674
1707,108,서울,2023-12-11 03:00,11.6,0.0,,73,9.9,6.9,1010.8,,,4,4377
1708,108,서울,2023-12-11 04:00,11.6,,,75,10.2,7.3,1010.1,,,7,4262
1709,108,서울,2023-12-11 05:00,11.3,,,77,10.3,7.4,1010.0,,,9,4834
1710,108,서울,2023-12-11 06:00,10.9,0.6,,83,10.8,8.1,1009.9,,,7,4506
1711,108,서울,2023-12-11 07:00,10.9,,,85,11.0,8.4,1009.9,,,8,2793
1712,108,서울,2023-12-11 08:00,10.6,,,86,10.9,8.3,1009.8,0.0,,8,3338
1713,108,서울,2023-12-11 09:00,10.6,0.6,,84,10.7,8.0,1009.4,0.08,,8,3656
1714,108,서울,2023-12-11 10:00,10.9,,,78,10.2,7.2,1008.8,0.2,,8,4971
1715,108,서울,2023-12-11 11:00,11.2,,,72,9.5,6.3,1008.1,0.27,,7,5000
1716,108,서울,2023-12-11 12:00,10.5,0.1,,80,10.1,7.1,1007.4,0.2,,8,2112
1717,108,서울,2023-12-11 13:00,9.4,,,89,10.4,7.6,1006.1,0.18,,9,1336
1718,108,서울,2023-12-11 14:00,8.8,,6.9,89,10.0,7.0,1004.7,0.12,,8,1230
1719,108,서울,2023-12-11 15:00,8.5,4.6,8.0,87,9.6,6.4,1003.4,0.24,,9,1931
1720,108,서울,2023-12-11 16:00,8.3,,7.5,84,9.2,5.7,1002.3,0.18,,8,2854
1721,108,서울,2023-12-11 17:00,8.4,,7.4,80,8.8,5.1,1001.6,0.07,,7,4685
1722,108,서울,2023-12-11 18:00,8.1,0.8,7.2,86,9.2,5.8,1002.7,0.0,,8,644
1723,108,서울,2023-12-11 19:00,7.3,,5.9,90,9.2,5.7,1003.2,,,8,1050
1724,108,서울,2023-12-11 20:00,6.8,,5.6,90,8.8,5.2,1004.0,,,8,1063
1725,108,서울,2023-12-11 21:00,6.3,4.3,3.3,89,8.5,4.6,1005.3,,,8,1554
1726,108,서울,2023-12-11 22:00,5.6,,5.2,88,8.0,3.7,1004.9,,,7,5000
1727,108,서울,2023-12-11 23:00,5.1,,7.3,87,7.6,3.1,1004.8,,,8,1728
1728,108,서울,2023-12-12 00:00,5.0,0.4,6.3,81,7.1,2.0,1004.5,,,6,4134
1729,108,서울,2023-12-12 01:00,4.9,,5.0,81,7.0,1.9,1004.5,,,6,5000
1730,108,서울,2023-12-12 02:00,5.1,,5.8,73,6.4,0.6,1004.9,,,7,3698
1731,108,서울,2023-12-12 03:00,4.6,0.0,3.5,81,6.9,1.6,1005.1,,,8,5000
1732,108,서울,2023-12-12 04:00,4.2,,3.1,86,7.1,2.0,1005.9,,,7,828
1733,108,서울,2023-12-12 05:00,4.1,,1.9,86,7.0,1.9,1006.9,,,7,3988
1734,108,서울,2023-12-12 06:00,4.0,0.4,1.6,83,6.7,1.3,1007.4,,,5,5000
1735,108,서울,2023-12-12 07:00,4.0,,3.0,81,6.6,1.0,1008.5,,,9,5000
1736,108,서울,2023-12-12 08:00,3.9,,3.4,82,6.6,1.1,1008.7,0.01,,6,5000
1737,108,서울,2023-12-12 09:00,4.2,,2.7,80,6.6,1.0,1008.8,0.15,,7,5000
1738,108,서울,2023-12-12 10:00,4.8,,3.2,77,6.6,1.1,1010.1,0.33,,7,5000
1739,108,서울,2023-12-12 11:00,5.5,,2.6,74,6.7,1.2,1010.5,0.42,,6,5000
1740,108,서울,2023-12-12 12:00,6.2,,2.5,71,6.7,1.3,1010.4,0.45,,5,5000
1741,108,서울,2023-12-12 13:00,7.1,,3.2,70,7.0,1.9,1010.4,0.84,,2,5000
1742,108,서울,2023-12-12 14:00,8.0,,2.5,66,7.1,2.0,1010.0,1.14,,0,5000
1743,108,서울,2023-12-12 15:00,9.0,,2.6,61,7.0,1.8,1010.3,1.42,,0,4868
1744,108,서울,2023-12-12 16:00,9.3,,2.9,58,6.8,1.4,1011.2,0.94,,0,5000
1745,108,서울,2023-12-12 17:00,8.1,,2.6,62,6.7,1.2,1011.8,0.37,,0,5000
1746,108,서울,2023-12-12 18:00,6.7,,1.8,68,6.7,1.2,1012.2,0.01,,0,5000
1747,108,서울,2023-12-12 19:00,5.7,,2.4,72,6.6,1.0,1012.8,,,0,4935
1748,108,서울,2023-12-12 20:00,5.1,,2.3,74,6.5,0.8,1013.6,,,0,4763
1749,108,서울,2023-12-12 21:00,4.6,,1.8,77,6.5,0.9,1014.4,,,0,4842
1750,108,서울,2023-12-12 22:00,4.1,,2.1,80,6.5,0.9,1014.9,,,0,4982
1751,108,서울,2023-12-12 23:00,3.8,,1.6,81,6.5,0.8,1015.1,,,0,4661
1752,108,서울,2023-12-13 00:00,3.5,,1.9,84,6.6,1.0,1015.4,,,0,4457
1753,108,서울,2023-12-13 01:00,3.3,,1.7,87,6.7,1.3,1015.8,,,0,4177
1754,108,서울,2023-12-13 02:00,3.2,,1.8,86,6.6,1.0,1016.1,,,0,4596
1755,108,서울,2023-12-13 03:00,2.8,,1.6,87,6.5,0.8,1016.4,,,0,3296
1756,108,서울,2023-12-13 04:00,2.7,,1.9,88,6.5,0.9,1016.4,,,8,2712
1757,108,서울,2023-12-13 05:00,2.6,,1.7,89,6.5,0.9,1016.5,,,8,2988
1758,108,서울,2023-12-13 06:00,2.8,,1.7,89,6.6,1.1,1017.2,,,9,2904
1759,108,서울,2023-12-13 07:00,3.1,,2.1,88,6.7,1.2,1017.3,,,9,2923
1760,108,서울,2023-12-13 08:00,3.4,,1.2,87,6.8,1.4,1017.4,0.01,,9,2540
1761,108,서울,2023-12-13 09:00,4.0,,2.3,83,6.7,1.3,1016.9,0.27,,1,3218
1762,108,서울,2023-12-13 10:00,5.7,,1.6,77,7.0,1.9,1017.6,0.75,,8,3482
1763,108,서울,2023-12-13 11:00,6.7,,1.5,74,7.2,2.3,1018.0,0.61,,9,3567
1764,108,서울,2023-12-13 12:00,7.6,,2.0,71,7.4,2.6,1018.0,0.65,,7,3259
1765,108,서울,2023-12-13 13:00,9.3,,2.8,66,7.7,3.2,1016.7,1.27,,2,4267
1766,108,서울,2023-12-13 14:00,10.1,,3.5,63,7.7,3.3,1017.0,1.24,,8,3798
1767,108,서울,2023-12-13 15:00,10.3,,2.2,62,7.7,3.3,1016.9,0.72,,3,4732
1768,108,서울,2023-12-13 16:00,10.1,,2.5,63,7.7,3.3,1016.7,0.37,,6,4060
1769,108,서울,2023-12-13 17:00,9.5,,3.1,64,7.6,3.0,1016.5,0.16,,0,3832
1770,108,서울,2023-12-13 18:00,8.9,,3.6,68,7.7,3.3,1016.4,0.01,,8,3536
1771,108,서울,2023-12-13 19:00,8.9,,3.4,67,7.6,3.0,1016.3,,,6,3529
1772,108,서울,2023-12-13 20:00,8.7,,2.9,67,7.5,2.9,1016.6,,,9,3825
1773,108,서울,2023-12-13 21:00,8.7,,3.3,67,7.5,2.9,1016.9,,,9,3817
1774,108,서울,2023-12-13 22:00,8.9,,2.6,67,7.6,3.0,1016.6,,,10,3605
1775,108,서울,2023-12-13 23:00,9.0,,3.7,66,7.5,2.9,1016.5,,,10,3905
1776,108,서울,2023-12-14 00:00,9.0,,3.5,66,7.5,2.9,1016.3,,,9,4008
1777,108,서울,2023-12-14 01:00,9.0,,2.8,67,7.6,3.1,1016.4,,,7,4232
1778,108,서울,2023-12-14 02:00,9.1,,3.0,67,7.7,3.2,1016.5,,,9,4222
1779,108,서울,2023-12-14 03:00,9.0,0.0,3.0,67,7.6,3.1,1016.6,,,8,3904
1780,108,서울,2023-12-14 04:00,8.8,,3.2,68,7.7,3.2,1016.3,,,8,4103
1781,108,서울,2023-12-14 05:00,8.7,,3.4,70,7.8,3.5,1015.6,,,8,3454
1782,108,서울,2023-12-14 06:00,8.3,0.0,4.6,71,7.7,3.3,1014.8,,,7,2831
1783,108,서울,2023-12-14 07:00,8.2,,4.0,72,7.8,3.4,1014.5,,,8,2633
1784,108,서울,2023-12-14 08:00,8.1,,4.4,74,8.0,3.7,1014.5,0.01,,8,2572
1785,108,서울,2023-12-14 09:00,8.1,0.0,3.1,77,8.3,4.3,1015.4,0.03,,8,1693
1786,108,서울,2023-12-14 10:00,7.6,,3.0,88,9.2,5.7,1015.9,0.09,,9,951
1787,108,서울,2023-12-14 11:00,7.3,,5.0,91,9.3,5.9,1015.0,0.18,,9,763
1788,108,서울,2023-12-14 12:00,7.6,1.4,4.3,92,9.5,6.3,1014.4,0.26,,9,733
1789,108,서울,2023-12-14 13:00,7.6,,4.7,94,9.7,6.6,1013.3,0.26,,9,708
1790,108,서울,2023-12-14 14:00,7.8,,4.5,94,9.9,6.8,1011.9,0.32,,9,866
1791,108,서울,2023-12-14 15:00,7.7,1.3,4.6,93,9.7,6.6,1011.1,0.18,,9,867
1792,108,서울,2023-12-14 16:00,7.5,,5.1,94,9.7,6.5,1010.4,0.09,,9,1073
1793,108,서울,2023-12-14 17:00,7.3,,6.2,93,9.5,6.2,1009.5,0.03,,8,1550
1794,108,서울,2023-12-14 18:00,7.1,1.3,6.1,96,9.7,6.5,1008.9,0.01,,8,760
1795,108,서울,2023-12-14 19:00,7.0,,5.6,97,9.7,6.5,1008.4,,,9,693
1796,108,서울,2023-12-14 20:00,6.9,,6.4,96,9.5,6.3,1008.1,,,8,1144
1797,108,서울,2023-12-14 21:00,6.8,6.2,5.7,96,9.5,6.2,1007.4,,,8,641
1798,108,서울,2023-12-14 22:00,6.6,,5.4,97,9.4,6.1,1007.1,,,8,801
1799,108,서울,2023-12-14 23:00,6.3,,6.3,97,9.2,5.8,1005.9,,,9,507
1800,108,서울,2023-12-15 00:00,6.2,6.8,6.0,94,8.9,5.3,1004.9,,,7,5000
1801,108,서울,2023-12-15 01:00,6.0,,6.3,96,9.0,5.4,1003.7,,,9,492
1802,108,서울,2023-12-15 02:00,5.9,,6.4,98,9.1,5.6,1003.2,,,9,567
1803,108,서울,2023-12-15 03:00,6.1,7.3,5.1,99,9.3,5.9,1002.5,,,8,602
1804,108,서울,2023-12-15 04:00,5.8,,6.0,97,8.9,5.3,1001.3,,,9,489
1805,108,서울,2023-12-15 05:00,5.8,,5.5,99,9.1,5.6,1000.4,,,8,384
1806,108,서울,2023-12-15 06:00,5.5,9.8,5.1,98,8.8,5.2,999.8,,,8,370
1807,108,서울,2023-12-15 07:00,5.4,,4.5,98,8.8,5.1,999.7,,,8,885
1808,108,서울,2023-12-15 08:00,5.1,,5.7,97,8.5,4.6,1000.1,0.0,,8,583
1809,108,서울,2023-12-15 09:00,5.0,5.8,4.4,97,8.4,4.5,999.5,0.02,,8,1077
1810,108,서울,2023-12-15 10:00,5.1,,4.4,98,8.6,4.8,1000.4,0.06,,9,550
1811,108,서울,2023-12-15 11:00,5.0,,2.9,96,8.4,4.4,1000.7,0.13,,9,964
1812,108,서울,2023-12-15 12:00,4.9,5.5,3.8,97,8.4,4.4,1000.2,0.19,,8,749
1813,108,서울,2023-12-15 13:00,4.9,,2.6,95,8.2,4.1,1000.5,0.19,,8,650
1814,108,서울,2023-12-15 14:00,5.1,,2.6,95,8.3,4.3,1000.8,0.31,,8,702
1815,108,서울,2023-12-15 15:00,5.0,1.3,3.4,95,8.2,4.2,999.9,0.34,,8,774
1816,108,서울,2023-12-15 16:00,4.9,,2.2,94,8.1,4.0,1000.9,0.16,,10,1387
1817,108,서울,2023-12-15 17:00,4.9,,2.1,91,7.8,3.5,1002.0,0.08,,9,2525
1818,108,서울,2023-12-15 18:00,4.9,0.0,1.8,90,7.7,3.3,1003.2,0.0,,8,3462
1819,108,서울,2023-12-15 19:00,4.8,,2.2,89,7.6,3.1,1003.8,,,10,3270
1820,108,서울,2023-12-15 20:00,4.6,,2.0,92,7.8,3.4,1003.7,,,10,402
1821,108,서울,2023-12-15 21:00,4.4,0.0,1.4,92,7.7,3.2,1003.9,,,10,563
1822,108,서울,2023-12-15 22:00,4.2,,1.1,93,7.6,3.1,1004.2,,,10,533
1823,108,서울,2023-12-15 23:00,4.1,,2.8,97,7.9,3.6,1005.1,,,9,197
1824,108,서울,2023-12-16 00:00,3.7,1.4,2.2,95,7.5,2.9,1004.4,,,9,508
1825,108,서울,2023-12-16 01:00,3.7,,2.0,95,7.5,2.9,1003.9,,,8,857
1826,108,서울,2023-12-16 02:00,2.1,,8.1,95,6.7,1.3,1004.6,,,9,366
1827,108,서울,2023-12-16 03:00,1.3,0.4,4.0,96,6.4,0.7,1005.2,,,8,498
1828,108,서울,2023-12-16 04:00,0.6,,6.2,94,6.0,-0.2,1005.4,,0.2,9,351
1829,108,서울,2023-12-16 05:00,-0.1,,4.5,92,5.6,-1.2,1005.5,,0.2,9,883
1830,108,서울,2023-12-16 06:00,-0.5,0.9,3.6,89,5.3,-2.0,1006.1,,0.3,8,1072
1831,108,서울,2023-12-16 07:00,-1.3,,5.2,87,4.9,-3.1,1006.5,,0.7,9,287
1832,108,서울,2023-12-16 08:00,-1.9,,5.8,79,4.2,-5.0,1007.1,0.0,0.9,8,1888
1833,108,서울,2023-12-16 09:00,-2.2,0.2,4.2,82,4.3,-4.8,1008.6,0.18,1.0,8,1321
1834,108,서울,2023-12-16 10:00,-2.6,,4.8,78,3.9,-5.9,1008.7,0.47,1.0,9,2678
1835,108,서울,2023-12-16 11:00,-2.5,,6.6,63,3.2,-8.5,1009.7,1.12,0.7,6,4224
1836,108,서울,2023-12-16 12:00,-2.7,0.0,7.6,57,2.9,-10.0,1009.5,1.78,,5,5000
1837,108,서울,2023-12-16 13:00,-3.5,,6.8,56,2.6,-11.0,1009.9,0.75,,7,4999
1838,108,서울,2023-12-16 14:00,-2.5,,8.0,51,2.6,-11.2,1010.1,1.86,,7,4980
1839,108,서울,2023-12-16 15:00,-3.4,0.0,6.5,49,2.3,-12.6,1010.6,1.39,,8,4105
1840,108,서울,2023-12-16 16:00,-4.2,,6.0,51,2.3,-12.8,1011.4,0.64,,5,4934
1841,108,서울,2023-12-16 17:00,-5.2,,5.5,51,2.1,-13.7,1012.3,0.29,,4,5000
1842,108,서울,2023-12-16 18:00,-6.4,0.0,6.0,63,2.4,-12.2,1013.8,0.01,,4,4899
1843,108,서울,2023-12-16 19:00,-7.2,,5.3,70,2.5,-11.7,1015.0,,,6,3034
1844,108,서울,2023-12-16 20:00,-7.8,,4.1,62,2.1,-13.8,1016.0,,,2,4151
1845,108,서울,2023-12-16 21:00,-8.7,0.0,2.9,61,1.9,-14.8,1016.8,,,0,3537
1846,108,서울,2023-12-16 22:00,-9.2,,5.0,61,1.9,-15.3,1017.7,,,1,3496
1847,108,서울,2023-12-16 23:00,-9.4,,3.3,62,1.9,-15.3,1017.9,,,0,3281
1848,108,서울,2023-12-17 00:00,-9.9,,5.2,54,1.6,-17.4,1018.6,,,0,3427
1849,108,서울,2023-12-17 01:00,-10.4,,4.8,56,1.6,-17.5,1019.0,,,0,3555
1850,108,서울,2023-12-17 02:00,-10.8,,3.7,59,1.6,-17.2,1019.9,,,0,3345
1851,108,서울,2023-12-17 03:00,-10.9,,3.4,55,1.5,-18.1,1020.3,,,0,3884
1852,108,서울,2023-12-17 04:00,-11.3,,2.5,58,1.5,-17.9,1020.4,,,0,3582
1853,108,서울,2023-12-17 05:00,-11.5,,3.2,54,1.4,-18.9,1020.7,,,0,3774
1854,108,서울,2023-12-17 06:00,-11.7,,3.7,53,1.3,-19.3,1021.1,,,0,4273
1855,108,서울,2023-12-17 07:00,-12.0,,3.3,51,1.2,-20.1,1021.8,,,0,4536
1856,108,서울,2023-12-17 08:00,-12.4,,3.6,52,1.2,-20.2,1022.2,0.01,,0,4022
1857,108,서울,2023-12-17 09:00,-12.1,,2.5,55,1.3,-19.3,1023.0,0.4,,0,3583
1858,108,서울,2023-12-17 10:00,-10.8,,3.0,50,1.3,-19.2,1023.7,1.0,,0,4186
1859,108,서울,2023-12-17 11:00,-9.7,,4.1,48,1.4,-18.6,1023.6,1.57,,0,4447
1860,108,서울,2023-12-17 12:00,-8.5,,3.1,50,1.6,-17.0,1023.2,1.89,,0,4319
1861,108,서울,2023-12-17 13:00,-7.4,,3.6,45,1.6,-17.3,1022.4,2.01,,0,4700
1862,108,서울,2023-12-17 14:00,-6.9,,3.7,42,1.5,-17.6,1022.1,1.91,,0,4236
1863,108,서울,2023-12-17 15:00,-6.6,,3.7,39,1.5,-18.2,1022.3,1.58,,0,4998
1864,108,서울,2023-12-17 16:00,-6.7,,4.3,38,1.4,-18.6,1022.2,1.01,,0,4945
1865,108,서울,2023-12-17 17:00,-7.6,,4.1,37,1.3,-19.8,1022.6,0.42,,0,5000
1866,108,서울,2023-12-17 18:00,-8.3,,2.9,40,1.3,-19.5,1023.1,0.01,,0,5000
1867,108,서울,2023-12-17 19:00,-8.8,,3.9,46,1.5,-18.3,1024.0,,,1,4976
1868,108,서울,2023-12-17 20:00,-9.2,,1.7,47,1.4,-18.4,1024.2,,,0,4925
1869,108,서울,2023-12-17 21:00,-9.7,,1.0,48,1.4,-18.6,1024.1,,,0,4878
1870,108,서울,2023-12-17 22:00,-10.2,,1.7,49,1.4,-18.9,1024.7,,,0,4895
1871,108,서울,2023-12-17 23:00,-10.7,,1.4,53,1.4,-18.4,1025.1,,,0,4814
1872,108,서울,2023-12-18 00:00,-10.6,,3.2,51,1.4,-18.8,1025.0,,,0,4722
1873,108,서울,2023-12-18 01:00,-10.9,,2.1,55,1.5,-18.1,1025.1,,,1,4763
1874,108,서울,2023-12-18 02:00,-11.4,,1.9,58,1.5,-18.0,1025.3,,,0,4185
1875,108,서울,2023-12-18 03:00,-11.8,,1.7,60,1.5,-18.0,1025.7,,,0,3935
1876,108,서울,2023-12-18 04:00,-11.8,,2.4,56,1.4,-18.8,1025.3,,,0,4496
1877,108,서울,2023-12-18 05:00,-12.1,,2.1,52,1.3,-19.9,1025.6,,,0,4921
1878,108,서울,2023-12-18 06:00,-12.1,,1.9,53,1.3,-19.7,1025.0,,,0,4878
1879,108,서울,2023-12-18 07:00,-11.9,,2.2,55,1.4,-19.1,1024.5,,,0,4937
1880,108,서울,2023-12-18 08:00,-11.5,,2.3,53,1.4,-19.1,1024.8,0.01,,0,4981
1881,108,서울,2023-12-18 09:00,-10.3,,2.0,47,1.3,-19.4,1026.0,0.28,,0,4852
1882,108,서울,2023-12-18 10:00,-8.6,,1.2,45,1.4,-18.4,1026.2,0.63,,0,4944
1883,108,서울,2023-12-18 11:00,-7.1,,1.6,43,1.6,-17.5,1025.6,0.85,,0,4960
1884,108,서울,2023-12-18 12:00,-6.2,,2.4,43,1.7,-16.7,1023.9,0.93,,0,4967
1885,108,서울,2023-12-18 13:00,-4.0,,1.7,42,1.9,-15.0,1023.7,1.5,,0,4798
1886,108,서울,2023-12-18 14:00,-3.6,,2.6,39,1.8,-15.5,1022.9,1.15,,0,4636
1887,108,서울,2023-12-18 15:00,-3.7,,3.3,37,1.7,-16.3,1022.5,0.87,,0,5000
1888,108,서울,2023-12-18 16:00,-3.9,,2.1,39,1.8,-15.8,1022.1,0.61,,0,4852
1889,108,서울,2023-12-18 17:00,-4.5,,3.2,35,1.5,-17.6,1021.9,0.18,,0,4936
1890,108,서울,2023-12-18 18:00,-5.2,,2.3,38,1.6,-17.3,1022.1,0.0,,0,4653
1891,108,서울,2023-12-18 19:00,-5.7,,3.6,37,1.5,-18.1,1022.4,,,10,4625
1892,108,서울,2023-12-18 20:00,-5.9,,1.5,38,1.5,-17.9,1022.2,,,9,4738
1893,108,서울,2023-12-18 21:00,-6.3,,2.0,39,1.5,-18.0,1022.1,,,0,4942
1894,108,서울,2023-12-18 22:00,-6.4,,2.7,40,1.5,-17.8,1021.7,,,10,4763
1895,108,서울,2023-12-18 23:00,-6.5,,1.5,41,1.5,-17.6,1022.1,,,10,4833
1896,108,서울,2023-12-19 00:00,-6.4,,0.6,44,1.7,-16.6,1021.7,,,6,4748
1897,108,서울,2023-12-19 01:00,-6.5,,0.8,45,1.7,-16.4,1021.5,,,10,4378
1898,108,서울,2023-12-19 02:00,-6.6,,1.4,45,1.7,-16.5,1021.7,,,9,4713
1899,108,서울,2023-12-19 03:00,-7.2,,2.4,51,1.8,-15.6,1021.2,,,0,3561
1900,108,서울,2023-12-19 04:00,-7.5,,2.6,54,1.9,-15.2,1020.4,,,1,3286
1901,108,서울,2023-12-19 05:00,-7.8,,2.4,55,1.9,-15.2,1019.6,,,0,3406
1902,108,서울,2023-12-19 06:00,-8.2,,1.6,53,1.7,-16.1,1019.5,,,2,4197
1903,108,서울,2023-12-19 07:00,-7.6,,3.3,55,1.9,-15.0,1018.6,,,0,4045
1904,108,서울,2023-12-19 08:00,-7.2,,3.3,55,2.0,-14.7,1018.4,0.01,,7,3967
1905,108,서울,2023-12-19 09:00,-6.0,,2.9,51,2.0,-14.5,1018.7,0.14,,8,4729
1906,108,서울,2023-12-19 10:00,-5.0,,2.6,49,2.1,-14.0,1018.0,0.4,,5,4224
1907,108,서울,2023-12-19 11:00,-2.7,,3.0,44,2.2,-13.2,1017.7,1.09,,3,3827
1908,108,서울,2023-12-19 12:00,-1.6,,1.0,44,2.4,-12.2,1017.0,1.13,,8,3810
1909,108,서울,2023-12-19 13:00,-0.7,,1.9,42,2.4,-12.0,1015.9,1.16,,9,3142
1910,108,서울,2023-12-19 14:00,0.1,,1.8,48,3.0,-9.6,1015.7,0.84,,9,3461
1911,108,서울,2023-12-19 15:00,-0.8,0.0,2.2,61,3.5,-7.3,1016.1,0.45,,9,1679
1912,108,서울,2023-12-19 16:00,-1.4,,1.4,70,3.9,-6.1,1016.0,0.38,,9,1035
1913,108,서울,2023-12-19 17:00,-1.6,,1.7,73,4.0,-5.8,1015.9,0.16,,7,1458
1914,108,서울,2023-12-19 18:00,-1.9,0.0,1.0,76,4.1,-5.5,1015.9,0.01,,9,1388
1915,108,서울,2023-12-19 19:00,-1.8,,2.3,78,4.2,-5.1,1015.9,,,9,2283
1916,108,서울,2023-12-19 20:00,-1.7,,1.9,76,4.1,-5.3,1015.9,,,9,1804
1917,108,서울,2023-12-19 21:00,-1.8,0.0,1.2,79,4.2,-4.9,1015.7,,0.1,7,692
1918,108,서울,2023-12-19 22:00,-1.9,,0.9,83,4.4,-4.4,1015.3,,0.2,9,736
1919,108,서울,2023-12-19 23:00,-2.0,,1.4,88,4.6,-3.7,1015.4,,0.5,9,318
1920,108,서울,2023-12-20 00:00,-2.1,0.3,2.3,90,4.7,-3.5,1014.8,,0.9,9,264
1921,108,서울,2023-12-20 01:00,-3.2,,3.2,91,4.4,-4.4,1015.1,,1.9,9,92
1922,108,서울,2023-12-20 02:00,-3.8,,2.7,84,3.9,-6.1,1015.2,,2.1,4,1167
1923,108,서울,2023-12-20 03:00,-4.5,0.8,3.2,81,3.6,-7.2,1015.4,,2.1,4,1131
1924,108,서울,2023-12-20 04:00,-5.4,,2.2,78,3.2,-8.6,1015.3,,2.0,1,1220
1925,108,서울,2023-12-20 05:00,-6.0,,2.1,77,3.0,-9.3,1015.3,,2.0,1,1101
1926,108,서울,2023-12-20 06:00,-6.5,,4.5,71,2.7,-10.8,1015.6,,1.9,0,1044
1927,108,서울,2023-12-20 07:00,-6.9,,3.5,69,2.5,-11.6,1016.1,,1.8,0,1106
1928,108,서울,2023-12-20 08:00,-7.4,,2.8,71,2.5,-11.7,1016.5,0.01,1.6,3,997
1929,108,서울,2023-12-20 09:00,-7.3,0.0,3.9,70,2.5,-11.8,1017.1,0.2,1.6,6,705
1930,108,서울,2023-12-20 10:00,-6.9,,3.5,65,2.4,-12.3,1017.2,0.69,1.5,2,1077
1931,108,서울,2023-12-20 11:00,-6.3,,3.5,60,2.3,-12.8,1017.1,1.26,1.5,6,1118
1932,108,서울,2023-12-20 12:00,-5.8,0.0,3.4,58,2.3,-12.7,1016.3,1.35,1.2,6,1263
1933,108,서울,2023-12-20 13:00,-6.3,,3.7,57,2.2,-13.4,1015.7,0.92,1.0,4,1374
1934,108,서울,2023-12-20 14:00,-5.0,,4.6,52,2.2,-13.3,1015.2,2.0,0.9,4,1634
1935,108,서울,2023-12-20 15:00,-5.2,,3.7,51,2.1,-13.7,1015.1,1.43,0.7,3,1795
1936,108,서울,2023-12-20 16:00,-6.2,,4.0,53,2.0,-14.2,1015.3,0.9,0.7,2,1764
1937,108,서울,2023-12-20 17:00,-7.1,,3.6,53,1.9,-15.0,1015.8,0.29,0.6,2,2283
1938,108,서울,2023-12-20 18:00,-8.1,,2.9,53,1.8,-16.0,1016.2,0.02,0.6,1,2777
1939,108,서울,2023-12-20 19:00,-8.9,,3.5,57,1.8,-15.8,1016.9,,0.6,0,2816
1940,108,서울,2023-12-20 20:00,-9.5,,3.7,61,1.8,-15.6,1016.8,,0.6,0,2828
1941,108,서울,2023-12-20 21:00,-10.0,,3.1,65,1.9,-15.3,1017.0,,0.6,1,2482
1942,108,서울,2023-12-20 22:00,-10.7,,3.5,62,1.7,-16.5,1017.0,,0.5,0,3130
1943,108,서울,2023-12-20 23:00,-11.4,,3.7,62,1.6,-17.2,1017.3,,0.5,0,3674
1944,108,서울,2023-12-21 00:00,-11.9,,3.0,64,1.6,-17.3,1017.4,,0.5,0,3931
1945,108,서울,2023-12-21 01:00,-12.0,,4.0,64,1.6,-17.4,1016.8,,0.5,0,3824
1946,108,서울,2023-12-21 02:00,-12.3,,2.4,64,1.5,-17.7,1016.9,,0.5,0,3647
1947,108,서울,2023-12-21 03:00,-12.5,,2.2,66,1.6,-17.5,1017.2,,0.5,0,3433
1948,108,서울,2023-12-21 04:00,-13.2,,3.7,64,1.4,-18.5,1016.9,,0.5,0,3610
1949,108,서울,2023-12-21 05:00,-13.5,,2.5,64,1.4,-18.8,1016.9,,0.5,0,3699
1950,108,서울,2023-12-21 06:00,-13.9,,3.3,62,1.3,-19.6,1017.4,,0.5,0,3650
1951,108,서울,2023-12-21 07:00,-14.3,,2.0,63,1.3,-19.8,1018.2,,0.5,0,3560
1952,108,서울,2023-12-21 08:00,-14.3,,3.8,64,1.3,-19.6,1018.8,0.01,0.5,0,3459
1953,108,서울,2023-12-21 09:00,-13.8,,2.5,64,1.4,-19.1,1019.0,0.36,0.5,0,3338
1954,108,서울,2023-12-21 10:00,-12.7,,3.9,60,1.4,-18.8,1019.8,0.96,0.5,0,3137
1955,108,서울,2023-12-21 11:00,-12.5,,4.8,54,1.3,-19.9,1020.0,1.52,0.5,0,2746
1956,108,서울,2023-12-21 12:00,-11.2,,3.2,48,1.3,-20.0,1019.6,1.83,0.5,0,3059
1957,108,서울,2023-12-21 13:00,-10.4,,2.5,47,1.3,-19.5,1019.0,1.98,0.5,0,3014
1958,108,서울,2023-12-21 14:00,-9.6,,3.0,46,1.4,-19.0,1018.9,1.88,0.5,0,2749
1959,108,서울,2023-12-21 15:00,-8.6,,2.4,44,1.4,-18.6,1018.6,1.53,0.4,0,2744
1960,108,서울,2023-12-21 16:00,-8.5,,3.5,45,1.5,-18.3,1019.1,1.0,0.4,0,2538
1961,108,서울,2023-12-21 17:00,-9.2,,3.0,47,1.4,-18.4,1019.6,0.4,0.4,0,2916
1962,108,서울,2023-12-21 18:00,-9.8,,2.6,53,1.5,-17.6,1019.7,0.02,0.4,0,2945
1963,108,서울,2023-12-21 19:00,-10.1,,3.1,55,1.6,-17.4,1020.0,,0.4,0,3077
1964,108,서울,2023-12-21 20:00,-10.6,,2.0,60,1.6,-16.8,1020.2,,0.4,0,2336
1965,108,서울,2023-12-21 21:00,-11.4,,2.6,61,1.6,-17.4,1020.5,,0.4,0,2901
1966,108,서울,2023-12-21 22:00,-11.9,,2.5,62,1.5,-17.7,1021.0,,0.4,0,3281
1967,108,서울,2023-12-21 23:00,-12.3,,2.3,62,1.5,-18.0,1021.3,,0.4,0,3268
1968,108,서울,2023-12-22 00:00,-12.7,,3.4,61,1.4,-18.6,1021.7,,0.4,0,3116
1969,108,서울,2023-12-22 01:00,-13.1,,3.3,61,1.4,-19.0,1021.9,,0.4,0,3127
1970,108,서울,2023-12-22 02:00,-13.4,,3.7,58,1.3,-19.9,1022.2,,0.4,0,3245
1971,108,서울,2023-12-22 03:00,-13.8,,2.6,58,1.2,-20.3,1022.5,,0.4,0,3298
1972,108,서울,2023-12-22 04:00,-14.0,,4.0,55,1.1,-21.1,1022.2,,0.4,0,3862
1973,108,서울,2023-12-22 05:00,-13.8,,2.7,53,1.1,-21.3,1022.3,,0.4,0,4171
1974,108,서울,2023-12-22 06:00,-14.0,,3.8,55,1.1,-21.1,1022.9,,0.4,0,3975
1975,108,서울,2023-12-22 07:00,-14.5,,2.1,55,1.1,-21.5,1023.4,,0.4,0,3715
1976,108,서울,2023-12-22 08:00,-14.7,,2.0,54,1.1,-21.9,1024.1,0.01,0.4,0,3772
1977,108,서울,2023-12-22 09:00,-14.4,,3.2,51,1.0,-22.3,1024.6,0.36,0.4,0,4164
1978,108,서울,2023-12-22 10:00,-13.1,,2.2,49,1.1,-21.5,1025.5,0.97,0.4,0,2976
1979,108,서울,2023-12-22 11:00,-11.6,,3.3,45,1.1,-21.1,1025.4,1.53,0.3,0,4077
1980,108,서울,2023-12-22 12:00,-10.9,,2.6,43,1.1,-21.0,1025.1,1.86,0.3,0,3657
1981,108,서울,2023-12-22 13:00,-9.4,,2.6,45,1.4,-19.1,1024.7,1.97,0.3,0,2925
1982,108,서울,2023-12-22 14:00,-9.0,,2.5,41,1.3,-19.8,1024.6,1.88,0.3,0,3914
1983,108,서울,2023-12-22 15:00,-8.2,,2.7,41,1.4,-19.1,1024.9,1.55,0.2,0,3630
1984,108,서울,2023-12-22 16:00,-8.6,,3.8,42,1.3,-19.2,1025.2,1.0,0.2,0,3618
1985,108,서울,2023-12-22 17:00,-9.1,,2.2,44,1.4,-19.1,1025.7,0.41,0.2,0,3213
1986,108,서울,2023-12-22 18:00,-9.8,,1.4,49,1.4,-18.5,1025.9,0.02,0.2,0,3015
1987,108,서울,2023-12-22 19:00,-10.3,,1.9,53,1.5,-18.0,1026.2,,0.2,0,2914
1988,108,서울,2023-12-22 20:00,-10.4,,1.6,56,1.6,-17.5,1026.8,,0.2,0,2631
1989,108,서울,2023-12-22 21:00,-10.8,,1.8,56,1.5,-17.8,1026.5,,0.2,0,2846
1990,108,서울,2023-12-22 22:00,-10.8,,2.4,58,1.6,-17.4,1026.9,,0.2,0,2669
1991,108,서울,2023-12-22 23:00,-11.2,,0.9,59,1.5,-17.6,1027.0,,0.2,0,2437
1992,108,서울,2023-12-23 00:00,-11.0,,2.0,61,1.6,-17.0,1027.3,,0.2,0,2521
1993,108,서울,2023-12-23 01:00,-11.5,,1.2,60,1.5,-17.7,1027.2,,0.2,1,2715
1994,108,서울,2023-12-23 02:00,-11.4,,2.5,62,1.6,-17.2,1027.3,,0.2,0,2969
1995,108,서울,2023-12-23 03:00,-11.9,,1.5,63,1.6,-17.5,1026.8,,0.2,0,2931
1996,108,서울,2023-12-23 04:00,-12.4,,1.7,66,1.6,-17.4,1026.7,,0.2,0,2637
1997,108,서울,2023-12-23 05:00,-12.6,,2.1,66,1.5,-17.6,1026.6,,0.2,0,2575
1998,108,서울,2023-12-23 06:00,-12.5,,2.5,68,1.6,-17.1,1026.6,,0.2,0,2434
1999,108,서울,2023-12-23 07:00,-12.5,,2.4,69,1.6,-17.0,1026.5,,0.2,0,2313
2000,108,서울,2023-12-23 08:00,-12.6,,2.2,71,1.7,-16.7,1027.0,0.0,0.2,0,2147
2001,108,서울,2023-12-23 09:00,-11.4,,2.3,68,1.7,-16.1,1027.4,0.33,0.2,0,2226
2002,108,서울,2023-12-23 10:00,-8.6,,2.3,55,1.8,-16.0,1027.2,0.84,0.2,0,2625
2003,108,서울,2023-12-23 11:00,-6.8,,1.5,46,1.7,-16.5,1027.2,1.44,0.2,0,3012
2004,108,서울,2023-12-23 12:00,-5.3,,1.7,44,1.8,-15.6,1026.4,1.79,0.1,0,2899
2005,108,서울,2023-12-23 13:00,-2.8,,0.9,42,2.1,-13.9,1025.6,1.89,0.1,0,2652
2006,108,서울,2023-12-23 14:00,-2.0,,2.4,39,2.1,-14.1,1025.1,1.81,,0,2926
2007,108,서울,2023-12-23 15:00,-1.7,,0.8,37,2.0,-14.5,1024.7,1.47,,0,3222
2008,108,서울,2023-12-23 16:00,-1.3,,1.5,40,2.2,-13.1,1024.5,0.89,,2,3154
2009,108,서울,2023-12-23 17:00,-2.1,,0.6,40,2.1,-13.9,1024.5,0.37,,0,3080
2010,108,서울,2023-12-23 18:00,-3.3,,1.2,45,2.2,-13.5,1024.6,0.01,,0,3089
2011,108,서울,2023-12-23 19:00,-4.2,,2.1,49,2.2,-13.3,1024.2,,,0,2838
2012,108,서울,2023-12-23 20:00,-3.8,,0.3,50,2.3,-12.7,1024.2,,,0,2845
2013,108,서울,2023-12-23 21:00,-3.7,,1.1,48,2.2,-13.1,1024.0,,,3,2726
2014,108,서울,2023-12-23 22:00,-4.2,,2.0,52,2.3,-12.6,1023.7,,,0,2497
2015,108,서울,2023-12-23 23:00,-4.7,,2.3,54,2.3,-12.6,1023.5,,,2,2481
2016,108,서울,2023-12-24 00:00,-4.8,,2.2,54,2.3,-12.7,1023.1,,,2,2713
2017,108,서울,2023-12-24 01:00,-4.7,,2.1,58,2.5,-11.7,1022.4,,,8,2521
2018,108,서울,2023-12-24 02:00,-4.4,,1.6,58,2.6,-11.4,1022.1,,,9,2350
2019,108,서울,2023-12-24 03:00,-4.5,0.0,2.0,69,3.0,-9.3,1021.9,,,9,562
2020,108,서울,2023-12-24 04:00,-5.0,,2.4,83,3.5,-7.4,1021.3,,0.9,9,126
2021,108,서울,2023-12-24 05:00,-5.2,,1.9,85,3.5,-7.3,1020.9,,1.0,9,419
2022,108,서울,2023-12-24 06:00,-5.4,1.1,2.1,86,3.5,-7.3,1020.8,,1.3,9,697
2023,108,서울,2023-12-24 07:00,-5.5,,1.8,84,3.4,-7.7,1021.1,,1.3,9,1276
2024,108,서울,2023-12-24 08:00,-5.4,,2.0,85,3.5,-7.5,1020.9,0.0,1.5,6,691
2025,108,서울,2023-12-24 09:00,-5.0,0.0,1.8,85,3.6,-7.1,1021.4,0.19,1.5,6,1185
2026,108,서울,2023-12-24 10:00,-3.8,,1.6,81,3.8,-6.5,1021.7,0.5,1.5,7,1355
2027,108,서울,2023-12-24 11:00,-2.2,,1.8,76,4.0,-5.8,1021.3,1.11,1.4,5,1545
2028,108,서울,2023-12-24 12:00,-1.0,,1.2,71,4.0,-5.6,1020.7,1.73,1.0,2,1475
2029,108,서울,2023-12-24 13:00,1.5,,2.3,65,4.4,-4.3,1019.7,1.95,0.2,3,1578
2030,108,서울,2023-12-24 14:00,2.3,,1.7,62,4.5,-4.2,1019.1,1.91,,6,1888
2031,108,서울,2023-12-24 15:00,2.5,,3.0,58,4.2,-4.9,1018.6,1.56,,5,2644
2032,108,서울,2023-12-24 16:00,2.2,,1.0,56,4.0,-5.6,1018.4,0.89,,2,2168
2033,108,서울,2023-12-24 17:00,0.7,,1.1,61,3.9,-5.9,1018.4,0.24,,2,1775
2034,108,서울,2023-12-24 18:00,-0.4,,1.2,66,3.9,-5.9,1018.1,0.01,,0,1372
2035,108,서울,2023-12-24 19:00,-1.1,,1.3,70,4.0,-5.8,1018.2,,,0,1087
2036,108,서울,2023-12-24 20:00,-1.3,,1.3,71,4.0,-5.8,1018.1,,,0,1472
2037,108,서울,2023-12-24 21:00,-2.1,,1.4,74,3.9,-6.1,1017.9,,,1,1342
2038,108,서울,2023-12-24 22:00,-2.3,,0.6,78,4.0,-5.6,1017.8,,,5,1160
2039,108,서울,2023-12-24 23:00,-1.8,,0.4,78,4.2,-5.1,1017.6,,,0,1198
2040,108,서울,2023-12-25 00:00,-1.5,0.0,0.5,78,4.3,-4.8,1017.4,,,8,1288
2041,108,서울,2023-12-25 01:00,-1.5,,1.2,78,4.3,-4.8,1016.8,,,9,1009
2042,108,서울,2023-12-25 02:00,-1.4,,0.7,88,4.9,-3.1,1016.6,,0.6,8,181
2043,108,서울,2023-12-25 03:00,-1.5,0.2,0.3,89,4.9,-3.0,1016.3,,0.7,9,374
2044,108,서울,2023-12-25 04:00,-1.7,,2.1,91,4.9,-2.9,1016.0,,0.7,9,252
2045,108,서울,2023-12-25 05:00,-1.6,,0.7,91,5.0,-2.8,1016.1,,2.0,9,98
2046,108,서울,2023-12-25 06:00,-1.5,0.3,0.2,93,5.1,-2.4,1016.0,,2.0,9,229
2047,108,서울,2023-12-25 07:00,-1.5,,0.2,92,5.0,-2.6,1016.2,,2.0,9,254
2048,108,서울,2023-12-25 08:00,-1.3,,0.2,93,5.2,-2.2,1016.5,0.0,2.0,9,272
2049,108,서울,2023-12-25 09:00,-0.8,0.0,0.6,94,5.4,-1.6,1017.1,0.09,2.4,9,194
2050,108,서울,2023-12-25 10:00,-0.1,,1.4,93,5.6,-1.1,1017.7,0.21,2.7,9,156
2051,108,서울,2023-12-25 11:00,0.2,,2.2,89,5.5,-1.4,1018.0,0.23,3.0,9,312
2052,108,서울,2023-12-25 12:00,1.0,0.2,1.9,81,5.3,-1.9,1017.9,0.46,2.6,8,749
2053,108,서울,2023-12-25 13:00,1.2,,2.9,76,5.1,-2.5,1017.3,0.81,1.6,8,986
2054,108,서울,2023-12-25 14:00,1.2,,3.1,70,4.7,-3.6,1017.0,0.62,0.8,8,1402
2055,108,서울,2023-12-25 15:00,1.3,,2.8,67,4.5,-4.1,1017.1,0.62,0.3,8,1712
2056,108,서울,2023-12-25 16:00,1.9,,1.9,66,4.6,-3.7,1017.1,0.66,,8,1788
2057,108,서울,2023-12-25 17:00,1.5,,2.7,59,4.0,-5.6,1017.5,0.43,,2,2729
2058,108,서울,2023-12-25 18:00,0.1,,1.7,61,3.8,-6.5,1017.8,0.01,,0,2298
2059,108,서울,2023-12-25 19:00,-0.6,,1.9,70,4.1,-5.4,1018.3,,,0,1747
2060,108,서울,2023-12-25 20:00,-1.1,,2.7,75,4.2,-4.9,1018.8,,,0,1527
2061,108,서울,2023-12-25 21:00,-1.7,,1.2,77,4.2,-5.2,1018.6,,,0,1172
2062,108,서울,2023-12-25 22:00,-2.3,,1.0,80,4.2,-5.2,1018.5,,,0,1034
2063,108,서울,2023-12-25 23:00,-2.6,,0.8,82,4.2,-5.2,1018.5,,,0,1087
2064,108,서울,2023-12-26 00:00,-2.6,,0.2,84,4.2,-4.9,1018.5,,,9,869
2065,108,서울,2023-12-26 01:00,-2.1,,0.1,82,4.3,-4.7,1018.3,,,1,1105
2066,108,서울,2023-12-26 02:00,-1.7,,1.2,82,4.4,-4.3,1018.3,,,5,920
2067,108,서울,2023-12-26 03:00,-1.7,,1.2,81,4.4,-4.5,1018.0,,,8,917
2068,108,서울,2023-12-26 04:00,-1.6,,1.9,82,4.5,-4.2,1017.7,,,9,946
2069,108,서울,2023-12-26 05:00,-1.6,,1.1,83,4.5,-4.1,1017.2,,,8,958
2070,108,서울,2023-12-26 06:00,-1.5,,1.6,82,4.5,-4.1,1017.1,,,8,958
2071,108,서울,2023-12-26 07:00,-1.8,,2.0,84,4.5,-4.1,1017.2,,,7,865
2072,108,서울,2023-12-26 08:00,-1.7,,1.6,85,4.6,-3.8,1017.4,0.0,,2,874
2073,108,서울,2023-12-26 09:00,-1.2,,1.4,86,4.8,-3.2,1017.9,0.25,,0,853
2074,108,서울,2023-12-26 10:00,0.6,,1.4,83,5.3,-1.9,1018.3,0.77,,0,801
2075,108,서울,2023-12-26 11:00,3.6,,1.8,74,5.8,-0.6,1018.3,1.26,,0,956
2076,108,서울,2023-12-26 12:00,5.4,,3.3,66,5.9,-0.4,1017.4,1.64,,2,1038
2077,108,서울,2023-12-26 13:00,6.5,,4.1,54,5.2,-2.1,1016.9,1.88,,5,1578
2078,108,서울,2023-12-26 14:00,6.1,,3.5,54,5.1,-2.5,1016.6,1.05,,2,1592
2079,108,서울,2023-12-26 15:00,7.2,,2.3,52,5.3,-2.0,1016.6,1.3,,1,1633
2080,108,서울,2023-12-26 16:00,6.3,,3.0,52,5.0,-2.8,1017.0,0.73,,0,1416
2081,108,서울,2023-12-26 17:00,5.2,,2.7,57,5.0,-2.6,1017.6,0.27,,0,1258
2082,108,서울,2023-12-26 18:00,4.2,,2.3,61,5.0,-2.6,1018.1,0.02,,0,1156
2083,108,서울,2023-12-26 19:00,3.3,,1.6,65,5.0,-2.6,1018.2,,,1,1034
2084,108,서울,2023-12-26 20:00,2.5,,1.2,69,5.0,-2.6,1018.6,,,1,1023
2085,108,서울,2023-12-26 21:00,2.0,,1.4,73,5.2,-2.3,1019.2,,,0,991
2086,108,서울,2023-12-26 22:00,1.6,,0.9,77,5.3,-2.0,1019.5,,,1,856
2087,108,서울,2023-12-26 23:00,1.1,,1.0,79,5.2,-2.1,1020.1,,,1,730
2088,108,서울,2023-12-27 00:00,0.5,,0.9,82,5.2,-2.2,1020.0,,,0,641
2089,108,서울,2023-12-27 01:00,0.1,,0.8,84,5.2,-2.2,1019.9,,,0,572
2090,108,서울,2023-12-27 02:00,-0.5,,0.7,85,5.0,-2.7,1019.7,,,0,558
2091,108,서울,2023-12-27 03:00,-0.9,,1.9,86,4.9,-2.9,1019.9,,,0,528
2092,108,서울,2023-12-27 04:00,-1.4,,1.7,87,4.8,-3.2,1019.8,,,0,476
2093,108,서울,2023-12-27 05:00,-1.7,,1.6,89,4.8,-3.2,1019.4,,,0,445
2094,108,서울,2023-12-27 06:00,-2.1,,1.6,90,4.7,-3.5,1019.9,,,0,413
2095,108,서울,2023-12-27 07:00,-2.5,,2.0,91,4.6,-3.7,1020.1,,,0,344
2096,108,서울,2023-12-27 08:00,-2.7,,1.9,91,4.6,-3.9,1020.4,0.0,,0,374
2097,108,서울,2023-12-27 09:00,-2.2,,1.3,91,4.8,-3.4,1020.8,0.25,,0,404
2098,108,서울,2023-12-27 10:00,0.3,,2.0,85,5.3,-1.9,1021.3,0.76,,0,546
2099,108,서울,2023-12-27 11:00,1.8,,2.3,78,5.4,-1.6,1021.1,1.27,,0,501
2100,108,서울,2023-12-27 12:00,3.6,,1.3,71,5.6,-1.1,1020.4,1.61,,0,597
2101,108,서울,2023-12-27 13:00,5.0,,1.4,67,5.8,-0.6,1019.5,1.69,,0,590
2102,108,서울,2023-12-27 14:00,5.8,,1.8,61,5.6,-1.1,1019.1,1.57,,1,585
2103,108,서울,2023-12-27 15:00,6.4,,1.0,58,5.6,-1.2,1018.8,1.3,,1,648
2104,108,서울,2023-12-27 16:00,6.7,,1.2,58,5.7,-0.9,1018.9,0.72,,1,649
2105,108,서울,2023-12-27 17:00,5.6,,0.8,59,5.4,-1.7,1019.0,0.28,,0,607
2106,108,서울,2023-12-27 18:00,4.2,,1.5,65,5.4,-1.8,1018.6,0.02,,0,593
2107,108,서울,2023-12-27 19:00,3.2,,1.8,70,5.4,-1.7,1018.9,,,1,554
2108,108,서울,2023-12-27 20:00,2.4,,1.6,72,5.2,-2.1,1018.5,,,0,523
2109,108,서울,2023-12-27 21:00,2.0,,1.2,73,5.2,-2.3,1018.4,,,0,531
2110,108,서울,2023-12-27 22:00,1.5,,1.1,76,5.2,-2.2,1018.4,,,0,504
2111,108,서울,2023-12-27 23:00,1.1,,0.5,78,5.2,-2.3,1018.4,,,0,530
2112,108,서울,2023-12-28 00:00,0.7,,1.0,79,5.1,-2.5,1018.3,,,0,544
2113,108,서울,2023-12-28 01:00,0.4,,0.0,82,5.2,-2.3,1017.7,,,0,503
2114,108,서울,2023-12-28 02:00,0.0,,0.6,83,5.1,-2.5,1017.5,,,5,420
2115,108,서울,2023-12-28 03:00,-0.3,,0.7,85,5.1,-2.5,1017.7,,,0,375
2116,108,서울,2023-12-28 04:00,-0.7,,0.8,83,4.8,-3.2,1017.2,,,0,439
2117,108,서울,2023-12-28 05:00,-1.3,,1.3,87,4.9,-3.1,1017.0,,,0,377
2118,108,서울,2023-12-28 06:00,-1.4,,0.8,87,4.8,-3.2,1017.0,,,0,394
2119,108,서울,2023-12-28 07:00,-1.6,,0.6,88,4.8,-3.3,1017.5,,,0,413
2120,108,서울,2023-12-28 08:00,-1.5,,0.7,87,4.8,-3.3,1017.8,0.0,,0,452
2121,108,서울,2023-12-28 09:00,-1.0,,0.6,85,4.8,-3.2,1017.9,0.22,,0,546
2122,108,서울,2023-12-28 10:00,0.7,,1.6,76,4.9,-3.0,1018.2,0.69,,0,895
2123,108,서울,2023-12-28 11:00,2.3,,1.6,65,4.7,-3.6,1018.1,1.21,,0,942
2124,108,서울,2023-12-28 12:00,2.9,,3.9,58,4.4,-4.5,1017.8,1.56,,0,1939
2125,108,서울,2023-12-28 13:00,4.0,,3.3,61,5.0,-2.8,1017.1,1.67,,0,1507
2126,108,서울,2023-12-28 14:00,4.1,,4.3,58,4.8,-3.4,1016.8,1.55,,1,2041
2127,108,서울,2023-12-28 15:00,4.3,,4.0,57,4.8,-3.4,1017.1,1.31,,3,2355
2128,108,서울,2023-12-28 16:00,3.7,,1.8,54,4.3,-4.7,1017.1,0.73,,3,2561
2129,108,서울,2023-12-28 17:00,3.1,,1.4,55,4.2,-5.0,1017.0,0.29,,1,2243
2130,108,서울,2023-12-28 18:00,2.1,,0.4,58,4.1,-5.3,1017.3,0.02,,7,2242
2131,108,서울,2023-12-28 19:00,1.5,,1.5,61,4.2,-5.2,1017.6,,,0,1972
2132,108,서울,2023-12-28 20:00,1.6,,1.6,62,4.2,-4.9,1017.9,,,5,1887
2133,108,서울,2023-12-28 21:00,1.3,,0.8,63,4.2,-4.9,1018.1,,,8,1805
2134,108,서울,2023-12-28 22:00,1.1,,1.7,63,4.2,-5.1,1018.3,,,2,1500
2135,108,서울,2023-12-28 23:00,1.3,,1.7,66,4.4,-4.3,1018.4,,,6,1371
2136,108,서울,2023-12-29 00:00,1.7,,0.7,63,4.3,-4.6,1018.4,,,7,1472
2137,108,서울,2023-12-29 01:00,1.5,,1.4,67,4.6,-3.9,1018.1,,,0,1397
2138,108,서울,2023-12-29 02:00,0.8,,1.0,70,4.5,-4.0,1018.3,,,0,1321
2139,108,서울,2023-12-29 03:00,0.1,,0.9,71,4.4,-4.5,1018.7,,,9,1306
2140,108,서울,2023-12-29 04:00,0.0,,1.3,74,4.5,-4.0,1018.3,,,8,1245
2141,108,서울,2023-12-29 05:00,-0.1,,1.7,74,4.5,-4.1,1017.6,,,8,1181
2142,108,서울,2023-12-29 06:00,-0.8,,2.2,76,4.4,-4.5,1017.1,,,0,1084
2143,108,서울,2023-12-29 07:00,-1.3,,1.8,78,4.3,-4.6,1017.2,,,0,1038
2144,108,서울,2023-12-29 08:00,-1.4,,1.6,80,4.4,-4.4,1017.4,0.0,,4,1051
2145,108,서울,2023-12-29 09:00,-1.1,,2.1,81,4.6,-3.9,1017.3,0.26,,0,957
2146,108,서울,2023-12-29 10:00,1.0,,1.5,75,4.9,-2.9,1017.8,0.71,,8,984
2147,108,서울,2023-12-29 11:00,2.3,,0.8,68,4.9,-3.0,1017.7,0.62,,8,1045
2148,108,서울,2023-12-29 12:00,3.3,,2.3,64,5.0,-2.8,1016.9,0.83,,9,1245
2149,108,서울,2023-12-29 13:00,3.8,,2.2,64,5.2,-2.3,1016.2,0.78,,8,1253
2150,108,서울,2023-12-29 14:00,4.2,,1.4,62,5.1,-2.4,1015.4,0.82,,7,1168
2151,108,서울,2023-12-29 15:00,4.4,,2.9,61,5.1,-2.4,1015.5,0.84,,7,978
2152,108,서울,2023-12-29 16:00,4.1,,2.4,64,5.2,-2.1,1015.2,0.44,,7,885
2153,108,서울,2023-12-29 17:00,3.5,,2.0,65,5.1,-2.4,1015.0,0.13,,8,840
2154,108,서울,2023-12-29 18:00,3.2,,2.9,66,5.1,-2.5,1015.2,0.0,,8,838
2155,108,서울,2023-12-29 19:00,2.9,,2.1,67,5.0,-2.6,1015.0,,,8,1222
2156,108,서울,2023-12-29 20:00,2.2,,1.6,68,4.9,-3.1,1014.7,,,4,905
2157,108,서울,2023-12-29 21:00,1.4,,1.4,71,4.8,-3.2,1014.7,,,5,1022
2158,108,서울,2023-12-29 22:00,0.8,,1.5,74,4.8,-3.3,1014.3,,,2,1104
2159,108,서울,2023-12-29 23:00,0.5,,1.3,75,4.8,-3.4,1014.2,,,2,1320
2160,108,서울,2023-12-30 00:00,0.0,,1.8,78,4.8,-3.3,1014.1,,,0,1264
2161,108,서울,2023-12-30 01:00,-0.4,,1.5,79,4.7,-3.6,1013.7,,,0,1130
2162,108,서울,2023-12-30 02:00,-0.6,,1.8,81,4.8,-3.4,1013.5,,,0,994
2163,108,서울,2023-12-30 03:00,-0.9,,1.7,83,4.8,-3.4,1013.1,,,6,871
2164,108,서울,2023-12-30 04:00,-0.6,,1.6,82,4.8,-3.2,1012.1,,,3,913
2165,108,서울,2023-12-30 05:00,-0.5,,2.1,83,4.9,-3.0,1010.9,,,8,912
2166,108,서울,2023-12-30 06:00,0.0,,2.3,79,4.8,-3.2,1010.8,,,10,988
2167,108,서울,2023-12-30 07:00,0.3,,2.5,78,4.9,-3.0,1010.4,,,5,966
2168,108,서울,2023-12-30 08:00,0.4,,1.7,78,4.9,-2.9,1010.3,0.0,,7,856
2169,108,서울,2023-12-30 09:00,0.1,0.3,2.6,89,5.5,-1.5,1009.9,0.03,0.5,9,158
2170,108,서울,2023-12-30 10:00,0.0,,2.9,94,5.8,-0.8,1009.9,0.08,2.7,9,102
2171,108,서울,2023-12-30 11:00,0.2,,2.8,95,5.9,-0.5,1009.3,0.14,4.3,9,107
2172,108,서울,2023-12-30 12:00,0.3,4.4,2.9,96,6.0,-0.2,1008.0,0.11,7.3,9,86
2173,108,서울,2023-12-30 13:00,0.5,,1.6,97,6.1,0.0,1007.1,0.12,9.0,9,93
2174,108,서울,2023-12-30 14:00,0.6,,2.6,97,6.2,0.1,1006.3,0.07,11.4,9,65
2175,108,서울,2023-12-30 15:00,0.8,5.8,1.9,97,6.2,0.3,1005.8,0.06,12.2,9,173
2176,108,서울,2023-12-30 16:00,0.9,,3.3,97,6.3,0.4,1005.3,0.05,12.0,9,272
2177,108,서울,2023-12-30 17:00,1.0,,3.8,96,6.3,0.4,1004.7,0.03,11.9,8,338
2178,108,서울,2023-12-30 18:00,1.1,0.5,4.1,96,6.3,0.5,1004.3,0.0,11.5,8,364
2179,108,서울,2023-12-30 19:00,1.2,,4.0,96,6.4,0.6,1003.9,,11.3,8,365
2180,108,서울,2023-12-30 20:00,1.4,,3.9,97,6.5,0.9,1003.3,,10.8,8,390
2181,108,서울,2023-12-30 21:00,1.6,0.4,3.7,97,6.6,1.1,1002.7,,10.5,6,384
2182,108,서울,2023-12-30 22:00,1.7,,3.2,98,6.8,1.4,1002.2,,10.2,8,200
2183,108,서울,2023-12-30 23:00,1.9,,2.9,98,6.9,1.6,1001.2,,9.8,8,253
2184,108,서울,2023-12-31 00:00,2.1,1.7,3.0,99,7.0,1.9,1000.8,,8.8,8,218
2185,108,서울,2023-12-31 01:00,2.1,,2.3,98,7.0,1.8,1000.3,,8.5,8,164
2186,108,서울,2023-12-31 02:00,2.2,,1.2,98,7.0,1.9,1000.0,,8.0,10,87
2187,108,서울,2023-12-31 03:00,2.2,0.8,1.8,99,7.1,2.0,999.8,,7.4,10,83
2188,108,서울,2023-12-31 04:00,2.3,,2.3,99,7.1,2.1,999.3,,7.0,10,154
2189,108,서울,2023-12-31 05:00,2.4,,1.8,99,7.2,2.2,998.5,,6.4,10,186
2190,108,서울,2023-12-31 06:00,2.4,0.0,1.4,99,7.2,2.2,998.4,,5.9,10,114
2191,108,서울,2023-12-31 07:00,2.8,,1.9,100,7.4,2.7,999.2,,5.5,10,105
2192,108,서울,2023-12-31 08:00,1.2,,2.7,98,6.5,0.9,1000.8,0.01,5.0,10,581
2193,108,서울,2023-12-31 09:00,1.1,3.9,2.4,98,6.5,0.8,1002.2,0.04,4.6,10,701
2194,108,서울,2023-12-31 10:00,1.5,,2.0,99,6.7,1.3,1003.8,0.07,4.5,10,1213
2195,108,서울,2023-12-31 11:00,1.8,,2.4,97,6.7,1.3,1005.2,0.1,4.5,10,2115
2196,108,서울,2023-12-31 12:00,2.2,0.0,3.3,96,6.9,1.6,1005.8,0.37,3.9,9,1408
2197,108,서울,2023-12-31 13:00,2.6,,2.4,92,6.8,1.4,1006.4,0.69,3.5,9,2369
2198,108,서울,2023-12-31 14:00,2.6,,2.5,92,6.8,1.4,1007.3,0.18,3.3,9,1922
2199,108,서울,2023-12-31 15:00,3.8,,2.7,90,7.2,2.3,1008.1,0.65,3.0,7,1954
2200,108,서울,2023-12-31 16:00,4.3,,2.2,85,7.0,1.9,1009.1,0.66,2.6,7,2380
2201,108,서울,2023-12-31 17:00,4.0,,2.2,86,7.0,1.8,1010.1,0.26,2.5,6,2005
2202,108,서울,2023-12-31 18:00,3.1,,0.7,89,6.8,1.4,1011.2,0.03,2.5,0,1503
2203,108,서울,2023-12-31 19:00,2.6,,0.8,90,6.6,1.1,1012.0,,2.4,0,1350
2204,108,서울,2023-12-31 20:00,1.9,,2.2,94,6.6,1.0,1013.0,,2.4,0,716
2205,108,서울,2023-12-31 21:00,1.7,,2.4,96,6.6,1.1,1013.7,,2.4,0,522
2206,108,서울,2023-12-31 22:00,1.3,,0.6,95,6.3,0.5,1014.1,,2.4,0,423
2207,108,서울,2023-12-31 23:00,0.9,,0.8,96,6.2,0.3,1014.9,,2.4,0,656
2208,108,서울,2024-01-01 00:00,0.6,,1.9,97,6.2,0.1,1015.4,,2.4,0,394
2209,108,서울,2024-01-01 01:00,0.5,,2.2,97,6.1,0.0,1015.6,,2.4,0,402
2210,108,서울,2024-01-01 02:00,0.4,,0.4,98,6.2,0.1,1016.2,,2.4,2,616
2211,108,서울,2024-01-01 03:00,-0.1,,1.7,98,6.0,-0.3,1016.6,,2.4,1,265
2212,108,서울,2024-01-01 04:00,-0.2,,2.2,98,5.9,-0.4,1016.8,,2.4,6,203
2213,108,서울,2024-01-01 05:00,0.3,,1.2,99,6.2,0.1,1017.2,,2.4,8,371
2214,108,서울,2024-01-01 06:00,0.5,,2.0,99,6.2,0.3,1017.2,,2.4,8,257
2215,108,서울,2024-01-01 07:00,0.4,,2.1,98,6.2,0.1,1017.5,,2.4,4,623
2216,108,서울,2024-01-01 08:00,0.2,,0.8,98,6.1,0.0,1017.9,0.0,2.4,4,626
2217,108,서울,2024-01-01 09:00,0.6,,1.3,99,6.3,0.4,1018.2,0.27,2.4,1,587
2218,108,서울,2024-01-01 10:00,2.4,,1.4,95,6.9,1.6,1018.6,0.82,2.4,0,1140
2219,108,서울,2024-01-01 11:00,4.4,,2.0,82,6.8,1.5,1018.3,1.36,2.2,0,1519
2220,108,서울,2024-01-01 12:00,5.7,,2.3,73,6.7,1.2,1017.7,1.7,1.7,0,1555
2221,108,서울,2024-01-01 13:00,7.3,,1.6,70,7.1,2.1,1016.6,1.87,0.9,7,1612
2222,108,서울,2024-01-01 14:00,6.5,,2.1,68,6.6,1.0,1015.8,0.65,0.5,9,1838
2223,108,서울,2024-01-01 15:00,6.4,,1.2,68,6.5,0.9,1015.4,0.5,0.2,9,1743
2224,108,서울,2024-01-01 16:00,5.8,,2.2,68,6.2,0.3,1015.3,0.18,,9,2206
2225,108,서울,2024-01-01 17:00,5.5,,2.3,71,6.4,0.6,1015.0,0.08,,9,1749
2226,108,서울,2024-01-01 18:00,4.9,,1.1,71,6.1,0.0,1015.0,0.01,,9,1845
2227,108,서울,2024-01-01 19:00,4.6,,1.3,72,6.1,0.0,1014.7,,,9,1508
2228,108,서울,2024-01-01 20:00,4.4,,1.3,75,6.2,0.3,1014.6,,,1,1317
2229,108,서울,2024-01-01 21:00,4.3,0.0,1.7,77,6.4,0.6,1014.5,,,9,1116
2230,108,서울,2024-01-01 22:00,4.1,,1.5,79,6.4,0.7,1014.6,,,9,913
2231,108,서울,2024-01-01 23:00,3.9,,2.0,82,6.6,1.1,1014.4,,,9,737
2232,108,서울,2024-01-02 00:00,3.7,0.0,1.7,82,6.5,0.9,1014.2,,,9,664
2233,108,서울,2024-01-02 01:00,3.5,,1.1,85,6.7,1.2,1013.6,,,9,497
2234,108,서울,2024-01-02 02:00,3.3,,2.0,86,6.6,1.1,1013.5,,,9,484
2235,108,서울,2024-01-02 03:00,3.0,0.0,2.2,80,6.1,-0.1,1013.5,,,8,715
2236,108,서울,2024-01-02 04:00,2.8,,0.4,82,6.1,0.0,1012.9,,,8,576
2237,108,서울,2024-01-02 05:00,2.4,,0.1,84,6.1,0.0,1012.3,,,8,568
2238,108,서울,2024-01-02 06:00,2.3,,0.6,84,6.1,-0.1,1012.2,,,9,560
2239,108,서울,2024-01-02 07:00,2.2,,0.3,82,5.9,-0.5,1012.3,,,9,633
2240,108,서울,2024-01-02 08:00,2.3,,1.4,77,5.6,-1.3,1012.4,0.0,,9,855
2241,108,서울,2024-01-02 09:00,2.3,0.0,1.8,75,5.4,-1.6,1012.6,0.12,,9,1116
2242,108,서울,2024-01-02 10:00,2.7,,2.2,74,5.5,-1.4,1012.8,0.26,,9,1127
2243,108,서울,2024-01-02 11:00,3.1,,1.6,73,5.6,-1.2,1012.4,0.4,,9,1035
2244,108,서울,2024-01-02 12:00,3.6,,1.7,72,5.7,-0.9,1011.8,0.6,,9,967
2245,108,서울,2024-01-02 13:00,4.0,,1.7,68,5.6,-1.3,1011.2,0.63,,9,1336
2246,108,서울,2024-01-02 14:00,4.1,,1.7,63,5.2,-2.3,1010.7,0.63,,9,1482
2247,108,서울,2024-01-02 15:00,3.9,,2.4,62,5.0,-2.7,1010.6,0.51,,4,2241
2248,108,서울,2024-01-02 16:00,4.0,,1.9,62,5.0,-2.6,1010.4,0.5,,9,2014
2249,108,서울,2024-01-02 17:00,3.5,,1.2,63,5.0,-2.8,1010.1,0.21,,9,1988
2250,108,서울,2024-01-02 18:00,3.2,,1.2,64,4.9,-2.9,1010.4,0.01,,9,1922
2251,108,서울,2024-01-02 19:00,2.9,,1.6,70,5.3,-2.0,1010.3,,,3,1724
2252,108,서울,2024-01-02 20:00,2.4,,1.3,70,5.1,-2.5,1010.4,,,1,1756
2253,108,서울,2024-01-02 21:00,2.3,,2.1,72,5.2,-2.2,1010.4,,,2,1932
2254,108,서울,2024-01-02 22:00,2.3,,2.0,72,5.2,-2.2,1010.1,,,10,1840
2255,108,서울,2024-01-02 23:00,2.3,,1.2,73,5.3,-2.0,1009.9,,,10,1797
2256,108,서울,2024-01-03 00:00,2.4,,1.7,72,5.2,-2.1,1009.6,,,9,1849
2257,108,서울,2024-01-03 01:00,2.3,,1.6,74,5.4,-1.8,1009.3,,,10,1954
2258,108,서울,2024-01-03 02:00,2.2,,1.0,74,5.3,-1.9,1008.9,,,10,1986
2259,108,서울,2024-01-03 03:00,2.1,,0.3,75,5.4,-1.8,1008.9,,,9,1767
2260,108,서울,2024-01-03 04:00,2.0,,0.4,77,5.4,-1.6,1008.3,,,9,1791
2261,108,서울,2024-01-03 05:00,2.2,,0.9,77,5.5,-1.4,1007.9,,,9,1625
2262,108,서울,2024-01-03 06:00,2.2,,0.7,78,5.6,-1.2,1007.7,,,9,1359
2263,108,서울,2024-01-03 07:00,2.2,,0.8,78,5.6,-1.2,1007.7,,,6,1171
2264,108,서울,2024-01-03 08:00,2.3,,1.5,80,5.8,-0.8,1007.7,0.0,,9,874
2265,108,서울,2024-01-03 09:00,2.1,0.1,2.0,85,6.1,-0.1,1008.2,0.02,,7,424
2266,108,서울,2024-01-03 10:00,1.8,,1.0,90,6.2,0.3,1008.3,0.12,,8,339
2267,108,서울,2024-01-03 11:00,2.4,,1.6,89,6.4,0.7,1007.7,0.4,,8,486
2268,108,서울,2024-01-03 12:00,3.0,0.5,1.4,89,6.7,1.3,1007.4,0.38,,7,405
2269,108,서울,2024-01-03 13:00,3.8,,1.0,84,6.7,1.3,1006.6,0.52,,8,445
2270,108,서울,2024-01-03 14:00,3.4,,2.8,85,6.6,1.1,1006.5,0.43,,8,413
2271,108,서울,2024-01-03 15:00,3.2,0.0,2.2,83,6.3,0.5,1006.7,0.47,,5,676
2272,108,서울,2024-01-03 16:00,3.7,,2.5,75,6.0,-0.3,1007.2,0.58,,8,1212
2273,108,서울,2024-01-03 17:00,3.0,,2.7,77,5.8,-0.6,1007.8,0.38,,0,1013
2274,108,서울,2024-01-03 18:00,2.3,,2.5,82,5.9,-0.4,1008.7,0.02,,1,820
2275,108,서울,2024-01-03 19:00,1.7,,1.0,82,5.7,-1.0,1009.2,,,0,788
2276,108,서울,2024-01-03 20:00,1.3,,3.0,78,5.2,-2.1,1009.7,,,0,941
2277,108,서울,2024-01-03 21:00,0.6,,2.1,73,4.7,-3.6,1010.2,,,0,1068
2278,108,서울,2024-01-03 22:00,0.0,,2.6,74,4.5,-4.0,1010.7,,,0,914
2279,108,서울,2024-01-03 23:00,-0.5,,1.5,75,4.4,-4.3,1011.1,,,0,877
2280,108,서울,2024-01-04 00:00,-1.1,,0.8,78,4.4,-4.4,1011.3,,,0,817
2281,108,서울,2024-01-04 01:00,-1.5,,0.8,79,4.3,-4.6,1011.5,,,0,768
2282,108,서울,2024-01-04 02:00,-1.9,,0.9,81,4.3,-4.7,1011.5,,,0,742
2283,108,서울,2024-01-04 03:00,-2.2,,0.9,80,4.2,-5.1,1011.7,,,0,772
2284,108,서울,2024-01-04 04:00,-2.5,,0.0,82,4.2,-5.1,1011.4,,,0,806
2285,108,서울,2024-01-04 05:00,-2.7,,1.7,79,4.0,-5.8,1011.5,,,0,1073
2286,108,서울,2024-01-04 06:00,-3.1,,2.1,82,4.0,-5.7,1011.9,,,0,822
2287,108,서울,2024-01-04 07:00,-3.2,,2.2,87,4.2,-5.0,1012.2,,,0,649
2288,108,서울,2024-01-04 08:00,-2.8,,1.5,87,4.3,-4.6,1012.5,0.0,,8,686
2289,108,서울,2024-01-04 09:00,-1.8,,2.6,84,4.5,-4.1,1012.7,0.13,,8,705
2290,108,서울,2024-01-04 10:00,-0.7,,2.9,83,4.8,-3.2,1013.4,0.34,,8,677
2291,108,서울,2024-01-04 11:00,0.4,,3.1,80,5.0,-2.6,1013.2,0.56,,8,671
2292,108,서울,2024-01-04 12:00,1.4,,3.0,73,4.9,-2.9,1012.4,0.95,,8,702
2293,108,서울,2024-01-04 13:00,2.5,,2.4,69,5.0,-2.6,1011.6,0.96,,8,755
2294,108,서울,2024-01-04 14:00,3.7,,1.8,66,5.3,-2.0,1011.0,0.95,,7,914
2295,108,서울,2024-01-04 15:00,4.0,,1.5,65,5.3,-1.9,1010.1,0.63,,8,920
2296,108,서울,2024-01-04 16:00,4.7,,2.4,65,5.6,-1.3,1010.0,0.49,,7,1117
2297,108,서울,2024-01-04 17:00,4.4,,2.3,65,5.4,-1.6,1010.2,0.2,,8,1116
2298,108,서울,2024-01-04 18:00,4.5,,2.8,67,5.6,-1.1,1009.9,0.01,,8,1060
2299,108,서울,2024-01-04 19:00,4.2,,1.8,70,5.8,-0.7,1009.7,,,6,997
2300,108,서울,2024-01-04 20:00,4.2,,1.4,69,5.7,-0.9,1009.6,,,3,933
2301,108,서울,2024-01-04 21:00,4.4,,2.0,70,5.8,-0.6,1009.4,,,8,841
2302,108,서울,2024-01-04 22:00,4.5,,2.2,71,6.0,-0.3,1009.2,,,0,842
2303,108,서울,2024-01-04 23:00,4.5,,1.8,71,6.0,-0.3,1009.1,,,8,835
2304,108,서울,2024-01-05 00:00,4.1,,2.4,73,6.0,-0.3,1008.9,,,9,765
2305,108,서울,2024-01-05 01:00,3.7,,1.5,75,6.0,-0.3,1008.8,,,0,738
2306,108,서울,2024-01-05 02:00,3.1,,1.6,79,6.1,-0.1,1008.7,,,5,694
2307,108,서울,2024-01-05 03:00,2.8,,1.4,80,6.0,-0.3,1008.8,,,8,678
2308,108,서울,2024-01-05 04:00,3.0,,2.0,82,6.2,0.2,1008.3,,,9,640
2309,108,서울,2024-01-05 05:00,3.4,,1.0,83,6.4,0.7,1008.1,,,9,641
2310,108,서울,2024-01-05 06:00,5.0,0.0,2.1,87,7.6,3.0,1008.3,,,9,654
2311,108,서울,2024-01-05 07:00,5.4,,2.1,87,7.8,3.4,1008.9,,,9,586
2312,108,서울,2024-01-05 08:00,5.0,,1.3,88,7.6,3.1,1009.3,0.0,,9,490
2313,108,서울,2024-01-05 09:00,5.1,,0.8,88,7.7,3.2,1009.7,0.08,,8,436
2314,108,서울,2024-01-05 10:00,5.8,,1.3,87,8.0,3.7,1009.8,0.34,,1,380
2315,108,서울,2024-01-05 11:00,7.4,,3.4,77,7.9,3.6,1010.2,1.05,,7,377
2316,108,서울,2024-01-05 12:00,8.1,,2.8,68,7.3,2.5,1009.5,1.11,,6,394
2317,108,서울,2024-01-05 13:00,8.3,,4.4,64,7.0,1.8,1008.7,1.38,,4,450
2318,108,서울,2024-01-05 14:00,8.9,,4.4,60,6.8,1.5,1008.1,1.52,,2,507
2319,108,서울,2024-01-05 15:00,9.0,,3.2,60,6.9,1.6,1008.0,1.25,,2,509
2320,108,서울,2024-01-05 16:00,7.9,,3.2,63,6.7,1.2,1008.2,0.68,,1,470
2321,108,서울,2024-01-05 17:00,6.6,,3.1,63,6.1,0.0,1008.4,0.33,,0,503
2322,108,서울,2024-01-05 18:00,5.4,,2.2,71,6.3,0.5,1008.8,0.03,,0,391
2323,108,서울,2024-01-05 19:00,4.3,,3.1,77,6.4,0.6,1009.0,,,0,330
2324,108,서울,2024-01-05 20:00,3.6,,2.0,82,6.5,0.8,1009.4,,,0,293
2325,108,서울,2024-01-05 21:00,3.1,,2.3,83,6.3,0.4,1009.7,,,0,415
2326,108,서울,2024-01-05 22:00,2.7,,2.2,82,6.1,0.0,1009.8,,,0,629
2327,108,서울,2024-01-05 23:00,2.0,,1.7,82,5.8,-0.7,1010.0,,,0,807
2328,108,서울,2024-01-06 00:00,1.4,,2.4,80,5.4,-1.6,1010.1,,,0,715
2329,108,서울,2024-01-06 01:00,0.7,,1.8,79,5.1,-2.5,1010.1,,,0,942
2330,108,서울,2024-01-06 02:00,-0.1,,2.1,79,4.8,-3.3,1010.3,,,0,1007
2331,108,서울,2024-01-06 03:00,-0.7,,2.2,77,4.5,-4.2,1010.7,,,0,1253
2332,108,서울,2024-01-06 04:00,-1.2,,2.0,70,3.9,-5.9,1010.7,,,0,2275
2333,108,서울,2024-01-06 05:00,-1.5,,2.4,69,3.8,-6.4,1010.7,,,0,2470
2334,108,서울,2024-01-06 06:00,-2.0,,1.5,68,3.6,-7.1,1010.9,,,0,3223
2335,108,서울,2024-01-06 07:00,-2.0,,1.8,65,3.4,-7.7,1011.4,,,0,3805
2336,108,서울,2024-01-06 08:00,-2.5,,1.5,66,3.4,-7.9,1011.8,0.0,,0,4082
2337,108,서울,2024-01-06 09:00,-2.0,,1.9,63,3.3,-8.1,1012.1,0.33,,0,4238
2338,108,서울,2024-01-06 10:00,-0.4,,2.9,55,3.3,-8.3,1012.4,0.92,,0,4352
2339,108,서울,2024-01-06 11:00,1.1,,1.8,49,3.2,-8.4,1011.9,1.47,,0,4180
2340,108,서울,2024-01-06 12:00,2.9,,2.3,44,3.3,-8.1,1011.3,1.83,,0,4836
2341,108,서울,2024-01-06 13:00,3.4,,2.8,44,3.4,-7.7,1010.9,1.97,,0,4272
2342,108,서울,2024-01-06 14:00,4.0,,3.3,39,3.2,-8.7,1010.3,1.87,,0,4943
2343,108,서울,2024-01-06 15:00,4.9,,3.2,36,3.1,-8.9,1010.1,1.57,,0,4834
2344,108,서울,2024-01-06 16:00,4.9,,2.1,40,3.5,-7.5,1009.9,1.01,,0,4597
2345,108,서울,2024-01-06 17:00,3.7,,2.2,42,3.3,-8.0,1010.2,0.42,,3,4522
2346,108,서울,2024-01-06 18:00,2.9,0.0,1.6,46,3.5,-7.6,1010.5,0.03,,8,4185
2347,108,서울,2024-01-06 19:00,1.4,,2.6,74,5.0,-2.7,1011.1,,,8,1786
2348,108,서울,2024-01-06 20:00,0.5,,0.8,88,5.6,-1.2,1011.0,,2.3,8,136
2349,108,서울,2024-01-06 21:00,0.4,2.4,1.6,91,5.7,-0.9,1011.1,,6.0,9,539
2350,108,서울,2024-01-06 22:00,0.4,,1.6,90,5.7,-1.0,1011.2,,5.9,7,701
2351,108,서울,2024-01-06 23:00,-0.1,,1.2,89,5.4,-1.7,1011.7,,5.7,6,850
2352,108,서울,2024-01-07 00:00,-0.9,,2.5,86,4.9,-2.9,1012.0,,5.6,1,864
2353,108,서울,2024-01-07 01:00,-2.1,,2.6,80,4.2,-5.0,1012.1,,5.5,0,1199
2354,108,서울,2024-01-07 02:00,-2.7,,1.1,79,4.0,-5.8,1012.3,,5.4,0,1321
2355,108,서울,2024-01-07 03:00,-3.2,,0.1,80,3.9,-6.1,1012.7,,5.3,0,1357
2356,108,서울,2024-01-07 04:00,-3.3,,1.9,81,3.9,-6.1,1012.9,,5.0,1,1170
2357,108,서울,2024-01-07 05:00,-3.4,,1.2,81,3.9,-6.1,1012.8,,4.8,1,1095
2358,108,서울,2024-01-07 06:00,-3.6,,3.0,79,3.7,-6.7,1013.5,,4.6,1,1060
2359,108,서울,2024-01-07 07:00,-4.4,,1.5,71,3.1,-8.8,1014.0,,4.5,0,1251
2360,108,서울,2024-01-07 08:00,-4.9,,1.7,66,2.8,-10.2,1014.7,0.0,4.0,0,1644
2361,108,서울,2024-01-07 09:00,-4.6,,3.1,57,2.5,-11.8,1015.5,0.26,4.0,0,1832
2362,108,서울,2024-01-07 10:00,-3.7,,4.6,50,2.3,-12.6,1016.2,0.89,3.9,0,1873
2363,108,서울,2024-01-07 11:00,-3.4,,5.3,42,2.0,-14.5,1016.4,1.5,3.5,0,2530
2364,108,서울,2024-01-07 12:00,-2.5,,4.7,44,2.2,-13.1,1015.7,1.89,3.2,0,4180
2365,108,서울,2024-01-07 13:00,-3.0,,6.3,37,1.8,-15.6,1015.2,2.09,2.7,0,3235
2366,108,서울,2024-01-07 14:00,-2.1,,4.0,39,2.0,-14.2,1014.9,2.01,2.1,0,4533
2367,108,서울,2024-01-07 15:00,-1.8,,4.5,37,2.0,-14.6,1015.1,1.7,1.9,0,4194
2368,108,서울,2024-01-07 16:00,-2.0,,3.3,37,2.0,-14.7,1015.3,1.21,1.8,0,4186
2369,108,서울,2024-01-07 17:00,-3.5,,3.6,39,1.8,-15.4,1015.8,0.53,1.5,0,4904
2370,108,서울,2024-01-07 18:00,-4.6,,3.3,44,1.9,-15.0,1016.1,0.05,1.5,0,4624
2371,108,서울,2024-01-07 19:00,-5.3,,3.6,46,1.9,-15.1,1016.7,,1.5,0,4736
2372,108,서울,2024-01-07 20:00,-5.8,,2.8,52,2.1,-14.1,1017.1,,1.5,0,3827
2373,108,서울,2024-01-07 21:00,-6.7,,4.6,54,2.0,-14.4,1017.4,,1.5,0,3713
2374,108,서울,2024-01-07 22:00,-7.5,,1.0,59,2.1,-14.1,1017.7,,1.5,0,3355
2375,108,서울,2024-01-07 23:00,-8.1,,2.6,64,2.1,-13.7,1017.6,,1.5,0,3144
2376,108,서울,2024-01-08 00:00,-8.3,,2.9,64,2.1,-13.9,1017.5,,1.5,0,2995
2377,108,서울,2024-01-08 01:00,-8.5,,3.3,64,2.1,-14.1,1017.4,,1.5,0,2882
2378,108,서울,2024-01-08 02:00,-8.9,,2.1,65,2.0,-14.2,1017.6,,1.5,0,3024
2379,108,서울,2024-01-08 03:00,-9.1,,0.7,64,2.0,-14.6,1017.7,,1.5,0,2996
2380,108,서울,2024-01-08 04:00,-9.4,,1.7,66,2.0,-14.5,1017.5,,1.5,0,3118
2381,108,서울,2024-01-08 05:00,-9.7,,0.5,67,2.0,-14.6,1017.2,,1.5,0,3183
2382,108,서울,2024-01-08 06:00,-10.1,,2.2,65,1.8,-15.4,1017.4,,1.5,0,3330
2383,108,서울,2024-01-08 07:00,-10.1,,1.7,67,1.9,-15.0,1017.5,,1.5,0,3209
2384,108,서울,2024-01-08 08:00,-10.1,,1.9,68,1.9,-14.8,1017.5,0.0,1.5,0,3158
2385,108,서울,2024-01-08 09:00,-9.0,,2.7,66,2.0,-14.2,1017.8,0.33,1.5,0,3139
2386,108,서울,2024-01-08 10:00,-6.3,,2.0,53,2.0,-14.3,1017.9,0.93,1.4,0,3569
2387,108,서울,2024-01-08 11:00,-3.8,,1.3,48,2.2,-13.2,1017.7,1.49,1.4,0,2961
2388,108,서울,2024-01-08 12:00,-2.3,,1.7,40,2.1,-14.1,1016.9,1.89,1.2,0,2898
2389,108,서울,2024-01-08 13:00,-0.8,,2.3,37,2.1,-13.7,1016.0,2.06,1.0,0,3595
2390,108,서울,2024-01-08 14:00,-0.6,,1.9,35,2.0,-14.2,1015.2,1.96,0.6,0,3751
2391,108,서울,2024-01-08 15:00,-0.3,,2.1,34,2.0,-14.2,1014.5,1.65,0.4,0,4013
2392,108,서울,2024-01-08 16:00,-0.7,,2.9,47,2.7,-10.6,1014.4,0.93,0.3,0,4074
2393,108,서울,2024-01-08 17:00,-1.5,,1.7,52,2.9,-10.0,1014.7,0.37,0.3,0,3458
2394,108,서울,2024-01-08 18:00,-2.2,,1.4,61,3.2,-8.7,1014.6,0.04,0.3,0,3709
2395,108,서울,2024-01-08 19:00,-2.6,,0.6,63,3.2,-8.6,1014.4,,0.3,8,3429
2396,108,서울,2024-01-08 20:00,-3.1,,1.3,66,3.2,-8.5,1014.1,,0.3,5,3156
2397,108,서울,2024-01-08 21:00,-2.9,,0.7,68,3.4,-7.9,1013.8,,0.3,8,2985
2398,108,서울,2024-01-08 22:00,-2.1,,1.1,64,3.3,-8.0,1013.3,,0.3,1,3342
2399,108,서울,2024-01-08 23:00,-2.2,,1.7,65,3.4,-7.9,1013.2,,0.3,7,3014
2400,108,서울,2024-01-09 00:00,-1.9,,1.9,64,3.4,-7.8,1013.2,,0.3,8,3093
2401,108,서울,2024-01-09 01:00,-1.8,,1.2,63,3.4,-7.9,1012.7,,0.3,4,2848
2402,108,서울,2024-01-09 02:00,-1.7,,1.6,64,3.5,-7.6,1011.9,,0.3,8,2928
2403,108,서울,2024-01-09 03:00,-1.6,,2.1,63,3.4,-7.7,1011.4,,0.3,9,2929
2404,108,서울,2024-01-09 04:00,-1.5,,1.6,65,3.6,-7.2,1010.6,,0.3,9,2871
2405,108,서울,2024-01-09 05:00,-1.3,,1.7,65,3.6,-7.0,1010.1,,0.3,9,2920
2406,108,서울,2024-01-09 06:00,-1.1,0.0,2.0,66,3.7,-6.6,1009.7,,0.3,9,3060
2407,108,서울,2024-01-09 07:00,-1.0,,2.3,71,4.0,-5.6,1009.6,,0.3,9,1434
2408,108,서울,2024-01-09 08:00,-1.2,,1.9,74,4.2,-5.2,1009.5,0.01,0.3,9,2083
2409,108,서울,2024-01-09 09:00,-1.5,0.4,1.6,86,4.7,-3.5,1010.1,0.01,0.6,8,197
2410,108,서울,2024-01-09 10:00,-1.3,,2.6,88,4.9,-3.0,1010.0,0.14,1.0,8,790
2411,108,서울,2024-01-09 11:00,-0.7,,2.1,88,5.1,-2.4,1009.7,0.31,1.2,8,338
2412,108,서울,2024-01-09 12:00,-0.5,0.2,2.3,89,5.3,-2.0,1008.9,0.22,1.4,7,474
2413,108,서울,2024-01-09 13:00,-0.1,,2.1,91,5.6,-1.3,1008.0,0.25,1.8,9,284
2414,108,서울,2024-01-09 14:00,0.1,,1.4,91,5.6,-1.1,1007.3,0.19,2.7,9,179
2415,108,서울,2024-01-09 15:00,0.2,0.7,2.0,92,5.7,-0.9,1007.0,0.13,2.8,8,362
2416,108,서울,2024-01-09 16:00,0.2,,2.1,92,5.7,-0.9,1007.3,0.13,3.0,9,289
2417,108,서울,2024-01-09 17:00,0.3,,2.1,93,5.8,-0.7,1007.4,0.08,3.1,8,249
2418,108,서울,2024-01-09 18:00,0.2,0.3,2.0,91,5.6,-1.1,1007.6,0.01,3.1,9,459
2419,108,서울,2024-01-09 19:00,0.2,,2.0,92,5.7,-0.9,1007.9,,3.1,9,393
2420,108,서울,2024-01-09 20:00,0.1,,1.4,93,5.7,-0.9,1007.9,,3.1,4,358
2421,108,서울,2024-01-09 21:00,0.1,0.0,1.0,92,5.7,-1.0,1008.0,,3.1,9,416
2422,108,서울,2024-01-09 22:00,0.1,,1.0,93,5.7,-0.9,1008.4,,3.1,6,403
2423,108,서울,2024-01-09 23:00,0.4,,2.9,95,6.0,-0.3,1008.2,,3.0,7,315
2424,108,서울,2024-01-10 00:00,-0.3,,2.4,93,5.6,-1.2,1008.2,,3.0,2,361
2425,108,서울,2024-01-10 01:00,-1.1,,0.9,92,5.2,-2.2,1008.2,,3.0,0,320
2426,108,서울,2024-01-10 02:00,-1.4,,2.1,95,5.2,-2.1,1008.5,,3.0,0,294
2427,108,서울,2024-01-10 03:00,-1.9,,1.5,95,5.1,-2.5,1008.7,,3.0,2,202
2428,108,서울,2024-01-10 04:00,-2.4,,0.9,94,4.8,-3.2,1008.7,,3.0,0,236
2429,108,서울,2024-01-10 05:00,-3.1,,0.4,93,4.5,-4.0,1008.7,,3.0,0,333
2430,108,서울,2024-01-10 06:00,-3.6,,0.1,93,4.4,-4.5,1008.9,,3.0,0,321
2431,108,서울,2024-01-10 07:00,-4.1,,1.8,94,4.2,-4.9,1009.2,,3.0,7,318
2432,108,서울,2024-01-10 08:00,-3.7,,1.7,94,4.4,-4.5,1009.7,0.0,2.9,2,342
2433,108,서울,2024-01-10 09:00,-3.7,,1.6,94,4.4,-4.5,1010.3,0.15,2.9,8,327
2434,108,서울,2024-01-10 10:00,-2.7,,2.3,94,4.7,-3.5,1010.9,0.37,2.7,8,358
2435,108,서울,2024-01-10 11:00,-1.1,,2.5,87,4.9,-2.9,1011.1,0.88,2.6,7,539
2436,108,서울,2024-01-10 12:00,0.0,,1.8,82,5.0,-2.7,1010.3,1.0,2.5,7,602
2437,108,서울,2024-01-10 13:00,1.6,,0.8,75,5.2,-2.3,1009.9,1.3,2.3,7,735
2438,108,서울,2024-01-10 14:00,1.5,,2.3,75,5.1,-2.4,1009.8,1.31,2.3,6,550
2439,108,서울,2024-01-10 15:00,2.9,,2.2,71,5.4,-1.8,1009.6,1.36,2.2,0,589
2440,108,서울,2024-01-10 16:00,3.1,,2.2,69,5.3,-2.0,1009.8,0.99,2.0,0,532
2441,108,서울,2024-01-10 17:00,1.9,,2.5,72,5.0,-2.6,1009.9,0.41,2.0,0,514
2442,108,서울,2024-01-10 18:00,0.7,,1.7,76,4.9,-3.0,1010.4,0.04,2.0,0,507
2443,108,서울,2024-01-10 19:00,0.1,,1.9,78,4.8,-3.2,1010.8,,2.0,0,525
2444,108,서울,2024-01-10 20:00,-0.5,,2.3,84,5.0,-2.8,1011.1,,2.0,0,415
2445,108,서울,2024-01-10 21:00,-1.0,,1.3,87,5.0,-2.8,1010.7,,2.0,0,282
2446,108,서울,2024-01-10 22:00,-1.4,,2.1,91,5.0,-2.6,1010.7,,2.0,0,244
2447,108,서울,2024-01-10 23:00,-1.4,,1.5,90,5.0,-2.8,1010.5,,2.0,1,257
2448,108,서울,2024-01-11 00:00,-1.2,,1.9,89,5.0,-2.7,1010.4,,2.0,8,260
2449,108,서울,2024-01-11 01:00,-1.2,,1.1,88,4.9,-2.9,1010.4,,2.0,9,276
2450,108,서울,2024-01-11 02:00,-1.2,,2.7,86,4.8,-3.2,1010.4,,2.0,9,303
2451,108,서울,2024-01-11 03:00,-1.4,,2.2,85,4.7,-3.6,1010.3,,2.0,8,346
2452,108,서울,2024-01-11 04:00,-1.9,,1.5,84,4.5,-4.2,1010.1,,2.0,7,364
2453,108,서울,2024-01-11 05:00,-1.8,,1.0,85,4.6,-3.9,1009.9,,2.0,8,375
2454,108,서울,2024-01-11 06:00,-2.3,,1.6,86,4.4,-4.3,1009.3,,2.0,6,341
2455,108,서울,2024-01-11 07:00,-2.0,,1.4,88,4.6,-3.7,1009.2,,2.0,8,374
2456,108,서울,2024-01-11 08:00,-1.7,,0.6,86,4.6,-3.7,1009.2,0.0,2.0,8,396
2457,108,서울,2024-01-11 09:00,-1.1,,2.3,86,4.9,-3.1,1008.9,0.1,2.0,8,383
2458,108,서울,2024-01-11 10:00,-0.4,,2.0,83,4.9,-2.9,1008.7,0.29,2.0,8,428
2459,108,서울,2024-01-11 11:00,0.6,,1.5,78,5.0,-2.8,1008.4,0.62,2.0,8,490
2460,108,서울,2024-01-11 12:00,2.2,,1.5,72,5.2,-2.3,1007.3,1.14,1.9,8,646
2461,108,서울,2024-01-11 13:00,2.9,,2.9,71,5.4,-1.8,1006.6,0.9,1.0,8,781
2462,108,서울,2024-01-11 14:00,3.3,,3.2,73,5.7,-1.0,1005.9,0.64,0.9,8,782
2463,108,서울,2024-01-11 15:00,4.0,,3.1,71,5.8,-0.7,1005.2,0.48,0.4,8,923
2464,108,서울,2024-01-11 16:00,4.4,,3.4,70,5.8,-0.6,1005.1,0.31,0.2,9,1244
2465,108,서울,2024-01-11 17:00,4.4,,2.7,72,6.0,-0.2,1004.9,0.07,,7,1249
2466,108,서울,2024-01-11 18:00,4.3,,2.4,76,6.3,0.4,1005.0,0.03,,4,1104
2467,108,서울,2024-01-11 19:00,4.1,,1.8,78,6.4,0.6,1005.1,,,4,892
2468,108,서울,2024-01-11 20:00,3.9,,1.9,80,6.4,0.7,1005.2,,,1,845
2469,108,서울,2024-01-11 21:00,3.9,,1.8,82,6.6,1.1,1004.9,,,7,720
2470,108,서울,2024-01-11 22:00,3.8,,2.2,82,6.6,1.0,1005.0,,,7,779
2471,108,서울,2024-01-11 23:00,3.8,,2.1,83,6.6,1.1,1005.0,,,6,782
2472,108,서울,2024-01-12 00:00,3.6,,2.7,87,6.9,1.6,1005.3,,,7,631
2473,108,서울,2024-01-12 01:00,3.4,,2.4,84,6.5,0.9,1005.5,,,6,568
2474,108,서울,2024-01-12 02:00,2.6,,2.2,84,6.2,0.1,1006.0,,,0,469
2475,108,서울,2024-01-12 03:00,1.8,,1.2,85,5.9,-0.4,1006.5,,,0,419
2476,108,서울,2024-01-12 04:00,1.2,,2.3,87,5.8,-0.7,1006.6,,,0,354
2477,108,서울,2024-01-12 05:00,0.4,,1.5,87,5.5,-1.5,1006.4,,,0,372
2478,108,서울,2024-01-12 06:00,-0.3,,1.1,88,5.3,-2.0,1006.8,,,0,325
2479,108,서울,2024-01-12 07:00,-0.6,,0.9,90,5.3,-2.0,1007.3,,,0,315
2480,108,서울,2024-01-12 08:00,-1.0,,0.7,89,5.1,-2.5,1007.7,0.0,,0,326
2481,108,서울,2024-01-12 09:00,-0.6,,1.5,86,5.0,-2.6,1008.2,0.24,,0,382
2482,108,서울,2024-01-12 10:00,0.5,,2.3,72,4.6,-3.9,1008.7,0.82,,0,589
2483,108,서울,2024-01-12 11:00,1.4,,3.2,55,3.7,-6.6,1008.6,1.5,,0,1095
2484,108,서울,2024-01-12 12:00,2.2,,2.8,55,3.9,-5.9,1008.2,1.74,,0,932
2485,108,서울,2024-01-12 13:00,3.2,,2.6,43,3.3,-8.2,1007.9,2.02,,0,2071
2486,108,서울,2024-01-12 14:00,3.4,,3.4,31,2.4,-12.1,1007.8,1.97,,0,2953
2487,108,서울,2024-01-12 15:00,3.8,,3.4,34,2.7,-10.6,1007.8,1.68,,0,2809
2488,108,서울,2024-01-12 16:00,4.0,,3.1,33,2.7,-10.8,1008.0,1.19,,0,2921
2489,108,서울,2024-01-12 17:00,2.6,,3.0,38,2.8,-10.3,1008.6,0.55,,0,3305
2490,108,서울,2024-01-12 18:00,1.7,,3.4,47,3.2,-8.4,1008.9,0.06,,0,3353
2491,108,서울,2024-01-12 19:00,1.0,,2.0,52,3.4,-7.7,1009.3,,,0,3278
2492,108,서울,2024-01-12 20:00,0.6,,2.4,53,3.4,-7.9,1009.7,,,0,3368
2493,108,서울,2024-01-12 21:00,0.3,,2.1,51,3.2,-8.6,1009.8,,,0,3462
2494,108,서울,2024-01-12 22:00,-0.2,,1.3,49,3.0,-9.6,1010.2,,,0,3862
2495,108,서울,2024-01-12 23:00,-0.9,,1.5,48,2.8,-10.5,1010.4,,,0,3010
2496,108,서울,2024-01-13 00:00,-1.4,,0.8,47,2.6,-11.2,1010.9,,,0,3567
2497,108,서울,2024-01-13 01:00,-1.9,,1.8,47,2.5,-11.7,1010.7,,,0,3817
2498,108,서울,2024-01-13 02:00,-1.9,,2.1,48,2.6,-11.4,1010.7,,,0,4112
2499,108,서울,2024-01-13 03:00,-2.5,,1.4,51,2.6,-11.2,1011.0,,,0,3969
2500,108,서울,2024-01-13 04:00,-2.5,,1.4,54,2.8,-10.5,1011.5,,,0,3898
2501,108,서울,2024-01-13 05:00,-2.9,,1.0,56,2.8,-10.4,1011.8,,,0,3898
2502,108,서울,2024-01-13 06:00,-3.3,,0.5,55,2.6,-11.0,1012.3,,,0,4075
2503,108,서울,2024-01-13 07:00,-3.6,,0.7,56,2.6,-11.1,1013.2,,,0,4258
2504,108,서울,2024-01-13 08:00,-3.8,,0.6,58,2.7,-10.8,1013.7,0.0,,0,4053
2505,108,서울,2024-01-13 09:00,-3.1,,0.9,58,2.8,-10.2,1014.4,0.31,,0,4149
2506,108,서울,2024-01-13 10:00,-0.7,,3.5,47,2.7,-10.6,1015.1,0.9,,0,4246
2507,108,서울,2024-01-13 11:00,1.0,,2.5,41,2.7,-10.8,1015.2,1.51,,0,3616
2508,108,서울,2024-01-13 12:00,3.2,,1.7,36,2.8,-10.4,1014.9,1.91,,0,3700
2509,108,서울,2024-01-13 13:00,4.3,,1.3,35,2.9,-9.8,1014.5,2.03,,0,3606
2510,108,서울,2024-01-13 14:00,4.5,,1.5,31,2.6,-11.2,1013.9,1.95,,0,3295
2511,108,서울,2024-01-13 15:00,6.1,,2.2,30,2.8,-10.2,1014.0,1.65,,0,3002
2512,108,서울,2024-01-13 16:00,6.3,,2.0,24,2.3,-12.8,1014.0,1.17,,0,3752
2513,108,서울,2024-01-13 17:00,5.1,,2.3,26,2.3,-12.8,1013.8,0.56,,0,3459
2514,108,서울,2024-01-13 18:00,3.2,,1.0,30,2.3,-12.7,1014.2,0.06,,0,3424
2515,108,서울,2024-01-13 19:00,2.2,,1.8,35,2.5,-11.7,1014.5,,,0,3004
2516,108,서울,2024-01-13 20:00,1.2,,0.4,42,2.8,-10.3,1014.5,,,0,2720
2517,108,서울,2024-01-13 21:00,0.7,,0.9,41,2.6,-11.0,1014.8,,,0,2404
2518,108,서울,2024-01-13 22:00,0.3,,0.5,45,2.8,-10.2,1015.0,,,0,2688
2519,108,서울,2024-01-13 23:00,-0.2,,1.3,51,3.1,-9.1,1014.2,,,0,2535
2520,108,서울,2024-01-14 00:00,-0.8,,2.1,53,3.0,-9.2,1013.8,,,0,2486
2521,108,서울,2024-01-14 01:00,-1.2,,2.0,57,3.2,-8.6,1013.4,,,0,2677
2522,108,서울,2024-01-14 02:00,-1.2,,1.4,60,3.4,-7.9,1013.6,,,3,2693
2523,108,서울,2024-01-14 03:00,-1.4,,1.6,62,3.4,-7.7,1013.6,,,0,2635
2524,108,서울,2024-01-14 04:00,-1.7,,2.4,64,3.5,-7.6,1012.7,,,0,2592
2525,108,서울,2024-01-14 05:00,-2.0,,1.7,65,3.4,-7.7,1012.4,,,0,2582
2526,108,서울,2024-01-14 06:00,-2.3,,1.7,68,3.5,-7.4,1011.8,,,0,2603
2527,108,서울,2024-01-14 07:00,-2.4,,1.8,69,3.5,-7.3,1011.6,,,4,2544
2528,108,서울,2024-01-14 08:00,-1.9,,1.2,66,3.5,-7.4,1012.1,0.0,,0,2794
2529,108,서울,2024-01-14 09:00,-1.0,,2.5,69,3.9,-5.9,1011.3,0.26,,6,2481
2530,108,서울,2024-01-14 10:00,-0.3,,2.5,61,3.6,-6.9,1010.4,0.16,,9,2675
2531,108,서울,2024-01-14 11:00,0.5,,2.1,61,3.9,-6.1,1009.5,0.13,,8,2658
2532,108,서울,2024-01-14 12:00,1.2,0.0,2.1,65,4.3,-4.6,1008.1,0.08,,8,2106
2533,108,서울,2024-01-14 13:00,1.7,,2.0,87,6.0,-0.2,1008.1,0.04,,9,670
2534,108,서울,2024-01-14 14:00,2.0,,0.9,92,6.5,0.8,1007.7,0.1,,9,280
2535,108,서울,2024-01-14 15:00,1.7,3.0,0.8,90,6.2,0.2,1007.6,0.09,,8,393
2536,108,서울,2024-01-14 16:00,2.1,,0.4,92,6.5,0.9,1008.1,0.32,,10,397
2537,108,서울,2024-01-14 17:00,1.6,,3.3,93,6.3,0.5,1009.3,0.09,,10,292
2538,108,서울,2024-01-14 18:00,1.4,0.1,2.7,94,6.3,0.5,1010.0,0.01,,10,409
2539,108,서울,2024-01-14 19:00,1.0,,2.4,90,5.9,-0.4,1010.9,,,9,664
2540,108,서울,2024-01-14 20:00,-0.2,,2.8,84,5.1,-2.5,1011.4,,,9,1023
2541,108,서울,2024-01-14 21:00,-0.8,,3.6,80,4.6,-3.8,1012.1,,,5,1009
2542,108,서울,2024-01-14 22:00,-1.8,,2.1,78,4.2,-5.1,1012.5,,,0,1064
2543,108,서울,2024-01-14 23:00,-2.6,,3.7,71,3.6,-7.1,1012.9,,,0,1829
2544,108,서울,2024-01-15 00:00,-3.3,,2.7,68,3.3,-8.3,1013.1,,,0,2533
2545,108,서울,2024-01-15 01:00,-3.8,,2.5,66,3.0,-9.2,1013.6,,,0,2847
2546,108,서울,2024-01-15 02:00,-4.3,,2.8,67,3.0,-9.5,1013.9,,,0,3295
2547,108,서울,2024-01-15 03:00,-4.9,,2.3,68,2.9,-9.9,1014.5,,,0,3313
2548,108,서울,2024-01-15 04:00,-5.3,,2.2,68,2.8,-10.2,1014.7,,,0,3219
2549,108,서울,2024-01-15 05:00,-5.7,,2.7,66,2.6,-11.0,1015.3,,,0,3212
2550,108,서울,2024-01-15 06:00,-6.2,,2.4,67,2.6,-11.3,1015.6,,,0,3050
2551,108,서울,2024-01-15 07:00,-6.5,,2.9,62,2.3,-12.5,1016.3,,,0,3456
2552,108,서울,2024-01-15 08:00,-6.9,,2.8,65,2.4,-12.3,1016.9,0.0,,0,3254
2553,108,서울,2024-01-15 09:00,-6.5,,2.4,56,2.1,-13.8,1017.6,0.35,,0,3946
2554,108,서울,2024-01-15 10:00,-5.2,,2.9,49,2.0,-14.2,1018.1,0.99,,0,4168
2555,108,서울,2024-01-15 11:00,-3.8,,2.9,44,2.0,-14.2,1018.1,1.58,,0,3786
2556,108,서울,2024-01-15 12:00,-2.8,,3.1,38,1.9,-15.1,1017.5,1.97,,0,3858
2557,108,서울,2024-01-15 13:00,-1.6,,2.5,39,2.1,-13.7,1017.0,2.12,,0,4271
2558,108,서울,2024-01-15 14:00,-0.2,,4.7,38,2.3,-12.8,1016.6,2.08,,0,3932
2559,108,서울,2024-01-15 15:00,0.5,,2.3,38,2.4,-12.2,1016.3,1.77,,0,3728
2560,108,서울,2024-01-15 16:00,0.8,,3.1,37,2.4,-12.2,1016.9,1.27,,0,3437
2561,108,서울,2024-01-15 17:00,-0.1,,2.7,36,2.2,-13.4,1017.2,0.61,,0,4116
2562,108,서울,2024-01-15 18:00,-1.5,,2.1,39,2.1,-13.6,1018.1,0.08,,0,4044
2563,108,서울,2024-01-15 19:00,-2.0,,3.0,41,2.2,-13.5,1018.3,,,0,4352
2564,108,서울,2024-01-15 20:00,-2.4,,3.6,43,2.2,-13.3,1018.8,,,0,3916
2565,108,서울,2024-01-15 21:00,-3.5,,3.1,48,2.3,-12.9,1019.4,,,0,3465
2566,108,서울,2024-01-15 22:00,-4.3,,1.2,52,2.3,-12.7,1019.7,,,0,3349
2567,108,서울,2024-01-15 23:00,-4.7,,1.5,54,2.3,-12.6,1019.9,,,0,3164
2568,108,서울,2024-01-16 00:00,-4.9,,2.5,56,2.4,-12.3,1019.9,,,0,3212
2569,108,서울,2024-01-16 01:00,-5.2,,2.8,57,2.4,-12.4,1019.7,,,1,3073
2570,108,서울,2024-01-16 02:00,-5.9,,0.6,56,2.2,-13.2,1020.1,,,0,3320
2571,108,서울,2024-01-16 03:00,-6.2,,0.6,57,2.2,-13.3,1020.5,,,0,3393
2572,108,서울,2024-01-16 04:00,-6.5,,0.5,58,2.2,-13.4,1020.3,,,0,3658
2573,108,서울,2024-01-16 05:00,-6.9,,0.8,57,2.1,-14.0,1020.2,,,0,3477
2574,108,서울,2024-01-16 06:00,-7.0,,1.8,57,2.1,-14.1,1020.9,,,0,3559
2575,108,서울,2024-01-16 07:00,-7.0,,1.3,59,2.1,-13.6,1021.6,,,0,3581
2576,108,서울,2024-01-16 08:00,-7.1,,0.7,64,2.3,-12.7,1022.2,0.0,,0,3446
2577,108,서울,2024-01-16 09:00,-6.3,,2.4,62,2.4,-12.4,1022.5,0.33,,0,2916
2578,108,서울,2024-01-16 10:00,-3.9,,2.2,52,2.4,-12.3,1023.0,0.96,,0,2961
2579,108,서울,2024-01-16 11:00,-1.5,,2.0,49,2.7,-10.8,1022.9,1.54,,0,2599
2580,108,서울,2024-01-16 12:00,-0.1,,2.3,41,2.5,-11.8,1022.5,1.92,,0,3101
2581,108,서울,2024-01-16 13:00,0.9,,1.7,38,2.5,-11.8,1021.9,2.01,,0,3139
2582,108,서울,2024-01-16 14:00,2.0,,1.1,37,2.6,-11.1,1021.3,1.87,,0,3207
2583,108,서울,2024-01-16 15:00,3.4,,1.3,33,2.6,-11.3,1021.1,1.5,,0,2763
2584,108,서울,2024-01-16 16:00,4.0,,1.5,32,2.6,-11.2,1020.9,1.26,,0,2934
2585,108,서울,2024-01-16 17:00,3.0,,1.3,34,2.6,-11.3,1020.9,0.41,,0,3282
2586,108,서울,2024-01-16 18:00,1.7,,1.3,39,2.7,-10.8,1021.2,0.06,,0,2676
2587,108,서울,2024-01-16 19:00,0.8,,0.8,45,2.9,-9.8,1021.2,,,5,2662
2588,108,서울,2024-01-16 20:00,0.3,,1.1,47,2.9,-9.7,1021.1,,,7,2493
2589,108,서울,2024-01-16 21:00,-0.5,,1.9,50,3.0,-9.6,1021.0,,,0,2673
2590,108,서울,2024-01-16 22:00,-0.9,,1.3,53,3.0,-9.2,1020.9,,,7,2616
2591,108,서울,2024-01-16 23:00,-1.7,,1.8,56,3.0,-9.3,1020.3,,,0,2759
2592,108,서울,2024-01-17 00:00,-2.0,,2.4,59,3.1,-8.9,1020.0,,,0,2603
2593,108,서울,2024-01-17 01:00,-2.2,,2.1,61,3.2,-8.7,1019.8,,,0,2606
2594,108,서울,2024-01-17 02:00,-1.6,,1.5,61,3.3,-8.1,1019.2,,,4,2684
2595,108,서울,2024-01-17 03:00,-1.1,,1.3,58,3.3,-8.3,1019.1,,,8,2938
2596,108,서울,2024-01-17 04:00,-0.7,,2.7,56,3.2,-8.4,1018.3,,,8,2981
2597,108,서울,2024-01-17 05:00,-0.6,,1.1,55,3.2,-8.5,1018.3,,,8,3063
2598,108,서울,2024-01-17 06:00,-0.6,,1.9,57,3.3,-8.0,1017.9,,,8,2898
2599,108,서울,2024-01-17 07:00,-0.4,,2.5,58,3.5,-7.6,1017.6,,,6,2862
2600,108,서울,2024-01-17 08:00,-0.3,,1.2,58,3.5,-7.5,1017.5,0.0,,8,2711
2601,108,서울,2024-01-17 09:00,0.2,,2.5,57,3.5,-7.3,1017.2,0.14,,9,2475
2602,108,서울,2024-01-17 10:00,0.9,,2.6,55,3.6,-7.1,1017.6,0.32,,5,2333
2603,108,서울,2024-01-17 11:00,1.3,,0.5,54,3.6,-7.0,1017.6,0.21,,7,2274
2604,108,서울,2024-01-17 12:00,1.0,0.1,1.7,77,5.1,-2.5,1016.6,0.3,0.1,7,266
2605,108,서울,2024-01-17 13:00,0.7,,1.7,88,5.7,-1.0,1015.5,0.29,1.3,8,255
2606,108,서울,2024-01-17 14:00,0.8,,3.0,90,5.8,-0.6,1014.2,0.24,2.1,6,289
2607,108,서울,2024-01-17 15:00,0.7,3.2,2.7,92,5.9,-0.4,1013.6,0.15,2.0,6,449
2608,108,서울,2024-01-17 16:00,0.9,,3.1,93,6.1,-0.1,1012.9,0.13,2.3,6,466
2609,108,서울,2024-01-17 17:00,1.1,,3.1,93,6.1,0.0,1012.5,0.1,1.9,8,699
2610,108,서울,2024-01-17 18:00,1.2,2.4,2.8,94,6.2,0.3,1012.2,0.02,1.8,8,549
2611,108,서울,2024-01-17 19:00,1.4,,2.8,95,6.4,0.6,1012.5,,1.4,8,458
2612,108,서울,2024-01-17 20:00,1.5,,2.4,95,6.4,0.7,1012.1,,1.4,8,269
2613,108,서울,2024-01-17 21:00,1.7,1.3,3.3,97,6.7,1.2,1011.3,,1.4,8,348
2614,108,서울,2024-01-17 22:00,1.9,,1.2,96,6.7,1.3,1011.4,,1.2,9,248
2615,108,서울,2024-01-17 23:00,1.8,,1.5,95,6.6,1.0,1010.8,,1.2,9,53
2616,108,서울,2024-01-18 00:00,1.8,2.7,1.7,96,6.7,1.2,1010.4,,1.1,9,169
2617,108,서울,2024-01-18 01:00,1.7,,0.4,96,6.6,1.1,1010.2,,1.1,8,141
2618,108,서울,2024-01-18 02:00,1.7,,0.5,95,6.5,0.9,1010.1,,0.9,8,243
2619,108,서울,2024-01-18 03:00,1.8,0.5,1.1,96,6.7,1.2,1009.7,,0.9,9,176
2620,108,서울,2024-01-18 04:00,1.9,,1.9,97,6.8,1.4,1009.8,,0.9,9,138
2621,108,서울,2024-01-18 05:00,1.9,,1.3,97,6.8,1.4,1009.6,,0.9,9,193
2622,108,서울,2024-01-18 06:00,1.8,,2.3,96,6.7,1.2,1010.1,,0.8,8,177
2623,108,서울,2024-01-18 07:00,1.5,,1.8,95,6.4,0.7,1010.8,,0.8,5,313
2624,108,서울,2024-01-18 08:00,1.5,,2.0,97,6.6,1.0,1011.4,0.0,0.8,3,223
2625,108,서울,2024-01-18 09:00,1.5,,2.1,94,6.4,0.6,1012.0,0.07,0.8,2,435
2626,108,서울,2024-01-18 10:00,1.7,,1.3,93,6.4,0.6,1012.7,0.22,0.7,8,434
2627,108,서울,2024-01-18 11:00,2.9,,1.7,93,7.0,1.8,1012.8,0.73,0.4,2,526
2628,108,서울,2024-01-18 12:00,5.0,,1.5,81,7.1,2.0,1012.0,1.66,,0,1189
2629,108,서울,2024-01-18 13:00,6.5,,2.3,74,7.1,2.1,1011.8,2.02,,0,1842
2630,108,서울,2024-01-18 14:00,7.9,,2.9,71,7.5,2.9,1011.3,1.85,,0,1725
2631,108,서울,2024-01-18 15:00,8.5,,3.1,69,7.6,3.1,1011.2,1.47,,0,1578
2632,108,서울,2024-01-18 16:00,9.2,,3.5,64,7.4,2.7,1011.4,1.18,,0,3524
2633,108,서울,2024-01-18 17:00,9.0,,2.7,64,7.3,2.5,1012.0,0.58,,0,3669
2634,108,서울,2024-01-18 18:00,7.7,,4.1,67,7.0,1.9,1012.7,0.08,,3,4141
2635,108,서울,2024-01-18 19:00,6.6,,4.0,70,6.8,1.5,1013.9,,,0,3301
2636,108,서울,2024-01-18 20:00,5.4,,4.1,74,6.6,1.1,1014.5,,,0,2548
2637,108,서울,2024-01-18 21:00,5.0,,5.1,74,6.4,0.7,1014.9,,,0,2124
2638,108,서울,2024-01-18 22:00,4.8,,4.3,75,6.4,0.7,1015.5,,,0,1969
2639,108,서울,2024-01-18 23:00,4.5,,4.6,75,6.3,0.4,1015.7,,,6,1750
2640,108,서울,2024-01-19 00:00,4.4,,3.4,75,6.2,0.3,1016.1,,,4,1804
2641,108,서울,2024-01-19 01:00,4.4,,4.1,75,6.2,0.3,1016.2,,,9,1781
2642,108,서울,2024-01-19 02:00,4.5,,4.8,75,6.3,0.4,1016.2,,,9,1856
2643,108,서울,2024-01-19 03:00,4.5,,4.9,75,6.3,0.4,1016.4,,,9,1780
2644,108,서울,2024-01-19 04:00,4.5,,3.1,74,6.2,0.2,1016.7,,,8,2043
2645,108,서울,2024-01-19 05:00,4.6,,3.9,73,6.2,0.1,1016.6,,,8,2667
2646,108,서울,2024-01-19 06:00,4.6,,3.8,72,6.1,0.0,1016.7,,,9,3358
2647,108,서울,2024-01-19 07:00,4.6,,4.3,70,5.9,-0.4,1017.0,,,9,3732
2648,108,서울,2024-01-19 08:00,4.2,,3.4,71,5.8,-0.6,1017.3,0.0,,2,3957
2649,108,서울,2024-01-19 09:00,4.4,,2.9,71,5.9,-0.4,1017.8,0.3,,0,3718
2650,108,서울,2024-01-19 10:00,5.7,,5.4,65,6.0,-0.3,1017.9,0.91,,0,3975
2651,108,서울,2024-01-19 11:00,7.3,,4.6,61,6.2,0.2,1018.1,1.54,,0,4132
2652,108,서울,2024-01-19 12:00,7.5,,4.8,60,6.2,0.2,1017.6,1.69,,4,4393
2653,108,서울,2024-01-19 13:00,8.2,,3.7,57,6.2,0.1,1016.7,1.35,,0,4489
2654,108,서울,2024-01-19 14:00,8.1,,5.4,57,6.1,0.0,1015.8,1.4,,0,4132
2655,108,서울,2024-01-19 15:00,8.6,,4.1,54,6.0,-0.2,1015.4,1.46,,0,4853
2656,108,서울,2024-01-19 16:00,8.5,,4.2,53,5.9,-0.5,1016.1,1.12,,0,3937
2657,108,서울,2024-01-19 17:00,6.8,,5.6,57,5.6,-1.1,1016.4,0.45,,0,4941
2658,108,서울,2024-01-19 18:00,5.3,,6.3,61,5.4,-1.6,1016.7,0.07,,0,5000
2659,108,서울,2024-01-19 19:00,4.6,,5.6,64,5.4,-1.6,1017.3,,,8,4914
2660,108,서울,2024-01-19 20:00,4.2,,4.9,65,5.4,-1.8,1017.6,,,8,4861
2661,108,서울,2024-01-19 21:00,4.1,,6.1,66,5.4,-1.6,1017.6,,,0,4717
2662,108,서울,2024-01-19 22:00,4.2,,4.5,63,5.2,-2.2,1017.8,,,7,4986
2663,108,서울,2024-01-19 23:00,4.2,,3.4,64,5.3,-2.0,1017.7,,,7,5000
2664,108,서울,2024-01-20 00:00,4.1,,4.5,64,5.2,-2.1,1017.4,,,7,5000
2665,108,서울,2024-01-20 01:00,3.8,,5.4,66,5.3,-1.9,1017.3,,,1,5000
2666,108,서울,2024-01-20 02:00,3.8,,5.6,67,5.4,-1.7,1017.2,,,7,5000
2667,108,서울,2024-01-20 03:00,3.7,,5.0,67,5.4,-1.8,1017.0,,,6,5000
2668,108,서울,2024-01-20 04:00,3.6,,5.8,67,5.3,-1.9,1016.5,,,6,5000
2669,108,서울,2024-01-20 05:00,3.6,,6.3,65,5.2,-2.3,1015.9,,,4,5000
2670,108,서울,2024-01-20 06:00,3.6,,7.2,65,5.2,-2.3,1015.6,,,3,5000
2671,108,서울,2024-01-20 07:00,3.6,,5.5,64,5.1,-2.5,1015.6,,,4,5000
2672,108,서울,2024-01-20 08:00,3.6,,6.1,64,5.1,-2.5,1015.3,0.0,,4,5000
2673,108,서울,2024-01-20 09:00,3.8,,5.9,62,5.0,-2.8,1015.7,0.08,,3,5000
2674,108,서울,2024-01-20 10:00,4.1,,5.5,60,4.9,-2.9,1016.2,0.17,,10,5000
2675,108,서울,2024-01-20 11:00,4.4,,6.3,59,4.9,-2.9,1016.0,0.27,,4,5000
2676,108,서울,2024-01-20 12:00,4.7,,5.6,57,4.9,-3.1,1015.0,0.36,,6,5000
2677,108,서울,2024-01-20 13:00,4.8,,5.9,60,5.2,-2.3,1014.1,0.44,,7,5000
2678,108,서울,2024-01-20 14:00,4.5,,6.6,70,5.9,-0.5,1013.3,0.59,,6,4842
2679,108,서울,2024-01-20 15:00,4.5,0.0,6.1,67,5.6,-1.1,1013.0,0.51,,7,5000
2680,108,서울,2024-01-20 16:00,4.0,,5.1,72,5.8,-0.6,1013.2,0.22,,8,4595
2681,108,서울,2024-01-20 17:00,3.1,,4.5,81,6.2,0.1,1013.3,0.08,,8,2735
2682,108,서울,2024-01-20 18:00,2.3,0.2,4.6,89,6.4,0.6,1013.2,0.02,,8,2596
2683,108,서울,2024-01-20 19:00,2.0,,5.0,89,6.2,0.3,1013.4,,,7,2893
2684,108,서울,2024-01-20 20:00,2.0,,4.9,84,5.9,-0.4,1013.7,,,8,2938
2685,108,서울,2024-01-20 21:00,2.1,0.2,5.1,79,5.6,-1.1,1013.9,,,5,4410
2686,108,서울,2024-01-20 22:00,2.3,,4.2,75,5.4,-1.6,1014.0,,,6,5000
2687,108,서울,2024-01-20 23:00,2.4,,4.9,73,5.3,-1.9,1013.6,,,9,5000
2688,108,서울,2024-01-21 00:00,2.5,0.0,3.6,70,5.1,-2.4,1013.5,,,7,5000
2689,108,서울,2024-01-21 01:00,2.4,,3.8,71,5.2,-2.3,1013.1,,,9,5000
2690,108,서울,2024-01-21 02:00,2.2,,2.7,71,5.1,-2.5,1013.2,,,9,5000
2691,108,서울,2024-01-21 03:00,2.0,,3.0,71,5.0,-2.7,1013.2,,,9,5000
2692,108,서울,2024-01-21 04:00,2.0,,2.2,68,4.8,-3.2,1013.0,,,9,5000
2693,108,서울,2024-01-21 05:00,2.0,,1.7,68,4.8,-3.2,1013.3,,,8,5000
2694,108,서울,2024-01-21 06:00,2.0,0.0,1.4,67,4.8,-3.4,1013.4,,,8,5000
2695,108,서울,2024-01-21 07:00,2.0,,1.3,68,4.8,-3.2,1014.1,,,9,5000
2696,108,서울,2024-01-21 08:00,1.9,,0.9,69,4.9,-3.1,1014.4,0.0,,9,5000
2697,108,서울,2024-01-21 09:00,2.3,0.0,3.0,69,5.0,-2.8,1014.3,0.14,,8,5000
2698,108,서울,2024-01-21 10:00,2.7,,1.5,69,5.1,-2.4,1015.0,0.26,,9,5000
2699,108,서울,2024-01-21 11:00,3.4,,1.4,68,5.3,-1.9,1015.0,0.49,,9,5000
2700,108,서울,2024-01-21 12:00,4.2,0.0,1.3,66,5.5,-1.5,1014.5,0.64,,9,5000
2701,108,서울,2024-01-21 13:00,4.2,,2.5,73,6.0,-0.2,1014.1,0.62,,9,3624
2702,108,서울,2024-01-21 14:00,3.4,,2.1,85,6.6,1.1,1014.0,0.57,,9,645
2703,108,서울,2024-01-21 15:00,3.0,0.2,1.9,88,6.7,1.2,1014.1,0.45,,8,1049
2704,108,서울,2024-01-21 16:00,2.6,,1.7,89,6.5,0.9,1014.2,0.25,,8,1148
2705,108,서울,2024-01-21 17:00,2.4,,2.8,88,6.4,0.6,1014.7,0.14,,9,2024
2706,108,서울,2024-01-21 18:00,2.3,0.2,2.7,85,6.1,0.0,1015.1,0.01,,8,2149
2707,108,서울,2024-01-21 19:00,2.2,,2.4,82,5.9,-0.5,1015.0,,,9,2539
2708,108,서울,2024-01-21 20:00,1.5,,4.0,85,5.8,-0.7,1015.1,,,8,1006
2709,108,서울,2024-01-21 21:00,-0.1,0.0,4.7,81,4.9,-2.9,1015.6,,,8,748
2710,108,서울,2024-01-21 22:00,-1.0,,4.4,79,4.5,-4.1,1015.7,,,10,884
2711,108,서울,2024-01-21 23:00,-1.9,,4.5,80,4.3,-4.8,1015.9,,,9,944
2712,108,서울,2024-01-22 00:00,-2.4,0.0,3.5,79,4.1,-5.5,1015.8,,,9,1072
2713,108,서울,2024-01-22 01:00,-3.0,,3.6,76,3.7,-6.6,1016.0,,,9,1418
2714,108,서울,2024-01-22 02:00,-3.5,,3.5,75,3.6,-7.2,1016.0,,,9,1303
2715,108,서울,2024-01-22 03:00,-4.4,0.0,3.6,75,3.3,-8.1,1016.4,,,8,813
2716,108,서울,2024-01-22 04:00,-5.8,,5.3,71,2.8,-10.2,1016.8,,0.0,7,681
2717,108,서울,2024-01-22 05:00,-6.8,,3.4,83,3.0,-9.2,1016.9,,1.0,8,104
2718,108,서울,2024-01-22 06:00,-7.7,0.1,3.7,83,2.9,-10.0,1017.0,,1.8,8,106
2719,108,서울,2024-01-22 07:00,-8.2,,3.4,69,2.3,-12.8,1017.0,,2.3,8,1916
2720,108,서울,2024-01-22 08:00,-8.6,,4.4,67,2.1,-13.6,1017.1,0.01,2.0,9,1977
2721,108,서울,2024-01-22 09:00,-8.8,0.1,4.1,66,2.1,-14.0,1017.5,0.12,1.9,7,1336
2722,108,서울,2024-01-22 10:00,-8.8,,4.0,65,2.1,-14.1,1018.0,0.39,1.6,7,2385
2723,108,서울,2024-01-22 11:00,-8.4,,4.3,60,2.0,-14.7,1017.8,0.74,1.4,7,2524
2724,108,서울,2024-01-22 12:00,-8.4,,4.8,60,2.0,-14.7,1016.9,0.78,1.0,5,2310
2725,108,서울,2024-01-22 13:00,-7.1,,3.9,58,2.1,-13.9,1016.4,1.47,0.7,7,2233
2726,108,서울,2024-01-22 14:00,-7.2,,5.1,57,2.0,-14.2,1015.8,1.41,0.4,4,2157
2727,108,서울,2024-01-22 15:00,-7.3,,5.5,58,2.1,-14.1,1015.8,1.86,0.2,4,2090
2728,108,서울,2024-01-22 16:00,-7.5,,4.0,56,2.0,-14.7,1015.9,1.11,0.1,5,2126
2729,108,서울,2024-01-22 17:00,-8.5,,4.2,58,1.9,-15.3,1016.3,0.53,,4,2271
2730,108,서울,2024-01-22 18:00,-9.4,,2.6,61,1.8,-15.5,1017.0,0.07,,1,2240
2731,108,서울,2024-01-22 19:00,-10.3,,3.5,63,1.8,-16.0,1018.0,,,0,2315
2732,108,서울,2024-01-22 20:00,-11.0,,4.8,63,1.7,-16.6,1018.1,,,0,2199
2733,108,서울,2024-01-22 21:00,-11.4,,3.2,61,1.6,-17.4,1018.4,,,2,2397
2734,108,서울,2024-01-22 22:00,-11.5,,3.1,61,1.6,-17.5,1018.3,,,4,2483
2735,108,서울,2024-01-22 23:00,-11.6,,4.7,61,1.5,-17.6,1017.7,,,0,2652
2736,108,서울,2024-01-23 00:00,-11.9,,4.0,61,1.5,-17.9,1017.1,,,1,2469
2737,108,서울,2024-01-23 01:00,-12.3,,3.8,54,1.3,-19.7,1016.7,,,0,2471
2738,108,서울,2024-01-23 02:00,-12.7,,3.8,52,1.2,-20.5,1016.9,,,0,2514
2739,108,서울,2024-01-23 03:00,-13.1,,3.9,52,1.2,-20.9,1016.9,,,0,2590
2740,108,서울,2024-01-23 04:00,-13.5,,3.4,51,1.1,-21.5,1016.7,,,0,2797
2741,108,서울,2024-01-23 05:00,-13.7,,2.7,53,1.1,-21.2,1016.5,,,0,3112
2742,108,서울,2024-01-23 06:00,-13.9,,3.1,56,1.2,-20.8,1016.4,,,0,3072
2743,108,서울,2024-01-23 07:00,-13.8,,3.7,57,1.2,-20.5,1016.4,,,0,3293
2744,108,서울,2024-01-23 08:00,-14.0,,2.5,61,1.3,-19.9,1016.4,0.0,,0,3219
2745,108,서울,2024-01-23 09:00,-13.6,,3.0,60,1.3,-19.7,1016.4,0.38,,0,3034
2746,108,서울,2024-01-23 10:00,-12.4,,4.6,55,1.3,-19.6,1016.5,0.97,,0,2962
2747,108,서울,2024-01-23 11:00,-11.2,,3.8,53,1.4,-18.9,1016.5,1.65,,0,3075
2748,108,서울,2024-01-23 12:00,-10.4,,4.0,49,1.4,-19.0,1015.2,2.06,,0,3110
2749,108,서울,2024-01-23 13:00,-10.0,,5.7,46,1.3,-19.4,1014.2,2.26,,0,3788
2750,108,서울,2024-01-23 14:00,-8.9,,4.0,45,1.4,-18.7,1013.2,2.16,,0,3924
2751,108,서울,2024-01-23 15:00,-8.8,,5.2,47,1.5,-18.0,1012.8,1.91,,1,3815
2752,108,서울,2024-01-23 16:00,-8.8,,4.9,49,1.5,-17.6,1012.6,1.42,,1,3831
2753,108,서울,2024-01-23 17:00,-9.5,,3.6,50,1.5,-18.0,1012.6,0.6,,0,4114
2754,108,서울,2024-01-23 18:00,-10.7,,5.8,53,1.4,-18.4,1012.8,0.12,,1,4211
2755,108,서울,2024-01-23 19:00,-11.2,,4.5,56,1.5,-18.2,1013.9,,,0,3284
2756,108,서울,2024-01-23 20:00,-11.8,,4.9,58,1.4,-18.4,1014.3,,,1,3290
2757,108,서울,2024-01-23 21:00,-11.9,,4.0,57,1.4,-18.7,1014.8,,,1,3403
2758,108,서울,2024-01-23 22:00,-11.8,,3.2,59,1.5,-18.2,1014.8,,,2,3718
2759,108,서울,2024-01-23 23:00,-11.5,,3.8,58,1.5,-18.1,1014.6,,,0,3956
2760,108,서울,2024-01-24 00:00,-11.1,,3.2,55,1.5,-18.3,1014.2,,,0,4168
2761,108,서울,2024-01-24 01:00,-11.2,,2.2,55,1.4,-18.4,1013.9,,,1,3985
2762,108,서울,2024-01-24 02:00,-10.9,,2.6,56,1.5,-17.9,1014.3,,,0,3935
2763,108,서울,2024-01-24 03:00,-10.7,,2.7,57,1.6,-17.5,1014.4,,,0,3892
2764,108,서울,2024-01-24 04:00,-10.7,,1.8,56,1.5,-17.7,1014.2,,,0,3550
2765,108,서울,2024-01-24 05:00,-10.8,,3.7,57,1.5,-17.6,1014.3,,,0,3682
2766,108,서울,2024-01-24 06:00,-11.0,,2.8,57,1.5,-17.8,1014.3,,,0,3378
2767,108,서울,2024-01-24 07:00,-11.1,,3.5,58,1.5,-17.7,1014.7,,,0,3426
2768,108,서울,2024-01-24 08:00,-11.2,,4.2,59,1.5,-17.6,1015.0,0.0,,0,3142
2769,108,서울,2024-01-24 09:00,-10.6,,4.8,56,1.5,-17.6,1015.1,0.38,,0,3411
2770,108,서울,2024-01-24 10:00,-9.7,,5.4,51,1.5,-17.9,1015.9,1.02,,0,3064
2771,108,서울,2024-01-24 11:00,-8.0,,3.8,49,1.6,-16.8,1016.2,1.63,,0,3272
2772,108,서울,2024-01-24 12:00,-6.7,,3.6,45,1.7,-16.6,1015.6,2.05,,0,3314
2773,108,서울,2024-01-24 13:00,-5.7,,3.9,44,1.8,-16.0,1014.8,2.24,,0,3118
2774,108,서울,2024-01-24 14:00,-5.2,,4.6,41,1.7,-16.4,1014.3,2.18,,0,3136
2775,108,서울,2024-01-24 15:00,-4.3,,4.8,42,1.9,-15.3,1013.7,1.89,,0,3426
2776,108,서울,2024-01-24 16:00,-3.7,,4.0,41,1.9,-15.0,1013.7,1.4,,0,3906
2777,108,서울,2024-01-24 17:00,-4.5,,3.6,43,1.9,-15.2,1014.0,0.71,,0,3663
2778,108,서울,2024-01-24 18:00,-5.6,,2.8,45,1.8,-15.6,1014.7,0.13,,0,3254
2779,108,서울,2024-01-24 19:00,-6.3,,2.7,48,1.8,-15.5,1015.5,,,0,3005
2780,108,서울,2024-01-24 20:00,-6.7,,2.7,52,1.9,-14.9,1016.1,,,0,2834
2781,108,서울,2024-01-24 21:00,-7.1,,2.4,55,2.0,-14.6,1016.4,,,0,2856
2782,108,서울,2024-01-24 22:00,-7.5,,2.0,55,1.9,-15.0,1016.5,,,0,2860
2783,108,서울,2024-01-24 23:00,-7.9,,1.5,56,1.9,-15.1,1016.8,,,0,2872
2784,108,서울,2024-01-25 00:00,-8.3,,0.4,59,1.9,-14.9,1016.8,,,0,2772
2785,108,서울,2024-01-25 01:00,-8.8,,0.7,61,1.9,-14.9,1016.7,,,0,2714
2786,108,서울,2024-01-25 02:00,-8.8,,0.8,59,1.9,-15.3,1016.9,,,0,2910
2787,108,서울,2024-01-25 03:00,-8.8,,1.2,56,1.8,-16.0,1017.0,,,0,3318
2788,108,서울,2024-01-25 04:00,-9.0,,2.2,55,1.7,-16.4,1016.9,,,0,3369
2789,108,서울,2024-01-25 05:00,-8.9,,1.6,53,1.7,-16.7,1017.0,,,0,3487
2790,108,서울,2024-01-25 06:00,-9.5,,1.6,55,1.6,-16.8,1017.0,,,0,3357
2791,108,서울,2024-01-25 07:00,-9.7,,2.1,57,1.7,-16.6,1017.1,,,0,3323
2792,108,서울,2024-01-25 08:00,-9.4,,2.1,53,1.6,-17.2,1018.1,0.0,,0,3476
2793,108,서울,2024-01-25 09:00,-8.5,,2.2,53,1.7,-16.3,1018.3,0.39,,0,3662
2794,108,서울,2024-01-25 10:00,-6.9,,2.4,47,1.7,-16.3,1018.6,1.03,,0,3384
2795,108,서울,2024-01-25 11:00,-6.0,,2.5,43,1.7,-16.5,1018.4,1.63,,0,3464
2796,108,서울,2024-01-25 12:00,-4.2,,1.3,37,1.7,-16.7,1017.7,2.04,,0,3163
2797,108,서울,2024-01-25 13:00,-2.8,,2.8,34,1.7,-16.5,1017.0,2.22,,0,3235
2798,108,서울,2024-01-25 14:00,-1.6,,2.8,35,1.9,-15.1,1016.6,2.17,,0,3052
2799,108,서울,2024-01-25 15:00,-1.0,,3.3,33,1.9,-15.2,1016.5,1.87,,0,3015
2800,108,서울,2024-01-25 16:00,-0.5,,3.1,31,1.8,-15.5,1016.9,1.39,,0,3029
2801,108,서울,2024-01-25 17:00,-0.9,,2.6,36,2.1,-14.1,1016.8,0.7,,0,3547
2802,108,서울,2024-01-25 18:00,-2.2,,2.8,45,2.3,-12.5,1017.4,0.13,,0,3436
2803,108,서울,2024-01-25 19:00,-2.6,,2.7,48,2.4,-12.1,1017.9,,,0,3403
2804,108,서울,2024-01-25 20:00,-2.9,,2.1,49,2.4,-12.1,1017.8,,,0,3266
2805,108,서울,2024-01-25 21:00,-3.4,,2.1,49,2.3,-12.6,1018.1,,,0,3412
2806,108,서울,2024-01-25 22:00,-3.9,,2.4,50,2.3,-12.8,1018.1,,,0,3377
2807,108,서울,2024-01-25 23:00,-4.3,,1.0,52,2.3,-12.7,1018.2,,,0,3237
2808,108,서울,2024-01-26 00:00,-4.9,,1.2,54,2.3,-12.7,1018.2,,,0,3062
2809,108,서울,2024-01-26 01:00,-5.1,,2.0,55,2.3,-12.7,1018.3,,,0,3430
2810,108,서울,2024-01-26 02:00,-5.5,,0.7,56,2.3,-12.9,1018.4,,,0,3358
2811,108,서울,2024-01-26 03:00,-5.6,,1.1,58,2.3,-12.5,1018.7,,,0,3428
2812,108,서울,2024-01-26 04:00,-6.0,,1.1,59,2.3,-12.7,1018.2,,,0,3455
2813,108,서울,2024-01-26 05:00,-6.1,,0.9,62,2.4,-12.2,1018.3,,,0,3505
2814,108,서울,2024-01-26 06:00,-6.3,,0.8,64,2.4,-12.0,1018.1,,,0,3353
2815,108,서울,2024-01-26 07:00,-6.7,,2.6,64,2.4,-12.3,1018.2,,,0,3300
2816,108,서울,2024-01-26 08:00,-6.8,,2.1,65,2.4,-12.2,1018.3,0.01,,0,3221
2817,108,서울,2024-01-26 09:00,-6.0,,1.8,64,2.5,-11.7,1018.7,0.36,,0,2926
2818,108,서울,2024-01-26 10:00,-3.2,,1.7,61,3.0,-9.6,1018.8,0.99,,0,2791
2819,108,서울,2024-01-26 11:00,-0.3,,2.2,51,3.0,-9.2,1019.5,1.56,,0,2933
2820,108,서울,2024-01-26 12:00,1.3,,1.5,45,3.0,-9.3,1018.5,1.96,,0,2772
2821,108,서울,2024-01-26 13:00,2.2,,2.9,40,2.9,-10.0,1017.1,2.17,,0,2608
2822,108,서울,2024-01-26 14:00,2.9,,2.8,43,3.2,-8.4,1016.7,1.93,,0,2216
2823,108,서울,2024-01-26 15:00,3.8,,3.1,49,3.9,-5.9,1017.1,1.68,,0,1701
2824,108,서울,2024-01-26 16:00,3.8,,3.3,49,3.9,-5.9,1017.2,1.25,,0,1537
2825,108,서울,2024-01-26 17:00,2.8,,2.9,55,4.1,-5.3,1016.9,0.64,,0,1751
2826,108,서울,2024-01-26 18:00,1.5,,2.5,62,4.2,-5.0,1017.1,0.13,,0,1683
2827,108,서울,2024-01-26 19:00,0.5,,2.9,67,4.2,-4.9,1017.6,,,0,1445
2828,108,서울,2024-01-26 20:00,-0.2,,1.4,71,4.3,-4.8,1017.6,,,0,1218
2829,108,서울,2024-01-26 21:00,-0.8,,0.5,75,4.3,-4.6,1017.6,,,0,1099
2830,108,서울,2024-01-26 22:00,-1.3,,0.2,80,4.4,-4.3,1017.7,,,1,988
2831,108,서울,2024-01-26 23:00,-1.0,,1.9,84,4.8,-3.3,1017.6,,,2,1031
2832,108,서울,2024-01-27 00:00,-1.6,,0.5,83,4.5,-4.1,1017.5,,,0,862
2833,108,서울,2024-01-27 01:00,-2.0,,0.4,86,4.5,-4.0,1017.2,,,0,818
2834,108,서울,2024-01-27 02:00,-2.2,,1.0,87,4.5,-4.0,1017.1,,,0,827
2835,108,서울,2024-01-27 03:00,-2.2,,1.3,88,4.6,-3.9,1017.0,,,8,773
2836,108,서울,2024-01-27 04:00,-2.7,,1.3,89,4.5,-4.2,1016.7,,,0,695
2837,108,서울,2024-01-27 05:00,-3.3,,0.9,81,3.9,-6.1,1016.7,,,0,1164
2838,108,서울,2024-01-27 06:00,-3.8,,1.9,82,3.8,-6.4,1016.8,,,0,1016
2839,108,서울,2024-01-27 07:00,-4.0,,1.2,86,3.9,-6.0,1017.4,,,0,775
2840,108,서울,2024-01-27 08:00,-4.5,,0.4,85,3.7,-6.6,1017.4,0.01,,0,940
2841,108,서울,2024-01-27 09:00,-4.1,,0.3,84,3.8,-6.4,1017.6,0.38,,0,1039
2842,108,서울,2024-01-27 10:00,-1.9,,1.0,71,3.8,-6.4,1017.8,1.03,,0,1292
2843,108,서울,2024-01-27 11:00,0.4,,1.4,51,3.2,-8.5,1018.0,1.56,,0,1826
2844,108,서울,2024-01-27 12:00,2.1,,2.2,43,3.0,-9.2,1017.1,1.94,,0,1689
2845,108,서울,2024-01-27 13:00,2.7,,4.1,47,3.5,-7.5,1016.4,2.11,,0,1435
2846,108,서울,2024-01-27 14:00,3.8,,3.3,47,3.8,-6.5,1015.5,2.0,,0,1437
2847,108,서울,2024-01-27 15:00,4.5,,1.6,44,3.7,-6.7,1015.1,1.72,,0,1367
2848,108,서울,2024-01-27 16:00,3.6,,3.3,52,4.1,-5.3,1015.2,1.14,,3,1383
2849,108,서울,2024-01-27 17:00,2.8,,3.6,59,4.4,-4.4,1014.9,0.42,,1,1641
2850,108,서울,2024-01-27 18:00,1.6,,4.5,64,4.4,-4.4,1015.1,0.12,,0,1412
2851,108,서울,2024-01-27 19:00,0.6,,2.6,69,4.4,-4.4,1015.1,,,0,1151
2852,108,서울,2024-01-27 20:00,-0.1,,2.4,73,4.4,-4.3,1015.1,,,0,1117
2853,108,서울,2024-01-27 21:00,-0.6,,1.1,75,4.4,-4.4,1014.9,,,0,1034
2854,108,서울,2024-01-27 22:00,-0.9,,1.4,80,4.6,-3.9,1015.2,,,0,971
2855,108,서울,2024-01-27 23:00,-1.2,,1.8,81,4.5,-4.0,1015.1,,,0,868
2856,108,서울,2024-01-28 00:00,-1.3,,1.7,80,4.4,-4.3,1015.1,,,0,1023
2857,108,서울,2024-01-28 01:00,-1.7,,2.8,75,4.1,-5.5,1015.1,,,0,1279
2858,108,서울,2024-01-28 02:00,-2.6,,2.5,69,3.5,-7.5,1015.3,,,0,1446
2859,108,서울,2024-01-28 03:00,-3.3,,2.9,63,3.0,-9.3,1015.5,,,0,2110
2860,108,서울,2024-01-28 04:00,-3.7,,2.4,63,2.9,-9.7,1015.6,,,0,2258
2861,108,서울,2024-01-28 05:00,-4.1,,2.2,64,2.9,-9.9,1015.4,,,0,2244
2862,108,서울,2024-01-28 06:00,-4.6,,1.5,70,3.0,-9.2,1015.5,,,0,1838
2863,108,서울,2024-01-28 07:00,-4.8,,1.3,72,3.1,-9.0,1016.2,,,0,1683
2864,108,서울,2024-01-28 08:00,-5.0,,1.1,72,3.0,-9.2,1016.9,0.01,,0,1892
2865,108,서울,2024-01-28 09:00,-4.3,,0.7,70,3.1,-8.9,1017.5,0.35,,0,2353
2866,108,서울,2024-01-28 10:00,-1.6,,1.4,60,3.3,-8.3,1017.7,1.04,,3,2674
2867,108,서울,2024-01-28 11:00,-0.3,,1.7,53,3.2,-8.7,1018.1,1.25,,8,2772
2868,108,서울,2024-01-28 12:00,0.8,,2.0,51,3.3,-8.2,1018.1,1.59,,8,3410
2869,108,서울,2024-01-28 13:00,1.8,,2.9,49,3.4,-7.8,1017.9,1.89,,2,3227
2870,108,서울,2024-01-28 14:00,2.9,,2.7,48,3.6,-7.0,1017.2,2.16,,3,2904
2871,108,서울,2024-01-28 15:00,2.9,,2.4,46,3.5,-7.6,1017.1,1.95,,1,3005
2872,108,서울,2024-01-28 16:00,3.5,,1.8,46,3.6,-7.0,1017.1,1.39,,0,2510
2873,108,서울,2024-01-28 17:00,2.6,,2.6,47,3.5,-7.6,1017.6,0.74,,0,2763
2874,108,서울,2024-01-28 18:00,0.9,,3.5,55,3.6,-7.1,1018.3,0.15,,0,2752
2875,108,서울,2024-01-28 19:00,-0.2,,2.3,61,3.7,-6.8,1018.7,,,0,2525
2876,108,서울,2024-01-28 20:00,-0.9,,2.0,64,3.7,-6.8,1019.2,,,0,2328
2877,108,서울,2024-01-28 21:00,-1.5,,1.4,67,3.7,-6.8,1019.2,,,0,2049
2878,108,서울,2024-01-28 22:00,-1.9,,1.6,71,3.8,-6.4,1019.7,,,0,1848
2879,108,서울,2024-01-28 23:00,-2.3,,1.2,74,3.8,-6.3,1019.6,,,0,1680
2880,108,서울,2024-01-29 00:00,-2.7,,0.3,76,3.8,-6.3,1019.7,,,0,1552
2881,108,서울,2024-01-29 01:00,-3.1,,0.4,76,3.7,-6.7,1019.5,,,0,1556
2882,108,서울,2024-01-29 02:00,-3.3,,0.9,74,3.6,-7.2,1019.4,,,0,1632
2883,108,서울,2024-01-29 03:00,-3.6,,0.5,78,3.7,-6.8,1019.5,,,0,1012
2884,108,서울,2024-01-29 04:00,-4.0,,1.6,77,3.5,-7.4,1019.3,,,0,1326
2885,108,서울,2024-01-29 05:00,-4.2,,1.9,80,3.6,-7.1,1019.5,,,0,1265
2886,108,서울,2024-01-29 06:00,-4.4,,1.7,81,3.6,-7.1,1019.9,,,0,1250
2887,108,서울,2024-01-29 07:00,-4.6,,1.1,84,3.7,-6.8,1020.3,,,0,1282
2888,108,서울,2024-01-29 08:00,-4.7,,1.5,85,3.7,-6.8,1020.8,0.01,,0,1218
2889,108,서울,2024-01-29 09:00,-4.0,,1.8,84,3.8,-6.3,1021.0,0.36,,0,1172
2890,108,서울,2024-01-29 10:00,-1.4,,2.1,78,4.3,-4.7,1020.8,0.97,,0,1057
2891,108,서울,2024-01-29 11:00,0.4,,1.8,67,4.2,-5.0,1021.3,1.55,,5,1067
2892,108,서울,2024-01-29 12:00,2.1,,2.3,52,3.7,-6.7,1020.7,1.93,,2,1815
2893,108,서울,2024-01-29 13:00,2.6,,3.2,49,3.6,-7.0,1019.9,1.87,,1,1944
2894,108,서울,2024-01-29 14:00,3.9,,1.6,46,3.7,-6.6,1019.3,2.01,,1,1688
2895,108,서울,2024-01-29 15:00,4.4,,2.3,44,3.7,-6.8,1019.1,1.81,,0,1773
2896,108,서울,2024-01-29 16:00,4.5,,2.6,42,3.5,-7.3,1019.0,1.32,,0,1298
2897,108,서울,2024-01-29 17:00,3.6,,1.7,46,3.6,-6.9,1019.2,0.69,,0,1480
2898,108,서울,2024-01-29 18:00,2.2,,1.2,52,3.7,-6.6,1019.6,0.13,,0,1544
2899,108,서울,2024-01-29 19:00,1.4,,1.8,58,3.9,-5.9,1019.8,,,0,1403
2900,108,서울,2024-01-29 20:00,0.8,,2.7,64,4.2,-5.2,1020.2,,,0,1197
2901,108,서울,2024-01-29 21:00,0.6,,2.4,68,4.3,-4.6,1020.0,,,0,1191
2902,108,서울,2024-01-29 22:00,0.2,,0.5,69,4.3,-4.8,1020.4,,,6,1118
2903,108,서울,2024-01-29 23:00,-0.5,,0.4,71,4.2,-5.1,1020.3,,,6,1040
2904,108,서울,2024-01-30 00:00,-0.9,,0.6,74,4.2,-4.9,1020.3,,,3,1085
2905,108,서울,2024-01-30 01:00,-1.3,,1.2,75,4.2,-5.1,1020.2,,,0,1008
2906,108,서울,2024-01-30 02:00,-1.8,,0.6,76,4.1,-5.4,1020.1,,,0,991
2907,108,서울,2024-01-30 03:00,-2.0,,0.3,81,4.3,-4.8,1020.4,,,0,887
2908,108,서울,2024-01-30 04:00,-2.4,,0.5,81,4.2,-5.2,1020.0,,,0,809
2909,108,서울,2024-01-30 05:00,-2.8,,1.2,82,4.1,-5.4,1019.6,,,0,794
2910,108,서울,2024-01-30 06:00,-3.2,,1.1,84,4.1,-5.5,1019.7,,,0,775
2911,108,서울,2024-01-30 07:00,-3.8,,2.0,84,3.9,-6.1,1019.7,,,0,634
2912,108,서울,2024-01-30 08:00,-4.0,,2.6,86,3.9,-6.0,1020.0,0.01,,0,557
2913,108,서울,2024-01-30 09:00,-3.1,,1.7,87,4.2,-4.9,1020.3,0.37,,0,590
2914,108,서울,2024-01-30 10:00,-0.3,,1.7,76,4.5,-4.0,1020.3,0.97,,0,696
2915,108,서울,2024-01-30 11:00,2.0,,1.6,59,4.2,-5.1,1020.1,1.59,,0,975
2916,108,서울,2024-01-30 12:00,3.4,,2.1,49,3.8,-6.3,1018.8,1.8,,0,1160
2917,108,서울,2024-01-30 13:00,5.3,,2.0,43,3.8,-6.2,1017.8,2.2,,0,1307
2918,108,서울,2024-01-30 14:00,6.1,,2.2,36,3.4,-7.8,1016.5,1.99,,0,1513
2919,108,서울,2024-01-30 15:00,7.1,,1.6,32,3.2,-8.5,1015.9,1.78,,0,1754
2920,108,서울,2024-01-30 16:00,8.1,,1.4,32,3.5,-7.6,1015.6,1.3,,0,1930
2921,108,서울,2024-01-30 17:00,7.4,,1.1,32,3.3,-8.2,1015.6,0.58,,0,1649
2922,108,서울,2024-01-30 18:00,5.7,,1.2,38,3.5,-7.5,1015.7,0.14,,0,1541
2923,108,서울,2024-01-30 19:00,4.3,,0.6,43,3.6,-7.2,1015.6,,,2,1492
2924,108,서울,2024-01-30 20:00,3.3,,0.4,48,3.7,-6.6,1015.2,,,0,1407
2925,108,서울,2024-01-30 21:00,2.7,,1.1,48,3.6,-7.2,1015.9,,,0,1418
2926,108,서울,2024-01-30 22:00,1.8,,0.8,54,3.8,-6.5,1015.6,,,0,1380
2927,108,서울,2024-01-30 23:00,1.0,,1.7,54,3.6,-7.2,1015.0,,,1,1412
2928,108,서울,2024-01-31 00:00,0.7,,1.4,55,3.5,-7.3,1014.6,,,5,1453
2929,108,서울,2024-01-31 01:00,1.0,,1.8,58,3.8,-6.3,1014.5,,,9,1454
2930,108,서울,2024-01-31 02:00,1.6,,0.7,54,3.7,-6.7,1015.5,,,10,1528
2931,108,서울,2024-01-31 03:00,1.5,,1.7,56,3.8,-6.3,1014.8,,,9,1429
2932,108,서울,2024-01-31 04:00,1.4,,2.2,57,3.8,-6.2,1014.0,,,8,1484
2933,108,서울,2024-01-31 05:00,1.4,,1.4,58,3.9,-5.9,1013.9,,,8,1460
2934,108,서울,2024-01-31 06:00,1.5,,0.3,57,3.9,-6.1,1013.9,,,8,1441
2935,108,서울,2024-01-31 07:00,1.3,,0.4,57,3.8,-6.2,1014.1,,,8,1459
2936,108,서울,2024-01-31 08:00,1.5,,1.3,58,4.0,-5.8,1014.6,0.01,,7,1477
2937,108,서울,2024-01-31 09:00,1.7,,1.1,57,3.9,-5.9,1014.6,0.28,,4,1338
2938,108,서울,2024-01-31 10:00,3.7,,1.8,52,4.2,-5.2,1014.5,0.98,,0,1257
2939,108,서울,2024-01-31 11:00,5.9,,1.1,44,4.1,-5.4,1014.4,1.52,,0,1115
2940,108,서울,2024-01-31 12:00,8.0,,1.2,40,4.3,-4.8,1013.6,1.92,,0,1042
2941,108,서울,2024-01-31 13:00,9.7,,1.8,32,3.8,-6.2,1012.6,2.05,,0,1141
2942,108,서울,2024-01-31 14:00,9.7,,2.4,30,3.6,-7.0,1011.8,2.02,,0,1151
2943,108,서울,2024-01-31 15:00,10.4,,2.7,32,4.0,-5.6,1011.4,1.75,,0,1360
2944,108,서울,2024-01-31 16:00,9.5,,3.4,30,3.6,-7.2,1011.6,1.3,,0,1480
2945,108,서울,2024-01-31 17:00,8.9,,2.9,34,3.9,-6.1,1011.6,0.68,,0,1498
2946,108,서울,2024-01-31 18:00,7.2,,2.7,49,5.0,-2.8,1012.0,0.14,,0,1329
2947,108,서울,2024-01-31 19:00,6.0,,2.7,57,5.4,-1.8,1012.4,,,0,1018
2948,108,서울,2024-01-31 20:00,5.3,,2.4,62,5.5,-1.4,1013.0,,,0,833
2949,108,서울,2024-01-31 21:00,4.4,,1.5,66,5.5,-1.4,1013.0,,,0,739
2950,108,서울,2024-01-31 22:00,3.7,,0.7,69,5.5,-1.4,1013.0,,,0,684
2951,108,서울,2024-01-31 23:00,3.6,,3.2,74,5.8,-0.6,1013.0,,,0,674
2952,108,서울,2024-02-01 00:00,2.8,,2.7,76,5.7,-1.0,1013.0,,,0,610
2953,108,서울,2024-02-01 01:00,2.1,,3.1,78,5.6,-1.3,1013.6,,,0,518
2954,108,서울,2024-02-01 02:00,1.6,,2.0,81,5.6,-1.3,1013.6,,,0,474
2955,108,서울,2024-02-01 03:00,0.8,,0.8,81,5.3,-2.0,1013.3,,,0,441
2956,108,서울,2024-02-01 04:00,0.2,,1.4,81,5.0,-2.6,1013.5,,,0,387
2957,108,서울,2024-02-01 05:00,0.1,,3.5,78,4.8,-3.2,1014.1,,,0,412
2958,108,서울,2024-02-01 06:00,-0.6,,2.3,78,4.6,-3.9,1014.5,,,2,404
2959,108,서울,2024-02-01 07:00,-1.1,,1.9,77,4.3,-4.6,1014.8,,,2,416
2960,108,서울,2024-02-01 08:00,-1.2,,1.3,78,4.4,-4.5,1015.5,0.01,,3,417
2961,108,서울,2024-02-01 09:00,-1.0,,1.2,78,4.4,-4.3,1015.6,0.18,,3,401
2962,108,서울,2024-02-01 10:00,0.6,,1.3,77,4.9,-2.9,1015.5,0.76,,3,411
2963,108,서울,2024-02-01 11:00,2.6,,1.7,67,4.9,-2.9,1015.5,1.14,,4,467
2964,108,서울,2024-02-01 12:00,3.7,,2.3,61,4.9,-3.1,1014.6,1.32,,8,494
2965,108,서울,2024-02-01 13:00,4.9,,1.3,54,4.7,-3.6,1013.6,1.73,,2,544
2966,108,서울,2024-02-01 14:00,6.2,,1.8,48,4.5,-4.0,1012.9,1.8,,2,635
2967,108,서울,2024-02-01 15:00,6.9,,1.6,44,4.4,-4.5,1012.7,1.15,,3,746
2968,108,서울,2024-02-01 16:00,7.7,,2.7,47,4.9,-2.9,1013.3,1.22,,0,555
2969,108,서울,2024-02-01 17:00,6.6,,2.3,49,4.8,-3.3,1013.1,0.64,,0,615
2970,108,서울,2024-02-01 18:00,4.9,,3.4,54,4.7,-3.6,1013.8,0.17,,0,730
2971,108,서울,2024-02-01 19:00,3.5,,3.8,57,4.5,-4.2,1014.3,,,3,867
2972,108,서울,2024-02-01 20:00,2.9,,0.7,57,4.3,-4.7,1014.4,,,7,876
2973,108,서울,2024-02-01 21:00,2.2,,1.4,60,4.3,-4.7,1014.7,,,6,863
2974,108,서울,2024-02-01 22:00,2.4,,3.2,61,4.4,-4.3,1014.9,,,6,5000
2975,108,서울,2024-02-01 23:00,2.2,,3.8,62,4.4,-4.3,1014.9,,,8,5000
2976,108,서울,2024-02-02 00:00,2.2,,3.7,63,4.5,-4.1,1014.8,,,9,5000
2977,108,서울,2024-02-02 01:00,2.1,,3.7,62,4.4,-4.4,1014.9,,,10,5000
2978,108,서울,2024-02-02 02:00,2.0,,2.8,63,4.4,-4.3,1014.8,,,8,5000
2979,108,서울,2024-02-02 03:00,1.9,,3.1,63,4.4,-4.4,1014.6,,,8,5000
2980,108,서울,2024-02-02 04:00,1.7,,2.4,65,4.5,-4.1,1014.5,,,7,5000
2981,108,서울,2024-02-02 05:00,1.6,,2.9,64,4.4,-4.4,1014.5,,,6,5000
2982,108,서울,2024-02-02 06:00,1.2,,2.4,67,4.5,-4.2,1014.7,,,3,4800
2983,108,서울,2024-02-02 07:00,1.1,,2.2,68,4.5,-4.1,1015.3,,,5,4583
2984,108,서울,2024-02-02 08:00,1.1,,2.0,69,4.6,-3.9,1015.9,0.01,,7,4503
2985,108,서울,2024-02-02 09:00,1.5,,2.4,68,4.6,-3.7,1016.1,0.22,,8,4371
2986,108,서울,2024-02-02 10:00,2.7,,2.5,64,4.8,-3.4,1016.5,0.53,,8,3881
2987,108,서울,2024-02-02 11:00,3.8,,2.2,61,4.9,-3.0,1016.0,0.74,,7,3739
2988,108,서울,2024-02-02 12:00,5.3,,1.7,57,5.1,-2.5,1016.1,1.45,,6,2806
2989,108,서울,2024-02-02 13:00,6.7,,1.8,53,5.2,-2.2,1015.8,1.8,,3,920
2990,108,서울,2024-02-02 14:00,7.5,,2.6,48,5.0,-2.8,1015.2,2.11,,0,637
2991,108,서울,2024-02-02 15:00,7.7,,2.4,50,5.3,-2.0,1015.5,1.69,,0,579
2992,108,서울,2024-02-02 16:00,6.8,,2.2,52,5.2,-2.3,1015.5,1.08,,0,582
2993,108,서울,2024-02-02 17:00,5.8,,2.2,58,5.4,-1.8,1016.1,0.52,,0,588
2994,108,서울,2024-02-02 18:00,4.1,,2.8,66,5.4,-1.6,1016.5,0.15,,0,648
2995,108,서울,2024-02-02 19:00,3.2,,3.4,70,5.4,-1.7,1017.6,,,1,659
2996,108,서울,2024-02-02 20:00,2.4,,0.8,71,5.2,-2.3,1016.6,,,2,701
2997,108,서울,2024-02-02 21:00,1.9,,1.1,74,5.2,-2.2,1017.0,,,0,605
2998,108,서울,2024-02-02 22:00,1.3,,0.9,76,5.1,-2.4,1017.4,,,3,583
2999,108,서울,2024-02-02 23:00,1.0,,0.1,78,5.1,-2.4,1017.9,,,6,586
3000,108,서울,2024-02-03 00:00,0.8,,0.5,79,5.1,-2.4,1018.1,,,0,555
3001,108,서울,2024-02-03 01:00,0.2,,1.4,78,4.9,-3.1,1018.0,,,0,682
3002,108,서울,2024-02-03 02:00,-0.1,,2.2,78,4.8,-3.4,1017.8,,,0,702
3003,108,서울,2024-02-03 03:00,-0.2,,1.6,78,4.7,-3.5,1018.0,,,3,826
3004,108,서울,2024-02-03 04:00,0.2,,2.0,75,4.6,-3.7,1017.9,,,1,1080
3005,108,서울,2024-02-03 05:00,1.2,,3.4,70,4.7,-3.6,1018.0,,,3,1313
3006,108,서울,2024-02-03 06:00,1.6,,3.0,68,4.7,-3.6,1017.8,,,5,1493
3007,108,서울,2024-02-03 07:00,2.0,,3.8,66,4.7,-3.6,1017.7,,,6,1761
3008,108,서울,2024-02-03 08:00,2.3,,3.3,65,4.7,-3.6,1017.9,0.01,,3,1872
3009,108,서울,2024-02-03 09:00,2.9,,3.6,64,4.8,-3.2,1017.8,0.29,,3,1764
3010,108,서울,2024-02-03 10:00,4.3,,3.4,60,5.0,-2.7,1018.2,0.73,,4,1927
3011,108,서울,2024-02-03 11:00,5.0,,3.4,59,5.2,-2.3,1017.8,0.77,,2,1778
3012,108,서울,2024-02-03 12:00,6.5,,3.7,55,5.3,-1.9,1016.9,1.18,,4,1971
3013,108,서울,2024-02-03 13:00,7.7,,2.3,53,5.6,-1.2,1016.2,1.37,,4,2378
3014,108,서울,2024-02-03 14:00,8.1,,2.7,51,5.5,-1.4,1015.5,1.22,,5,2186
3015,108,서울,2024-02-03 15:00,8.2,,1.9,52,5.7,-1.0,1015.0,0.72,,4,2217
3016,108,서울,2024-02-03 16:00,7.8,,2.5,53,5.6,-1.2,1014.8,0.28,,6,2171
3017,108,서울,2024-02-03 17:00,7.5,,1.2,53,5.5,-1.4,1014.9,0.15,,6,2198
3018,108,서울,2024-02-03 18:00,7.1,,1.6,56,5.6,-1.1,1014.6,0.05,,7,2162
3019,108,서울,2024-02-03 19:00,6.7,,1.8,58,5.7,-0.9,1015.0,,,2,1696
3020,108,서울,2024-02-03 20:00,6.3,,1.6,59,5.6,-1.1,1015.4,,,8,1608
3021,108,서울,2024-02-03 21:00,6.0,0.0,0.7,67,6.2,0.3,1015.6,,,8,1256
3022,108,서울,2024-02-03 22:00,5.5,,0.2,66,6.0,-0.3,1015.7,,,7,1291
3023,108,서울,2024-02-03 23:00,5.3,,1.1,68,6.1,-0.1,1015.7,,,9,1233
3024,108,서울,2024-02-04 00:00,5.3,0.0,0.3,71,6.3,0.4,1015.4,,,9,1095
3025,108,서울,2024-02-04 01:00,5.2,,1.2,71,6.2,0.3,1015.3,,,3,1115
3026,108,서울,2024-02-04 02:00,4.9,,0.5,68,5.9,-0.5,1015.2,,,6,1104
3027,108,서울,2024-02-04 03:00,4.8,,1.3,71,6.1,0.0,1015.1,,,9,1039
3028,108,서울,2024-02-04 04:00,4.6,,2.0,73,6.2,0.1,1014.9,,,9,1093
3029,108,서울,2024-02-04 05:00,4.4,,2.0,71,5.9,-0.4,1014.9,,,9,1252
3030,108,서울,2024-02-04 06:00,4.2,,2.1,72,5.9,-0.4,1014.8,,,9,1202
3031,108,서울,2024-02-04 07:00,3.8,,0.7,73,5.8,-0.6,1015.5,,,8,1065
3032,108,서울,2024-02-04 08:00,3.7,,1.0,72,5.8,-0.8,1015.7,0.01,,8,1125
3033,108,서울,2024-02-04 09:00,4.3,,2.4,70,5.8,-0.6,1016.1,0.2,,8,1281
3034,108,서울,2024-02-04 10:00,5.5,,1.7,67,6.1,-0.1,1016.3,0.51,,8,1313
3035,108,서울,2024-02-04 11:00,7.4,,2.4,63,6.5,0.8,1016.0,1.25,,0,1531
3036,108,서울,2024-02-04 12:00,9.1,,1.8,58,6.7,1.2,1015.5,1.95,,3,2159
3037,108,서울,2024-02-04 13:00,10.5,,2.5,52,6.6,1.0,1014.3,2.03,,7,2673
3038,108,서울,2024-02-04 14:00,11.7,,2.1,46,6.3,0.4,1013.4,1.99,,3,3053
3039,108,서울,2024-02-04 15:00,11.3,,2.8,46,6.1,0.0,1012.9,1.68,,0,3066
3040,108,서울,2024-02-04 16:00,10.8,,1.8,46,6.0,-0.3,1012.8,0.83,,0,3178
3041,108,서울,2024-02-04 17:00,10.2,,1.0,49,6.1,0.0,1012.6,0.37,,0,4010
3042,108,서울,2024-02-04 18:00,9.5,,0.5,52,6.2,0.1,1012.5,0.06,,9,3773
3043,108,서울,2024-02-04 19:00,9.2,,2.6,55,6.4,0.6,1012.4,,,10,2994
3044,108,서울,2024-02-04 20:00,8.9,,2.4,57,6.5,0.8,1012.7,,,2,4714
3045,108,서울,2024-02-04 21:00,8.5,,1.2,58,6.4,0.6,1012.9,,,6,5000
3046,108,서울,2024-02-04 22:00,8.3,,2.5,60,6.5,0.9,1012.8,,,10,5000
3047,108,서울,2024-02-04 23:00,7.4,,4.5,57,5.9,-0.5,1012.6,,,10,3236
3048,108,서울,2024-02-05 00:00,6.6,,4.1,60,5.8,-0.6,1012.0,,,10,3700
3049,108,서울,2024-02-05 01:00,6.0,,3.7,62,5.8,-0.7,1012.1,,,3,3581
3050,108,서울,2024-02-05 02:00,4.9,,4.7,78,6.7,1.3,1012.1,,,9,1235
3051,108,서울,2024-02-05 03:00,3.6,1.1,4.9,87,6.9,1.6,1010.2,,,9,1545
3052,108,서울,2024-02-05 04:00,3.6,,4.2,85,6.7,1.3,1008.5,,,3,2247
3053,108,서울,2024-02-05 05:00,4.0,,5.3,81,6.6,1.0,1007.5,,,3,4840
3054,108,서울,2024-02-05 06:00,4.4,0.1,3.7,77,6.4,0.7,1007.6,,,8,5000
3055,108,서울,2024-02-05 07:00,5.1,,5.0,70,6.1,0.0,1007.8,,,8,5000
3056,108,서울,2024-02-05 08:00,4.8,,6.5,70,6.0,-0.2,1008.4,0.0,,8,5000
3057,108,서울,2024-02-05 09:00,4.4,0.0,7.0,72,6.0,-0.2,1008.8,0.06,,8,3796
3058,108,서울,2024-02-05 10:00,4.0,,6.2,74,6.0,-0.2,1008.8,0.17,,7,3919
3059,108,서울,2024-02-05 11:00,3.6,,6.9,77,6.1,0.0,1009.0,0.39,,7,3337
3060,108,서울,2024-02-05 12:00,3.5,0.0,6.1,73,5.8,-0.8,1009.2,0.44,,8,4319
3061,108,서울,2024-02-05 13:00,3.6,,5.7,73,5.8,-0.7,1008.8,0.45,,8,1920
3062,108,서울,2024-02-05 14:00,4.0,,4.8,70,5.7,-0.9,1008.6,0.61,,7,4811
3063,108,서울,2024-02-05 15:00,4.0,0.0,5.5,68,5.6,-1.3,1008.9,0.64,,7,4138
3064,108,서울,2024-02-05 16:00,3.7,,5.6,66,5.3,-2.0,1009.7,0.52,,7,5000
3065,108,서울,2024-02-05 17:00,2.6,,5.4,69,5.1,-2.5,1011.0,0.16,,8,2128
3066,108,서울,2024-02-05 18:00,1.1,0.3,4.0,89,5.9,-0.5,1012.2,0.03,0.8,9,107
3067,108,서울,2024-02-05 19:00,0.6,,4.1,93,5.9,-0.4,1012.8,,1.7,9,186
3068,108,서울,2024-02-05 20:00,0.3,,4.3,94,5.9,-0.5,1013.2,,2.5,9,186
3069,108,서울,2024-02-05 21:00,0.2,2.0,4.6,95,5.9,-0.5,1013.5,,3.4,9,163
3070,108,서울,2024-02-05 22:00,0.2,,3.5,93,5.8,-0.8,1013.8,,3.5,9,603
3071,108,서울,2024-02-05 23:00,0.1,,3.3,92,5.7,-1.0,1013.9,,3.5,7,1042
3072,108,서울,2024-02-06 00:00,0.2,0.4,2.3,93,5.8,-0.8,1014.0,,3.6,6,594
3073,108,서울,2024-02-06 01:00,0.2,,2.2,93,5.8,-0.8,1013.9,,3.7,9,780
3074,108,서울,2024-02-06 02:00,0.0,,2.8,92,5.6,-1.1,1014.0,,3.8,9,1510
3075,108,서울,2024-02-06 03:00,0.0,0.2,2.7,91,5.6,-1.2,1013.7,,3.8,9,1915
3076,108,서울,2024-02-06 04:00,0.0,,2.5,90,5.5,-1.4,1013.4,,3.8,9,2090
3077,108,서울,2024-02-06 05:00,0.0,,2.3,89,5.4,-1.6,1013.8,,3.8,9,2543
3078,108,서울,2024-02-06 06:00,0.1,,1.2,86,5.3,-1.9,1014.4,,3.5,9,2641
3079,108,서울,2024-02-06 07:00,0.1,,2.4,88,5.4,-1.6,1014.4,,3.5,9,2405
3080,108,서울,2024-02-06 08:00,0.2,,1.7,85,5.3,-2.0,1014.9,0.01,3.5,9,2267
3081,108,서울,2024-02-06 09:00,0.5,0.0,2.0,86,5.5,-1.5,1014.9,0.12,3.1,9,2575
3082,108,서울,2024-02-06 10:00,1.2,,2.0,80,5.4,-1.8,1014.9,0.42,2.7,9,3371
3083,108,서울,2024-02-06 11:00,1.8,,1.3,75,5.2,-2.1,1015.2,0.65,2.2,9,3771
3084,108,서울,2024-02-06 12:00,2.6,,1.0,76,5.6,-1.2,1014.5,0.57,1.3,9,3280
3085,108,서울,2024-02-06 13:00,2.9,,1.9,79,6.0,-0.3,1013.7,0.61,0.3,9,2217
3086,108,서울,2024-02-06 14:00,2.6,,2.3,78,5.8,-0.8,1013.3,0.58,,9,1947
3087,108,서울,2024-02-06 15:00,2.4,0.0,2.2,80,5.8,-0.7,1013.0,0.44,,9,1665
3088,108,서울,2024-02-06 16:00,2.6,,3.0,75,5.6,-1.3,1012.9,0.63,,9,2739
3089,108,서울,2024-02-06 17:00,2.2,,2.8,73,5.2,-2.1,1012.9,0.36,,9,3585
3090,108,서울,2024-02-06 18:00,1.7,0.0,2.5,79,5.5,-1.5,1012.9,0.1,,7,2440
3091,108,서울,2024-02-06 19:00,1.2,,2.7,79,5.3,-2.0,1013.2,0.0,,7,2518
3092,108,서울,2024-02-06 20:00,1.2,,1.8,79,5.3,-2.0,1013.2,,,9,2276
3093,108,서울,2024-02-06 21:00,1.1,0.0,3.0,84,5.6,-1.3,1013.4,,,9,784
3094,108,서울,2024-02-06 22:00,1.1,,1.9,81,5.4,-1.8,1013.4,,,9,994
3095,108,서울,2024-02-06 23:00,1.1,,2.9,83,5.5,-1.4,1013.5,,,9,902
3096,108,서울,2024-02-07 00:00,0.9,0.0,2.3,86,5.6,-1.1,1013.3,,,9,563
3097,108,서울,2024-02-07 01:00,0.7,,2.4,87,5.6,-1.2,1013.2,,,9,558
3098,108,서울,2024-02-07 02:00,0.3,,2.2,84,5.3,-2.0,1013.1,,,9,1013
3099,108,서울,2024-02-07 03:00,0.0,0.0,2.6,85,5.2,-2.2,1012.8,,,9,977
3100,108,서울,2024-02-07 04:00,-0.3,,2.2,85,5.1,-2.5,1012.6,,,9,896
3101,108,서울,2024-02-07 05:00,-0.6,,2.2,87,5.1,-2.5,1012.3,,,9,841
3102,108,서울,2024-02-07 06:00,-0.7,0.0,2.6,88,5.1,-2.4,1012.6,,,9,834
3103,108,서울,2024-02-07 07:00,-0.9,,1.1,88,5.0,-2.6,1013.0,,,8,748
3104,108,서울,2024-02-07 08:00,-0.8,,2.1,88,5.1,-2.5,1013.3,0.02,,8,713
3105,108,서울,2024-02-07 09:00,-0.4,,1.8,87,5.2,-2.3,1013.4,0.18,,9,769
3106,108,서울,2024-02-07 10:00,0.3,,2.0,85,5.3,-1.9,1013.6,0.42,,9,788
3107,108,서울,2024-02-07 11:00,0.7,,1.9,82,5.3,-2.0,1013.4,0.49,,9,860
3108,108,서울,2024-02-07 12:00,1.3,,1.6,75,5.0,-2.6,1012.7,0.4,,9,1117
3109,108,서울,2024-02-07 13:00,1.6,,1.1,67,4.6,-3.8,1012.1,0.47,,9,1894
3110,108,서울,2024-02-07 14:00,2.2,,2.2,66,4.7,-3.5,1011.6,0.56,,9,1706
3111,108,서울,2024-02-07 15:00,2.6,,1.8,61,4.5,-4.1,1011.3,0.56,,9,1781
3112,108,서울,2024-02-07 16:00,2.3,,2.7,63,4.5,-4.0,1011.4,0.27,,9,1930
3113,108,서울,2024-02-07 17:00,2.0,,2.6,67,4.8,-3.4,1011.3,0.17,,9,1473
3114,108,서울,2024-02-07 18:00,1.8,,2.3,68,4.8,-3.4,1011.5,0.06,,8,1478
3115,108,서울,2024-02-07 19:00,1.3,,1.9,70,4.7,-3.5,1011.7,0.01,,8,1422
3116,108,서울,2024-02-07 20:00,0.9,,2.7,72,4.7,-3.5,1012.0,,,0,1519
3117,108,서울,2024-02-07 21:00,0.5,,2.9,74,4.7,-3.6,1012.1,,,0,1417
3118,108,서울,2024-02-07 22:00,0.2,,2.5,72,4.5,-4.2,1012.3,,,0,1559
3119,108,서울,2024-02-07 23:00,-0.5,,1.2,77,4.5,-4.0,1012.2,,,0,1313
3120,108,서울,2024-02-08 00:00,-0.7,,1.3,75,4.4,-4.5,1012.0,,,0,1519
3121,108,서울,2024-02-08 01:00,-1.3,,1.0,75,4.2,-5.1,1011.5,,,0,1520
3122,108,서울,2024-02-08 02:00,-1.7,,1.2,79,4.3,-4.8,1011.2,,,0,1384
3123,108,서울,2024-02-08 03:00,-2.1,,1.0,82,4.3,-4.7,1011.0,,,0,1302
3124,108,서울,2024-02-08 04:00,-2.5,,1.0,83,4.2,-4.9,1010.7,,,0,1273
3125,108,서울,2024-02-08 05:00,-2.6,,1.0,83,4.2,-5.0,1010.8,,,0,1220
3126,108,서울,2024-02-08 06:00,-2.7,,0.3,85,4.3,-4.8,1010.7,,,0,1148
3127,108,서울,2024-02-08 07:00,-2.9,,0.3,85,4.2,-5.0,1011.1,,,0,1051
3128,108,서울,2024-02-08 08:00,-2.8,,1.2,85,4.2,-4.9,1011.6,0.02,,0,994
3129,108,서울,2024-02-08 09:00,-2.0,,1.3,87,4.6,-3.8,1012.0,0.38,,0,934
3130,108,서울,2024-02-08 10:00,0.2,,2.3,75,4.6,-3.7,1011.8,1.0,,0,1040
3131,108,서울,2024-02-08 11:00,1.7,,3.0,63,4.3,-4.6,1011.8,1.57,,2,1166
3132,108,서울,2024-02-08 12:00,2.9,,2.6,58,4.4,-4.5,1011.5,1.98,,1,1100
3133,108,서울,2024-02-08 13:00,3.7,,2.0,51,4.1,-5.5,1010.4,2.31,,0,1273
3134,108,서울,2024-02-08 14:00,5.3,,2.8,46,4.1,-5.4,1009.5,2.3,,0,1291
3135,108,서울,2024-02-08 15:00,6.0,,2.7,45,4.2,-5.0,1009.4,1.98,,0,1428
3136,108,서울,2024-02-08 16:00,5.9,,2.0,43,4.0,-5.7,1008.9,1.49,,0,1365
3137,108,서울,2024-02-08 17:00,5.4,,2.1,44,3.9,-5.9,1008.9,0.7,,0,1390
3138,108,서울,2024-02-08 18:00,3.4,,3.6,53,4.2,-5.2,1009.5,0.23,,0,1452
3139,108,서울,2024-02-08 19:00,1.9,,2.7,55,3.8,-6.2,1010.3,0.0,,6,1554
3140,108,서울,2024-02-08 20:00,0.8,,2.1,47,3.0,-9.2,1010.4,,,6,2325
3141,108,서울,2024-02-08 21:00,0.3,,1.8,57,3.6,-7.2,1010.6,,,0,1900
3142,108,서울,2024-02-08 22:00,-0.2,,1.2,61,3.7,-6.8,1010.6,,,8,1805
3143,108,서울,2024-02-08 23:00,-0.6,,1.3,64,3.8,-6.5,1010.5,,,6,1746
3144,108,서울,2024-02-09 00:00,-0.9,,1.1,68,3.9,-6.0,1010.4,,,0,1507
3145,108,서울,2024-02-09 01:00,-1.3,,0.8,70,3.9,-6.0,1010.4,,,0,1442
3146,108,서울,2024-02-09 02:00,-1.7,,1.1,71,3.8,-6.2,1010.6,,,4,1429
3147,108,서울,2024-02-09 03:00,-1.6,,0.0,71,3.9,-6.1,1010.5,,,7,1470
3148,108,서울,2024-02-09 04:00,-1.5,,0.8,72,4.0,-5.8,1010.6,,,3,1438
3149,108,서울,2024-02-09 05:00,-1.7,,0.7,74,4.0,-5.7,1010.6,,,0,1385
3150,108,서울,2024-02-09 06:00,-2.1,,1.2,75,3.9,-5.9,1010.8,,,0,1392
3151,108,서울,2024-02-09 07:00,-2.2,,1.0,75,3.9,-6.0,1010.7,,,0,1288
3152,108,서울,2024-02-09 08:00,-2.4,,0.7,78,4.0,-5.7,1011.1,0.03,,7,1161
3153,108,서울,2024-02-09 09:00,-1.5,,0.7,79,4.3,-4.6,1011.4,0.34,,6,1041
3154,108,서울,2024-02-09 10:00,0.6,,1.9,81,5.2,-2.2,1011.6,0.87,,6,846
3155,108,서울,2024-02-09 11:00,2.4,,1.6,72,5.2,-2.1,1011.8,1.38,,2,984
3156,108,서울,2024-02-09 12:00,3.8,,3.2,60,4.8,-3.2,1011.5,1.97,,7,1303
3157,108,서울,2024-02-09 13:00,4.0,,3.0,57,4.6,-3.7,1010.8,1.27,,6,1484
3158,108,서울,2024-02-09 14:00,5.9,,3.6,46,4.3,-4.8,1010.0,2.27,,4,2454
3159,108,서울,2024-02-09 15:00,5.3,,3.6,52,4.6,-3.7,1009.8,1.62,,6,2853
3160,108,서울,2024-02-09 16:00,5.5,,3.6,44,4.0,-5.8,1009.8,1.59,,1,2705
3161,108,서울,2024-02-09 17:00,4.4,,3.6,49,4.1,-5.4,1010.0,0.85,,0,2858
3162,108,서울,2024-02-09 18:00,2.8,,3.0,56,4.2,-5.1,1010.2,0.27,,0,2850
3163,108,서울,2024-02-09 19:00,1.9,,3.3,62,4.3,-4.6,1010.8,0.01,,0,2186
3164,108,서울,2024-02-09 20:00,1.5,,2.5,65,4.4,-4.3,1011.2,,,0,2044
3165,108,서울,2024-02-09 21:00,1.3,,2.7,67,4.5,-4.1,1011.4,,,0,2055
3166,108,서울,2024-02-09 22:00,1.2,,2.8,73,4.9,-3.1,1011.5,,,0,2434
3167,108,서울,2024-02-09 23:00,1.0,,2.7,73,4.8,-3.3,1011.6,,,0,2347
3168,108,서울,2024-02-10 00:00,0.6,,3.0,74,4.7,-3.5,1011.8,,,0,2119
3169,108,서울,2024-02-10 01:00,0.4,,3.0,73,4.6,-3.8,1011.9,,,0,2154
3170,108,서울,2024-02-10 02:00,-0.4,,0.9,73,4.3,-4.6,1012.1,,,0,2043
3171,108,서울,2024-02-10 03:00,-0.8,,0.9,76,4.4,-4.5,1011.9,,,0,1918
3172,108,서울,2024-02-10 04:00,-1.1,,0.3,77,4.3,-4.6,1011.4,,,0,1791
3173,108,서울,2024-02-10 05:00,-1.3,,0.5,79,4.4,-4.4,1011.1,,,0,1534
3174,108,서울,2024-02-10 06:00,-1.4,,0.5,82,4.5,-4.0,1011.1,,,7,1359
3175,108,서울,2024-02-10 07:00,-1.2,,1.1,82,4.6,-3.8,1011.2,,,2,1240
3176,108,서울,2024-02-10 08:00,-1.3,,1.9,82,4.6,-3.9,1011.9,0.02,,1,891
3177,108,서울,2024-02-10 09:00,-0.7,,1.6,85,4.9,-2.9,1012.4,0.28,,4,966
3178,108,서울,2024-02-10 10:00,0.6,,0.8,82,5.2,-2.1,1012.6,0.44,,8,907
3179,108,서울,2024-02-10 11:00,2.5,,1.6,76,5.6,-1.3,1012.7,0.63,,9,991
3180,108,서울,2024-02-10 12:00,4.1,,2.4,69,5.7,-1.0,1012.5,1.18,,6,589
3181,108,서울,2024-02-10 13:00,5.7,,3.9,57,5.2,-2.1,1011.8,1.87,,6,542
3182,108,서울,2024-02-10 14:00,6.8,,3.6,43,4.2,-4.9,1011.1,2.33,,2,931
3183,108,서울,2024-02-10 15:00,7.2,,3.2,42,4.3,-4.8,1010.7,2.04,,1,1170
3184,108,서울,2024-02-10 16:00,6.7,,2.9,44,4.3,-4.7,1011.0,1.5,,0,1060
3185,108,서울,2024-02-10 17:00,5.5,,3.8,49,4.4,-4.3,1011.5,0.8,,0,978
3186,108,서울,2024-02-10 18:00,3.9,,3.3,56,4.5,-4.0,1011.9,0.23,,0,920
3187,108,서울,2024-02-10 19:00,2.8,,2.9,62,4.6,-3.7,1012.6,0.0,,0,810
3188,108,서울,2024-02-10 20:00,2.0,,2.0,67,4.8,-3.4,1012.9,,,0,881
3189,108,서울,2024-02-10 21:00,1.4,,1.3,68,4.6,-3.8,1012.8,,,0,922
3190,108,서울,2024-02-10 22:00,0.9,,0.9,73,4.8,-3.4,1013.2,,,0,812
3191,108,서울,2024-02-10 23:00,0.4,,0.5,76,4.8,-3.3,1013.0,,,0,719
3192,108,서울,2024-02-11 00:00,-0.3,,1.0,77,4.6,-3.8,1012.9,,,0,699
3193,108,서울,2024-02-11 01:00,-0.2,,1.7,80,4.8,-3.2,1012.7,,,0,685
3194,108,서울,2024-02-11 02:00,-0.6,,1.7,81,4.8,-3.4,1012.5,,,0,626
3195,108,서울,2024-02-11 03:00,-1.1,,1.9,73,4.1,-5.3,1012.8,,,0,858
3196,108,서울,2024-02-11 04:00,-1.6,,2.3,81,4.4,-4.4,1012.5,,,0,721
3197,108,서울,2024-02-11 05:00,-2.1,,2.5,77,4.1,-5.5,1012.5,,,0,552
3198,108,서울,2024-02-11 06:00,-2.8,,0.7,81,4.0,-5.6,1012.1,,,0,821
3199,108,서울,2024-02-11 07:00,-3.0,,2.1,78,3.8,-6.3,1012.4,,,0,1064
3200,108,서울,2024-02-11 08:00,-3.1,,1.1,77,3.8,-6.5,1012.6,0.03,,0,1324
3201,108,서울,2024-02-11 09:00,-2.3,,1.1,77,4.0,-5.7,1013.5,0.48,,0,1230
3202,108,서울,2024-02-11 10:00,-0.3,,1.3,61,3.6,-6.9,1013.5,1.12,,0,1752
3203,108,서울,2024-02-11 11:00,2.1,,1.3,50,3.6,-7.2,1013.3,1.62,,0,2310
3204,108,서울,2024-02-11 12:00,3.7,,2.1,52,4.2,-5.2,1012.8,1.79,,0,1630
3205,108,서울,2024-02-11 13:00,4.7,,4.2,51,4.4,-4.5,1011.7,2.26,,3,1226
3206,108,서울,2024-02-11 14:00,5.4,,4.0,50,4.5,-4.2,1010.9,1.55,,7,874
3207,108,서울,2024-02-11 15:00,4.5,0.0,4.3,54,4.5,-4.0,1010.9,0.53,,9,852
3208,108,서울,2024-02-11 16:00,3.6,,3.5,62,4.9,-3.0,1011.8,0.26,,9,535
3209,108,서울,2024-02-11 17:00,4.0,,3.1,64,5.2,-2.2,1011.8,0.5,,5,579
3210,108,서울,2024-02-11 18:00,3.6,0.0,3.4,65,5.2,-2.3,1012.5,0.24,,5,280
3211,108,서울,2024-02-11 19:00,2.9,,2.5,69,5.2,-2.2,1013.4,0.0,,0,442
3212,108,서울,2024-02-11 20:00,2.4,,2.7,74,5.4,-1.7,1014.1,,,0,432
3213,108,서울,2024-02-11 21:00,1.8,,1.7,79,5.5,-1.4,1015.1,,,0,429
3214,108,서울,2024-02-11 22:00,1.2,,1.3,81,5.4,-1.7,1015.6,,,0,402
3215,108,서울,2024-02-11 23:00,0.9,,1.3,85,5.6,-1.3,1016.2,,,0,411
3216,108,서울,2024-02-12 00:00,0.3,,1.5,84,5.3,-2.0,1016.5,,,0,378
3217,108,서울,2024-02-12 01:00,-0.5,,1.6,84,5.0,-2.8,1016.6,,,0,330
3218,108,서울,2024-02-12 02:00,-1.2,,0.6,83,4.6,-3.7,1016.9,,,0,469
3219,108,서울,2024-02-12 03:00,-1.6,,1.4,79,4.3,-4.7,1017.0,,,0,653
3220,108,서울,2024-02-12 04:00,-1.9,,1.4,71,3.8,-6.4,1016.9,,,0,1056
3221,108,서울,2024-02-12 05:00,-2.3,,1.7,73,3.8,-6.4,1017.2,,,0,1011
3222,108,서울,2024-02-12 06:00,-2.5,,1.8,76,3.9,-6.1,1017.4,,,0,905
3223,108,서울,2024-02-12 07:00,-2.8,,2.2,78,3.9,-6.1,1018.0,,,0,806
3224,108,서울,2024-02-12 08:00,-2.7,,1.7,82,4.1,-5.3,1018.9,0.03,,0,632
3225,108,서울,2024-02-12 09:00,-1.2,,2.1,85,4.8,-3.4,1019.4,0.45,,0,444
3226,108,서울,2024-02-12 10:00,1.5,,2.5,78,5.3,-1.9,1019.5,1.14,,0,423
3227,108,서울,2024-02-12 11:00,3.9,,1.7,70,5.7,-1.0,1019.6,1.77,,0,487
3228,108,서울,2024-02-12 12:00,6.1,,1.2,57,5.4,-1.7,1019.0,2.18,,0,664
3229,108,서울,2024-02-12 13:00,7.7,,1.4,48,5.0,-2.6,1018.1,2.39,,0,910
3230,108,서울,2024-02-12 14:00,8.6,,2.5,38,4.2,-4.9,1017.3,2.39,,0,1255
3231,108,서울,2024-02-12 15:00,10.0,,3.1,35,4.3,-4.7,1016.8,2.14,,0,1569
3232,108,서울,2024-02-12 16:00,10.4,,2.5,31,3.9,-6.0,1016.5,1.62,,0,1843
3233,108,서울,2024-02-12 17:00,9.7,,3.1,32,3.8,-6.2,1016.6,0.95,,0,2233
3234,108,서울,2024-02-12 18:00,7.9,,3.0,45,4.8,-3.3,1016.7,0.28,,0,1566
3235,108,서울,2024-02-12 19:00,7.1,,2.6,56,5.6,-1.1,1017.2,0.01,,0,1126
3236,108,서울,2024-02-12 20:00,6.0,,1.6,59,5.5,-1.4,1016.8,,,0,965
3237,108,서울,2024-02-12 21:00,5.1,,1.6,62,5.5,-1.5,1016.7,,,0,948
3238,108,서울,2024-02-12 22:00,4.6,,1.8,64,5.4,-1.6,1016.9,,,0,944
3239,108,서울,2024-02-12 23:00,4.0,,2.1,64,5.2,-2.2,1016.8,,,0,895
3240,108,서울,2024-02-13 00:00,3.8,,1.5,63,5.0,-2.6,1016.6,,,2,992
3241,108,서울,2024-02-13 01:00,3.6,,0.8,64,5.1,-2.5,1016.6,,,0,968
3242,108,서울,2024-02-13 02:00,3.2,,1.0,68,5.2,-2.1,1016.5,,,0,885
3243,108,서울,2024-02-13 03:00,2.9,,1.4,70,5.3,-2.0,1016.3,,,0,846
3244,108,서울,2024-02-13 04:00,2.6,,1.3,70,5.2,-2.3,1015.9,,,0,884
3245,108,서울,2024-02-13 05:00,2.5,,1.3,72,5.3,-2.0,1015.8,,,0,802
3246,108,서울,2024-02-13 06:00,2.2,,1.8,74,5.3,-1.9,1015.4,,,0,731
3247,108,서울,2024-02-13 07:00,2.1,,1.5,78,5.6,-1.3,1015.2,,,0,617
3248,108,서울,2024-02-13 08:00,2.1,,1.6,82,5.8,-0.6,1015.5,0.03,,0,522
3249,108,서울,2024-02-13 09:00,3.5,,2.2,80,6.2,0.3,1015.7,0.4,,0,563
3250,108,서울,2024-02-13 10:00,6.4,,1.5,72,6.9,1.7,1015.5,1.01,,0,604
3251,108,서울,2024-02-13 11:00,9.9,,1.9,68,8.2,4.2,1015.3,1.67,,3,686
3252,108,서울,2024-02-13 12:00,12.2,,4.0,61,8.6,4.8,1014.7,2.14,,6,1128
3253,108,서울,2024-02-13 13:00,12.5,,4.8,60,8.7,4.9,1013.9,1.85,,6,1267
3254,108,서울,2024-02-13 14:00,13.3,,4.0,58,8.8,5.1,1013.3,1.31,,7,1620
3255,108,서울,2024-02-13 15:00,13.2,,5.1,59,8.9,5.3,1012.8,1.16,,6,1600
3256,108,서울,2024-02-13 16:00,13.3,,3.5,60,9.1,5.6,1012.8,0.76,,5,1442
3257,108,서울,2024-02-13 17:00,12.8,,3.6,63,9.3,5.9,1012.7,0.42,,2,1237
3258,108,서울,2024-02-13 18:00,12.2,,3.2,66,9.3,6.0,1012.7,0.23,,0,1208
3259,108,서울,2024-02-13 19:00,11.4,,3.3,70,9.4,6.1,1013.1,0.0,,0,1153
3260,108,서울,2024-02-13 20:00,11.2,,3.0,73,9.7,6.5,1013.2,,,0,1131
3261,108,서울,2024-02-13 21:00,10.6,,1.1,74,9.4,6.1,1013.2,,,0,1100
3262,108,서울,2024-02-13 22:00,9.6,,2.0,77,9.2,5.7,1013.2,,,0,897
3263,108,서울,2024-02-13 23:00,8.9,,2.2,79,9.0,5.4,1013.1,,,0,819
3264,108,서울,2024-02-14 00:00,8.8,,1.3,81,9.2,5.7,1012.9,,,8,834
3265,108,서울,2024-02-14 01:00,8.9,,0.9,82,9.3,5.9,1012.7,,,8,798
3266,108,서울,2024-02-14 02:00,9.0,,1.3,82,9.3,6.0,1012.4,,,8,707
3267,108,서울,2024-02-14 03:00,9.1,,1.4,81,9.3,6.0,1012.0,,,8,704
3268,108,서울,2024-02-14 04:00,9.2,,1.1,81,9.4,6.1,1011.5,,,8,722
3269,108,서울,2024-02-14 05:00,9.3,,1.4,81,9.4,6.1,1011.3,,,8,766
3270,108,서울,2024-02-14 06:00,9.4,,1.2,80,9.4,6.1,1011.2,,,8,898
3271,108,서울,2024-02-14 07:00,9.6,,1.3,80,9.5,6.3,1011.1,,,8,906
3272,108,서울,2024-02-14 08:00,9.8,,1.2,79,9.5,6.3,1011.2,0.01,,9,994
3273,108,서울,2024-02-14 09:00,10.3,,1.3,77,9.6,6.4,1011.3,0.17,,6,872
3274,108,서울,2024-02-14 10:00,12.1,,0.8,73,10.2,7.3,1011.1,0.72,,8,871
3275,108,서울,2024-02-14 11:00,14.1,,1.3,72,11.6,9.1,1010.8,0.96,,8,755
3276,108,서울,2024-02-14 12:00,16.4,,2.2,64,11.9,9.5,1009.8,1.71,,7,1155
3277,108,서울,2024-02-14 13:00,17.1,,2.8,64,12.4,10.2,1009.0,1.43,,6,1376
3278,108,서울,2024-02-14 14:00,17.0,,3.4,64,12.4,10.1,1008.1,1.8,,5,1573
3279,108,서울,2024-02-14 15:00,18.2,,3.0,61,12.7,10.5,1007.6,1.82,,3,1810
3280,108,서울,2024-02-14 16:00,16.9,,3.4,67,12.9,10.7,1007.7,1.08,,5,1640
3281,108,서울,2024-02-14 17:00,15.9,,3.6,71,12.8,10.6,1007.7,0.56,,4,1542
3282,108,서울,2024-02-14 18:00,14.9,,3.4,78,13.1,11.0,1008.1,0.13,,7,1332
3283,108,서울,2024-02-14 19:00,14.3,,3.1,80,12.9,10.8,1008.4,0.0,,0,1120
3284,108,서울,2024-02-14 20:00,13.6,,3.2,81,12.5,10.3,1009.1,,,7,1018
3285,108,서울,2024-02-14 21:00,13.2,,2.5,83,12.5,10.3,1009.1,,,8,854
3286,108,서울,2024-02-14 22:00,13.0,,2.0,84,12.5,10.3,1008.8,,,6,696
3287,108,서울,2024-02-14 23:00,12.7,,3.3,85,12.4,10.2,1008.4,,,6,844
3288,108,서울,2024-02-15 00:00,11.6,,3.7,87,11.9,9.5,1009.0,,,9,569
3289,108,서울,2024-02-15 01:00,11.1,,2.5,91,11.9,9.6,1008.2,,,9,590
3290,108,서울,2024-02-15 02:00,10.7,,3.1,94,12.0,9.7,1007.8,,,10,360
3291,108,서울,2024-02-15 03:00,9.9,0.0,2.7,96,11.6,9.2,1007.2,,,10,193
3292,108,서울,2024-02-15 04:00,9.6,,2.8,96,11.4,8.9,1006.8,,,10,396
3293,108,서울,2024-02-15 05:00,9.3,,3.0,94,10.9,8.3,1006.5,,,10,443
3294,108,서울,2024-02-15 06:00,8.7,0.0,1.2,95,10.6,7.9,1005.9,,,10,202
3295,108,서울,2024-02-15 07:00,8.4,,2.3,97,10.6,7.9,1005.1,,,10,306
3296,108,서울,2024-02-15 08:00,8.2,,2.5,98,10.6,7.8,1005.5,0.0,,10,111
3297,108,서울,2024-02-15 09:00,8.1,0.1,2.7,98,10.5,7.7,1005.6,0.03,,8,512
3298,108,서울,2024-02-15 10:00,7.5,,4.2,98,10.1,7.1,1006.0,0.05,,9,636
3299,108,서울,2024-02-15 11:00,4.8,,5.5,93,8.0,3.7,1006.6,0.14,,9,659
3300,108,서울,2024-02-15 12:00,3.0,4.6,5.2,95,7.2,2.2,1007.4,0.12,,9,664
3301,108,서울,2024-02-15 13:00,1.9,,2.9,97,6.8,1.4,1007.4,0.15,,9,382
3302,108,서울,2024-02-15 14:00,1.2,,3.1,97,6.4,0.7,1007.7,0.18,1.0,9,124
3303,108,서울,2024-02-15 15:00,1.4,6.2,3.5,99,6.7,1.2,1008.4,0.28,1.0,9,914
3304,108,서울,2024-02-15 16:00,2.0,,3.1,83,5.9,-0.5,1008.5,0.78,0.5,4,2256
3305,108,서울,2024-02-15 17:00,2.5,,2.7,76,5.6,-1.3,1009.3,0.85,,8,2924
3306,108,서울,2024-02-15 18:00,2.4,,3.1,80,5.8,-0.7,1010.5,0.13,,9,2356
3307,108,서울,2024-02-15 19:00,2.3,,2.1,80,5.8,-0.8,1011.6,0.0,,8,2186
3308,108,서울,2024-02-15 20:00,2.2,,2.7,80,5.8,-0.8,1012.1,,,3,2216
3309,108,서울,2024-02-15 21:00,2.1,,2.4,82,5.8,-0.6,1012.7,,,2,1933
3310,108,서울,2024-02-15 22:00,1.6,,2.8,71,4.9,-3.1,1013.4,,,1,2593
3311,108,서울,2024-02-15 23:00,1.2,,2.2,72,4.8,-3.2,1014.1,,,3,2558
3312,108,서울,2024-02-16 00:00,0.6,,1.2,74,4.7,-3.5,1013.8,,,0,2689
3313,108,서울,2024-02-16 01:00,0.1,,1.1,79,4.9,-3.1,1013.9,,,0,2306
3314,108,서울,2024-02-16 02:00,-0.3,,0.7,82,4.9,-3.0,1014.3,,,0,1874
3315,108,서울,2024-02-16 03:00,-0.7,,1.9,84,4.9,-3.0,1014.8,,,0,2039
3316,108,서울,2024-02-16 04:00,-1.1,,0.7,87,4.9,-2.9,1014.7,,,0,1806
3317,108,서울,2024-02-16 05:00,-1.2,,1.6,91,5.1,-2.4,1014.7,,,5,1339
3318,108,서울,2024-02-16 06:00,-1.3,,1.2,92,5.1,-2.4,1014.8,,,1,1011
3319,108,서울,2024-02-16 07:00,-1.5,,1.9,93,5.1,-2.4,1014.9,,,2,1242
3320,108,서울,2024-02-16 08:00,-1.4,,2.0,95,5.2,-2.1,1015.4,0.04,,0,1005
3321,108,서울,2024-02-16 09:00,0.3,,2.3,92,5.8,-0.8,1015.7,0.73,,0,2359
3322,108,서울,2024-02-16 10:00,2.5,,1.3,80,5.8,-0.6,1015.9,1.43,,2,2905
3323,108,서울,2024-02-16 11:00,3.2,,2.4,67,5.2,-2.3,1015.7,1.05,,3,2027
3324,108,서울,2024-02-16 12:00,3.5,,2.3,62,4.9,-3.1,1014.9,0.78,,3,2161
3325,108,서울,2024-02-16 13:00,5.4,,2.3,57,5.1,-2.4,1013.9,1.63,,2,2367
3326,108,서울,2024-02-16 14:00,6.7,,1.4,52,5.1,-2.4,1012.9,2.5,,2,2622
3327,108,서울,2024-02-16 15:00,7.6,,3.3,47,4.9,-3.0,1012.1,2.18,,1,2453
3328,108,서울,2024-02-16 16:00,7.8,,3.1,48,5.1,-2.5,1011.7,1.72,,1,2256
3329,108,서울,2024-02-16 17:00,7.3,,2.5,50,5.1,-2.4,1011.4,0.93,,0,1580
3330,108,서울,2024-02-16 18:00,5.3,,2.9,55,4.9,-3.0,1011.4,0.33,,0,1619
3331,108,서울,2024-02-16 19:00,4.0,,2.4,61,5.0,-2.8,1011.6,0.0,,0,1584
3332,108,서울,2024-02-16 20:00,3.0,,2.6,67,5.1,-2.5,1011.7,,,0,1361
3333,108,서울,2024-02-16 21:00,2.6,,2.6,70,5.2,-2.3,1011.8,,,0,1344
3334,108,서울,2024-02-16 22:00,1.8,,1.4,71,4.9,-2.9,1012.0,,,0,1319
3335,108,서울,2024-02-16 23:00,1.2,,0.5,76,5.1,-2.5,1011.8,,,0,1256
3336,108,서울,2024-02-17 00:00,0.8,,1.2,77,5.0,-2.7,1011.4,,,0,991
3337,108,서울,2024-02-17 01:00,0.4,,2.5,81,5.1,-2.4,1011.2,,,0,862
3338,108,서울,2024-02-17 02:00,0.1,,1.6,82,5.0,-2.6,1011.1,,,0,840
3339,108,서울,2024-02-17 03:00,0.0,,1.6,85,5.2,-2.2,1010.9,,,0,788
3340,108,서울,2024-02-17 04:00,-0.2,,1.2,85,5.1,-2.4,1010.8,,,0,805
3341,108,서울,2024-02-17 05:00,-0.6,,1.6,87,5.1,-2.5,1011.0,,,0,743
3342,108,서울,2024-02-17 06:00,-0.9,,1.8,88,5.0,-2.6,1011.3,,,0,654
3343,108,서울,2024-02-17 07:00,-1.1,,1.5,89,5.0,-2.6,1011.5,,,0,636
3344,108,서울,2024-02-17 08:00,-1.1,,2.1,90,5.1,-2.5,1011.8,0.04,,0,625
3345,108,서울,2024-02-17 09:00,0.5,,1.4,89,5.6,-1.1,1012.2,0.55,,0,743
3346,108,서울,2024-02-17 10:00,3.2,,1.6,79,6.1,0.0,1012.2,1.21,,8,911
3347,108,서울,2024-02-17 11:00,4.7,,1.5,73,6.2,0.2,1012.3,1.27,,7,1301
3348,108,서울,2024-02-17 12:00,6.2,,2.2,65,6.1,0.0,1011.3,1.91,,0,1640
3349,108,서울,2024-02-17 13:00,8.4,,2.4,59,6.5,0.8,1010.6,2.55,,0,1523
3350,108,서울,2024-02-17 14:00,9.5,,2.3,54,6.4,0.6,1010.1,2.52,,0,1487
3351,108,서울,2024-02-17 15:00,11.1,,1.6,51,6.7,1.3,1009.9,2.2,,0,1630
3352,108,서울,2024-02-17 16:00,11.2,,1.4,50,6.6,1.1,1009.7,1.71,,0,1561
3353,108,서울,2024-02-17 17:00,11.0,,1.4,51,6.7,1.2,1009.6,1.02,,0,1385
3354,108,서울,2024-02-17 18:00,8.8,,2.6,58,6.5,0.9,1009.9,0.34,,0,1282
3355,108,서울,2024-02-17 19:00,7.3,,2.0,65,6.6,1.1,1010.4,0.01,,0,1104
3356,108,서울,2024-02-17 20:00,6.3,,1.7,70,6.7,1.2,1010.6,,,0,973
3357,108,서울,2024-02-17 21:00,5.6,,0.1,72,6.5,0.9,1010.6,,,0,953
3358,108,서울,2024-02-17 22:00,4.9,,1.8,77,6.6,1.1,1010.8,,,0,1116
3359,108,서울,2024-02-17 23:00,4.3,,1.6,76,6.3,0.4,1010.8,,,0,929
3360,108,서울,2024-02-18 00:00,4.0,,2.0,80,6.5,0.8,1010.6,,,0,818
3361,108,서울,2024-02-18 01:00,3.6,,2.2,81,6.4,0.6,1010.2,,,0,757
3362,108,서울,2024-02-18 02:00,3.1,,2.2,83,6.3,0.4,1010.2,,,0,690
3363,108,서울,2024-02-18 03:00,2.7,,1.8,84,6.2,0.2,1010.0,,,0,634
3364,108,서울,2024-02-18 04:00,2.3,,1.6,86,6.2,0.1,1009.9,,,0,604
3365,108,서울,2024-02-18 05:00,1.9,,2.0,87,6.1,0.0,1009.4,,,0,575
3366,108,서울,2024-02-18 06:00,1.6,,1.7,87,6.0,-0.3,1009.4,,,0,540
3367,108,서울,2024-02-18 07:00,1.3,,2.0,88,5.9,-0.4,1009.7,,,0,510
3368,108,서울,2024-02-18 08:00,1.4,,2.2,89,6.0,-0.2,1010.2,0.08,,0,509
3369,108,서울,2024-02-18 09:00,4.1,,2.9,77,6.3,0.4,1010.3,0.64,,6,978
3370,108,서울,2024-02-18 10:00,5.6,,2.8,70,6.3,0.5,1009.9,0.54,,9,1237
3371,108,서울,2024-02-18 11:00,7.2,,3.0,63,6.4,0.6,1009.5,0.49,,5,1322
3372,108,서울,2024-02-18 12:00,7.6,,2.7,61,6.3,0.5,1009.1,0.31,,9,1495
3373,108,서울,2024-02-18 13:00,8.3,,2.8,59,6.4,0.7,1008.3,0.31,,6,1711
3374,108,서울,2024-02-18 14:00,8.7,,3.4,56,6.2,0.3,1007.3,0.23,,6,1962
3375,108,서울,2024-02-18 15:00,9.1,0.0,3.1,55,6.3,0.5,1006.4,0.19,,7,1978
3376,108,서울,2024-02-18 16:00,8.5,,3.9,73,8.1,3.9,1006.2,0.12,,8,1488
3377,108,서울,2024-02-18 17:00,8.1,,3.4,82,8.8,5.2,1005.9,0.07,,8,1366
3378,108,서울,2024-02-18 18:00,7.4,5.0,3.9,92,9.4,6.1,1005.5,0.03,,8,473
3379,108,서울,2024-02-18 19:00,7.6,,3.8,94,9.7,6.6,1005.0,0.0,,8,919
3380,108,서울,2024-02-18 20:00,7.7,,3.3,95,9.9,6.9,1004.3,,,8,379
3381,108,서울,2024-02-18 21:00,8.0,2.7,3.1,95,10.2,7.2,1004.1,,,9,970
3382,108,서울,2024-02-18 22:00,8.5,,4.4,98,10.8,8.1,1003.0,,,9,742
3383,108,서울,2024-02-18 23:00,8.9,,3.9,100,11.3,8.8,1002.0,,,9,317
3384,108,서울,2024-02-19 00:00,9.4,9.4,3.3,100,11.7,9.3,1001.1,,,9,354
3385,108,서울,2024-02-19 01:00,9.7,,3.4,99,11.9,9.5,1000.4,,,8,306
3386,108,서울,2024-02-19 02:00,9.9,,2.2,100,12.1,9.8,1000.1,,,8,292
3387,108,서울,2024-02-19 03:00,10.1,5.8,1.7,99,12.2,9.9,999.5,,,8,122
3388,108,서울,2024-02-19 04:00,10.3,,1.8,100,12.4,10.2,998.7,,,8,110
3389,108,서울,2024-02-19 05:00,10.4,,1.6,99,12.4,10.2,998.3,,,9,33
3390,108,서울,2024-02-19 06:00,10.5,1.5,0.9,99,12.5,10.3,997.9,,,10,44
3391,108,서울,2024-02-19 07:00,10.7,,0.6,99,12.7,10.5,997.8,,,10,114
3392,108,서울,2024-02-19 08:00,10.8,,0.9,99,12.8,10.6,997.9,0.01,,10,24
3393,108,서울,2024-02-19 09:00,11.0,0.2,1.4,99,12.9,10.8,998.2,0.04,,10,43
3394,108,서울,2024-02-19 10:00,11.4,,0.2,99,13.3,11.2,998.1,0.15,,10,51
3395,108,서울,2024-02-19 11:00,11.9,,1.9,99,13.7,11.7,998.7,0.12,,10,27
3396,108,서울,2024-02-19 12:00,11.8,0.2,2.2,99,13.7,11.6,998.4,0.21,,10,77
3397,108,서울,2024-02-19 13:00,11.4,,2.9,99,13.3,11.2,998.3,0.23,,10,26
3398,108,서울,2024-02-19 14:00,10.8,,4.5,99,12.8,10.6,998.9,0.17,,10,181
3399,108,서울,2024-02-19 15:00,10.6,0.6,1.0,98,12.4,10.2,998.4,0.24,,10,255
3400,108,서울,2024-02-19 16:00,9.8,,3.5,98,11.8,9.4,1000.3,0.1,,10,166
3401,108,서울,2024-02-19 17:00,9.3,,3.0,98,11.4,8.9,1001.2,0.09,,10,465
3402,108,서울,2024-02-19 18:00,8.3,0.6,4.4,94,10.2,7.3,1003.0,0.01,,7,905
3403,108,서울,2024-02-19 19:00,7.4,,2.2,94,9.6,6.4,1002.9,0.0,,10,1025
3404,108,서울,2024-02-19 20:00,6.7,,3.1,93,9.1,5.6,1004.7,,,4,845
3405,108,서울,2024-02-19 21:00,5.9,0.0,2.5,90,8.3,4.3,1006.3,,,8,1343
3406,108,서울,2024-02-19 22:00,5.2,,3.0,90,7.9,3.6,1006.6,,,9,1168
3407,108,서울,2024-02-19 23:00,4.8,,2.9,90,7.7,3.2,1006.8,,,7,1114
3408,108,서울,2024-02-20 00:00,4.2,0.0,2.8,88,7.2,2.3,1008.1,,,9,1302
3409,108,서울,2024-02-20 01:00,4.3,,2.0,90,7.4,2.7,1008.1,,,8,1146
3410,108,서울,2024-02-20 02:00,3.8,,2.4,92,7.4,2.6,1009.3,,,6,761
3411,108,서울,2024-02-20 03:00,3.4,0.3,1.7,92,7.2,2.2,1009.9,,,6,913
3412,108,서울,2024-02-20 04:00,3.1,,2.0,90,6.9,1.6,1009.5,,,3,1088
3413,108,서울,2024-02-20 05:00,2.9,,3.3,87,6.5,0.9,1010.1,,,6,1275
3414,108,서울,2024-02-20 06:00,2.9,0.0,1.7,89,6.7,1.2,1010.4,,,4,1145
3415,108,서울,2024-02-20 07:00,3.1,,0.6,90,6.9,1.6,1010.7,,,7,1014
3416,108,서울,2024-02-20 08:00,3.5,,2.6,91,7.1,2.1,1011.0,0.03,,5,704
3417,108,서울,2024-02-20 09:00,4.2,,1.2,90,7.4,2.7,1011.8,0.13,,8,690
3418,108,서울,2024-02-20 10:00,4.6,,2.1,87,7.4,2.6,1012.2,0.26,,5,953
3419,108,서울,2024-02-20 11:00,4.6,,3.6,87,7.4,2.6,1012.5,0.37,,7,915
3420,108,서울,2024-02-20 12:00,5.0,,1.1,88,7.6,3.1,1012.6,0.22,,6,781
3421,108,서울,2024-02-20 13:00,6.2,,3.2,87,8.2,4.1,1012.0,0.31,,6,991
3422,108,서울,2024-02-20 14:00,6.7,,4.4,79,7.7,3.3,1011.5,0.29,,8,2598
3423,108,서울,2024-02-20 15:00,6.7,0.0,4.8,78,7.6,3.1,1011.1,0.33,,7,3386
3424,108,서울,2024-02-20 16:00,6.0,,4.6,83,7.7,3.3,1011.4,0.21,,7,1791
3425,108,서울,2024-02-20 17:00,5.3,,4.4,88,7.8,3.4,1011.5,0.14,,8,2224
3426,108,서울,2024-02-20 18:00,4.5,1.8,5.6,90,7.5,2.9,1012.3,0.04,,7,2527
3427,108,서울,2024-02-20 19:00,4.1,,5.6,89,7.3,2.4,1013.1,0.01,,7,2894
3428,108,서울,2024-02-20 20:00,4.1,,5.0,88,7.2,2.2,1013.1,,,5,5000
3429,108,서울,2024-02-20 21:00,3.9,0.5,5.9,84,6.8,1.4,1013.2,,,9,5000
3430,108,서울,2024-02-20 22:00,3.9,,5.8,82,6.6,1.1,1013.7,,,4,5000
3431,108,서울,2024-02-20 23:00,3.8,,6.0,81,6.5,0.8,1012.8,,,8,4972
3432,108,서울,2024-02-21 00:00,3.8,0.0,5.4,79,6.3,0.4,1012.4,,,8,5000
3433,108,서울,2024-02-21 01:00,3.9,,4.6,76,6.1,0.0,1012.5,,,8,5000
3434,108,서울,2024-02-21 02:00,3.9,,5.8,77,6.2,0.2,1012.0,,,8,3944
3435,108,서울,2024-02-21 03:00,3.6,0.0,6.1,80,6.3,0.4,1010.9,,,9,4955
3436,108,서울,2024-02-21 04:00,3.3,,5.3,87,6.7,1.3,1009.9,,,8,2548
3437,108,서울,2024-02-21 05:00,2.9,,4.5,92,6.9,1.7,1010.0,,,9,1207
3438,108,서울,2024-02-21 06:00,2.8,3.5,4.5,93,6.9,1.7,1009.7,,,9,1728
3439,108,서울,2024-02-21 07:00,2.5,,5.8,94,6.9,1.6,1009.9,,,9,795
3440,108,서울,2024-02-21 08:00,2.4,,6.0,94,6.8,1.5,1009.8,0.02,,7,1670
3441,108,서울,2024-02-21 09:00,2.4,2.9,6.2,92,6.7,1.2,1010.2,0.07,,8,1485
3442,108,서울,2024-02-21 10:00,2.5,,5.6,92,6.7,1.3,1010.5,0.19,,9,1172
3443,108,서울,2024-02-21 11:00,2.6,,5.2,93,6.8,1.5,1010.6,0.32,,8,1047
3444,108,서울,2024-02-21 12:00,2.4,1.9,5.2,93,6.7,1.3,1010.2,0.38,,9,1792
3445,108,서울,2024-02-21 13:00,1.8,,5.1,94,6.5,0.9,1010.0,0.31,,7,649
3446,108,서울,2024-02-21 14:00,1.8,,3.6,97,6.7,1.3,1009.4,0.3,,8,678
3447,108,서울,2024-02-21 15:00,2.0,2.7,4.8,94,6.6,1.1,1009.0,0.48,,7,1214
3448,108,서울,2024-02-21 16:00,2.0,,4.7,93,6.5,0.9,1009.0,0.45,,8,2072
3449,108,서울,2024-02-21 17:00,1.9,,5.4,91,6.3,0.5,1009.1,0.2,,9,1227
3450,108,서울,2024-02-21 18:00,1.4,0.9,5.6,92,6.2,0.2,1009.5,0.05,,8,458
3451,108,서울,2024-02-21 19:00,0.9,,4.3,96,6.2,0.3,1010.5,0.0,0.4,8,303
3452,108,서울,2024-02-21 20:00,0.6,,4.7,98,6.2,0.3,1010.9,,1.1,8,144
3453,108,서울,2024-02-21 21:00,0.4,3.2,4.8,98,6.2,0.1,1011.4,,2.1,9,209
3454,108,서울,2024-02-21 22:00,0.3,,4.6,98,6.1,0.0,1011.5,,2.9,8,167
3455,108,서울,2024-02-21 23:00,0.2,,4.7,98,6.1,0.0,1011.8,,3.8,7,177
3456,108,서울,2024-02-22 00:00,0.0,2.7,4.5,98,6.0,-0.2,1012.0,,5.2,7,157
3457,108,서울,2024-02-22 01:00,-0.1,,4.4,99,6.0,-0.2,1012.8,,7.0,9,120
3458,108,서울,2024-02-22 02:00,-0.2,,4.5,99,6.0,-0.3,1013.0,,8.5,9,122
3459,108,서울,2024-02-22 03:00,-0.2,4.0,4.1,99,6.0,-0.3,1013.5,,9.8,8,91
3460,108,서울,2024-02-22 04:00,-0.3,,3.8,99,5.9,-0.4,1013.8,,12.0,8,67
3461,108,서울,2024-02-22 05:00,-0.5,,4.5,98,5.8,-0.7,1014.2,,13.2,8,108
3462,108,서울,2024-02-22 06:00,-0.8,4.3,4.8,97,5.6,-1.2,1014.2,,13.7,7,235
3463,108,서울,2024-02-22 07:00,-1.1,,4.9,96,5.4,-1.6,1014.2,,13.8,6,236
3464,108,서울,2024-02-22 08:00,-0.9,,5.2,86,4.9,-2.9,1014.8,0.02,13.8,5,2921
3465,108,서울,2024-02-22 09:00,-0.4,0.5,4.8,84,5.0,-2.7,1015.6,0.22,13.6,9,2777
3466,108,서울,2024-02-22 10:00,0.0,,3.6,80,4.9,-3.0,1017.1,0.38,13.5,9,2864
3467,108,서울,2024-02-22 11:00,0.3,,5.2,75,4.7,-3.6,1017.2,0.43,13.0,9,3302
3468,108,서울,2024-02-22 12:00,0.8,0.0,4.9,76,4.9,-2.9,1017.4,0.59,13.0,9,2643
3469,108,서울,2024-02-22 13:00,1.3,,3.7,79,5.3,-1.9,1015.8,0.83,12.4,9,2434
3470,108,서울,2024-02-22 14:00,1.5,,4.2,74,5.0,-2.6,1015.7,0.86,11.8,8,4013
3471,108,서울,2024-02-22 15:00,1.4,0.0,4.3,76,5.2,-2.3,1015.8,0.38,11.1,7,1581
3472,108,서울,2024-02-22 16:00,1.2,,4.7,78,5.2,-2.2,1015.8,0.33,10.9,8,1587
3473,108,서울,2024-02-22 17:00,1.1,,3.7,78,5.2,-2.3,1015.5,0.34,10.5,6,2349
3474,108,서울,2024-02-22 18:00,0.7,0.0,3.7,79,5.1,-2.5,1016.2,0.11,10.4,8,2918
3475,108,서울,2024-02-22 19:00,0.6,,5.0,75,4.8,-3.3,1016.7,0.01,10.4,8,4432
3476,108,서울,2024-02-22 20:00,0.6,,3.9,76,4.9,-3.1,1016.8,,10.4,9,2810
3477,108,서울,2024-02-22 21:00,0.5,0.0,2.5,79,5.0,-2.7,1017.7,,10.3,8,2616
3478,108,서울,2024-02-22 22:00,0.3,,3.3,79,4.9,-2.9,1017.9,,10.3,8,2683
3479,108,서울,2024-02-22 23:00,0.1,,3.4,84,5.2,-2.2,1017.5,,10.0,8,3481
3480,108,서울,2024-02-23 00:00,-0.1,0.0,3.5,86,5.2,-2.1,1017.6,,10.2,8,2314
3481,108,서울,2024-02-23 01:00,-0.3,,2.9,88,5.3,-2.0,1017.8,,10.0,7,1037
3482,108,서울,2024-02-23 02:00,-0.6,,3.2,91,5.4,-1.8,1017.6,,10.1,7,682
3483,108,서울,2024-02-23 03:00,-0.8,0.4,3.4,91,5.3,-2.0,1017.3,,10.0,7,1446
3484,108,서울,2024-02-23 04:00,-0.8,,3.7,88,5.1,-2.5,1017.1,,10.0,9,3262
3485,108,서울,2024-02-23 05:00,-0.8,,3.2,86,5.0,-2.8,1017.2,,10.0,9,3838
3486,108,서울,2024-02-23 06:00,-0.8,0.0,2.7,84,4.9,-3.1,1017.9,,9.9,9,4028
3487,108,서울,2024-02-23 07:00,-0.9,,3.2,83,4.8,-3.4,1018.8,,9.9,9,3887
3488,108,서울,2024-02-23 08:00,-0.7,,3.8,81,4.7,-3.5,1019.4,0.06,9.9,9,3966
3489,108,서울,2024-02-23 09:00,0.0,,3.8,76,4.6,-3.7,1019.9,0.36,9.9,9,4029
3490,108,서울,2024-02-23 10:00,1.1,,4.3,67,4.4,-4.3,1019.7,0.82,9.9,9,4861
3491,108,서울,2024-02-23 11:00,2.4,,3.3,62,4.5,-4.1,1019.6,1.42,9.8,9,4524
3492,108,서울,2024-02-23 12:00,3.6,,3.9,57,4.5,-4.1,1019.1,2.38,8.5,0,4471
3493,108,서울,2024-02-23 13:00,4.6,,4.5,55,4.7,-3.6,1018.5,2.7,6.9,0,4798
3494,108,서울,2024-02-23 14:00,5.5,,3.0,53,4.8,-3.3,1018.3,2.72,5.0,0,4750
3495,108,서울,2024-02-23 15:00,6.0,,3.0,53,5.0,-2.8,1018.1,2.22,3.1,0,5000
3496,108,서울,2024-02-23 16:00,5.5,,2.8,54,4.9,-3.0,1018.5,1.39,2.1,3,5000
3497,108,서울,2024-02-23 17:00,5.2,,3.4,55,4.9,-3.1,1018.3,0.83,2.0,3,4445
3498,108,서울,2024-02-23 18:00,4.5,,2.5,57,4.8,-3.2,1018.6,0.36,2.0,4,4984
3499,108,서울,2024-02-23 19:00,3.7,,3.9,56,4.5,-4.2,1019.1,0.02,2.0,7,4570
3500,108,서울,2024-02-23 20:00,2.9,,5.3,59,4.4,-4.3,1019.6,,2.0,2,4896
3501,108,서울,2024-02-23 21:00,1.8,,4.7,63,4.4,-4.5,1021.1,,2.0,0,4925
3502,108,서울,2024-02-23 22:00,1.1,,3.6,66,4.4,-4.5,1021.8,,2.0,5,4915
3503,108,서울,2024-02-23 23:00,0.6,,4.1,66,4.2,-5.0,1021.0,,2.0,2,4460
3504,108,서울,2024-02-24 00:00,0.2,,3.7,69,4.3,-4.8,1020.2,,2.0,0,4392
3505,108,서울,2024-02-24 01:00,-0.1,,3.2,68,4.1,-5.3,1020.3,,2.0,1,4766
3506,108,서울,2024-02-24 02:00,-0.2,,3.8,69,4.2,-5.2,1020.5,,2.0,1,4509
3507,108,서울,2024-02-24 03:00,-0.5,,3.5,69,4.1,-5.4,1021.0,,2.0,0,4607
3508,108,서울,2024-02-24 04:00,-0.6,,3.6,68,4.0,-5.7,1021.3,,2.0,0,4271
3509,108,서울,2024-02-24 05:00,-0.9,,3.3,69,4.0,-5.8,1020.6,,2.0,0,4440
3510,108,서울,2024-02-24 06:00,-1.0,,4.0,70,4.0,-5.7,1020.5,,2.0,0,4400
3511,108,서울,2024-02-24 07:00,-1.3,,4.1,70,3.9,-6.0,1020.2,,2.0,0,4435
3512,108,서울,2024-02-24 08:00,-1.1,,2.6,67,3.8,-6.4,1020.1,0.09,2.0,0,4582
3513,108,서울,2024-02-24 09:00,-0.1,,3.5,63,3.8,-6.3,1020.4,0.57,2.0,0,4354
3514,108,서울,2024-02-24 10:00,1.5,,3.2,57,3.9,-6.1,1020.4,1.28,2.0,5,4623
3515,108,서울,2024-02-24 11:00,2.1,,3.5,54,3.8,-6.2,1019.9,1.39,1.8,6,4048
3516,108,서울,2024-02-24 12:00,3.9,,3.6,52,4.2,-5.0,1019.4,2.07,1.5,3,4399
3517,108,서울,2024-02-24 13:00,4.6,,2.7,53,4.5,-4.1,1017.7,1.75,1.0,7,4348
3518,108,서울,2024-02-24 14:00,5.4,,4.5,50,4.5,-4.2,1016.6,2.22,,1,4408
3519,108,서울,2024-02-24 15:00,5.6,,2.9,50,4.5,-4.0,1015.5,1.7,,3,4443
3520,108,서울,2024-02-24 16:00,5.4,,2.8,51,4.6,-3.9,1015.2,0.64,,7,4462
3521,108,서울,2024-02-24 17:00,5.1,,1.9,53,4.6,-3.7,1015.1,0.28,,7,4247
3522,108,서울,2024-02-24 18:00,4.5,0.0,1.8,60,5.0,-2.6,1015.3,0.08,,7,3676
3523,108,서울,2024-02-24 19:00,3.3,,2.4,79,6.1,0.0,1015.9,0.0,,8,984
3524,108,서울,2024-02-24 20:00,2.4,,2.1,89,6.4,0.7,1015.6,,,8,763
3525,108,서울,2024-02-24 21:00,2.1,1.3,2.2,91,6.4,0.7,1015.5,,,8,725
3526,108,서울,2024-02-24 22:00,2.1,,2.5,93,6.6,1.0,1015.0,,,8,766
3527,108,서울,2024-02-24 23:00,1.9,,3.0,94,6.6,1.0,1014.5,,,7,542
3528,108,서울,2024-02-25 00:00,1.6,1.0,2.5,94,6.4,0.7,1014.2,,,8,560
3529,108,서울,2024-02-25 01:00,1.3,,2.7,94,6.3,0.4,1014.0,,,8,603
3530,108,서울,2024-02-25 02:00,1.1,,2.6,95,6.2,0.3,1013.5,,,8,640
3531,108,서울,2024-02-25 03:00,1.1,0.8,2.5,95,6.2,0.3,1012.9,,,9,1065
3532,108,서울,2024-02-25 04:00,1.1,,2.2,94,6.2,0.2,1012.4,,,9,658
3533,108,서울,2024-02-25 05:00,0.9,,2.4,95,6.2,0.1,1012.5,,,8,307
3534,108,서울,2024-02-25 06:00,0.9,0.8,1.3,95,6.2,0.1,1012.1,,,7,481
3535,108,서울,2024-02-25 07:00,0.8,,2.3,95,6.1,0.0,1012.2,,0.2,8,1064
3536,108,서울,2024-02-25 08:00,0.9,,1.1,94,6.1,0.0,1012.9,0.06,0.2,7,951
3537,108,서울,2024-02-25 09:00,1.4,0.2,0.3,93,6.2,0.3,1012.8,0.24,0.1,8,1343
3538,108,서울,2024-02-25 10:00,2.4,,1.6,89,6.4,0.7,1012.6,0.74,,7,3563
3539,108,서울,2024-02-25 11:00,3.5,,1.1,84,6.6,1.0,1012.4,1.07,,9,3897
3540,108,서울,2024-02-25 12:00,4.7,0.0,1.3,74,6.3,0.4,1012.1,1.49,,8,4022
3541,108,서울,2024-02-25 13:00,5.2,,1.3,71,6.2,0.3,1011.7,1.07,,9,3664
3542,108,서울,2024-02-25 14:00,4.9,,2.1,76,6.6,1.0,1011.7,0.6,,9,3150
3543,108,서울,2024-02-25 15:00,5.0,,3.4,68,5.9,-0.4,1011.8,0.48,,8,4291
3544,108,서울,2024-02-25 16:00,5.7,,2.3,64,5.9,-0.5,1011.7,1.0,,8,4509
3545,108,서울,2024-02-25 17:00,5.3,,2.6,68,6.1,-0.1,1011.8,0.43,,4,3530
3546,108,서울,2024-02-25 18:00,4.9,,1.2,68,5.9,-0.5,1012.2,0.36,,5,3244
3547,108,서울,2024-02-25 19:00,4.4,,3.0,66,5.5,-1.4,1012.8,0.01,,2,3530
3548,108,서울,2024-02-25 20:00,3.9,,1.5,69,5.6,-1.2,1013.5,,,0,3306
3549,108,서울,2024-02-25 21:00,3.0,,2.0,73,5.6,-1.3,1014.1,,,0,1641
3550,108,서울,2024-02-25 22:00,2.5,,2.3,75,5.5,-1.4,1014.7,,,0,1306
3551,108,서울,2024-02-25 23:00,1.7,,1.4,77,5.3,-1.9,1014.8,,,0,1217
3552,108,서울,2024-02-26 00:00,1.3,,1.7,80,5.4,-1.7,1015.1,,,0,1161
3553,108,서울,2024-02-26 01:00,0.8,,1.2,81,5.3,-2.0,1015.4,,,0,1292
3554,108,서울,2024-02-26 02:00,0.3,,0.0,83,5.2,-2.2,1015.7,,,0,1146
3555,108,서울,2024-02-26 03:00,-0.2,,1.3,85,5.1,-2.4,1015.5,,,0,950
3556,108,서울,2024-02-26 04:00,-0.6,,0.8,88,5.2,-2.3,1015.3,,,0,880
3557,108,서울,2024-02-26 05:00,-0.7,,0.4,90,5.2,-2.1,1015.6,,,0,844
3558,108,서울,2024-02-26 06:00,-0.9,,1.2,90,5.2,-2.3,1016.2,,,0,867
3559,108,서울,2024-02-26 07:00,-1.2,,2.1,90,5.0,-2.6,1016.8,,,0,780
3560,108,서울,2024-02-26 08:00,-0.9,,1.8,91,5.2,-2.1,1017.4,0.13,,2,983
3561,108,서울,2024-02-26 09:00,1.4,,1.0,86,5.8,-0.6,1017.7,0.7,,1,1191
3562,108,서울,2024-02-26 10:00,3.7,,2.7,72,5.8,-0.8,1017.7,1.48,,0,1736
3563,108,서울,2024-02-26 11:00,5.5,,2.8,61,5.5,-1.4,1017.8,2.12,,0,3285
3564,108,서울,2024-02-26 12:00,7.1,,2.6,53,5.4,-1.8,1017.3,2.56,,2,3489
3565,108,서울,2024-02-26 13:00,8.5,,2.2,49,5.4,-1.6,1016.6,2.66,,6,3785
3566,108,서울,2024-02-26 14:00,8.4,,0.7,45,5.0,-2.8,1016.2,1.66,,7,3375
3567,108,서울,2024-02-26 15:00,8.5,,1.3,44,4.9,-3.0,1016.2,1.51,,7,3344
3568,108,서울,2024-02-26 16:00,8.9,,3.0,43,4.9,-3.0,1015.9,1.35,,6,3309
3569,108,서울,2024-02-26 17:00,8.4,,2.0,43,4.8,-3.4,1016.0,0.56,,6,3569
3570,108,서울,2024-02-26 18:00,7.2,,3.3,48,4.9,-3.0,1016.4,0.23,,4,3522
3571,108,서울,2024-02-26 19:00,6.3,,3.4,49,4.7,-3.6,1016.9,0.02,,4,3879
3572,108,서울,2024-02-26 20:00,5.4,,2.5,54,4.9,-3.1,1017.1,,,6,4015
3573,108,서울,2024-02-26 21:00,4.7,,2.3,55,4.7,-3.5,1017.5,,,0,3752
3574,108,서울,2024-02-26 22:00,3.8,,2.1,57,4.6,-3.9,1018.2,,,5,4434
3575,108,서울,2024-02-26 23:00,3.2,,2.2,60,4.6,-3.8,1018.1,,,4,4966
3576,108,서울,2024-02-27 00:00,2.8,,2.6,61,4.6,-3.9,1018.5,,,0,5000
3577,108,서울,2024-02-27 01:00,2.2,,2.6,65,4.6,-3.7,1019.4,,,4,5000
3578,108,서울,2024-02-27 02:00,1.8,,3.3,67,4.7,-3.6,1019.5,,,6,5000
3579,108,서울,2024-02-27 03:00,2.1,,4.8,64,4.5,-4.0,1019.3,,,0,5000
3580,108,서울,2024-02-27 04:00,1.9,,4.2,63,4.4,-4.4,1019.2,,,0,5000
3581,108,서울,2024-02-27 05:00,1.6,,5.2,63,4.3,-4.6,1019.4,,,0,5000
3582,108,서울,2024-02-27 06:00,1.3,,4.4,64,4.3,-4.7,1019.7,,,0,4534
3583,108,서울,2024-02-27 07:00,1.2,,4.3,63,4.2,-5.0,1019.7,,,0,4275
3584,108,서울,2024-02-27 08:00,1.5,,4.5,63,4.3,-4.7,1019.6,0.09,,0,3870
3585,108,서울,2024-02-27 09:00,2.3,,3.6,59,4.2,-4.9,1020.3,0.46,,0,4083
3586,108,서울,2024-02-27 10:00,3.6,,4.2,54,4.3,-4.8,1020.4,0.91,,0,3880
3587,108,서울,2024-02-27 11:00,5.0,,3.8,49,4.3,-4.8,1020.3,1.47,,0,3446
3588,108,서울,2024-02-27 12:00,6.2,,3.5,46,4.4,-4.5,1020.0,1.71,,0,4344
3589,108,서울,2024-02-27 13:00,7.7,,3.0,44,4.6,-3.8,1018.9,1.85,,0,3803
3590,108,서울,2024-02-27 14:00,8.2,,2.8,41,4.5,-4.2,1018.4,1.78,,0,4185
3591,108,서울,2024-02-27 15:00,9.6,,2.8,38,4.5,-4.0,1017.8,2.02,,0,3994
3592,108,서울,2024-02-27 16:00,9.5,,2.6,38,4.5,-4.1,1017.6,1.82,,1,3538
3593,108,서울,2024-02-27 17:00,8.9,,1.5,41,4.7,-3.6,1017.4,0.67,,4,3268
3594,108,서울,2024-02-27 18:00,8.1,,0.5,45,4.9,-3.1,1017.6,0.26,,4,3003
3595,108,서울,2024-02-27 19:00,7.5,,1.5,47,4.9,-3.1,1017.7,0.02,,8,3346
3596,108,서울,2024-02-27 20:00,7.3,,1.8,48,4.9,-3.0,1018.0,,,8,3308
3597,108,서울,2024-02-27 21:00,7.0,,2.1,49,4.9,-3.0,1017.9,,,8,3294
3598,108,서울,2024-02-27 22:00,6.7,,2.6,48,4.7,-3.5,1018.3,,,7,3504
3599,108,서울,2024-02-27 23:00,6.3,,2.5,51,4.9,-3.1,1018.7,,,8,3497
3600,108,서울,2024-02-28 00:00,5.8,,0.9,51,4.7,-3.5,1018.5,,,5,3562
3601,108,서울,2024-02-28 01:00,5.1,,2.4,54,4.8,-3.4,1018.2,,,7,3461
3602,108,서울,2024-02-28 02:00,4.7,,2.8,58,5.0,-2.8,1018.2,,,7,3221
3603,108,서울,2024-02-28 03:00,4.5,,2.6,58,4.9,-3.0,1017.6,,,6,3216
3604,108,서울,2024-02-28 04:00,3.8,,2.7,61,4.9,-3.0,1017.3,,,7,3137
3605,108,서울,2024-02-28 05:00,3.7,,2.5,62,4.9,-2.9,1017.6,,,9,3282
3606,108,서울,2024-02-28 06:00,3.7,,2.9,62,4.9,-2.9,1017.6,,,7,3326
3607,108,서울,2024-02-28 07:00,3.3,,2.6,63,4.9,-3.0,1017.8,,,7,3050
3608,108,서울,2024-02-28 08:00,3.4,,2.9,65,5.1,-2.5,1018.0,0.08,,7,2947
3609,108,서울,2024-02-28 09:00,4.4,,2.8,62,5.2,-2.2,1018.7,0.39,,7,2648
3610,108,서울,2024-02-28 10:00,5.8,,1.9,57,5.3,-2.0,1018.7,0.83,,5,2684
3611,108,서울,2024-02-28 11:00,7.1,,2.0,53,5.4,-1.8,1018.7,1.3,,0,3117
3612,108,서울,2024-02-28 12:00,8.1,,1.7,52,5.6,-1.1,1018.2,1.54,,2,2366
3613,108,서울,2024-02-28 13:00,9.0,,1.4,49,5.6,-1.1,1017.7,1.81,,0,2625
3614,108,서울,2024-02-28 14:00,9.7,,1.5,50,6.0,-0.2,1016.9,1.65,,2,2242
3615,108,서울,2024-02-28 15:00,9.9,,0.8,49,6.0,-0.3,1016.2,1.18,,2,2095
3616,108,서울,2024-02-28 16:00,9.8,,2.3,50,6.1,-0.1,1016.2,0.81,,2,1988
3617,108,서울,2024-02-28 17:00,9.4,,1.5,51,6.0,-0.2,1016.1,0.47,,1,1767
3618,108,서울,2024-02-28 18:00,8.7,,1.8,54,6.1,-0.1,1015.9,0.13,,10,2075
3619,108,서울,2024-02-28 19:00,8.1,,1.7,59,6.3,0.5,1015.9,0.01,,10,1799
3620,108,서울,2024-02-28 20:00,7.4,,2.2,66,6.8,1.4,1015.9,,,9,1388
3621,108,서울,2024-02-28 21:00,6.9,,2.0,68,6.7,1.3,1015.9,,,9,1311
3622,108,서울,2024-02-28 22:00,6.3,,1.7,70,6.7,1.2,1016.4,,,6,1254
3623,108,서울,2024-02-28 23:00,5.7,,0.7,70,6.4,0.6,1016.4,,,5,1194
3624,108,서울,2024-02-29 00:00,5.2,,1.1,71,6.2,0.3,1015.9,,,6,1195
3625,108,서울,2024-02-29 01:00,5.2,,1.7,72,6.3,0.5,1016.0,,,8,1100
3626,108,서울,2024-02-29 02:00,4.5,,1.0,76,6.4,0.6,1015.6,,,3,857
3627,108,서울,2024-02-29 03:00,3.9,,0.9,77,6.2,0.2,1015.2,,,0,981
3628,108,서울,2024-02-29 04:00,3.5,,1.2,78,6.1,0.0,1015.0,,,6,933
3629,108,서울,2024-02-29 05:00,3.7,,1.1,79,6.2,0.3,1014.8,,,6,949
3630,108,서울,2024-02-29 06:00,3.3,,0.3,80,6.2,0.1,1014.6,,,10,940
3631,108,서울,2024-02-29 07:00,3.0,,2.0,80,6.1,-0.1,1014.0,,,8,868
3632,108,서울,2024-02-29 08:00,3.0,,0.1,75,5.7,-1.0,1013.6,0.05,,8,1197
3633,108,서울,2024-02-29 09:00,3.8,,1.1,78,6.2,0.3,1014.4,0.19,,7,1034
3634,108,서울,2024-02-29 10:00,5.1,,1.6,71,6.2,0.2,1013.9,0.52,,8,1222
3635,108,서울,2024-02-29 11:00,6.0,,1.2,64,6.0,-0.3,1013.4,0.63,,10,1172
3636,108,서울,2024-02-29 12:00,6.8,,0.8,59,5.8,-0.6,1012.4,0.46,,10,1269
3637,108,서울,2024-02-29 13:00,7.4,,1.2,53,5.5,-1.5,1011.3,0.67,,5,1425
3638,108,서울,2024-02-29 14:00,8.4,,1.2,55,6.1,-0.1,1010.2,1.12,,6,1125
3639,108,서울,2024-02-29 15:00,8.7,,1.1,54,6.1,-0.1,1009.3,1.03,,7,1081
3640,108,서울,2024-02-29 16:00,9.3,,2.9,50,5.8,-0.6,1008.8,1.17,,6,1045
3641,108,서울,2024-02-29 17:00,8.7,,2.9,53,6.0,-0.3,1008.7,0.86,,4,871
3642,108,서울,2024-02-29 18:00,7.6,,3.9,50,5.2,-2.1,1009.1,0.29,,3,1178
3643,108,서울,2024-02-29 19:00,6.6,,3.4,48,4.7,-3.6,1009.4,0.02,,9,1529
3644,108,서울,2024-02-29 20:00,5.3,,4.8,62,5.5,-1.4,1009.3,,,8,906
3645,108,서울,2024-02-29 21:00,4.1,,6.2,59,4.8,-3.2,1009.4,,,0,777
3646,108,서울,2024-02-29 22:00,2.5,,4.3,43,3.1,-8.8,1009.9,,,8,1997
3647,108,서울,2024-02-29 23:00,1.5,,3.5,50,3.4,-7.8,1010.4,,,2,1917
3648,108,서울,2024-03-01 00:00,0.3,,3.0,52,3.2,-8.4,1011.1,,,0,2136
3649,108,서울,2024-03-01 01:00,-0.4,,2.9,55,3.3,-8.3,1011.1,,,0,1725
3650,108,서울,2024-03-01 02:00,-1.2,,3.5,56,3.1,-8.8,1011.7,,,0,1750
3651,108,서울,2024-03-01 03:00,-1.9,,4.1,52,2.8,-10.4,1012.2,,,0,2061
3652,108,서울,2024-03-01 04:00,-2.5,,3.9,43,2.2,-13.3,1012.5,,,0,2589
3653,108,서울,2024-03-01 05:00,-2.8,,5.0,36,1.8,-15.8,1012.5,,,0,3582
3654,108,서울,2024-03-01 06:00,-3.8,,4.2,37,1.7,-16.3,1012.6,,,0,3854
3655,108,서울,2024-03-01 07:00,-4.8,,4.4,36,1.5,-17.6,1013.2,,,0,3921
3656,108,서울,2024-03-01 08:00,-5.3,,3.1,38,1.6,-17.4,1013.8,0.19,,0,3956
3657,108,서울,2024-03-01 09:00,-4.8,,5.2,36,1.5,-17.6,1013.8,0.87,,0,3914
3658,108,서울,2024-03-01 10:00,-4.5,,5.5,31,1.4,-19.1,1013.9,1.69,,0,4131
3659,108,서울,2024-03-01 11:00,-3.3,,3.9,35,1.7,-16.6,1013.8,2.31,,0,3560
3660,108,서울,2024-03-01 12:00,-3.0,,4.6,33,1.6,-17.0,1013.6,2.72,,0,3016
3661,108,서울,2024-03-01 13:00,-2.7,,4.9,29,1.5,-18.3,1013.0,2.92,,0,3274
3662,108,서울,2024-03-01 14:00,-2.3,,7.1,26,1.3,-19.2,1012.5,2.93,,0,3839
3663,108,서울,2024-03-01 15:00,-2.2,,6.2,27,1.4,-18.7,1012.2,2.63,,0,4794
3664,108,서울,2024-03-01 16:00,-2.2,,5.7,34,1.8,-15.9,1012.0,2.06,,1,4713
3665,108,서울,2024-03-01 17:00,-2.4,,4.4,32,1.6,-16.8,1012.1,1.39,,0,4760
3666,108,서울,2024-03-01 18:00,-3.9,,6.0,33,1.5,-17.8,1012.4,0.59,,0,4518
3667,108,서울,2024-03-01 19:00,-5.0,,4.7,40,1.7,-16.5,1013.1,0.03,,0,4000
3668,108,서울,2024-03-01 20:00,-5.6,,2.9,43,1.7,-16.2,1013.9,,,0,3773
3669,108,서울,2024-03-01 21:00,-6.0,,4.4,44,1.7,-16.3,1014.5,,,0,3550
3670,108,서울,2024-03-01 22:00,-6.5,,3.4,47,1.8,-15.9,1015.0,,,0,3348
3671,108,서울,2024-03-01 23:00,-6.8,,3.2,49,1.8,-15.7,1015.2,,,0,3227
3672,108,서울,2024-03-02 00:00,-7.1,,2.4,49,1.8,-16.0,1015.2,,,0,3273
3673,108,서울,2024-03-02 01:00,-7.4,,1.5,48,1.7,-16.5,1015.1,,,0,3426
3674,108,서울,2024-03-02 02:00,-7.7,,0.6,48,1.6,-16.8,1014.8,,,0,3262
3675,108,서울,2024-03-02 03:00,-8.0,,1.5,55,1.8,-15.4,1014.2,,,0,2968
3676,108,서울,2024-03-02 04:00,-8.0,,1.2,54,1.8,-15.6,1013.4,,,0,3437
3677,108,서울,2024-03-02 05:00,-8.0,,0.8,57,1.9,-15.0,1012.7,,,0,3321
3678,108,서울,2024-03-02 06:00,-7.9,,1.8,56,1.9,-15.1,1012.3,,,0,3461
3679,108,서울,2024-03-02 07:00,-8.0,,1.7,58,1.9,-14.8,1012.1,,,0,3407
3680,108,서울,2024-03-02 08:00,-7.4,,1.1,60,2.1,-13.8,1012.3,0.18,,0,3290
3681,108,서울,2024-03-02 09:00,-4.2,,2.3,57,2.6,-11.4,1012.2,0.8,,0,3392
3682,108,서울,2024-03-02 10:00,-2.1,,2.4,53,2.8,-10.4,1011.5,1.53,,0,3170
3683,108,서울,2024-03-02 11:00,0.2,,2.3,53,3.3,-8.2,1011.0,2.03,,2,3246
3684,108,서울,2024-03-02 12:00,1.9,,4.7,54,3.8,-6.4,1009.7,2.43,,7,3247
3685,108,서울,2024-03-02 13:00,2.2,,5.4,56,4.0,-5.6,1008.4,1.58,,7,3897
3686,108,서울,2024-03-02 14:00,2.9,,6.4,52,3.9,-6.0,1007.0,1.48,,6,3628
3687,108,서울,2024-03-02 15:00,3.2,0.0,6.3,53,4.1,-5.4,1006.5,1.61,,8,3133
3688,108,서울,2024-03-02 16:00,3.1,,6.5,58,4.4,-4.3,1006.3,0.56,,9,3482
3689,108,서울,2024-03-02 17:00,3.7,,5.2,58,4.6,-3.8,1005.5,0.63,,4,2987
3690,108,서울,2024-03-02 18:00,3.4,,5.9,62,4.8,-3.2,1005.3,0.36,,4,2271
3691,108,서울,2024-03-02 19:00,3.5,,5.2,65,5.1,-2.4,1005.1,0.02,,9,1878
3692,108,서울,2024-03-02 20:00,3.3,,4.1,68,5.3,-2.0,1005.1,,,8,1641
3693,108,서울,2024-03-02 21:00,3.3,0.0,3.1,69,5.4,-1.8,1005.4,,,9,1669
3694,108,서울,2024-03-02 22:00,3.4,,3.0,71,5.6,-1.3,1005.3,,,9,1450
3695,108,서울,2024-03-02 23:00,3.4,,2.8,72,5.6,-1.1,1005.0,,,9,1329
3696,108,서울,2024-03-03 00:00,4.1,,3.2,77,6.3,0.4,1005.1,,,8,543
3697,108,서울,2024-03-03 01:00,4.2,,3.1,78,6.4,0.6,1004.9,,,9,431
3698,108,서울,2024-03-03 02:00,4.1,,4.4,79,6.4,0.7,1005.4,,,2,396
3699,108,서울,2024-03-03 03:00,3.5,,3.6,79,6.2,0.1,1005.5,,,7,405
3700,108,서울,2024-03-03 04:00,2.4,,2.9,78,5.7,-1.0,1005.9,,,0,392
3701,108,서울,2024-03-03 05:00,1.5,,2.1,80,5.5,-1.5,1006.0,,,0,380
3702,108,서울,2024-03-03 06:00,0.9,,2.4,81,5.3,-1.9,1006.0,,,0,369
3703,108,서울,2024-03-03 07:00,0.5,,2.3,83,5.3,-2.0,1006.5,,,0,335
3704,108,서울,2024-03-03 08:00,0.7,,2.2,85,5.5,-1.5,1006.9,0.15,,0,334
3705,108,서울,2024-03-03 09:00,2.0,,1.5,79,5.6,-1.2,1007.2,0.67,,0,382
3706,108,서울,2024-03-03 10:00,3.5,,2.0,63,5.0,-2.8,1007.3,1.33,,0,524
3707,108,서울,2024-03-03 11:00,4.9,,2.9,49,4.2,-4.9,1007.2,1.85,,0,960
3708,108,서울,2024-03-03 12:00,6.7,,2.8,46,4.5,-4.1,1007.2,2.12,,7,967
3709,108,서울,2024-03-03 13:00,7.3,,4.0,50,5.1,-2.4,1006.4,2.24,,3,736
3710,108,서울,2024-03-03 14:00,7.3,,4.1,60,6.1,0.0,1005.7,1.45,,9,549
3711,108,서울,2024-03-03 15:00,7.3,,4.0,62,6.3,0.4,1005.4,1.11,,4,504
3712,108,서울,2024-03-03 16:00,7.2,,3.8,64,6.5,0.8,1005.3,1.32,,4,503
3713,108,서울,2024-03-03 17:00,6.8,,4.8,65,6.4,0.6,1005.4,0.86,,3,483
3714,108,서울,2024-03-03 18:00,6.0,,2.6,66,6.2,0.1,1005.7,0.39,,0,474
3715,108,서울,2024-03-03 19:00,5.0,,2.6,71,6.2,0.1,1006.1,0.03,,0,457
3716,108,서울,2024-03-03 20:00,4.4,,3.5,75,6.2,0.3,1007.2,,,0,414
3717,108,서울,2024-03-03 21:00,3.6,,1.9,77,6.1,0.0,1007.9,,,0,382
3718,108,서울,2024-03-03 22:00,2.9,,1.4,79,6.0,-0.3,1008.5,,,0,374
3719,108,서울,2024-03-03 23:00,2.5,,1.7,82,6.0,-0.2,1008.7,,,0,371
3720,108,서울,2024-03-04 00:00,1.8,,1.1,82,5.7,-0.9,1009.3,,,0,356
3721,108,서울,2024-03-04 01:00,1.4,,1.5,84,5.7,-1.0,1009.5,,,0,351
3722,108,서울,2024-03-04 02:00,0.9,,2.1,84,5.5,-1.5,1010.1,,,0,406
3723,108,서울,2024-03-04 03:00,0.4,,1.2,86,5.4,-1.6,1010.0,,,0,332
3724,108,서울,2024-03-04 04:00,-0.2,,1.1,87,5.2,-2.1,1010.1,,,0,325
3725,108,서울,2024-03-04 05:00,-0.6,,0.9,76,4.4,-4.3,1010.8,,,0,705
3726,108,서울,2024-03-04 06:00,-1.3,,1.7,71,4.0,-5.8,1011.1,,,0,1205
3727,108,서울,2024-03-04 07:00,-1.7,,1.6,71,3.8,-6.2,1011.5,0.0,,0,1440
3728,108,서울,2024-03-04 08:00,-1.4,,2.0,67,3.7,-6.7,1011.9,0.2,,0,1418
3729,108,서울,2024-03-04 09:00,1.3,,2.3,50,3.3,-8.0,1012.7,0.84,,0,1727
3730,108,서울,2024-03-04 10:00,3.8,,2.5,41,3.3,-8.2,1012.6,1.64,,0,2086
3731,108,서울,2024-03-04 11:00,6.1,,2.0,29,2.7,-10.6,1012.3,2.26,,0,2619
3732,108,서울,2024-03-04 12:00,8.0,,1.8,29,3.1,-8.9,1011.4,2.67,,0,2102
3733,108,서울,2024-03-04 13:00,10.2,,1.4,23,2.9,-10.0,1010.5,2.87,,0,3036
3734,108,서울,2024-03-04 14:00,11.1,,2.7,19,2.5,-11.7,1009.6,2.76,,0,3750
3735,108,서울,2024-03-04 15:00,11.5,,1.6,23,3.1,-8.9,1008.8,1.85,,0,2687
3736,108,서울,2024-03-04 16:00,11.1,,2.3,25,3.3,-8.2,1008.5,1.28,,0,2177
3737,108,서울,2024-03-04 17:00,11.2,,1.8,26,3.5,-7.6,1008.4,1.0,,0,1712
3738,108,서울,2024-03-04 18:00,9.9,,2.4,29,3.5,-7.3,1008.9,0.4,,0,1843
3739,108,서울,2024-03-04 19:00,8.4,,1.7,35,3.8,-6.2,1008.9,0.02,,7,1622
3740,108,서울,2024-03-04 20:00,7.7,,2.0,39,4.1,-5.4,1008.6,,,9,1516
3741,108,서울,2024-03-04 21:00,6.9,,1.0,40,4.0,-5.7,1008.2,,,7,1622
3742,108,서울,2024-03-04 22:00,6.1,,1.5,40,3.8,-6.5,1008.5,,,8,1868
3743,108,서울,2024-03-04 23:00,5.8,,1.7,39,3.6,-7.1,1008.1,,,8,2012
3744,108,서울,2024-03-05 00:00,6.1,,2.5,36,3.4,-7.8,1007.6,,,9,2350
3745,108,서울,2024-03-05 01:00,6.3,,1.8,35,3.3,-8.0,1007.5,,,10,2490
3746,108,서울,2024-03-05 02:00,6.6,,1.9,33,3.2,-8.5,1007.0,,,10,2509
3747,108,서울,2024-03-05 03:00,6.4,,2.1,34,3.3,-8.3,1006.6,,,9,2610
3748,108,서울,2024-03-05 04:00,6.4,,2.3,34,3.3,-8.3,1006.2,,,10,2728
3749,108,서울,2024-03-05 05:00,6.4,,2.2,34,3.3,-8.3,1006.0,,,10,2761
3750,108,서울,2024-03-05 06:00,6.5,,2.7,35,3.4,-7.8,1005.3,,,10,2526
3751,108,서울,2024-03-05 07:00,6.5,,2.7,36,3.5,-7.5,1005.2,0.0,,10,2513
3752,108,서울,2024-03-05 08:00,6.4,,2.3,38,3.6,-6.9,1005.5,0.04,,10,2141
3753,108,서울,2024-03-05 09:00,6.9,,3.3,40,4.0,-5.7,1006.0,0.21,,7,2127
3754,108,서울,2024-03-05 10:00,8.2,,2.5,40,4.3,-4.6,1005.6,0.65,,9,1645
3755,108,서울,2024-03-05 11:00,8.8,,2.9,41,4.6,-3.7,1005.1,0.7,,3,1430
3756,108,서울,2024-03-05 12:00,10.4,,3.2,37,4.7,-3.6,1004.2,1.4,,10,1711
3757,108,서울,2024-03-05 13:00,10.8,,3.4,37,4.8,-3.3,1002.8,1.01,,10,1490
3758,108,서울,2024-03-05 14:00,10.9,,2.3,39,5.1,-2.5,1002.4,0.76,,5,1525
3759,108,서울,2024-03-05 15:00,10.8,,2.0,41,5.3,-1.9,1002.4,0.54,,3,1546
3760,108,서울,2024-03-05 16:00,10.7,,2.7,42,5.4,-1.7,1002.4,0.29,,2,1451
3761,108,서울,2024-03-05 17:00,10.9,,2.4,42,5.5,-1.5,1000.5,0.42,,8,1378
3762,108,서울,2024-03-05 18:00,10.1,,3.1,50,6.2,0.1,1001.5,0.25,,0,1545
3763,108,서울,2024-03-05 19:00,8.9,,4.5,59,6.7,1.3,1002.3,0.02,,1,2568
3764,108,서울,2024-03-05 20:00,8.1,,4.1,61,6.6,1.0,1003.1,,,8,4380
3765,108,서울,2024-03-05 21:00,7.3,,3.3,60,6.1,0.0,1004.1,,,0,5000
3766,108,서울,2024-03-05 22:00,6.3,,3.5,63,6.0,-0.2,1004.4,,,7,4668
3767,108,서울,2024-03-05 23:00,5.8,,4.2,64,5.9,-0.4,1004.5,,,3,5000
3768,108,서울,2024-03-06 00:00,5.5,,3.9,64,5.8,-0.7,1004.6,,,0,5000
3769,108,서울,2024-03-06 01:00,4.8,,3.5,66,5.7,-1.0,1004.5,,,0,5000
3770,108,서울,2024-03-06 02:00,4.1,,2.3,68,5.6,-1.2,1004.5,,,0,4658
3771,108,서울,2024-03-06 03:00,3.6,,2.0,69,5.5,-1.5,1004.5,,,0,4737
3772,108,서울,2024-03-06 04:00,3.2,,2.4,72,5.6,-1.3,1004.5,,,0,4505
3773,108,서울,2024-03-06 05:00,2.8,,2.5,71,5.3,-1.9,1004.9,,,0,4960
3774,108,서울,2024-03-06 06:00,2.7,,2.5,74,5.5,-1.4,1005.0,,,0,4852
3775,108,서울,2024-03-06 07:00,2.5,,2.3,74,5.4,-1.6,1005.9,0.0,,3,4781
3776,108,서울,2024-03-06 08:00,3.3,,2.5,72,5.6,-1.2,1006.3,0.15,,3,4571
3777,108,서울,2024-03-06 09:00,4.5,,3.9,68,5.7,-0.9,1006.6,0.48,,8,4661
3778,108,서울,2024-03-06 10:00,5.8,,3.2,62,5.7,-0.9,1006.6,0.65,,8,4523
3779,108,서울,2024-03-06 11:00,7.5,,3.0,56,5.8,-0.7,1006.5,1.44,,3,4232
3780,108,서울,2024-03-06 12:00,9.2,,2.2,50,5.8,-0.7,1006.4,1.92,,8,4809
3781,108,서울,2024-03-06 13:00,9.4,,1.6,49,5.8,-0.7,1005.7,1.54,,7,4792
3782,108,서울,2024-03-06 14:00,9.6,,2.4,50,6.0,-0.3,1005.3,1.21,,8,4747
3783,108,서울,2024-03-06 15:00,10.0,,2.1,48,5.9,-0.5,1005.1,1.12,,7,4312
3784,108,서울,2024-03-06 16:00,10.0,,1.4,48,5.9,-0.5,1004.9,0.84,,7,3656
3785,108,서울,2024-03-06 17:00,9.5,,2.3,48,5.7,-0.9,1004.9,0.65,,6,3702
3786,108,서울,2024-03-06 18:00,9.1,,2.4,49,5.7,-1.0,1005.0,0.29,,7,3884
3787,108,서울,2024-03-06 19:00,8.2,,3.0,52,5.7,-1.0,1005.7,0.02,,6,3532
3788,108,서울,2024-03-06 20:00,7.2,,4.8,52,5.3,-2.0,1006.3,,,7,4460
3789,108,서울,2024-03-06 21:00,6.1,,4.0,54,5.1,-2.5,1006.8,,,5,4654
3790,108,서울,2024-03-06 22:00,5.1,,5.1,57,5.0,-2.7,1007.4,,,0,4227
3791,108,서울,2024-03-06 23:00,4.6,,4.6,57,4.8,-3.2,1007.5,,,7,4105
3792,108,서울,2024-03-07 00:00,4.2,,2.9,58,4.8,-3.3,1007.6,,,6,4342
3793,108,서울,2024-03-07 01:00,4.1,,3.4,58,4.8,-3.4,1007.8,,,7,4343
3794,108,서울,2024-03-07 02:00,3.6,,3.5,61,4.8,-3.2,1007.5,,,3,4180
3795,108,서울,2024-03-07 03:00,3.3,,3.0,62,4.8,-3.2,1007.4,,,7,4494
3796,108,서울,2024-03-07 04:00,3.0,,3.4,62,4.7,-3.5,1006.9,,,2,3975
3797,108,서울,2024-03-07 05:00,2.9,,2.5,65,4.9,-3.0,1006.9,,,8,3987
3798,108,서울,2024-03-07 06:00,3.0,0.0,3.3,64,4.9,-3.1,1006.8,,,7,4055
3799,108,서울,2024-03-07 07:00,3.0,,3.2,65,4.9,-2.9,1006.9,0.0,,9,3695
3800,108,서울,2024-03-07 08:00,3.2,,2.9,64,4.9,-2.9,1006.7,0.05,,9,3686
3801,108,서울,2024-03-07 09:00,3.8,,1.4,65,5.2,-2.1,1006.6,0.21,,9,3108
3802,108,서울,2024-03-07 10:00,5.1,,1.6,63,5.6,-1.3,1006.6,0.68,,9,2766
3803,108,서울,2024-03-07 11:00,5.4,,2.7,68,6.1,0.0,1006.3,0.61,,8,1992
3804,108,서울,2024-03-07 12:00,5.4,0.0,3.1,66,5.9,-0.4,1005.8,1.12,,8,829
3805,108,서울,2024-03-07 13:00,8.2,,3.3,54,5.9,-0.5,1004.9,2.48,,6,1885
3806,108,서울,2024-03-07 14:00,7.6,,4.5,50,5.2,-2.1,1004.3,1.48,,8,1992
3807,108,서울,2024-03-07 15:00,5.8,0.0,2.3,75,6.9,1.7,1004.4,0.71,,9,1382
3808,108,서울,2024-03-07 16:00,4.3,,2.8,86,7.1,2.1,1004.4,0.26,,8,663
3809,108,서울,2024-03-07 17:00,5.3,,2.0,75,6.7,1.2,1004.3,0.54,,5,1122
3810,108,서울,2024-03-07 18:00,5.2,2.1,3.2,53,4.7,-3.6,1004.7,0.58,,0,2172
3811,108,서울,2024-03-07 19:00,4.0,,3.4,58,4.7,-3.5,1004.9,0.05,,0,2466
3812,108,서울,2024-03-07 20:00,3.6,,3.3,55,4.3,-4.6,1005.2,,,0,2407
3813,108,서울,2024-03-07 21:00,3.1,,2.4,60,4.6,-3.9,1005.5,,,0,2380
3814,108,서울,2024-03-07 22:00,2.5,,2.7,52,3.8,-6.3,1006.0,,,0,2907
3815,108,서울,2024-03-07 23:00,1.9,,2.4,47,3.3,-8.2,1006.7,,,0,2844
3816,108,서울,2024-03-08 00:00,1.2,,3.1,54,3.6,-7.0,1007.0,,,0,2503
3817,108,서울,2024-03-08 01:00,0.7,,2.5,60,3.9,-6.1,1006.8,,,0,2029
3818,108,서울,2024-03-08 02:00,0.2,,2.3,65,4.0,-5.6,1006.5,,,0,1608
3819,108,서울,2024-03-08 03:00,-0.3,,0.9,67,4.0,-5.6,1006.2,,,0,1324
3820,108,서울,2024-03-08 04:00,-0.4,,1.5,71,4.2,-5.0,1005.9,,,0,1363
3821,108,서울,2024-03-08 05:00,-0.6,,0.6,74,4.3,-4.6,1005.9,,,0,1041
3822,108,서울,2024-03-08 06:00,-0.4,,2.1,79,4.7,-3.6,1006.5,,,0,722
3823,108,서울,2024-03-08 07:00,-0.4,,2.0,78,4.6,-3.7,1006.6,0.0,,0,811
3824,108,서울,2024-03-08 08:00,-0.2,,1.7,74,4.5,-4.2,1007.0,0.23,,0,944
3825,108,서울,2024-03-08 09:00,1.4,,2.3,59,4.0,-5.7,1007.2,0.87,,0,1442
3826,108,서울,2024-03-08 10:00,3.2,,4.6,43,3.3,-8.2,1007.2,1.69,,0,2849
3827,108,서울,2024-03-08 11:00,3.9,,5.7,33,2.7,-10.9,1007.0,2.4,,0,3526
3828,108,서울,2024-03-08 12:00,4.6,,5.4,32,2.7,-10.7,1006.6,2.82,,0,3068
3829,108,서울,2024-03-08 13:00,5.9,,5.1,32,3.0,-9.5,1006.2,2.93,,1,2785
3830,108,서울,2024-03-08 14:00,6.0,,5.4,31,2.9,-9.8,1005.7,2.9,,1,3920
3831,108,서울,2024-03-08 15:00,6.1,,5.1,34,3.2,-8.6,1005.8,2.14,,3,3750
3832,108,서울,2024-03-08 16:00,6.2,,4.7,33,3.1,-8.9,1005.7,1.79,,1,3250
3833,108,서울,2024-03-08 17:00,5.4,,5.5,28,2.5,-11.6,1006.0,1.44,,0,4933
3834,108,서울,2024-03-08 18:00,4.1,,4.9,35,2.9,-10.0,1006.7,0.64,,0,4133
3835,108,서울,2024-03-08 19:00,2.4,,4.1,44,3.2,-8.6,1007.7,0.06,,0,3391
3836,108,서울,2024-03-08 20:00,1.5,,2.7,46,3.1,-8.8,1008.5,,,0,2951
3837,108,서울,2024-03-08 21:00,1.0,,3.1,49,3.2,-8.5,1009.0,,,0,2849
3838,108,서울,2024-03-08 22:00,0.5,,2.5,48,3.0,-9.2,1009.6,,,0,2929
3839,108,서울,2024-03-08 23:00,0.4,,3.4,47,3.0,-9.6,1010.1,,,0,2956
3840,108,서울,2024-03-09 00:00,0.1,,3.2,50,3.1,-9.1,1010.5,,,0,2849
3841,108,서울,2024-03-09 01:00,-0.3,,3.1,51,3.0,-9.2,1010.9,,,0,2902
3842,108,서울,2024-03-09 02:00,-0.9,,1.4,52,3.0,-9.5,1011.2,,,0,2748
3843,108,서울,2024-03-09 03:00,-1.4,,1.9,56,3.1,-9.0,1011.2,,,0,2895
3844,108,서울,2024-03-09 04:00,-1.4,,1.9,57,3.1,-8.8,1011.2,,,0,2704
3845,108,서울,2024-03-09 05:00,-1.4,,2.3,58,3.2,-8.6,1011.4,,,0,2606
3846,108,서울,2024-03-09 06:00,-1.8,,3.1,60,3.2,-8.5,1011.7,,,0,2607
3847,108,서울,2024-03-09 07:00,-2.0,,2.3,59,3.1,-8.9,1012.2,0.0,,0,2572
3848,108,서울,2024-03-09 08:00,-1.8,,2.4,58,3.1,-8.9,1012.7,0.28,,0,2557
3849,108,서울,2024-03-09 09:00,-0.4,,3.2,52,3.1,-9.0,1013.3,0.99,,0,2679
3850,108,서울,2024-03-09 10:00,0.8,,2.7,44,2.9,-10.0,1013.7,1.8,,0,2686
3851,108,서울,2024-03-09 11:00,2.3,,2.6,37,2.7,-10.9,1013.7,2.41,,0,2957
3852,108,서울,2024-03-09 12:00,4.2,,3.2,33,2.7,-10.6,1013.5,2.83,,0,3018
3853,108,서울,2024-03-09 13:00,5.2,,2.8,29,2.6,-11.4,1012.9,3.02,,0,3228
3854,108,서울,2024-03-09 14:00,6.1,,3.1,28,2.6,-11.0,1012.2,2.98,,0,3624
3855,108,서울,2024-03-09 15:00,6.8,,3.2,26,2.6,-11.4,1011.9,2.66,,0,3140
3856,108,서울,2024-03-09 16:00,6.7,,4.3,30,3.0,-9.6,1012.3,2.11,,0,2770
3857,108,서울,2024-03-09 17:00,6.2,,3.8,36,3.4,-7.7,1012.4,1.4,,0,2870
3858,108,서울,2024-03-09 18:00,5.0,,3.2,40,3.5,-7.5,1012.8,0.6,,0,2845
3859,108,서울,2024-03-09 19:00,3.4,,3.4,44,3.4,-7.7,1013.4,0.07,,0,3005
3860,108,서울,2024-03-09 20:00,2.6,,3.2,57,4.2,-5.0,1014.2,,,0,2492
3861,108,서울,2024-03-09 21:00,2.1,,2.5,64,4.5,-4.0,1014.4,,,0,2488
3862,108,서울,2024-03-09 22:00,1.8,,2.1,70,4.9,-3.0,1014.9,,,0,2381
3863,108,서울,2024-03-09 23:00,1.4,,1.5,71,4.8,-3.2,1015.3,,,0,2279
3864,108,서울,2024-03-10 00:00,1.3,,1.1,75,5.0,-2.6,1015.6,,,0,2236
3865,108,서울,2024-03-10 01:00,1.0,,1.3,69,4.5,-4.0,1015.9,,,0,2356
3866,108,서울,2024-03-10 02:00,0.1,,1.8,59,3.6,-6.9,1016.0,,,0,2807
3867,108,서울,2024-03-10 03:00,-0.5,,1.7,57,3.4,-7.9,1016.1,,,0,2919
3868,108,서울,2024-03-10 04:00,-1.0,,1.7,60,3.4,-7.7,1016.4,,,0,2793
3869,108,서울,2024-03-10 05:00,-1.4,,0.5,60,3.3,-8.1,1016.7,,,0,2810
3870,108,서울,2024-03-10 06:00,-1.7,,0.2,61,3.3,-8.2,1017.1,,,0,2899
3871,108,서울,2024-03-10 07:00,-1.8,,1.5,61,3.3,-8.3,1017.3,0.0,,0,2775
3872,108,서울,2024-03-10 08:00,-1.1,,1.0,66,3.7,-6.6,1017.8,0.27,,0,2526
3873,108,서울,2024-03-10 09:00,1.6,,2.3,68,4.7,-3.6,1018.2,0.91,,0,1827
3874,108,서울,2024-03-10 10:00,4.1,,1.4,54,4.4,-4.3,1018.8,1.69,,0,2019
3875,108,서울,2024-03-10 11:00,6.3,,1.7,42,4.0,-5.6,1018.6,2.29,,0,2197
3876,108,서울,2024-03-10 12:00,7.8,,3.1,32,3.4,-7.9,1018.3,2.75,,0,2848
3877,108,서울,2024-03-10 13:00,8.9,,2.9,28,3.2,-8.6,1018.0,2.94,,0,3001
3878,108,서울,2024-03-10 14:00,9.9,,4.0,29,3.5,-7.3,1017.2,2.86,,0,2723
3879,108,서울,2024-03-10 15:00,10.4,,2.8,31,3.9,-6.0,1016.7,2.59,,0,3481
3880,108,서울,2024-03-10 16:00,10.4,,2.8,34,4.3,-4.8,1016.7,2.07,,0,2908
3881,108,서울,2024-03-10 17:00,9.2,,3.7,37,4.3,-4.7,1016.1,1.36,,0,4089
3882,108,서울,2024-03-10 18:00,7.8,,3.3,40,4.2,-4.9,1016.2,0.59,,0,3630
3883,108,서울,2024-03-10 19:00,6.3,,3.2,51,4.9,-3.1,1016.4,0.06,,0,3404
3884,108,서울,2024-03-10 20:00,5.3,,2.5,61,5.4,-1.6,1017.0,,,0,2864
3885,108,서울,2024-03-10 21:00,4.8,,1.6,67,5.8,-0.8,1017.3,,,0,2277
3886,108,서울,2024-03-10 22:00,4.4,,0.9,70,5.8,-0.6,1017.3,,,0,2054
3887,108,서울,2024-03-10 23:00,3.6,,1.6,74,5.8,-0.6,1016.3,,,0,1709
3888,108,서울,2024-03-11 00:00,3.4,,0.5,76,5.9,-0.4,1015.7,,,0,1563
3889,108,서울,2024-03-11 01:00,3.4,,1.4,76,5.9,-0.4,1015.5,,,8,1337
3890,108,서울,2024-03-11 02:00,3.0,,2.3,77,5.8,-0.6,1015.1,,,9,1170
3891,108,서울,2024-03-11 03:00,2.8,,1.4,75,5.6,-1.1,1014.7,,,4,1244
3892,108,서울,2024-03-11 04:00,2.7,,,72,5.4,-1.8,1014.1,,,5,1481
3893,108,서울,2024-03-11 05:00,2.6,,,71,5.2,-2.1,1013.6,,,0,1662
3894,108,서울,2024-03-11 06:00,2.1,,,73,5.2,-2.2,1013.0,,,0,1288
3895,108,서울,2024-03-11 07:00,2.2,,,70,5.0,-2.7,1012.1,,,0,1813
3896,108,서울,2024-03-11 08:00,2.7,,,70,5.2,-2.2,1011.5,,,0,1741
3897,108,서울,2024-03-11 09:00,3.7,,,62,4.9,-2.9,1011.1,,,4,2172
3898,108,서울,2024-03-11 10:00,4.7,,,57,4.9,-3.1,1011.6,,,7,2258
3899,108,서울,2024-03-11 11:00,5.9,,2.4,52,4.8,-3.2,1010.9,,,7,1901
3900,108,서울,2024-03-11 12:00,6.8,,2.1,48,4.8,-3.4,1010.6,,,7,2184
3901,108,서울,2024-03-11 13:00,7.5,,0.7,43,4.5,-4.2,1009.7,0.64,,7,2104
3902,108,서울,2024-03-11 14:00,8.7,,2.8,36,4.1,-5.5,1008.3,1.01,,6,2691
3903,108,서울,2024-03-11 15:00,9.7,,2.7,41,4.9,-2.9,1007.5,1.05,,5,3116
3904,108,서울,2024-03-11 16:00,10.4,,2.6,51,6.4,0.6,1006.7,1.21,,4,2345
3905,108,서울,2024-03-11 17:00,10.6,,2.6,53,6.8,1.4,1006.3,0.61,,1,2787
3906,108,서울,2024-03-11 18:00,10.0,,,56,6.9,1.6,1006.1,0.34,,1,3068
3907,108,서울,2024-03-11 19:00,9.1,,,62,7.1,2.1,1006.0,,,0,3410
3908,108,서울,2024-03-11 20:00,8.4,,,65,7.1,2.1,1005.9,,,0,2884
3909,108,서울,2024-03-11 21:00,7.6,,,67,7.0,1.8,1005.8,,,2,2659
3910,108,서울,2024-03-11 22:00,7.0,,,72,7.2,2.2,1005.8,,,0,2356
3911,108,서울,2024-03-11 23:00,6.7,,,76,7.4,2.7,1005.5,,,4,2218
3912,108,서울,2024-03-12 00:00,6.5,,,76,7.3,2.5,1005.3,,,5,1999
3913,108,서울,2024-03-12 01:00,7.0,,,75,7.5,2.8,1005.0,,,4,2011
3914,108,서울,2024-03-12 02:00,6.7,,,75,7.3,2.5,1004.7,,,0,1663
3915,108,서울,2024-03-12 03:00,5.8,,,77,7.1,2.0,1004.1,,,2,1260
3916,108,서울,2024-03-12 04:00,5.1,,,80,7.0,1.9,1003.3,,,5,1190
3917,108,서울,2024-03-12 05:00,5.1,,,83,7.3,2.4,1003.1,,,7,1327
3918,108,서울,2024-03-12 06:00,5.3,,,84,7.5,2.8,1003.5,,,8,1369
3919,108,서울,2024-03-12 07:00,5.5,,,85,7.6,3.1,1003.6,0.0,,7,1367
3920,108,서울,2024-03-12 08:00,5.5,,,86,7.7,3.3,1004.1,0.0,,8,1050
3921,108,서울,2024-03-12 09:00,5.7,0.3,,90,8.2,4.1,1004.3,0.0,,8,622
3922,108,서울,2024-03-12 10:00,5.9,,,86,8.0,3.7,1004.6,0.0,,8,1068
3923,108,서울,2024-03-12 11:00,7.1,,,82,8.2,4.2,1004.5,0.01,,8,1359
3924,108,서울,2024-03-12 12:00,8.5,0.1,,73,8.1,3.9,1004.3,0.0,,9,1444
3925,108,서울,2024-03-12 13:00,7.8,,,76,8.0,3.8,1004.1,0.0,,9,1680
3926,108,서울,2024-03-12 14:00,7.9,,,73,7.7,3.3,1003.6,0.0,,9,1415
3927,108,서울,2024-03-12 15:00,9.4,0.0,,67,7.8,3.5,1003.3,0.0,,8,2000
3928,108,서울,2024-03-12 16:00,9.2,,,68,7.8,3.5,1003.6,0.0,,5,1500
3929,108,서울,2024-03-12 17:00,8.5,,,73,8.1,3.9,1004.2,0.19,,6,1314
3930,108,서울,2024-03-12 18:00,7.5,1.7,0.7,78,8.1,3.9,1004.6,0.06,,7,1192
3931,108,서울,2024-03-12 19:00,6.4,,1.3,86,8.2,4.2,1005.2,0.04,,5,534
3932,108,서울,2024-03-12 20:00,5.8,,1.0,87,8.0,3.7,1005.6,,,0,597
3933,108,서울,2024-03-12 21:00,5.9,,1.9,87,8.0,3.8,1006.4,,,3,890
3934,108,서울,2024-03-12 22:00,5.5,,2.0,71,6.4,0.6,1006.9,,,0,1583
3935,108,서울,2024-03-12 23:00,5.1,,2.5,65,5.7,-0.9,1007.6,,,0,2153
3936,108,서울,2024-03-13 00:00,4.5,,2.1,68,5.7,-0.9,1008.0,,,1,2126
3937,108,서울,2024-03-13 01:00,3.7,,0.7,68,5.4,-1.6,1008.1,,,0,2450
3938,108,서울,2024-03-13 02:00,3.2,,2.0,69,5.3,-1.9,1008.6,,,0,2397
3939,108,서울,2024-03-13 03:00,2.9,,3.2,68,5.1,-2.4,1008.7,,,0,2746
3940,108,서울,2024-03-13 04:00,2.5,,1.9,68,5.0,-2.8,1008.9,,,0,2695
3941,108,서울,2024-03-13 05:00,2.2,,1.6,69,4.9,-2.9,1009.5,,,0,2553
3942,108,서울,2024-03-13 06:00,1.6,,1.5,70,4.8,-3.2,1009.5,,,0,2549
3943,108,서울,2024-03-13 07:00,1.5,,1.4,71,4.9,-3.1,1009.6,0.0,,0,2365
3944,108,서울,2024-03-13 08:00,2.0,,0.1,74,5.2,-2.1,1010.0,0.31,,0,2105
3945,108,서울,2024-03-13 09:00,4.5,,2.3,67,5.6,-1.1,1010.4,1.03,,0,1649
3946,108,서울,2024-03-13 10:00,6.6,,2.8,65,6.3,0.4,1010.7,1.79,,0,1453
3947,108,서울,2024-03-13 11:00,8.6,,2.8,58,6.4,0.7,1010.4,2.42,,0,1690
3948,108,서울,2024-03-13 12:00,10.6,,2.6,50,6.3,0.5,1009.7,2.82,,0,2019
3949,108,서울,2024-03-13 13:00,11.6,,4.4,30,4.1,-5.4,1009.3,3.04,,0,2701
3950,108,서울,2024-03-13 14:00,11.3,,5.1,32,4.3,-4.8,1008.9,2.97,,0,2010
3951,108,서울,2024-03-13 15:00,11.5,,4.5,35,4.8,-3.4,1008.6,2.53,,0,1438
3952,108,서울,2024-03-13 16:00,10.7,,4.7,37,4.8,-3.4,1008.4,1.97,,0,1308
3953,108,서울,2024-03-13 17:00,10.3,,4.6,37,4.6,-3.7,1008.3,1.29,,0,1190
3954,108,서울,2024-03-13 18:00,9.0,,4.9,45,5.2,-2.3,1008.6,0.55,,0,1353
3955,108,서울,2024-03-13 19:00,7.7,,3.5,49,5.2,-2.3,1009.2,0.06,,0,1302
3956,108,서울,2024-03-13 20:00,7.0,,2.9,52,5.2,-2.2,1009.6,,,0,1339
3957,108,서울,2024-03-13 21:00,6.5,,2.1,58,5.6,-1.1,1009.8,,,0,1214
3958,108,서울,2024-03-13 22:00,5.9,,2.1,63,5.8,-0.6,1010.1,,,0,1155
3959,108,서울,2024-03-13 23:00,5.5,,2.2,66,6.0,-0.3,1010.1,,,0,1140
3960,108,서울,2024-03-14 00:00,5.1,,1.8,68,6.0,-0.3,1010.0,,,0,1109
3961,108,서울,2024-03-14 01:00,4.6,,1.3,70,5.9,-0.4,1009.9,,,0,994
3962,108,서울,2024-03-14 02:00,4.7,,0.7,72,6.1,0.0,1010.0,,,0,949
3963,108,서울,2024-03-14 03:00,4.7,,2.7,75,6.4,0.6,1009.7,,,0,938
3964,108,서울,2024-03-14 04:00,4.5,,0.8,76,6.4,0.6,1009.2,,,0,906
3965,108,서울,2024-03-14 05:00,4.0,,0.8,79,6.4,0.6,1009.5,,,0,862
3966,108,서울,2024-03-14 06:00,3.7,,0.6,81,6.4,0.7,1010.0,,,6,813
3967,108,서울,2024-03-14 07:00,3.5,,1.1,84,6.6,1.0,1010.3,,,8,689
3968,108,서울,2024-03-14 08:00,4.2,,1.2,83,6.8,1.5,1010.7,,,4,755
3969,108,서울,2024-03-14 09:00,5.6,,0.9,80,7.3,2.4,1011.1,,,2,721
3970,108,서울,2024-03-14 10:00,8.2,,1.8,71,7.7,3.2,1011.4,,,0,751
3971,108,서울,2024-03-14 11:00,10.1,,1.5,59,7.3,2.4,1011.1,,,0,822
3972,108,서울,2024-03-14 12:00,11.8,,2.1,47,6.5,0.8,1010.9,,,0,1024
3973,108,서울,2024-03-14 13:00,13.1,,0.9,34,5.1,-2.4,1010.4,,,0,1464
3974,108,서울,2024-03-14 14:00,14.5,,1.3,37,6.1,0.0,1009.6,,,0,956
3975,108,서울,2024-03-14 15:00,15.4,,2.8,26,4.5,-4.0,1009.9,2.64,,0,1937
3976,108,서울,2024-03-14 16:00,14.9,,3.2,29,4.9,-3.0,1010.1,2.15,,0,1835
3977,108,서울,2024-03-14 17:00,14.2,,3.2,32,5.2,-2.2,1010.0,1.43,,0,1574
3978,108,서울,2024-03-14 18:00,12.7,,2.8,28,4.1,-5.3,1010.2,0.6,,0,2048
3979,108,서울,2024-03-14 19:00,10.6,,3.6,35,4.5,-4.2,1010.7,0.08,,0,1668
3980,108,서울,2024-03-14 20:00,9.2,,3.2,42,4.9,-3.0,1011.2,,,0,1430
3981,108,서울,2024-03-14 21:00,8.1,,2.5,53,5.7,-0.9,1011.7,,,0,1071
3982,108,서울,2024-03-14 22:00,7.3,,3.2,61,6.2,0.2,1012.1,,,0,985
3983,108,서울,2024-03-14 23:00,6.8,,3.0,71,7.0,1.8,1012.4,,,0,940
3984,108,서울,2024-03-15 00:00,6.2,,1.8,76,7.2,2.2,1012.3,,,0,807
3985,108,서울,2024-03-15 01:00,5.8,,1.7,80,7.4,2.6,1012.6,,,0,720
3986,108,서울,2024-03-15 02:00,5.6,,0.9,82,7.4,2.7,1012.9,,,0,652
3987,108,서울,2024-03-15 03:00,5.4,,1.6,81,7.2,2.3,1012.7,,,0,714
3988,108,서울,2024-03-15 04:00,4.9,,1.3,79,6.8,1.5,1012.8,,,0,815
3989,108,서울,2024-03-15 05:00,4.6,,0.0,81,6.9,1.6,1012.7,,,0,800
3990,108,서울,2024-03-15 06:00,4.2,,0.3,83,6.8,1.5,1012.8,,,0,738
3991,108,서울,2024-03-15 07:00,4.1,,0.5,83,6.8,1.4,1013.2,0.0,,0,783
3992,108,서울,2024-03-15 08:00,5.0,,1.6,85,7.4,2.6,1013.7,0.29,,0,881
3993,108,서울,2024-03-15 09:00,7.1,,2.4,80,8.0,3.8,1013.8,0.92,,0,992
3994,108,서울,2024-03-15 10:00,9.1,,2.9,70,8.1,3.9,1014.0,1.71,,0,1066
3995,108,서울,2024-03-15 11:00,10.6,,2.7,64,8.1,4.0,1013.9,2.29,,0,928
3996,108,서울,2024-03-15 12:00,12.2,,3.2,53,7.5,2.8,1013.9,2.67,,0,1048
3997,108,서울,2024-03-15 13:00,13.2,,3.2,45,6.8,1.5,1013.3,2.9,,0,1482
3998,108,서울,2024-03-15 14:00,13.9,,3.9,46,7.3,2.4,1012.8,2.84,,0,1419
3999,108,서울,2024-03-15 15:00,14.1,,4.4,44,7.1,2.0,1012.4,2.55,,0,1674
4000,108,서울,2024-03-15 16:00,14.1,,4.0,47,7.5,2.9,1012.3,2.02,,0,1443
4001,108,서울,2024-03-15 17:00,13.7,,3.3,48,7.5,2.8,1012.3,1.34,,0,1349
4002,108,서울,2024-03-15 18:00,12.1,,3.2,56,7.8,3.5,1012.7,0.57,,0,1064
4003,108,서울,2024-03-15 19:00,10.4,,2.6,64,8.0,3.8,1013.2,0.08,,0,981
4004,108,서울,2024-03-15 20:00,9.5,,2.7,69,8.1,4.0,1013.8,,,0,799
4005,108,서울,2024-03-15 21:00,8.8,,1.5,71,8.0,3.8,1014.0,,,0,729
4006,108,서울,2024-03-15 22:00,8.2,,2.0,77,8.3,4.3,1014.4,,,0,750
4007,108,서울,2024-03-15 23:00,7.6,,2.1,79,8.2,4.1,1014.8,,,0,869
4008,108,서울,2024-03-16 00:00,7.1,,0.6,80,8.0,3.8,1015.1,,,0,854
4009,108,서울,2024-03-16 01:00,6.6,,1.1,83,8.1,3.9,1015.0,,,0,691
4010,108,서울,2024-03-16 02:00,6.1,,0.5,84,7.8,3.5,1015.2,,,0,646
4011,108,서울,2024-03-16 03:00,6.0,,0.2,85,7.9,3.6,1015.1,,,0,594
4012,108,서울,2024-03-16 04:00,5.8,,1.3,86,7.9,3.6,1014.7,,,0,571
4013,108,서울,2024-03-16 05:00,5.2,,1.4,87,7.7,3.2,1014.0,,,0,477
4014,108,서울,2024-03-16 06:00,4.8,,2.3,89,7.6,3.1,1013.9,,,0,352
4015,108,서울,2024-03-16 07:00,4.6,,2.7,90,7.6,3.0,1013.4,0.0,,0,333
4016,108,서울,2024-03-16 08:00,5.7,,1.9,88,8.0,3.8,1013.8,0.3,,0,416
4017,108,서울,2024-03-16 09:00,7.9,,1.8,78,8.2,4.2,1013.9,0.92,,0,551
4018,108,서울,2024-03-16 10:00,10.0,,1.0,68,8.3,4.3,1013.8,1.66,,0,718
4019,108,서울,2024-03-16 11:00,12.5,,1.7,58,8.4,4.4,1012.8,2.29,,0,782
4020,108,서울,2024-03-16 12:00,14.4,,1.7,47,7.7,3.2,1011.8,2.7,,0,944
4021,108,서울,2024-03-16 13:00,16.2,,1.6,36,6.6,1.0,1010.6,2.99,,0,1542
4022,108,서울,2024-03-16 14:00,17.7,,1.4,32,6.4,0.7,1009.6,2.67,,0,1446
4023,108,서울,2024-03-16 15:00,17.6,,1.8,28,5.6,-1.1,1008.2,1.88,,0,1547
4024,108,서울,2024-03-16 16:00,17.9,,3.8,22,4.5,-4.1,1007.7,1.62,,0,2097
4025,108,서울,2024-03-16 17:00,16.6,,4.2,25,4.7,-3.5,1008.0,0.93,,3,3284
4026,108,서울,2024-03-16 18:00,14.8,,4.0,29,4.9,-3.0,1007.8,0.3,,6,2945
4027,108,서울,2024-03-16 19:00,13.5,,2.8,29,4.5,-4.2,1008.0,0.02,,3,3389
4028,108,서울,2024-03-16 20:00,12.6,,2.8,32,4.7,-3.6,1008.3,,,7,3163
4029,108,서울,2024-03-16 21:00,11.2,,2.8,37,4.9,-2.9,1008.2,,,7,3248
4030,108,서울,2024-03-16 22:00,10.5,,2.3,40,5.1,-2.5,1007.8,,,0,2871
4031,108,서울,2024-03-16 23:00,10.4,,2.6,44,5.6,-1.3,1007.8,,,1,2572
4032,108,서울,2024-03-17 00:00,10.2,,2.1,43,5.4,-1.8,1007.5,,,9,2468
4033,108,서울,2024-03-17 01:00,9.9,,3.2,43,5.2,-2.1,1007.3,,,8,2170
4034,108,서울,2024-03-17 02:00,9.8,,2.0,44,5.4,-1.8,1007.0,,,9,2180
4035,108,서울,2024-03-17 03:00,9.8,,2.2,46,5.6,-1.2,1006.1,,,9,2325
4036,108,서울,2024-03-17 04:00,9.6,,2.4,53,6.3,0.4,1005.6,,,9,2120
4037,108,서울,2024-03-17 05:00,9.4,,2.8,73,8.5,4.7,1005.0,,,9,1207
4038,108,서울,2024-03-17 06:00,8.7,0.1,2.3,87,9.7,6.6,1005.4,,,8,189
4039,108,서울,2024-03-17 07:00,8.6,,2.1,90,10.0,7.0,1005.4,0.01,,10,328
4040,108,서울,2024-03-17 08:00,8.7,,3.1,88,9.9,6.8,1005.7,0.07,,10,613
4041,108,서울,2024-03-17 09:00,8.6,0.0,5.1,75,8.4,4.4,1006.2,0.49,,6,871
4042,108,서울,2024-03-17 10:00,9.2,,5.1,60,7.0,1.8,1006.1,1.54,,0,1162
4043,108,서울,2024-03-17 11:00,9.6,,4.2,51,6.1,0.0,1006.2,2.12,,0,1367
4044,108,서울,2024-03-17 12:00,9.6,,5.6,39,4.6,-3.7,1005.9,2.59,,0,1393
4045,108,서울,2024-03-17 13:00,10.7,,4.3,35,4.5,-4.1,1005.9,2.76,,0,1073
4046,108,서울,2024-03-17 14:00,11.6,,4.4,32,4.4,-4.5,1005.2,2.81,,0,1080
4047,108,서울,2024-03-17 15:00,11.7,,4.7,30,4.1,-5.3,1005.1,2.46,,0,1300
4048,108,서울,2024-03-17 16:00,11.4,,5.2,31,4.2,-5.1,1005.5,1.83,,0,1510
4049,108,서울,2024-03-17 17:00,11.4,,3.7,28,3.8,-6.5,1005.4,1.31,,0,2041
4050,108,서울,2024-03-17 18:00,10.2,,5.2,29,3.6,-7.0,1005.9,0.5,,0,2925
4051,108,서울,2024-03-17 19:00,8.9,,4.0,33,3.8,-6.5,1007.4,0.1,,0,3260
4052,108,서울,2024-03-17 20:00,7.7,,5.5,39,4.1,-5.4,1008.9,,,1,3549
4053,108,서울,2024-03-17 21:00,6.6,,4.2,42,4.1,-5.4,1009.7,,,0,3533
4054,108,서울,2024-03-17 22:00,5.9,,2.7,42,3.9,-6.0,1010.5,,,2,3230
4055,108,서울,2024-03-17 23:00,5.5,,3.4,41,3.7,-6.7,1010.5,,,0,3565
4056,108,서울,2024-03-18 00:00,5.4,,3.0,36,3.2,-8.5,1011.1,,,0,4071
4057,108,서울,2024-03-18 01:00,5.0,,3.4,31,2.7,-10.7,1011.5,,,0,4878
4058,108,서울,2024-03-18 02:00,4.0,,0.7,34,2.8,-10.4,1012.0,,,0,4744
4059,108,서울,2024-03-18 03:00,3.7,,2.1,34,2.7,-10.7,1011.7,,,0,4805
4060,108,서울,2024-03-18 04:00,3.0,,2.3,36,2.7,-10.6,1011.9,,,0,4736
4061,108,서울,2024-03-18 05:00,2.7,,1.3,35,2.6,-11.2,1012.4,,,0,4831
4062,108,서울,2024-03-18 06:00,1.7,,1.6,38,2.6,-11.1,1012.3,,,0,4608
4063,108,서울,2024-03-18 07:00,1.6,,1.4,37,2.5,-11.5,1012.9,0.01,,0,4624
4064,108,서울,2024-03-18 08:00,2.2,,0.0,39,2.8,-10.3,1013.3,0.39,,0,4604
4065,108,서울,2024-03-18 09:00,5.1,,1.0,35,3.1,-9.1,1013.5,1.1,,0,4566
4066,108,서울,2024-03-18 10:00,7.4,,1.3,28,2.9,-9.9,1013.5,1.86,,0,3935
4067,108,서울,2024-03-18 11:00,9.6,,2.6,24,2.9,-10.0,1013.0,2.46,,0,4205
4068,108,서울,2024-03-18 12:00,11.0,,2.8,21,2.8,-10.5,1012.3,2.92,,0,3886
4069,108,서울,2024-03-18 13:00,11.9,,2.5,16,2.2,-13.1,1011.2,3.08,,0,4291
4070,108,서울,2024-03-18 14:00,13.1,,3.9,17,2.6,-11.4,1010.3,2.95,,0,4275
4071,108,서울,2024-03-18 15:00,13.0,,3.2,17,2.5,-11.5,1010.0,2.6,,0,4674
4072,108,서울,2024-03-18 16:00,12.8,,3.6,16,2.4,-12.4,1009.7,2.02,,0,4754
4073,108,서울,2024-03-18 17:00,11.5,,3.6,14,1.9,-15.1,1009.7,1.35,,0,4638
4074,108,서울,2024-03-18 18:00,10.0,,2.7,17,2.1,-13.9,1009.7,0.52,,0,4975
4075,108,서울,2024-03-18 19:00,8.3,,3.6,18,2.0,-14.6,1009.8,0.07,,4,5000
4076,108,서울,2024-03-18 20:00,7.3,,2.7,22,2.3,-13.0,1009.9,,,8,4999
4077,108,서울,2024-03-18 21:00,6.6,,1.9,29,2.8,-10.2,1010.2,,,0,4821
4078,108,서울,2024-03-18 22:00,6.2,,3.0,31,2.9,-9.7,1010.3,,,9,4895
4079,108,서울,2024-03-18 23:00,6.0,,1.9,33,3.1,-9.0,1009.7,,,5,4787
4080,108,서울,2024-03-19 00:00,5.4,,1.6,38,3.4,-7.8,1009.5,,,3,4678
4081,108,서울,2024-03-19 01:00,5.4,,2.1,45,4.0,-5.6,1009.5,,,10,4746
4082,108,서울,2024-03-19 02:00,5.4,,1.6,48,4.3,-4.7,1009.3,,,10,4595
4083,108,서울,2024-03-19 03:00,5.6,,1.6,47,4.3,-4.8,1008.8,,,5,3904
4084,108,서울,2024-03-19 04:00,5.6,,2.8,50,4.5,-4.0,1008.4,,,3,4159
4085,108,서울,2024-03-19 05:00,5.4,,1.9,51,4.6,-3.9,1008.1,,,4,3952
4086,108,서울,2024-03-19 06:00,5.4,,2.3,53,4.8,-3.4,1007.0,,,2,4116
4087,108,서울,2024-03-19 07:00,5.4,,1.6,54,4.9,-3.1,1006.5,0.0,,4,3582
4088,108,서울,2024-03-19 08:00,5.8,,2.2,60,5.6,-1.3,1006.2,0.15,,6,2733
4089,108,서울,2024-03-19 09:00,7.1,0.0,2.5,60,6.1,-0.1,1005.3,0.56,,1,2882
4090,108,서울,2024-03-19 10:00,7.9,,3.1,60,6.3,0.5,1004.1,0.81,,8,2466
4091,108,서울,2024-03-19 11:00,8.1,,4.1,73,7.8,3.5,1003.8,0.31,,7,1231
4092,108,서울,2024-03-19 12:00,8.6,0.2,4.8,74,8.2,4.2,1002.9,0.79,,7,1454
4093,108,서울,2024-03-19 13:00,9.2,,6.5,64,7.4,2.7,1001.9,0.87,,7,805
4094,108,서울,2024-03-19 14:00,9.5,,5.5,65,7.7,3.2,1001.1,1.33,,8,599
4095,108,서울,2024-03-19 15:00,9.8,,6.0,65,7.8,3.5,1000.6,1.56,,6,552
4096,108,서울,2024-03-19 16:00,9.2,,6.5,61,7.1,2.0,1000.4,1.42,,1,1014
4097,108,서울,2024-03-19 17:00,8.4,,5.7,62,6.8,1.5,1001.2,1.34,,4,1008
4098,108,서울,2024-03-19 18:00,7.6,,5.7,68,7.1,2.0,1001.9,0.44,,6,983
4099,108,서울,2024-03-19 19:00,6.9,,5.2,56,5.6,-1.2,1003.2,0.05,,5,966
4100,108,서울,2024-03-19 20:00,5.9,,5.6,56,5.2,-2.2,1004.5,,,7,995
4101,108,서울,2024-03-19 21:00,5.3,,3.3,56,5.0,-2.7,1005.4,,,8,1441
4102,108,서울,2024-03-19 22:00,5.0,,3.7,59,5.2,-2.3,1006.1,,,9,1354
4103,108,서울,2024-03-19 23:00,4.7,,3.9,61,5.2,-2.1,1006.4,,,5,1396
4104,108,서울,2024-03-20 00:00,3.9,0.0,3.5,63,5.1,-2.5,1006.6,,,0,1947
4105,108,서울,2024-03-20 01:00,3.5,,2.0,64,5.0,-2.6,1006.6,,,0,1806
4106,108,서울,2024-03-20 02:00,3.0,,2.0,63,4.8,-3.3,1007.3,,,0,1792
4107,108,서울,2024-03-20 03:00,2.7,,2.5,63,4.7,-3.6,1008.0,,,0,1766
4108,108,서울,2024-03-20 04:00,2.4,,3.1,65,4.7,-3.5,1008.3,,,0,1611
4109,108,서울,2024-03-20 05:00,1.9,,2.9,66,4.6,-3.7,1008.9,,,0,1491
4110,108,서울,2024-03-20 06:00,1.5,,2.3,67,4.6,-3.9,1009.5,,,0,1496
4111,108,서울,2024-03-20 07:00,1.2,,2.7,65,4.3,-4.6,1010.3,0.01,,0,1655
4112,108,서울,2024-03-20 08:00,1.9,,2.4,62,4.3,-4.6,1010.8,0.38,,0,1787
4113,108,서울,2024-03-20 09:00,3.3,,3.6,55,4.3,-4.8,1011.5,1.2,,0,1850
4114,108,서울,2024-03-20 10:00,4.8,,4.2,43,3.7,-6.7,1011.5,2.01,,1,3190
4115,108,서울,2024-03-20 11:00,6.2,,5.0,37,3.5,-7.4,1011.4,2.52,,5,2920
4116,108,서울,2024-03-20 12:00,6.6,,3.9,35,3.4,-7.8,1011.0,2.72,,7,3148
4117,108,서울,2024-03-20 13:00,6.7,,4.4,35,3.4,-7.7,1010.3,1.9,,6,2583
4118,108,서울,2024-03-20 14:00,6.8,,5.3,33,3.3,-8.3,1009.3,2.05,,6,2939
4119,108,서울,2024-03-20 15:00,8.1,,3.6,30,3.2,-8.4,1008.7,2.48,,6,4072
4120,108,서울,2024-03-20 16:00,7.8,,4.7,29,3.1,-9.1,1008.6,1.95,,5,3621
4121,108,서울,2024-03-20 17:00,7.7,,4.1,37,3.9,-6.1,1008.4,1.05,,3,3303
4122,108,서울,2024-03-20 18:00,6.8,,3.9,45,4.4,-4.3,1008.2,0.71,,1,3093
4123,108,서울,2024-03-20 19:00,5.3,,3.0,51,4.5,-4.0,1008.6,0.11,,0,2769
4124,108,서울,2024-03-20 20:00,4.6,,2.8,49,4.2,-5.2,1009.0,,,0,3278
4125,108,서울,2024-03-20 21:00,4.2,,4.0,31,2.6,-11.4,1009.5,,,0,3643
4126,108,서울,2024-03-20 22:00,3.4,,2.5,35,2.7,-10.6,1010.2,,,0,3342
4127,108,서울,2024-03-20 23:00,2.8,,2.2,39,2.9,-9.8,1010.2,,,0,2795
4128,108,서울,2024-03-21 00:00,2.0,,1.6,46,3.2,-8.4,1010.3,,,0,2411
4129,108,서울,2024-03-21 01:00,1.5,,1.5,47,3.2,-8.6,1010.1,,,0,2409
4130,108,서울,2024-03-21 02:00,1.2,,2.0,50,3.3,-8.0,1010.0,,,0,2350
4131,108,서울,2024-03-21 03:00,0.4,,0.5,51,3.2,-8.5,1009.7,,,3,2290
4132,108,서울,2024-03-21 04:00,0.0,,1.0,54,3.3,-8.2,1009.3,,,0,2544
4133,108,서울,2024-03-21 05:00,-0.2,,1.8,57,3.4,-7.7,1009.1,,,0,2433
4134,108,서울,2024-03-21 06:00,-0.9,,1.0,60,3.4,-7.7,1008.9,,,0,2367
4135,108,서울,2024-03-21 07:00,-0.8,,0.4,60,3.5,-7.6,1009.0,0.02,,0,2510
4136,108,서울,2024-03-21 08:00,1.0,,0.5,58,3.8,-6.3,1009.1,0.39,,0,2356
4137,108,서울,2024-03-21 09:00,3.3,,1.5,55,4.3,-4.8,1009.2,1.19,,0,2411
4138,108,서울,2024-03-21 10:00,5.3,,2.8,46,4.1,-5.4,1009.3,1.92,,0,3275
4139,108,서울,2024-03-21 11:00,7.6,,2.0,37,3.9,-6.1,1009.2,2.58,,0,2971
4140,108,서울,2024-03-21 12:00,8.6,,2.1,30,3.3,-8.0,1008.6,2.98,,0,3110
4141,108,서울,2024-03-21 13:00,10.4,,2.8,28,3.5,-7.3,1007.8,3.16,,0,3020
4142,108,서울,2024-03-21 14:00,10.8,,3.1,26,3.4,-7.9,1006.9,3.09,,0,4104
4143,108,서울,2024-03-21 15:00,11.2,,3.7,33,4.4,-4.5,1006.3,2.72,,0,3012
4144,108,서울,2024-03-21 16:00,10.9,,3.0,34,4.4,-4.3,1006.0,2.15,,0,2521
4145,108,서울,2024-03-21 17:00,10.1,,3.4,39,4.8,-3.2,1005.8,1.47,,0,2934
4146,108,서울,2024-03-21 18:00,8.6,,3.7,35,3.9,-6.0,1005.8,0.66,,0,3167
4147,108,서울,2024-03-21 19:00,7.0,,3.0,40,4.0,-5.7,1006.0,0.1,,0,3582
4148,108,서울,2024-03-21 20:00,6.0,,2.5,43,4.0,-5.6,1006.2,,,0,3640
4149,108,서울,2024-03-21 21:00,5.2,,1.3,50,4.4,-4.3,1006.8,,,0,3213
4150,108,서울,2024-03-21 22:00,4.6,,0.6,53,4.5,-4.1,1007.3,,,3,3111
4151,108,서울,2024-03-21 23:00,3.9,,1.7,55,4.4,-4.3,1007.8,,,0,3008
4152,108,서울,2024-03-22 00:00,3.9,,1.5,58,4.7,-3.6,1007.6,,,9,3211
4153,108,서울,2024-03-22 01:00,4.1,,2.4,53,4.3,-4.6,1007.4,,,7,3119
4154,108,서울,2024-03-22 02:00,4.4,,1.9,52,4.3,-4.6,1007.7,,,2,3022
4155,108,서울,2024-03-22 03:00,5.0,,1.9,50,4.4,-4.5,1007.1,,,2,3013
4156,108,서울,2024-03-22 04:00,4.8,,2.3,50,4.3,-4.7,1006.6,,,0,2936
4157,108,서울,2024-03-22 05:00,4.5,,3.3,51,4.3,-4.7,1006.2,,,2,2926
4158,108,서울,2024-03-22 06:00,4.1,,4.1,52,4.3,-4.8,1006.2,,,0,3153
4159,108,서울,2024-03-22 07:00,4.1,,4.1,53,4.3,-4.6,1006.1,0.03,,0,3043
4160,108,서울,2024-03-22 08:00,5.0,,3.8,52,4.5,-4.0,1005.1,0.27,,0,2730
4161,108,서울,2024-03-22 09:00,7.3,,3.3,46,4.7,-3.5,1004.9,0.77,,4,2874
4162,108,서울,2024-03-22 10:00,10.4,,3.5,39,4.9,-2.9,1004.4,1.79,,0,2255
4163,108,서울,2024-03-22 11:00,12.7,,3.2,34,5.0,-2.7,1003.8,2.27,,0,2783
4164,108,서울,2024-03-22 12:00,14.2,,3.2,32,5.2,-2.2,1002.7,2.31,,3,2793
4165,108,서울,2024-03-22 13:00,14.6,,4.7,33,5.5,-1.5,1001.4,1.4,,5,2178
4166,108,서울,2024-03-22 14:00,14.8,,4.2,33,5.6,-1.3,999.9,0.78,,4,2337
4167,108,서울,2024-03-22 15:00,14.9,,3.7,36,6.1,0.0,999.2,0.35,,5,2416
4168,108,서울,2024-03-22 16:00,15.0,,3.4,41,7.0,1.8,998.3,0.19,,7,2488
4169,108,서울,2024-03-22 17:00,15.1,,3.7,48,8.2,4.1,997.6,0.06,,7,2622
4170,108,서울,2024-03-22 18:00,14.0,0.1,6.5,66,10.5,7.7,997.7,0.03,,7,1276
4171,108,서울,2024-03-22 19:00,12.8,,4.3,75,11.0,8.4,997.9,0.0,,8,1082
4172,108,서울,2024-03-22 20:00,12.1,,2.2,84,11.8,9.4,998.3,,,8,770
4173,108,서울,2024-03-22 21:00,11.5,4.8,1.4,85,11.5,9.0,998.4,,,8,996
4174,108,서울,2024-03-22 22:00,11.8,,2.5,83,11.4,8.9,998.7,,,9,1932
4175,108,서울,2024-03-22 23:00,12.2,,3.6,82,11.6,9.2,998.8,,,8,1797
4176,108,서울,2024-03-23 00:00,11.9,0.5,3.5,89,12.4,10.1,999.1,,,8,673
4177,108,서울,2024-03-23 01:00,11.5,,3.5,90,12.2,9.9,999.4,,,9,833
4178,108,서울,2024-03-23 02:00,11.1,,3.1,89,11.7,9.3,999.7,,,10,625
4179,108,서울,2024-03-23 03:00,10.6,0.1,2.6,89,11.3,8.8,1000.2,,,10,515
4180,108,서울,2024-03-23 04:00,10.2,,1.6,89,11.0,8.4,1000.8,,,9,545
4181,108,서울,2024-03-23 05:00,10.0,,2.0,87,10.6,7.9,1001.7,,,8,551
4182,108,서울,2024-03-23 06:00,9.8,0.0,1.6,88,10.6,7.9,1002.7,,,7,438
4183,108,서울,2024-03-23 07:00,9.4,,1.9,89,10.4,7.6,1003.6,0.03,,6,400
4184,108,서울,2024-03-23 08:00,9.6,,2.1,90,10.7,8.0,1004.5,0.39,,1,488
4185,108,서울,2024-03-23 09:00,10.0,,3.4,87,10.6,7.9,1005.3,0.7,,9,495
4186,108,서울,2024-03-23 10:00,11.2,,1.6,83,11.0,8.4,1006.0,1.13,,8,640
4187,108,서울,2024-03-23 11:00,12.9,,2.3,74,10.9,8.3,1006.3,2.31,,7,769
4188,108,서울,2024-03-23 12:00,13.7,,3.6,68,10.6,7.8,1006.7,2.35,,5,830
4189,108,서울,2024-03-23 13:00,15.0,,3.0,59,10.0,7.0,1006.1,3.14,,1,1179
4190,108,서울,2024-03-23 14:00,15.9,,2.3,54,9.7,6.5,1005.7,2.5,,0,1376
4191,108,서울,2024-03-23 15:00,17.7,,1.9,49,9.9,6.8,1005.1,2.35,,0,1760
4192,108,서울,2024-03-23 16:00,18.0,,2.2,45,9.2,5.8,1004.6,2.13,,0,2011
4193,108,서울,2024-03-23 17:00,17.8,,2.5,44,8.9,5.3,1004.6,1.42,,0,2577
4194,108,서울,2024-03-23 18:00,16.9,,2.9,45,8.6,4.8,1005.2,0.65,,0,2436
4195,108,서울,2024-03-23 19:00,15.6,,2.2,47,8.3,4.3,1006.2,0.1,,1,2371
4196,108,서울,2024-03-23 20:00,14.7,,2.5,48,8.0,3.7,1006.7,,,1,2497
4197,108,서울,2024-03-23 21:00,13.4,,1.3,51,7.8,3.4,1007.1,,,0,2464
4198,108,서울,2024-03-23 22:00,12.5,,1.0,56,8.1,3.9,1007.0,,,1,2320
4199,108,서울,2024-03-23 23:00,11.8,,0.9,54,7.4,2.7,1007.3,,,1,3362
4200,108,서울,2024-03-24 00:00,11.5,,2.3,51,6.9,1.6,1006.7,,,0,3692
4201,108,서울,2024-03-24 01:00,10.9,,2.0,54,7.0,1.9,1006.7,,,1,3833
4202,108,서울,2024-03-24 02:00,10.8,,1.9,56,7.2,2.3,1006.4,,,1,3282
4203,108,서울,2024-03-24 03:00,10.5,,2.6,58,7.3,2.5,1006.1,,,0,2979
4204,108,서울,2024-03-24 04:00,10.7,,2.7,59,7.6,3.0,1005.7,,,0,2974
4205,108,서울,2024-03-24 05:00,10.8,,2.9,59,7.6,3.0,1006.0,,,0,3384
4206,108,서울,2024-03-24 06:00,10.8,,3.0,59,7.6,3.0,1006.5,,,0,3354
4207,108,서울,2024-03-24 07:00,10.8,,3.4,58,7.5,2.8,1007.2,0.03,,0,3521
4208,108,서울,2024-03-24 08:00,11.8,,2.9,55,7.6,3.0,1008.0,0.38,,0,3922
4209,108,서울,2024-03-24 09:00,13.0,,3.5,48,7.2,2.2,1008.4,0.62,,0,3863
4210,108,서울,2024-03-24 10:00,15.4,,2.7,42,7.3,2.5,1008.5,1.46,,0,4122
4211,108,서울,2024-03-24 11:00,17.0,,3.1,38,7.3,2.5,1008.6,1.98,,0,3737
4212,108,서울,2024-03-24 12:00,19.2,,2.4,34,7.5,2.9,1007.9,2.46,,4,3901
4213,108,서울,2024-03-24 13:00,20.1,,3.0,32,7.5,2.8,1007.0,2.51,,5,3826
4214,108,서울,2024-03-24 14:00,21.7,,2.3,28,7.2,2.3,1005.7,3.1,,2,3558
4215,108,서울,2024-03-24 15:00,22.7,,2.3,27,7.4,2.7,1004.8,2.79,,0,3156
4216,108,서울,2024-03-24 16:00,23.1,,3.1,22,6.2,0.1,1004.1,2.21,,0,4321
4217,108,서울,2024-03-24 17:00,23.2,,1.2,23,6.5,0.8,1003.7,1.52,,0,3743
4218,108,서울,2024-03-24 18:00,22.1,,1.9,23,6.1,0.0,1003.9,0.72,,0,3994
4219,108,서울,2024-03-24 19:00,19.9,,0.7,28,6.5,0.8,1004.0,0.11,,0,2873
4220,108,서울,2024-03-24 20:00,17.8,,1.9,39,7.9,3.6,1004.5,,,0,2037
4221,108,서울,2024-03-24 21:00,16.8,,2.1,43,8.2,4.1,1005.0,,,0,1757
4222,108,서울,2024-03-24 22:00,16.2,,1.6,45,8.2,4.2,1005.5,,,0,1543
4223,108,서울,2024-03-24 23:00,15.5,,1.8,46,8.1,3.9,1006.2,,,0,1528
4224,108,서울,2024-03-25 00:00,14.6,,0.6,48,7.9,3.6,1006.2,,,0,1779
4225,108,서울,2024-03-25 01:00,13.9,,1.1,47,7.4,2.7,1006.0,,,1,2793
4226,108,서울,2024-03-25 02:00,13.5,,0.9,47,7.2,2.3,1005.6,,,1,3252
4227,108,서울,2024-03-25 03:00,12.8,,2.5,50,7.4,2.6,1005.0,,,9,3486
4228,108,서울,2024-03-25 04:00,13.1,,2.1,45,6.8,1.4,1004.4,,,9,4089
4229,108,서울,2024-03-25 05:00,13.0,,0.7,46,6.9,1.6,1005.0,,,9,3818
4230,108,서울,2024-03-25 06:00,12.4,,1.4,46,6.6,1.0,1005.3,,,9,4368
4231,108,서울,2024-03-25 07:00,12.1,,3.9,49,6.9,1.6,1005.1,0.03,,9,3885
4232,108,서울,2024-03-25 08:00,12.5,,3.8,45,6.5,0.8,1006.4,0.24,,9,4088
4233,108,서울,2024-03-25 09:00,12.4,,3.7,41,5.9,-0.5,1006.9,0.35,,9,4707
4234,108,서울,2024-03-25 10:00,12.6,,3.4,45,6.5,0.9,1006.8,0.57,,9,4204
4235,108,서울,2024-03-25 11:00,12.8,,4.3,47,6.9,1.7,1005.9,0.73,,9,4625
4236,108,서울,2024-03-25 12:00,13.0,,5.7,50,7.5,2.8,1005.8,0.62,,10,4720
4237,108,서울,2024-03-25 13:00,12.8,,4.2,51,7.5,2.8,1006.5,0.41,,7,4295
4238,108,서울,2024-03-25 14:00,10.4,,4.8,78,9.8,6.7,1005.7,0.34,,7,3075
4239,108,서울,2024-03-25 15:00,10.4,2.2,5.1,77,9.7,6.5,1004.8,0.51,,7,3061
4240,108,서울,2024-03-25 16:00,9.9,,5.0,79,9.6,6.4,1005.2,0.38,,5,2273
4241,108,서울,2024-03-25 17:00,9.5,,5.6,77,9.1,5.6,1005.6,0.38,,4,4834
4242,108,서울,2024-03-25 18:00,9.2,0.7,4.8,80,9.3,5.9,1006.0,0.1,,6,2772
4243,108,서울,2024-03-25 19:00,8.6,,5.4,81,9.0,5.5,1005.5,0.02,,7,4526
4244,108,서울,2024-03-25 20:00,8.3,,5.6,80,8.7,5.0,1005.7,,,6,3357
4245,108,서울,2024-03-25 21:00,7.9,1.1,4.5,80,8.5,4.6,1006.5,,,7,3803
4246,108,서울,2024-03-25 22:00,7.3,,5.0,84,8.5,4.7,1005.5,,,6,2208
4247,108,서울,2024-03-25 23:00,6.8,,6.3,83,8.2,4.1,1005.0,,,4,4986
4248,108,서울,2024-03-26 00:00,6.7,1.1,5.5,80,7.8,3.4,1004.8,,,7,4930
4249,108,서울,2024-03-26 01:00,6.3,,3.9,85,8.1,3.9,1004.7,,,8,2620
4250,108,서울,2024-03-26 02:00,5.7,,4.5,87,7.9,3.6,1004.8,,,8,1069
4251,108,서울,2024-03-26 03:00,5.1,4.1,3.9,90,7.8,3.5,1004.6,,,7,1069
4252,108,서울,2024-03-26 04:00,4.3,,4.6,90,7.4,2.7,1005.0,,,9,941
4253,108,서울,2024-03-26 05:00,3.9,,3.4,91,7.3,2.5,1005.2,,,8,1397
4254,108,서울,2024-03-26 06:00,3.5,4.3,3.2,91,7.1,2.1,1006.3,,,8,1673
4255,108,서울,2024-03-26 07:00,3.6,,2.0,90,7.1,2.1,1008.0,0.01,,9,1393
4256,108,서울,2024-03-26 08:00,3.2,,3.5,91,7.0,1.8,1008.3,0.07,,7,2166
4257,108,서울,2024-03-26 09:00,3.7,3.1,2.5,93,7.4,2.6,1009.2,0.33,,5,2360
4258,108,서울,2024-03-26 10:00,5.1,,3.5,89,7.8,3.4,1010.0,1.0,,7,3894
4259,108,서울,2024-03-26 11:00,6.0,,2.8,83,7.7,3.3,1010.3,1.11,,7,4672
4260,108,서울,2024-03-26 12:00,7.7,0.0,2.4,77,8.1,3.9,1010.4,1.65,,7,4402
4261,108,서울,2024-03-26 13:00,8.5,,3.1,70,7.7,3.3,1010.9,1.8,,7,4515
4262,108,서울,2024-03-26 14:00,10.9,,2.3,61,7.9,3.6,1010.3,2.85,,7,4834
4263,108,서울,2024-03-26 15:00,11.9,,2.7,58,8.0,3.8,1009.9,2.12,,3,4852
4264,108,서울,2024-03-26 16:00,12.1,,1.9,58,8.1,4.0,1010.0,1.94,,5,4811
4265,108,서울,2024-03-26 17:00,11.4,,1.1,58,7.8,3.4,1010.3,0.65,,8,5000
4266,108,서울,2024-03-26 18:00,10.9,,1.6,59,7.6,3.1,1010.9,0.18,,8,4908
4267,108,서울,2024-03-26 19:00,10.4,,1.9,63,7.9,3.6,1011.4,0.05,,6,4907
4268,108,서울,2024-03-26 20:00,10.0,,1.0,65,8.0,3.7,1011.9,,,6,5000
4269,108,서울,2024-03-26 21:00,9.2,,1.4,66,7.6,3.1,1012.3,,,1,4736
4270,108,서울,2024-03-26 22:00,8.2,,2.0,74,8.0,3.8,1013.1,,,0,3946
4271,108,서울,2024-03-26 23:00,7.5,,1.4,81,8.4,4.4,1013.7,,,0,2926
4272,108,서울,2024-03-27 00:00,6.9,,2.0,84,8.3,4.3,1013.5,,,0,2241
4273,108,서울,2024-03-27 01:00,6.4,,1.3,87,8.3,4.3,1013.7,,,0,1969
4274,108,서울,2024-03-27 02:00,6.1,,0.8,88,8.2,4.2,1013.8,,,0,1738
4275,108,서울,2024-03-27 03:00,5.7,,0.8,88,8.0,3.8,1014.0,,,0,2067
4276,108,서울,2024-03-27 04:00,5.3,,1.7,88,7.8,3.4,1013.7,,,0,1940
4277,108,서울,2024-03-27 05:00,5.0,,2.2,88,7.6,3.1,1013.8,,,0,2372
4278,108,서울,2024-03-27 06:00,4.6,,2.0,88,7.4,2.7,1013.9,,,0,2001
4279,108,서울,2024-03-27 07:00,4.5,,2.3,90,7.5,2.9,1014.2,0.03,,0,1741
4280,108,서울,2024-03-27 08:00,6.1,,2.0,84,7.8,3.5,1014.0,0.43,,0,2709
4281,108,서울,2024-03-27 09:00,8.2,,2.3,76,8.2,4.2,1014.2,1.16,,0,2487
4282,108,서울,2024-03-27 10:00,10.4,,1.7,68,8.5,4.7,1014.0,1.86,,0,1912
4283,108,서울,2024-03-27 11:00,12.4,,1.8,62,8.9,5.3,1014.1,2.43,,2,1705
4284,108,서울,2024-03-27 12:00,13.6,,3.1,56,8.7,4.9,1013.4,2.6,,0,1666
4285,108,서울,2024-03-27 13:00,14.4,,1.3,52,8.5,4.6,1013.0,2.52,,0,1828
4286,108,서울,2024-03-27 14:00,15.6,,1.5,50,8.8,5.1,1011.9,2.39,,0,1655
4287,108,서울,2024-03-27 15:00,16.0,,2.5,46,8.3,4.3,1011.5,2.17,,0,1530
4288,108,서울,2024-03-27 16:00,15.7,,3.8,50,8.8,5.2,1011.2,1.49,,0,1456
4289,108,서울,2024-03-27 17:00,14.2,,3.6,56,9.0,5.5,1010.9,0.88,,0,1695
4290,108,서울,2024-03-27 18:00,13.1,,3.3,62,9.3,5.9,1010.8,0.42,,0,1461
4291,108,서울,2024-03-27 19:00,12.0,,2.5,66,9.2,5.8,1010.3,0.08,,0,1353
4292,108,서울,2024-03-27 20:00,11.5,,2.1,63,8.5,4.6,1010.6,,,0,2083
4293,108,서울,2024-03-27 21:00,11.1,,1.7,64,8.4,4.5,1010.5,,,0,2289
4294,108,서울,2024-03-27 22:00,10.7,,0.8,66,8.4,4.5,1010.0,,,0,2362
4295,108,서울,2024-03-27 23:00,10.9,,1.4,66,8.5,4.7,1009.5,,,0,2748
4296,108,서울,2024-03-28 00:00,10.7,,0.1,67,8.6,4.8,1009.0,,,7,3083
4297,108,서울,2024-03-28 01:00,10.5,,0.5,70,8.8,5.2,1008.7,,,6,2739
4298,108,서울,2024-03-28 02:00,10.4,,0.8,71,8.9,5.3,1007.6,,,6,2634
4299,108,서울,2024-03-28 03:00,10.3,,0.1,71,8.8,5.2,1006.7,,,6,2310
4300,108,서울,2024-03-28 04:00,10.3,,0.5,72,9.0,5.4,1005.6,,,7,2169
4301,108,서울,2024-03-28 05:00,10.2,,1.6,79,9.8,6.7,1004.7,,,7,1002
4302,108,서울,2024-03-28 06:00,9.8,1.1,2.0,87,10.5,7.7,1003.9,,,8,329
4303,108,서울,2024-03-28 07:00,9.5,,2.4,88,10.4,7.6,1002.9,0.0,,5,478
4304,108,서울,2024-03-28 08:00,9.6,,1.7,89,10.6,7.8,1002.9,0.06,,7,490
4305,108,서울,2024-03-28 09:00,10.1,0.4,1.5,88,10.8,8.1,1002.3,0.28,,8,578
4306,108,서울,2024-03-28 10:00,10.6,,0.6,84,10.7,8.0,1001.4,0.37,,7,944
4307,108,서울,2024-03-28 11:00,11.0,,1.0,77,10.1,7.1,1000.4,0.4,,5,1541
4308,108,서울,2024-03-28 12:00,11.2,0.0,1.8,76,10.1,7.1,999.8,0.31,,7,1449
4309,108,서울,2024-03-28 13:00,11.5,,2.4,76,10.3,7.4,998.9,0.51,,7,1559
4310,108,서울,2024-03-28 14:00,11.2,,2.3,79,10.4,7.6,997.6,0.62,,6,1758
4311,108,서울,2024-03-28 15:00,11.7,0.0,0.8,79,10.8,8.1,996.2,0.53,,5,1370
4312,108,서울,2024-03-28 16:00,12.0,,1.1,77,10.7,8.0,995.6,0.52,,7,1546
4313,108,서울,2024-03-28 17:00,12.1,,1.7,76,10.6,7.9,994.9,0.45,,8,1444
4314,108,서울,2024-03-28 18:00,11.8,,0.3,77,10.6,7.8,995.0,0.07,,7,1430
4315,108,서울,2024-03-28 19:00,11.7,,2.7,79,10.8,8.1,995.3,0.01,,6,1120
4316,108,서울,2024-03-28 20:00,10.6,,2.9,89,11.3,8.8,995.7,,,8,264
4317,108,서울,2024-03-28 21:00,10.0,0.4,2.1,90,11.0,8.4,995.9,,,8,479
4318,108,서울,2024-03-28 22:00,9.6,,4.3,87,10.4,7.5,996.5,,,0,838
4319,108,서울,2024-03-28 23:00,8.7,,3.5,83,9.3,5.9,997.1,,,0,865
4320,108,서울,2024-03-29 00:00,7.8,,2.7,86,9.0,5.5,997.2,,,0,720
4321,108,서울,2024-03-29 01:00,7.1,,2.5,82,8.2,4.2,996.8,,,0,614
4322,108,서울,2024-03-29 02:00,6.4,,1.8,83,8.0,3.7,996.6,,,0,598
4323,108,서울,2024-03-29 03:00,5.9,,2.8,84,7.7,3.3,997.1,,,0,641
4324,108,서울,2024-03-29 04:00,5.6,,2.8,82,7.4,2.7,996.5,,,0,561
4325,108,서울,2024-03-29 05:00,5.4,,2.1,83,7.4,2.7,995.5,,,7,565
4326,108,서울,2024-03-29 06:00,5.7,,3.1,83,7.6,3.0,996.0,,,4,564
4327,108,서울,2024-03-29 07:00,5.8,,3.0,76,7.0,1.8,993.7,0.02,,7,595
4328,108,서울,2024-03-29 08:00,6.1,,2.6,75,7.0,1.9,993.6,0.17,,3,562
4329,108,서울,2024-03-29 09:00,6.9,,2.7,64,6.3,0.5,995.1,0.4,,9,600
4330,108,서울,2024-03-29 10:00,6.7,,1.6,77,7.5,2.9,994.9,0.18,,8,463
4331,108,서울,2024-03-29 11:00,6.8,,1.8,85,8.4,4.4,994.0,0.15,,9,658
4332,108,서울,2024-03-29 12:00,7.4,1.4,1.9,90,9.2,5.8,993.6,0.1,,8,690
4333,108,서울,2024-03-29 13:00,9.4,,3.7,97,11.4,8.9,993.6,0.13,,10,178
4334,108,서울,2024-03-29 14:00,9.8,,3.3,94,11.3,8.8,994.0,0.33,,9,227
4335,108,서울,2024-03-29 15:00,10.8,0.0,3.6,81,10.4,7.6,994.5,1.26,,8,458
4336,108,서울,2024-03-29 16:00,12.0,,3.4,70,9.8,6.7,994.3,1.66,,2,628
4337,108,서울,2024-03-29 17:00,12.1,,4.5,60,8.4,4.5,994.8,1.49,,1,964
4338,108,서울,2024-03-29 18:00,11.2,,4.2,63,8.4,4.4,995.6,0.63,,2,934
4339,108,서울,2024-03-29 19:00,9.7,,3.8,71,8.5,4.6,997.1,0.16,,1,844
4340,108,서울,2024-03-29 20:00,8.4,,3.0,66,7.3,2.4,998.9,,,0,1360
4341,108,서울,2024-03-29 21:00,7.6,,3.8,62,6.4,0.7,1000.5,,,0,1960
4342,108,서울,2024-03-29 22:00,6.9,,2.8,55,5.5,-1.5,1001.8,,,0,2527
4343,108,서울,2024-03-29 23:00,5.9,,1.1,50,4.6,-3.7,1002.4,,,0,3017
4344,108,서울,2024-03-30 00:00,5.1,,1.6,57,5.0,-2.7,1002.5,,,0,2829
4345,108,서울,2024-03-30 01:00,4.7,,0.9,59,5.0,-2.6,1003.1,,,0,2639
4346,108,서울,2024-03-30 02:00,5.0,,1.5,75,6.5,0.9,1003.2,,,0,1691
4347,108,서울,2024-03-30 03:00,4.8,,1.7,77,6.6,1.1,1003.0,,,0,1329
4348,108,서울,2024-03-30 04:00,4.0,,1.8,79,6.4,0.6,1002.7,,,0,1416
4349,108,서울,2024-03-30 05:00,3.6,,1.8,81,6.4,0.6,1003.1,,,0,1532
4350,108,서울,2024-03-30 06:00,3.0,,2.4,82,6.2,0.2,1002.6,,,0,1569
4351,108,서울,2024-03-30 07:00,3.3,,2.4,83,6.4,0.6,1002.7,0.06,,0,1398
4352,108,서울,2024-03-30 08:00,4.5,,2.8,76,6.4,0.6,1002.9,0.34,,0,1549
4353,108,서울,2024-03-30 09:00,6.9,,2.8,63,6.2,0.3,1003.0,1.03,,0,1707
4354,108,서울,2024-03-30 10:00,7.7,,2.9,56,5.9,-0.5,1003.3,0.74,,9,2004
4355,108,서울,2024-03-30 11:00,9.2,,3.4,48,5.6,-1.2,1001.4,1.15,,8,1958
4356,108,서울,2024-03-30 12:00,11.5,,2.3,44,6.0,-0.3,1000.9,2.4,,8,2273
4357,108,서울,2024-03-30 13:00,12.7,,1.6,40,5.9,-0.5,999.8,2.24,,8,2002
4358,108,서울,2024-03-30 14:00,15.1,,2.6,35,6.0,-0.2,998.8,2.85,,7,2101
4359,108,서울,2024-03-30 15:00,15.3,,3.3,31,5.4,-1.7,998.2,1.86,,8,1644
4360,108,서울,2024-03-30 16:00,14.9,,5.1,44,7.4,2.7,997.9,1.48,,8,1188
4361,108,서울,2024-03-30 17:00,14.0,,3.2,48,7.6,3.1,998.2,1.1,,8,1226
4362,108,서울,2024-03-30 18:00,13.1,,3.2,44,6.6,1.1,998.3,0.67,,0,1516
4363,108,서울,2024-03-30 19:00,11.5,,3.0,44,6.0,-0.3,999.5,0.15,,0,1594
4364,108,서울,2024-03-30 20:00,10.1,,2.7,56,6.9,1.7,1001.0,,,2,1568
4365,108,서울,2024-03-30 21:00,9.0,,2.2,62,7.1,2.0,1002.3,,,0,1447
4366,108,서울,2024-03-30 22:00,8.1,,1.9,49,5.3,-1.9,1003.2,,,0,2428
4367,108,서울,2024-03-30 23:00,7.1,,2.0,52,5.2,-2.1,1004.0,,,2,2418
4368,108,서울,2024-03-31 00:00,7.0,,2.3,49,4.9,-3.0,1004.3,,,0,2609
4369,108,서울,2024-03-31 01:00,6.2,,0.8,51,4.8,-3.2,1004.9,,,0,2672
4370,108,서울,2024-03-31 02:00,5.6,,0.8,53,4.8,-3.2,1004.8,,,6,2751
4371,108,서울,2024-03-31 03:00,4.9,,0.5,57,4.9,-2.9,1004.4,,,0,2825
4372,108,서울,2024-03-31 04:00,4.5,,1.3,55,4.6,-3.7,1003.6,,,0,3109
4373,108,서울,2024-03-31 05:00,3.7,,1.1,61,4.9,-3.1,1003.5,,,0,3044
4374,108,서울,2024-03-31 06:00,3.5,,1.0,60,4.7,-3.5,1003.9,,,0,3004
4375,108,서울,2024-03-31 07:00,3.7,,0.8,62,4.9,-2.9,1005.1,0.07,,0,2766
4376,108,서울,2024-03-31 08:00,5.1,,2.2,60,5.3,-2.0,1004.7,0.58,,0,2877
4377,108,서울,2024-03-31 09:00,7.9,,1.2,53,5.6,-1.1,1005.1,1.36,,0,2318
4378,108,서울,2024-03-31 10:00,9.9,,1.4,36,4.4,-4.5,1004.5,2.1,,0,2991
4379,108,서울,2024-03-31 11:00,12.3,,2.0,27,3.8,-6.2,1003.6,2.75,,0,3410
4380,108,서울,2024-03-31 12:00,14.1,,1.7,26,4.2,-5.1,1003.0,3.14,,0,3740
4381,108,서울,2024-03-31 13:00,15.4,,1.2,24,4.2,-5.1,1002.0,3.22,,0,3253
4382,108,서울,2024-03-31 14:00,16.1,,3.0,19,3.5,-7.5,1000.9,3.1,,0,3673
4383,108,서울,2024-03-31 15:00,16.6,,4.1,18,3.4,-7.8,1000.0,2.8,,0,3985
4384,108,서울,2024-03-31 16:00,17.2,,2.8,19,3.7,-6.6,999.4,1.98,,0,3899
4385,108,서울,2024-03-31 17:00,16.7,,3.4,21,4.0,-5.7,999.1,1.21,,0,4301
4386,108,서울,2024-03-31 18:00,15.4,,3.0,24,4.2,-5.1,999.4,0.42,,9,4032
4387,108,서울,2024-03-31 19:00,14.3,,2.4,28,4.6,-3.9,999.8,0.06,,9,4003
4388,108,서울,2024-03-31 20:00,13.4,,1.5,31,4.8,-3.4,1000.0,,,6,3790
4389,108,서울,2024-03-31 21:00,13.0,,2.5,31,4.6,-3.7,1000.8,,,2,3890
4390,108,서울,2024-03-31 22:00,12.2,,2.0,34,4.8,-3.2,1001.4,,,3,3595
4391,108,서울,2024-03-31 23:00,10.6,,4.0,47,6.0,-0.2,1002.0,,,0,2755
4392,108,서울,2024-04-01 00:00,9.5,,1.7,50,5.9,-0.4,1002.0,,,0,2694
4393,108,서울,2024-04-01 01:00,8.6,,2.1,53,5.9,-0.4,1002.8,,,0,2631
4394,108,서울,2024-04-01 02:00,7.7,,1.2,53,5.6,-1.2,1002.8,,,0,2936
4395,108,서울,2024-04-01 03:00,7.2,,0.3,54,5.5,-1.5,1002.7,,,0,2907
4396,108,서울,2024-04-01 04:00,6.7,,0.3,56,5.5,-1.4,1002.7,,,0,2901
4397,108,서울,2024-04-01 05:00,6.4,,1.2,57,5.5,-1.5,1003.1,,,0,3138
4398,108,서울,2024-04-01 06:00,5.8,,1.0,57,5.3,-2.0,1004.0,,,0,3131
4399,108,서울,2024-04-01 07:00,5.7,,0.7,58,5.3,-1.9,1004.9,0.07,,0,2987
4400,108,서울,2024-04-01 08:00,7.5,,0.4,56,5.8,-0.7,1005.4,0.6,,0,2621
4401,108,서울,2024-04-01 09:00,10.9,,1.0,40,5.2,-2.1,1005.6,1.38,,0,2299
4402,108,서울,2024-04-01 10:00,13.6,,1.8,28,4.3,-4.6,1005.8,2.1,,0,2914
4403,108,서울,2024-04-01 11:00,15.6,,2.3,26,4.6,-3.8,1005.6,2.7,,0,3070
4404,108,서울,2024-04-01 12:00,16.9,,2.7,21,4.0,-5.6,1005.2,3.07,,0,4060
4405,108,서울,2024-04-01 13:00,17.8,,2.6,16,3.2,-8.4,1004.5,3.27,,0,3884
4406,108,서울,2024-04-01 14:00,18.0,,3.2,17,3.5,-7.4,1004.2,3.16,,0,3716
4407,108,서울,2024-04-01 15:00,18.9,,3.8,20,4.4,-4.5,1004.0,2.82,,0,2943
4408,108,서울,2024-04-01 16:00,18.1,,3.8,20,4.2,-5.2,1004.0,2.14,,1,3601
4409,108,서울,2024-04-01 17:00,17.3,,3.4,19,3.8,-6.5,1004.1,1.52,,1,3934
4410,108,서울,2024-04-01 18:00,16.2,,2.2,16,3.0,-9.6,1004.3,0.75,,0,4086
4411,108,서울,2024-04-01 19:00,14.3,,2.4,20,3.2,-8.4,1004.1,0.14,,0,4078
4412,108,서울,2024-04-01 20:00,12.7,,1.8,20,2.9,-9.7,1004.5,,,0,4740
4413,108,서울,2024-04-01 21:00,11.8,,2.1,19,2.6,-11.1,1004.5,,,0,4836
4414,108,서울,2024-04-01 22:00,10.9,,0.5,21,2.7,-10.6,1004.4,,,0,4400
4415,108,서울,2024-04-01 23:00,10.2,,0.8,24,3.0,-9.5,1004.0,,,0,3618
4416,108,서울,2024-04-02 00:00,9.5,,1.3,29,3.5,-7.6,1004.5,,,0,2969
4417,108,서울,2024-04-02 01:00,8.9,,1.0,33,3.8,-6.5,1004.6,,,0,2428
4418,108,서울,2024-04-02 02:00,8.5,,2.2,35,3.9,-6.1,1004.6,,,0,2531
4419,108,서울,2024-04-02 03:00,7.8,,2.3,39,4.1,-5.3,1004.2,,,0,2438
4420,108,서울,2024-04-02 04:00,7.6,,2.0,40,4.2,-5.1,1004.1,,,0,2500
4421,108,서울,2024-04-02 05:00,7.6,,2.0,42,4.4,-4.5,1004.4,,,0,2635
4422,108,서울,2024-04-02 06:00,7.0,,2.3,45,4.5,-4.1,1004.2,,,0,2525
4423,108,서울,2024-04-02 07:00,7.8,,2.6,42,4.4,-4.3,1004.4,0.08,,0,2724
4424,108,서울,2024-04-02 08:00,10.0,,2.0,36,4.4,-4.4,1005.0,0.55,,0,2594
4425,108,서울,2024-04-02 09:00,13.4,,2.8,28,4.3,-4.7,1005.0,1.29,,0,2616
4426,108,서울,2024-04-02 10:00,16.4,,2.6,28,5.2,-2.1,1005.0,2.14,,0,2368
4427,108,서울,2024-04-02 11:00,18.8,,2.8,23,5.0,-2.7,1004.8,2.71,,0,2403
4428,108,서울,2024-04-02 12:00,20.5,,1.8,21,5.0,-2.6,1003.8,3.04,,0,2182
4429,108,서울,2024-04-02 13:00,22.2,,1.7,20,5.4,-1.8,1003.0,2.92,,0,2744
4430,108,서울,2024-04-02 14:00,23.5,,2.3,20,5.8,-0.7,1002.1,3.08,,0,2212
4431,108,서울,2024-04-02 15:00,23.6,,3.6,22,6.4,0.6,1001.5,2.64,,0,1956
4432,108,서울,2024-04-02 16:00,21.1,,3.3,32,8.0,3.7,1001.3,1.51,,0,1621
4433,108,서울,2024-04-02 17:00,20.3,,2.3,36,8.5,4.7,1000.8,0.86,,2,1665
4434,108,서울,2024-04-02 18:00,20.0,,2.5,42,9.7,6.6,1000.6,0.7,,1,1658
4435,108,서울,2024-04-02 19:00,18.6,,0.9,49,10.4,7.6,1000.2,0.17,,7,1908
4436,108,서울,2024-04-02 20:00,17.7,,0.7,51,10.3,7.4,1000.1,,,5,1776
4437,108,서울,2024-04-02 21:00,16.5,,1.2,50,9.3,6.0,1000.0,,,0,1648
4438,108,서울,2024-04-02 22:00,15.5,,0.7,53,9.3,5.9,1000.1,,,4,1557
4439,108,서울,2024-04-02 23:00,14.8,,0.4,54,9.0,5.5,999.7,,,5,1598
4440,108,서울,2024-04-03 00:00,14.1,,2.4,53,8.5,4.6,999.3,,,0,1479
4441,108,서울,2024-04-03 01:00,14.0,,1.6,48,7.6,3.1,998.7,,,8,1414
4442,108,서울,2024-04-03 02:00,14.1,,2.5,47,7.5,2.9,998.3,,,9,1391
4443,108,서울,2024-04-03 03:00,14.5,,2.4,44,7.2,2.3,997.6,,,8,1579
4444,108,서울,2024-04-03 04:00,14.6,,2.2,44,7.3,2.4,996.8,,,8,1940
4445,108,서울,2024-04-03 05:00,14.6,,1.7,44,7.3,2.4,996.9,,,9,1918
4446,108,서울,2024-04-03 06:00,14.7,,1.8,47,7.8,3.4,996.5,,,7,2401
4447,108,서울,2024-04-03 07:00,14.8,,2.1,45,7.5,2.9,997.0,0.03,,10,2599
4448,108,서울,2024-04-03 08:00,15.5,,2.0,46,8.1,3.9,996.9,0.23,,10,2742
4449,108,서울,2024-04-03 09:00,16.5,,2.0,43,8.0,3.8,996.8,0.49,,6,2445
4450,108,서울,2024-04-03 10:00,17.1,,2.8,42,8.1,4.0,996.6,0.54,,2,2243
4451,108,서울,2024-04-03 11:00,17.5,,2.2,46,9.2,5.7,996.6,0.55,,8,3726
4452,108,서울,2024-04-03 12:00,18.1,0.0,2.3,52,10.7,8.0,996.1,0.74,,4,4022
4453,108,서울,2024-04-03 13:00,18.9,0.0,2.1,52,11.3,8.8,995.2,1.27,,3,3979
4454,108,서울,2024-04-03 14:00,19.7,,1.4,50,11.4,8.9,994.6,1.29,,7,3239
4455,108,서울,2024-04-03 15:00,19.3,,2.6,54,12.0,9.7,994.0,0.59,,7,3212
4456,108,서울,2024-04-03 16:00,19.1,,1.7,55,12.1,9.8,993.9,0.62,,7,3786
4457,108,서울,2024-04-03 17:00,18.6,,1.3,60,12.8,10.6,994.1,0.34,,8,3166
4458,108,서울,2024-04-03 18:00,18.5,,1.6,58,12.3,10.0,994.5,0.32,,3,3545
4459,108,서울,2024-04-03 19:00,17.8,,1.6,58,11.8,9.4,995.5,0.17,,4,3802
4460,108,서울,2024-04-03 20:00,16.7,,1.4,61,11.6,9.1,997.0,,,1,2640
4461,108,서울,2024-04-03 21:00,16.1,,1.8,73,13.3,11.2,998.1,,,0,1395
4462,108,서울,2024-04-03 22:00,15.7,,1.5,74,13.1,11.0,999.0,,,5,1228
4463,108,서울,2024-04-03 23:00,15.3,,0.3,73,12.6,10.4,999.5,,,6,1441
4464,108,서울,2024-04-04 00:00,14.9,,1.2,76,12.8,10.6,999.3,,,8,1192
4465,108,서울,2024-04-04 01:00,14.2,,2.4,72,11.6,9.2,999.4,,,6,1751
4466,108,서울,2024-04-04 02:00,13.7,,2.5,63,9.8,6.7,999.7,,,2,3222
4467,108,서울,2024-04-04 03:00,13.4,,2.5,62,9.5,6.2,1000.1,,,3,3117
4468,108,서울,2024-04-04 04:00,12.9,,3.0,61,9.0,5.5,1000.6,,,8,2749
4469,108,서울,2024-04-04 05:00,12.8,,3.2,59,8.7,4.9,1001.1,,,5,2872
4470,108,서울,2024-04-04 06:00,12.5,,3.5,59,8.5,4.6,1002.4,,,5,2867
4471,108,서울,2024-04-04 07:00,12.5,,4.1,59,8.5,4.6,1002.9,0.02,,4,2750
4472,108,서울,2024-04-04 08:00,13.1,,4.3,57,8.5,4.7,1003.8,0.27,,9,2630
4473,108,서울,2024-04-04 09:00,14.5,,4.7,49,8.0,3.8,1004.2,0.78,,1,3272
4474,108,서울,2024-04-04 10:00,16.3,,4.1,43,7.9,3.6,1004.5,1.75,,2,3365
4475,108,서울,2024-04-04 11:00,18.2,,4.2,41,8.5,4.7,1004.4,2.55,,2,3464
4476,108,서울,2024-04-04 12:00,19.3,,2.3,42,9.3,6.0,1004.8,2.34,,4,3143
4477,108,서울,2024-04-04 13:00,19.4,,2.9,44,9.9,6.8,1004.5,2.2,,4,3045
4478,108,서울,2024-04-04 14:00,20.1,,2.8,43,10.1,7.1,1004.2,2.09,,4,3062
4479,108,서울,2024-04-04 15:00,19.3,,2.1,44,9.8,6.7,1003.8,1.21,,7,2821
4480,108,서울,2024-04-04 16:00,19.4,,2.4,43,9.6,6.4,1003.7,1.27,,6,3153
4481,108,서울,2024-04-04 17:00,18.7,,3.9,45,9.7,6.5,1004.1,0.63,,6,2803
4482,108,서울,2024-04-04 18:00,17.5,,3.0,49,9.7,6.6,1004.6,0.25,,6,2926
4483,108,서울,2024-04-04 19:00,16.4,,3.3,50,9.3,5.9,1005.2,0.11,,2,3027
4484,108,서울,2024-04-04 20:00,15.4,,2.8,54,9.4,6.1,1006.2,,,3,2810
4485,108,서울,2024-04-04 21:00,14.6,,3.0,56,9.3,5.9,1007.3,,,0,2642
4486,108,서울,2024-04-04 22:00,14.1,,3.5,56,9.0,5.4,1008.1,,,1,2851
4487,108,서울,2024-04-04 23:00,13.5,,2.4,55,8.5,4.6,1008.0,,,1,2978
4488,108,서울,2024-04-05 00:00,13.1,,2.4,56,8.4,4.5,1008.2,,,5,3188
4489,108,서울,2024-04-05 01:00,12.8,,1.5,55,8.1,3.9,1008.4,,,4,3297
4490,108,서울,2024-04-05 02:00,12.8,,2.4,54,8.0,3.7,1008.4,,,9,3345
4491,108,서울,2024-04-05 03:00,12.7,,2.9,50,7.3,2.5,1008.3,,,9,3269
4492,108,서울,2024-04-05 04:00,12.5,,2.7,51,7.4,2.6,1008.4,,,9,3278
4493,108,서울,2024-04-05 05:00,12.2,,1.7,51,7.2,2.3,1008.2,,,9,3349
4494,108,서울,2024-04-05 06:00,12.1,,2.1,51,7.2,2.2,1008.5,,,9,3238
4495,108,서울,2024-04-05 07:00,12.1,,2.3,53,7.4,2.7,1008.8,0.04,,9,3296
4496,108,서울,2024-04-05 08:00,12.3,,3.2,52,7.4,2.7,1009.3,0.13,,9,3143
4497,108,서울,2024-04-05 09:00,12.4,,2.8,52,7.5,2.8,1009.9,0.21,,9,2908
4498,108,서울,2024-04-05 10:00,13.3,,3.0,50,7.6,3.0,1009.8,0.66,,7,2683
4499,108,서울,2024-04-05 11:00,15.9,,1.8,45,8.1,3.9,1009.3,2.4,,2,3135
4500,108,서울,2024-04-05 12:00,16.7,,1.8,46,8.7,5.0,1008.6,2.01,,9,2235
4501,108,서울,2024-04-05 13:00,17.3,,3.7,48,9.4,6.1,1008.3,1.67,,3,1918
4502,108,서울,2024-04-05 14:00,18.1,,3.5,48,9.9,6.9,1007.6,2.54,,6,1884
4503,108,서울,2024-04-05 15:00,18.4,,4.5,50,10.5,7.7,1007.0,2.71,,3,2010
4504,108,서울,2024-04-05 16:00,17.9,,4.5,46,9.4,6.1,1006.9,2.25,,0,1818
4505,108,서울,2024-04-05 17:00,17.7,,3.9,41,8.2,4.2,1007.0,1.54,,0,2452
4506,108,서울,2024-04-05 18:00,16.4,,3.6,40,7.4,2.7,1007.4,0.77,,0,2703
4507,108,서울,2024-04-05 19:00,14.9,,1.7,42,7.1,2.0,1007.6,0.18,,0,2389
4508,108,서울,2024-04-05 20:00,13.9,,2.8,45,7.1,2.1,1008.4,,,0,2064
4509,108,서울,2024-04-05 21:00,12.8,,2.2,54,8.0,3.7,1009.3,,,0,1887
4510,108,서울,2024-04-05 22:00,11.6,,2.1,63,8.5,4.7,1010.0,,,0,1587
4511,108,서울,2024-04-05 23:00,10.9,,0.4,63,8.2,4.1,1009.8,,,0,1439
4512,108,서울,2024-04-06 00:00,10.2,,0.7,67,8.3,4.3,1009.5,,,0,1343
4513,108,서울,2024-04-06 01:00,10.3,,1.3,70,8.7,5.0,1009.6,,,1,1265
4514,108,서울,2024-04-06 02:00,9.7,,1.8,71,8.5,4.6,1009.6,,,1,1266
4515,108,서울,2024-04-06 03:00,9.5,,2.1,73,8.6,4.8,1009.7,,,0,1005
4516,108,서울,2024-04-06 04:00,9.2,,1.1,74,8.5,4.7,1009.9,,,0,781
4517,108,서울,2024-04-06 05:00,8.4,,1.5,77,8.4,4.5,1009.7,,,0,713
4518,108,서울,2024-04-06 06:00,8.2,,1.5,80,8.7,4.9,1010.1,,,0,706
4519,108,서울,2024-04-06 07:00,8.3,,1.0,80,8.7,5.0,1010.4,0.11,,0,726
4520,108,서울,2024-04-06 08:00,9.4,,1.3,76,8.9,5.3,1010.2,0.47,,0,746
4521,108,서울,2024-04-06 09:00,11.0,,0.6,70,9.2,5.7,1010.3,0.85,,0,819
4522,108,서울,2024-04-06 10:00,12.7,,1.2,49,7.2,2.2,1010.3,1.28,,0,1307
4523,108,서울,2024-04-06 11:00,14.1,,1.7,45,7.2,2.3,1010.5,1.38,,0,1417
4524,108,서울,2024-04-06 12:00,15.6,,1.5,33,5.8,-0.6,1009.6,2.16,,0,1574
4525,108,서울,2024-04-06 13:00,18.2,,3.4,34,7.1,2.0,1008.7,3.06,,0,1406
4526,108,서울,2024-04-06 14:00,18.2,,3.1,34,7.1,2.0,1007.9,2.04,,0,1551
4527,108,서울,2024-04-06 15:00,18.7,,3.7,30,6.4,0.7,1007.6,2.1,,0,1448
4528,108,서울,2024-04-06 16:00,17.4,,4.6,32,6.3,0.5,1007.2,1.67,,0,1567
4529,108,서울,2024-04-06 17:00,16.7,,3.4,31,5.9,-0.5,1006.9,1.47,,0,1568
4530,108,서울,2024-04-06 18:00,16.1,,1.9,30,5.5,-1.5,1006.5,0.73,,0,1573
4531,108,서울,2024-04-06 19:00,14.3,,2.8,35,5.7,-0.9,1006.6,0.17,,0,1518
4532,108,서울,2024-04-06 20:00,12.9,,2.0,37,5.5,-1.4,1007.2,,,0,1441
4533,108,서울,2024-04-06 21:00,12.0,,1.0,38,5.3,-1.9,1007.9,,,0,1553
4534,108,서울,2024-04-06 22:00,11.0,,1.0,36,4.7,-3.5,1008.1,,,0,1770
4535,108,서울,2024-04-06 23:00,10.6,,1.9,36,4.6,-3.8,1008.3,,,1,1734
4536,108,서울,2024-04-07 00:00,10.3,,1.5,35,4.4,-4.5,1008.7,,,0,1864
4537,108,서울,2024-04-07 01:00,9.8,,0.6,38,4.6,-3.8,1008.6,,,0,1812
4538,108,서울,2024-04-07 02:00,9.7,,1.6,40,4.8,-3.2,1008.7,,,1,1728
4539,108,서울,2024-04-07 03:00,9.0,,1.6,40,4.6,-3.9,1008.5,,,0,1826
4540,108,서울,2024-04-07 04:00,8.7,,0.4,45,5.1,-2.5,1008.2,,,0,1658
4541,108,서울,2024-04-07 05:00,8.3,,0.6,43,4.7,-3.5,1008.3,,,0,1623
4542,108,서울,2024-04-07 06:00,7.9,,2.2,50,5.3,-1.9,1008.1,,,0,1492
4543,108,서울,2024-04-07 07:00,7.9,,1.7,52,5.6,-1.3,1008.5,0.1,,0,1551
4544,108,서울,2024-04-07 08:00,9.8,,1.2,50,6.1,-0.1,1009.0,0.6,,0,1401
4545,108,서울,2024-04-07 09:00,12.7,,0.8,43,6.3,0.4,1009.3,1.35,,0,1277
4546,108,서울,2024-04-07 10:00,15.6,,1.2,36,6.3,0.5,1009.1,1.98,,0,1180
4547,108,서울,2024-04-07 11:00,17.4,,1.8,29,5.8,-0.8,1008.7,2.65,,0,1432
4548,108,서울,2024-04-07 12:00,19.4,,2.7,25,5.6,-1.1,1008.1,3.05,,0,1579
4549,108,서울,2024-04-07 13:00,20.3,,2.5,23,5.5,-1.5,1007.4,3.17,,0,1376
4550,108,서울,2024-04-07 14:00,22.0,,2.0,23,6.1,-0.1,1006.4,3.1,,0,1290
4551,108,서울,2024-04-07 15:00,22.9,,3.3,22,6.1,0.0,1005.6,2.76,,0,1304
4552,108,서울,2024-04-07 16:00,23.2,,3.0,23,6.5,0.8,1004.9,2.2,,0,1169
4553,108,서울,2024-04-07 17:00,22.7,,3.3,24,6.6,1.0,1005.0,1.51,,0,1432
4554,108,서울,2024-04-07 18:00,19.9,,5.2,26,6.1,-0.1,1005.8,0.75,,0,1631
4555,108,서울,2024-04-07 19:00,17.4,,3.4,30,6.0,-0.3,1006.5,0.18,,0,2166
4556,108,서울,2024-04-07 20:00,15.6,,2.8,31,5.5,-1.4,1007.4,,,0,2085
4557,108,서울,2024-04-07 21:00,14.3,,2.1,26,4.2,-4.9,1007.5,,,0,2676
4558,108,서울,2024-04-07 22:00,13.4,,1.7,29,4.4,-4.3,1007.7,,,1,2591
4559,108,서울,2024-04-07 23:00,12.5,,2.0,31,4.5,-4.2,1007.6,,,1,2628
4560,108,서울,2024-04-08 00:00,12.0,,0.5,35,4.9,-3.0,1008.0,,,0,2406
4561,108,서울,2024-04-08 01:00,11.6,,0.2,40,5.5,-1.5,1007.6,,,1,2361
4562,108,서울,2024-04-08 02:00,11.7,,0.6,41,5.6,-1.1,1007.2,,,1,2246
4563,108,서울,2024-04-08 03:00,11.5,,1.7,45,6.1,0.0,1006.9,,,0,2239
4564,108,서울,2024-04-08 04:00,11.5,,1.1,45,6.1,0.0,1006.7,,,0,2091
4565,108,서울,2024-04-08 05:00,11.3,,0.4,46,6.1,0.0,1006.9,,,0,2076
4566,108,서울,2024-04-08 06:00,11.1,,1.0,50,6.6,1.0,1007.4,,,0,2077
4567,108,서울,2024-04-08 07:00,11.1,,1.3,50,6.6,1.0,1007.6,0.05,,0,1930
4568,108,서울,2024-04-08 08:00,12.1,,0.8,49,6.9,1.6,1007.6,0.38,,0,1885
4569,108,서울,2024-04-08 09:00,14.2,,1.6,41,6.6,1.1,1007.3,0.88,,0,1867
4570,108,서울,2024-04-08 10:00,16.3,,1.8,40,7.4,2.6,1007.2,1.22,,0,1504
4571,108,서울,2024-04-08 11:00,17.7,,1.6,37,7.5,2.8,1007.3,1.29,,0,1559
4572,108,서울,2024-04-08 12:00,18.8,,2.2,33,7.1,2.1,1007.0,1.7,,0,1598
4573,108,서울,2024-04-08 13:00,20.4,,1.7,31,7.4,2.6,1006.2,1.97,,0,1405
4574,108,서울,2024-04-08 14:00,22.0,,2.2,29,7.6,3.1,1005.5,2.38,,0,1251
4575,108,서울,2024-04-08 15:00,22.5,,2.7,35,9.5,6.2,1005.0,2.08,,0,1320
4576,108,서울,2024-04-08 16:00,21.9,,2.8,37,9.7,6.5,1004.4,1.16,,0,1207
4577,108,서울,2024-04-08 17:00,21.3,,3.5,40,10.1,7.1,1004.8,0.69,,0,1076
4578,108,서울,2024-04-08 18:00,19.8,,3.8,45,10.4,7.5,1004.9,0.48,,0,1434
4579,108,서울,2024-04-08 19:00,18.1,,4.1,51,10.5,7.7,1005.3,0.16,,1,1893
4580,108,서울,2024-04-08 20:00,16.8,,4.2,56,10.6,7.9,1005.7,0.0,,1,1734
4581,108,서울,2024-04-08 21:00,16.4,,4.0,59,10.9,8.3,1006.1,,,0,1664
4582,108,서울,2024-04-08 22:00,16.2,,3.7,59,10.8,8.1,1005.8,,,1,1520
4583,108,서울,2024-04-08 23:00,15.8,,3.6,61,10.9,8.2,1005.5,,,0,1281
4584,108,서울,2024-04-09 00:00,14.9,,3.1,64,10.8,8.1,1005.5,,,0,1209
4585,108,서울,2024-04-09 01:00,14.3,,0.7,65,10.5,7.7,1005.4,,,0,1068
4586,108,서울,2024-04-09 02:00,13.6,,3.3,64,9.9,6.9,1005.8,,,0,1166
4587,108,서울,2024-04-09 03:00,12.8,,3.5,60,8.8,5.2,1006.3,,,0,1500
4588,108,서울,2024-04-09 04:00,11.9,,4.0,61,8.5,4.6,1006.5,,,0,1583
4589,108,서울,2024-04-09 05:00,11.5,,4.6,42,5.7,-0.9,1007.4,,,0,2949
4590,108,서울,2024-04-09 06:00,10.9,,5.6,35,4.6,-3.9,1008.3,,,0,3167
4591,108,서울,2024-04-09 07:00,10.7,,7.5,36,4.6,-3.7,1009.5,0.13,,0,3419
4592,108,서울,2024-04-09 08:00,11.5,,6.4,36,4.9,-3.0,1010.6,0.72,,0,3268
4593,108,서울,2024-04-09 09:00,12.9,,5.4,34,5.0,-2.6,1010.9,1.52,,0,2764
4594,108,서울,2024-04-09 10:00,14.6,,4.5,31,5.2,-2.3,1011.2,2.22,,0,3040
4595,108,서울,2024-04-09 11:00,16.3,,4.4,27,5.0,-2.7,1011.5,2.86,,0,3755
4596,108,서울,2024-04-09 12:00,17.6,,4.2,24,4.8,-3.2,1011.5,3.23,,0,3339
4597,108,서울,2024-04-09 13:00,18.9,,4.0,22,4.8,-3.3,1011.1,3.39,,0,3352
4598,108,서울,2024-04-09 14:00,20.0,,3.4,23,5.4,-1.7,1010.7,3.32,,0,3187
4599,108,서울,2024-04-09 15:00,20.2,,3.3,22,5.2,-2.2,1010.7,2.99,,0,2814
4600,108,서울,2024-04-09 16:00,20.7,,1.9,22,5.4,-1.8,1009.9,2.43,,0,2931
4601,108,서울,2024-04-09 17:00,20.5,,2.2,19,4.6,-3.9,1009.8,1.74,,0,3285
4602,108,서울,2024-04-09 18:00,19.7,,2.4,22,5.0,-2.6,1009.7,0.91,,0,2890
4603,108,서울,2024-04-09 19:00,17.9,,1.9,23,4.7,-3.5,1010.0,0.22,,0,3449
4604,108,서울,2024-04-09 20:00,16.4,,1.4,28,5.2,-2.1,1010.5,0.0,,0,2990
4605,108,서울,2024-04-09 21:00,15.0,,2.3,30,5.1,-2.4,1011.5,,,0,3301
4606,108,서울,2024-04-09 22:00,13.9,,2.1,31,4.9,-2.9,1012.0,,,1,3251
4607,108,서울,2024-04-09 23:00,13.4,,4.0,32,4.9,-2.9,1012.1,,,0,3793
4608,108,서울,2024-04-10 00:00,13.2,,3.2,32,4.9,-3.1,1012.8,,,0,3842
4609,108,서울,2024-04-10 01:00,12.2,,2.8,35,5.0,-2.8,1013.2,,,1,3948
4610,108,서울,2024-04-10 02:00,11.8,,2.4,40,5.6,-1.3,1013.1,,,1,3576
4611,108,서울,2024-04-10 03:00,11.7,,2.5,47,6.4,0.7,1013.1,,,0,3157
4612,108,서울,2024-04-10 04:00,10.8,,1.6,49,6.3,0.4,1013.2,,,0,3029
4613,108,서울,2024-04-10 05:00,10.4,,1.9,56,7.0,1.9,1013.9,,,0,2352
4614,108,서울,2024-04-10 06:00,10.4,,2.1,61,7.6,3.1,1014.6,,,0,1907
4615,108,서울,2024-04-10 07:00,10.8,,2.5,69,8.9,5.3,1015.3,0.12,,0,1473
4616,108,서울,2024-04-10 08:00,11.8,,3.3,72,9.9,6.9,1015.7,0.48,,8,1391
4617,108,서울,2024-04-10 09:00,12.7,,3.1,71,10.4,7.5,1015.7,0.56,,8,1436
4618,108,서울,2024-04-10 10:00,13.9,,2.6,66,10.4,7.6,1016.1,0.97,,7,1621
4619,108,서울,2024-04-10 11:00,15.3,,2.8,62,10.7,8.0,1015.7,1.82,,7,1486
4620,108,서울,2024-04-10 12:00,16.5,,2.9,56,10.4,7.6,1015.3,2.11,,8,1547
4621,108,서울,2024-04-10 13:00,17.2,,1.6,54,10.5,7.7,1014.6,1.85,,7,1658
4622,108,서울,2024-04-10 14:00,18.1,,3.1,50,10.4,7.5,1013.9,2.36,,4,1855
4623,108,서울,2024-04-10 15:00,18.0,,3.3,50,10.3,7.4,1013.2,2.08,,1,1771
4624,108,서울,2024-04-10 16:00,18.1,,2.7,50,10.4,7.5,1012.9,1.47,,1,1732
4625,108,서울,2024-04-10 17:00,17.1,,3.8,55,10.6,7.9,1013.0,0.94,,6,1752
4626,108,서울,2024-04-10 18:00,15.2,,4.0,64,11.0,8.4,1013.4,0.5,,2,1867
4627,108,서울,2024-04-10 19:00,14.1,,2.7,69,11.0,8.4,1013.5,0.11,,1,1710
4628,108,서울,2024-04-10 20:00,13.4,,2.0,73,11.2,8.6,1013.4,0.01,,1,1747
4629,108,서울,2024-04-10 21:00,13.2,,1.9,75,11.3,8.8,1013.9,,,8,1477
4630,108,서울,2024-04-10 22:00,13.1,,1.5,75,11.2,8.7,1014.0,,,1,1442
4631,108,서울,2024-04-10 23:00,12.8,,1.3,75,11.0,8.4,1014.1,,,1,1396
4632,108,서울,2024-04-11 00:00,12.5,,1.9,77,11.1,8.5,1014.2,,,0,1638
4633,108,서울,2024-04-11 01:00,12.3,,1.3,77,10.9,8.3,1014.2,,,1,1632
4634,108,서울,2024-04-11 02:00,12.1,,1.0,77,10.8,8.1,1013.6,,,1,1657
4635,108,서울,2024-04-11 03:00,12.0,,1.3,78,10.9,8.2,1013.2,,,0,1489
4636,108,서울,2024-04-11 04:00,11.8,,1.8,80,11.0,8.4,1013.0,,,10,1322
4637,108,서울,2024-04-11 05:00,11.7,,2.2,79,10.8,8.1,1012.2,,,10,1368
4638,108,서울,2024-04-11 06:00,11.8,,1.4,80,11.0,8.4,1012.5,,,10,1351
4639,108,서울,2024-04-11 07:00,11.9,,1.3,79,10.9,8.3,1012.5,0.02,,6,1377
4640,108,서울,2024-04-11 08:00,12.5,0.0,1.9,80,11.6,9.1,1012.7,0.14,,7,1223
4641,108,서울,2024-04-11 09:00,13.2,0.0,1.3,77,11.6,9.2,1012.9,0.38,,7,1294
4642,108,서울,2024-04-11 10:00,15.3,,1.9,69,11.9,9.6,1012.8,1.22,,6,1416
4643,108,서울,2024-04-11 11:00,16.6,,1.4,61,11.5,9.0,1012.2,1.36,,7,1506
4644,108,서울,2024-04-11 12:00,17.6,,1.8,55,11.0,8.4,1011.7,1.35,,5,1501
4645,108,서울,2024-04-11 13:00,19.0,,1.2,47,10.3,7.4,1011.0,2.02,,9,1934
4646,108,서울,2024-04-11 14:00,19.6,,1.2,48,10.9,8.2,1010.5,2.3,,3,1392
4647,108,서울,2024-04-11 15:00,19.9,,2.1,46,10.6,7.9,1009.8,1.18,,4,1298
4648,108,서울,2024-04-11 16:00,21.0,,2.1,43,10.6,7.9,1009.0,2.04,,0,1407
4649,108,서울,2024-04-11 17:00,20.9,,1.9,42,10.3,7.4,1008.4,1.34,,0,1424
4650,108,서울,2024-04-11 18:00,20.1,,2.3,44,10.3,7.4,1008.4,0.74,,0,1326
4651,108,서울,2024-04-11 19:00,18.7,,2.5,46,9.9,6.8,1008.7,0.19,,0,1649
4652,108,서울,2024-04-11 20:00,17.2,,2.4,50,9.7,6.6,1009.2,0.0,,0,1709
4653,108,서울,2024-04-11 21:00,15.9,,3.3,52,9.3,6.0,1010.0,,,0,1910
4654,108,서울,2024-04-11 22:00,15.2,,2.6,52,8.9,5.3,1010.4,,,0,2072
4655,108,서울,2024-04-11 23:00,14.3,,0.7,54,8.8,5.1,1010.3,,,0,2131
4656,108,서울,2024-04-12 00:00,13.4,,1.1,56,8.5,4.7,1010.4,,,0,1973
4657,108,서울,2024-04-12 01:00,13.1,,1.2,62,9.3,5.9,1010.3,,,0,1879
4658,108,서울,2024-04-12 02:00,12.4,,1.2,66,9.5,6.2,1010.1,,,0,1813
4659,108,서울,2024-04-12 03:00,12.1,,1.0,66,9.3,5.9,1010.0,,,0,1660
4660,108,서울,2024-04-12 04:00,12.2,,1.3,67,9.5,6.2,1009.8,,,8,1567
4661,108,서울,2024-04-12 05:00,12.5,,1.4,68,9.8,6.7,1009.6,,,8,1369
4662,108,서울,2024-04-12 06:00,12.3,,2.2,71,10.1,7.1,1009.6,,,8,1162
4663,108,서울,2024-04-12 07:00,12.3,,2.0,73,10.4,7.5,1009.6,0.11,,3,1023
4664,108,서울,2024-04-12 08:00,13.7,,1.8,70,10.9,8.3,1009.8,0.46,,7,985
4665,108,서울,2024-04-12 09:00,16.0,,2.3,64,11.6,9.1,1009.7,1.07,,4,936
4666,108,서울,2024-04-12 10:00,17.6,,1.6,61,12.2,9.9,1009.7,1.75,,4,1182
4667,108,서울,2024-04-12 11:00,19.2,,1.9,58,12.9,10.7,1009.1,2.67,,1,1450
4668,108,서울,2024-04-12 12:00,20.5,,2.5,50,12.0,9.7,1008.4,3.08,,0,1621
4669,108,서울,2024-04-12 13:00,22.2,,3.5,45,11.9,9.6,1007.7,3.2,,0,1857
4670,108,서울,2024-04-12 14:00,23.2,,3.1,39,11.0,8.4,1007.1,3.23,,0,1886
4671,108,서울,2024-04-12 15:00,24.0,,2.6,38,11.2,8.7,1006.5,2.85,,0,1956
4672,108,서울,2024-04-12 16:00,24.0,,2.4,31,9.2,5.8,1006.0,2.34,,0,2830
4673,108,서울,2024-04-12 17:00,22.9,,3.7,41,11.4,8.9,1005.7,1.69,,0,2665
4674,108,서울,2024-04-12 18:00,21.7,,3.1,47,12.1,9.8,1005.7,0.89,,0,2571
4675,108,서울,2024-04-12 19:00,19.6,,2.5,54,12.3,10.0,1006.0,0.25,,0,2514
4676,108,서울,2024-04-12 20:00,17.9,,2.7,62,12.7,10.5,1006.6,0.0,,0,2259
4677,108,서울,2024-04-12 21:00,16.7,,2.2,68,12.9,10.7,1007.1,,,0,1699
4678,108,서울,2024-04-12 22:00,16.0,,2.5,69,12.5,10.3,1007.3,,,0,1720
4679,108,서울,2024-04-12 23:00,15.3,,2.4,72,12.4,10.2,1007.6,,,0,1699
4680,108,서울,2024-04-13 00:00,14.6,,1.5,73,12.1,9.8,1007.6,,,0,1674
4681,108,서울,2024-04-13 01:00,14.4,,2.4,67,10.9,8.3,1007.7,,,0,2445
4682,108,서울,2024-04-13 02:00,13.6,,1.3,67,10.4,7.5,1007.6,,,0,2467
4683,108,서울,2024-04-13 03:00,12.7,,0.3,69,10.1,7.1,1007.7,,,0,2275
4684,108,서울,2024-04-13 04:00,12.3,,1.5,74,10.5,7.7,1008.0,,,0,2092
4685,108,서울,2024-04-13 05:00,11.8,,1.1,78,10.7,8.0,1008.0,,,0,1847
4686,108,서울,2024-04-13 06:00,11.3,,0.7,77,10.3,7.4,1008.2,,,0,2048
4687,108,서울,2024-04-13 07:00,11.4,,1.5,79,10.6,7.8,1008.7,0.16,,0,1882
4688,108,서울,2024-04-13 08:00,13.6,,0.5,72,11.2,8.6,1008.9,0.78,,0,1809
4689,108,서울,2024-04-13 09:00,16.1,,0.8,64,11.6,9.2,1008.9,1.57,,0,1701
4690,108,서울,2024-04-13 10:00,19.3,,1.6,53,11.8,9.4,1008.7,2.27,,0,1516
4691,108,서울,2024-04-13 11:00,21.8,,1.3,47,12.2,9.9,1008.5,2.85,,0,1751
4692,108,서울,2024-04-13 12:00,23.7,,2.4,42,12.3,10.0,1007.6,3.19,,0,1605
4693,108,서울,2024-04-13 13:00,25.4,,1.6,35,11.3,8.8,1006.7,3.33,,0,2173
4694,108,서울,2024-04-13 14:00,26.6,,2.8,31,10.7,8.0,1006.2,3.26,,0,2206
4695,108,서울,2024-04-13 15:00,26.7,,4.0,27,9.4,6.1,1005.9,2.94,,0,2635
4696,108,서울,2024-04-13 16:00,27.0,,3.6,24,8.5,4.6,1005.7,2.41,,0,3203
4697,108,서울,2024-04-13 17:00,26.2,,3.3,28,9.5,6.2,1005.6,1.72,,0,3559
4698,108,서울,2024-04-13 18:00,25.0,,3.9,33,10.4,7.5,1005.8,0.91,,0,2995
4699,108,서울,2024-04-13 19:00,23.2,,2.8,39,11.0,8.4,1006.1,0.25,,0,2720
4700,108,서울,2024-04-13 20:00,21.1,,1.9,47,11.7,9.3,1006.5,0.01,,0,2566
4701,108,서울,2024-04-13 21:00,19.8,,1.6,48,11.0,8.4,1007.0,,,0,2446
4702,108,서울,2024-04-13 22:00,18.9,,1.4,52,11.3,8.8,1007.0,,,0,2494
4703,108,서울,2024-04-13 23:00,18.2,,1.7,55,11.5,9.0,1007.1,,,0,2395
4704,108,서울,2024-04-14 00:00,17.3,,1.4,59,11.6,9.2,1007.4,,,0,2729
4705,108,서울,2024-04-14 01:00,16.7,,0.2,60,11.3,8.8,1007.6,,,0,2492
4706,108,서울,2024-04-14 02:00,15.8,,0.5,66,11.8,9.4,1007.7,,,0,2467
4707,108,서울,2024-04-14 03:00,15.2,,0.9,66,11.3,8.8,1007.8,,,0,2444
4708,108,서울,2024-04-14 04:00,14.6,,0.8,69,11.4,8.9,1007.5,,,0,2411
4709,108,서울,2024-04-14 05:00,14.3,,0.4,71,11.6,9.1,1007.7,,,0,2212
4710,108,서울,2024-04-14 06:00,13.7,,0.1,72,11.2,8.7,1008.0,0.0,,0,2194
4711,108,서울,2024-04-14 07:00,13.8,,0.9,72,11.3,8.8,1008.6,0.16,,0,2151
4712,108,서울,2024-04-14 08:00,15.9,,2.0,67,12.0,9.7,1008.6,0.78,,0,1685
4713,108,서울,2024-04-14 09:00,18.7,,2.6,57,12.2,9.9,1008.3,1.56,,0,1627
4714,108,서울,2024-04-14 10:00,21.5,,2.2,51,13.0,10.9,1008.0,2.25,,0,1564
4715,108,서울,2024-04-14 11:00,23.7,,2.1,39,11.4,8.9,1007.7,2.88,,0,1883
4716,108,서울,2024-04-14 12:00,25.8,,2.3,30,9.9,6.8,1007.1,3.26,,0,2475
4717,108,서울,2024-04-14 13:00,27.2,,2.4,29,10.4,7.6,1006.1,3.34,,0,2486
4718,108,서울,2024-04-14 14:00,28.9,,2.2,29,11.5,9.0,1005.2,3.22,,0,2501
4719,108,서울,2024-04-14 15:00,28.7,,4.0,28,10.9,8.3,1004.5,2.92,,0,1502
4720,108,서울,2024-04-14 16:00,27.8,,3.0,29,10.8,8.1,1004.0,2.04,,0,1489
4721,108,서울,2024-04-14 17:00,27.4,,3.3,28,10.2,7.2,1004.4,1.51,,0,2227
4722,108,서울,2024-04-14 18:00,25.5,,4.6,31,10.1,7.1,1004.6,0.78,,0,2713
4723,108,서울,2024-04-14 19:00,22.6,,2.5,37,10.1,7.1,1004.4,0.23,,1,3054
4724,108,서울,2024-04-14 20:00,21.3,,1.7,40,10.1,7.1,1004.5,0.0,,1,2774
4725,108,서울,2024-04-14 21:00,20.7,,1.3,43,10.4,7.6,1004.6,,,0,2867
4726,108,서울,2024-04-14 22:00,19.8,,1.8,46,10.6,7.8,1004.1,,,1,2793
4727,108,서울,2024-04-14 23:00,18.9,,2.2,48,10.4,7.6,1003.9,,,1,2585
4728,108,서울,2024-04-15 00:00,18.2,,2.1,50,10.4,7.5,1003.5,,,0,2468
4729,108,서울,2024-04-15 01:00,18.4,,1.6,51,10.7,8.0,1003.1,,,1,2488
4730,108,서울,2024-04-15 02:00,18.3,,2.3,50,10.4,7.6,1002.0,,,1,2755
4731,108,서울,2024-04-15 03:00,18.5,,2.6,47,9.9,6.9,1001.1,,,4,2822
4732,108,서울,2024-04-15 04:00,18.8,,2.4,46,9.9,6.9,1000.6,,,7,3298
4733,108,서울,2024-04-15 05:00,19.1,,2.9,46,10.1,7.1,1000.2,,,7,3523
4734,108,서울,2024-04-15 06:00,19.2,,2.7,47,10.4,7.6,999.9,0.0,,3,3406
4735,108,서울,2024-04-15 07:00,19.5,,2.0,49,11.0,8.4,999.6,0.1,,5,3553
4736,108,서울,2024-04-15 08:00,20.0,0.0,2.2,49,11.4,8.9,999.8,0.17,,7,3533
4737,108,서울,2024-04-15 09:00,18.0,1.9,2.5,74,15.2,13.2,999.8,0.11,,7,575
4738,108,서울,2024-04-15 10:00,16.3,7.1,2.8,88,16.3,14.3,1000.5,0.09,,9,649
4739,108,서울,2024-04-15 11:00,15.9,4.2,3.1,90,16.2,14.2,999.9,0.09,,7,1120
4740,108,서울,2024-04-15 12:00,16.8,0.3,3.0,88,16.7,14.7,999.5,0.66,,9,2183
4741,108,서울,2024-04-15 13:00,16.8,0.6,3.1,90,17.2,15.1,999.6,0.6,,8,258
4742,108,서울,2024-04-15 14:00,16.8,2.0,1.6,92,17.5,15.4,999.7,0.35,,8,560
4743,108,서울,2024-04-15 15:00,16.7,0.3,2.6,91,17.3,15.2,998.8,0.48,,8,685
4744,108,서울,2024-04-15 16:00,16.9,0.2,1.7,91,17.5,15.4,998.3,0.25,,7,924
4745,108,서울,2024-04-15 17:00,15.9,0.4,3.1,91,16.4,14.4,998.6,0.13,,7,244
4746,108,서울,2024-04-15 18:00,14.8,0.1,3.6,92,15.5,13.5,999.2,0.11,,7,467
4747,108,서울,2024-04-15 19:00,13.6,0.0,3.5,91,14.1,12.1,999.8,0.03,,9,284
4748,108,서울,2024-04-15 20:00,12.1,,4.2,90,12.7,10.5,1000.9,0.01,,8,615
4749,108,서울,2024-04-15 21:00,11.8,0.0,2.9,91,12.5,10.3,1001.7,,,10,688
4750,108,서울,2024-04-15 22:00,11.9,0.0,1.9,91,12.6,10.4,1002.0,,,10,665
4751,108,서울,2024-04-15 23:00,12.2,0.0,0.3,89,12.6,10.4,1001.6,,,9,963
4752,108,서울,2024-04-16 00:00,12.4,,2.4,89,12.8,10.6,1001.7,,,9,629
4753,108,서울,2024-04-16 01:00,12.1,,1.8,89,12.5,10.3,1001.5,,,9,741
4754,108,서울,2024-04-16 02:00,11.7,0.0,3.3,92,12.6,10.4,1001.6,,,10,628
4755,108,서울,2024-04-16 03:00,11.5,0.4,1.7,93,12.6,10.4,1001.1,,,9,641
4756,108,서울,2024-04-16 04:00,11.6,0.1,3.1,93,12.7,10.5,1000.8,,,9,947
4757,108,서울,2024-04-16 05:00,11.8,0.0,2.5,92,12.7,10.5,1000.5,,,9,956
4758,108,서울,2024-04-16 06:00,11.9,,1.7,93,12.9,10.7,1000.8,0.0,,10,460
4759,108,서울,2024-04-16 07:00,11.8,0.3,2.3,95,13.1,11.0,1001.6,0.01,,7,219
4760,108,서울,2024-04-16 08:00,12.0,0.8,2.1,96,13.4,11.3,1001.8,0.05,,9,175
4761,108,서울,2024-04-16 09:00,12.0,0.7,2.5,94,13.1,11.0,1001.9,0.2,,6,747
4762,108,서울,2024-04-16 10:00,12.2,0.0,2.7,92,13.0,10.9,1002.2,0.35,,10,781
4763,108,서울,2024-04-16 11:00,12.4,,3.2,90,12.9,10.7,1002.4,0.47,,10,725
4764,108,서울,2024-04-16 12:00,13.2,,2.8,83,12.5,10.3,1002.1,0.86,,10,666
4765,108,서울,2024-04-16 13:00,15.7,,2.2,73,12.9,10.8,1001.9,2.56,,9,831
4766,108,서울,2024-04-16 14:00,16.5,,3.2,65,12.1,9.8,1001.6,2.24,,9,749
4767,108,서울,2024-04-16 15:00,17.0,,3.6,63,12.1,9.8,1001.4,2.48,,8,612
4768,108,서울,2024-04-16 16:00,17.6,,2.3,61,12.2,9.9,1001.2,2.05,,0,747
4769,108,서울,2024-04-16 17:00,17.1,,3.8,64,12.4,10.2,1001.5,1.31,,0,647
4770,108,서울,2024-04-16 18:00,16.2,,2.7,65,11.9,9.6,1001.6,0.68,,0,708
4771,108,서울,2024-04-16 19:00,14.9,,2.5,74,12.4,10.2,1002.1,0.19,,0,532
4772,108,서울,2024-04-16 20:00,13.8,,1.2,78,12.3,10.0,1002.4,0.0,,0,497
4773,108,서울,2024-04-16 21:00,12.9,,2.3,82,12.1,9.8,1003.0,,,2,414
4774,108,서울,2024-04-16 22:00,12.4,,2.0,85,12.2,9.9,1003.2,,,0,377
4775,108,서울,2024-04-16 23:00,12.0,,1.5,86,12.0,9.7,1002.8,,,0,306
4776,108,서울,2024-04-17 00:00,11.5,,1.7,88,11.9,9.5,1002.8,,,0,292
4777,108,서울,2024-04-17 01:00,11.2,,1.7,90,11.9,9.6,1003.3,,,0,301
4778,108,서울,2024-04-17 02:00,10.9,,2.4,91,11.8,9.4,1003.3,,,0,232
4779,108,서울,2024-04-17 03:00,10.6,,2.4,92,11.7,9.3,1003.6,,,6,201
4780,108,서울,2024-04-17 04:00,10.4,,2.1,93,11.7,9.3,1003.7,,,7,186
4781,108,서울,2024-04-17 05:00,10.0,,2.3,91,11.1,8.5,1003.8,,,7,229
4782,108,서울,2024-04-17 06:00,9.8,,1.4,91,10.9,8.3,1004.0,0.0,,10,285
4783,108,서울,2024-04-17 07:00,9.9,,1.6,89,10.8,8.1,1004.4,0.11,,10,369
4784,108,서울,2024-04-17 08:00,10.7,,1.5,87,11.2,8.6,1004.0,0.68,,6,414
4785,108,서울,2024-04-17 09:00,12.8,,1.8,78,11.5,9.0,1004.1,1.49,,0,501
4786,108,서울,2024-04-17 10:00,15.1,,1.3,63,10.7,8.0,1003.7,2.23,,0,750
4787,108,서울,2024-04-17 11:00,17.4,,1.4,57,11.2,8.7,1003.2,2.69,,0,828
4788,108,서울,2024-04-17 12:00,18.6,,2.8,53,11.3,8.8,1002.7,3.04,,0,767
4789,108,서울,2024-04-17 13:00,19.8,,2.8,46,10.6,7.8,1002.0,3.01,,0,951
4790,108,서울,2024-04-17 14:00,20.7,,2.6,45,10.9,8.3,1001.2,2.8,,0,971
4791,108,서울,2024-04-17 15:00,21.7,,3.1,36,9.3,5.9,1000.3,2.75,,0,787
4792,108,서울,2024-04-17 16:00,21.2,,2.5,42,10.5,7.7,999.8,2.07,,0,997
4793,108,서울,2024-04-17 17:00,20.7,,3.6,43,10.4,7.6,999.6,1.43,,0,1128
4794,108,서울,2024-04-17 18:00,19.0,,3.5,45,9.8,6.7,999.4,0.7,,0,1204
4795,108,서울,2024-04-17 19:00,17.5,,2.6,49,9.7,6.6,999.7,0.19,,0,1191
4796,108,서울,2024-04-17 20:00,15.9,,2.3,57,10.2,7.3,1000.4,0.01,,0,1354
4797,108,서울,2024-04-17 21:00,14.5,,2.6,60,9.9,6.8,1000.9,,,0,1515
4798,108,서울,2024-04-17 22:00,13.7,,2.2,60,9.3,6.0,1000.8,,,0,1357
4799,108,서울,2024-04-17 23:00,13.3,,2.1,64,9.7,6.6,1000.7,,,0,1375
4800,108,서울,2024-04-18 00:00,12.9,,0.5,67,9.9,6.9,1000.3,,,0,1358
4801,108,서울,2024-04-18 01:00,12.6,,0.0,71,10.3,7.4,1000.4,,,0,1262
4802,108,서울,2024-04-18 02:00,12.3,,0.5,74,10.5,7.7,999.9,,,0,1182
4803,108,서울,2024-04-18 03:00,11.9,,0.9,76,10.5,7.7,999.4,,,0,1217
4804,108,서울,2024-04-18 04:00,11.4,,1.3,77,10.4,7.5,999.2,,,0,1183
4805,108,서울,2024-04-18 05:00,11.1,,2.2,79,10.4,7.5,999.5,,,0,1134
4806,108,서울,2024-04-18 06:00,10.8,,0.5,80,10.3,7.4,1000.0,0.0,,0,1118
4807,108,서울,2024-04-18 07:00,11.0,,0.5,81,10.6,7.8,1000.6,0.18,,0,1072
4808,108,서울,2024-04-18 08:00,13.0,,1.8,78,11.6,9.2,1000.9,0.75,,0,1087
4809,108,서울,2024-04-18 09:00,15.6,,1.5,68,12.0,9.7,1000.8,1.53,,0,1039
4810,108,서울,2024-04-18 10:00,17.9,,1.9,62,12.7,10.5,1001.0,2.2,,0,1005
4811,108,서울,2024-04-18 11:00,19.9,,2.3,56,12.9,10.8,1001.0,2.77,,0,1092
4812,108,서울,2024-04-18 12:00,21.9,,2.4,48,12.5,10.3,1000.6,3.17,,0,1130
4813,108,서울,2024-04-18 13:00,22.4,,3.2,38,10.2,7.3,1000.0,3.36,,0,1483
4814,108,서울,2024-04-18 14:00,24.3,,2.8,38,11.5,9.0,999.1,3.3,,0,1332
4815,108,서울,2024-04-18 15:00,24.9,,3.2,34,10.6,7.9,998.2,2.94,,0,1681
4816,108,서울,2024-04-18 16:00,24.7,,3.3,34,10.5,7.7,997.9,2.36,,0,1997
4817,108,서울,2024-04-18 17:00,23.5,,3.7,32,9.2,5.8,998.3,1.69,,0,2024
4818,108,서울,2024-04-18 18:00,21.2,,4.5,30,7.5,2.9,998.7,0.93,,0,2652
4819,108,서울,2024-04-18 19:00,19.2,,3.1,28,6.2,0.2,999.6,0.27,,0,3051
4820,108,서울,2024-04-18 20:00,17.7,,3.6,32,6.4,0.7,1000.3,0.0,,0,3156
4821,108,서울,2024-04-18 21:00,17.0,,3.2,36,7.0,1.8,1000.9,,,0,2768
4822,108,서울,2024-04-18 22:00,16.1,,2.5,43,7.8,3.5,1001.4,,,0,2296
4823,108,서울,2024-04-18 23:00,15.5,,1.3,48,8.4,4.5,1001.8,,,0,2003
4824,108,서울,2024-04-19 00:00,14.8,,0.8,54,9.0,5.5,1002.2,,,0,1751
4825,108,서울,2024-04-19 01:00,13.9,,1.8,58,9.2,5.7,1002.1,,,0,1696
4826,108,서울,2024-04-19 02:00,13.1,,1.7,60,9.0,5.4,1002.2,,,0,1690
4827,108,서울,2024-04-19 03:00,12.7,,0.5,63,9.2,5.8,1001.7,,,0,1746
4828,108,서울,2024-04-19 04:00,12.1,,0.5,65,9.2,5.7,1002.1,,,0,1745
4829,108,서울,2024-04-19 05:00,11.9,,1.5,67,9.3,5.9,1002.0,,,0,1736
4830,108,서울,2024-04-19 06:00,11.7,,1.4,66,9.0,5.5,1002.5,0.0,,0,1682
4831,108,서울,2024-04-19 07:00,11.8,,2.2,68,9.3,6.0,1002.9,0.19,,0,1708
4832,108,서울,2024-04-19 08:00,14.0,,2.5,60,9.5,6.3,1003.3,0.79,,0,1705
4833,108,서울,2024-04-19 09:00,16.1,,1.4,50,9.1,5.6,1003.6,1.54,,0,1384
4834,108,서울,2024-04-19 10:00,18.3,,2.4,45,9.4,6.1,1003.8,2.21,,0,1180
4835,108,서울,2024-04-19 11:00,20.2,,2.5,42,9.9,6.8,1003.0,2.79,,0,1068
4836,108,서울,2024-04-19 12:00,21.8,,1.8,40,10.4,7.5,1002.4,2.94,,0,941
4837,108,서울,2024-04-19 13:00,23.3,,2.8,38,10.8,8.1,1001.7,3.32,,0,861
4838,108,서울,2024-04-19 14:00,23.8,,3.7,38,11.2,8.6,1001.4,2.68,,0,972
4839,108,서울,2024-04-19 15:00,24.1,,2.8,37,11.0,8.4,1000.7,2.72,,0,951
4840,108,서울,2024-04-19 16:00,23.4,,3.0,35,10.0,7.0,1000.4,2.1,,0,1054
4841,108,서울,2024-04-19 17:00,22.6,,3.5,35,9.5,6.3,1000.5,1.41,,0,1146
4842,108,서울,2024-04-19 18:00,21.1,,3.1,41,10.2,7.3,1000.8,0.63,,0,1068
4843,108,서울,2024-04-19 19:00,19.5,,2.1,52,11.7,9.3,1001.3,0.18,,1,1112
4844,108,서울,2024-04-19 20:00,18.2,,2.4,57,11.9,9.5,1001.9,0.0,,1,1055
4845,108,서울,2024-04-19 21:00,17.2,,3.1,58,11.3,8.8,1002.5,,,0,1104
4846,108,서울,2024-04-19 22:00,16.4,,1.1,52,9.7,6.5,1002.8,,,1,1316
4847,108,서울,2024-04-19 23:00,16.0,,0.8,54,9.7,6.6,1002.3,,,1,1300
4848,108,서울,2024-04-20 00:00,15.8,,0.8,59,10.5,7.7,1002.1,,,0,1335
4849,108,서울,2024-04-20 01:00,15.7,,0.3,62,11.0,8.4,1001.8,,,1,1161
4850,108,서울,2024-04-20 02:00,15.6,,1.2,65,11.5,9.0,1001.1,,,1,1002
4851,108,서울,2024-04-20 03:00,15.2,,2.5,66,11.3,8.8,1000.7,,,3,924
4852,108,서울,2024-04-20 04:00,15.4,,1.9,68,11.9,9.5,1000.6,,,6,789
4853,108,서울,2024-04-20 05:00,15.5,,3.1,69,12.1,9.8,999.8,,,7,770
4854,108,서울,2024-04-20 06:00,15.6,,1.9,65,11.5,9.0,1000.0,0.0,,5,690
4855,108,서울,2024-04-20 07:00,15.6,,2.3,64,11.3,8.8,1000.0,0.03,,5,759
4856,108,서울,2024-04-20 08:00,16.1,,2.9,62,11.3,8.8,1000.0,0.2,,5,782
4857,108,서울,2024-04-20 09:00,16.6,,1.4,60,11.2,8.7,1001.5,0.2,,6,783
4858,108,서울,2024-04-20 10:00,17.2,0.0,0.8,59,11.6,9.1,1002.2,0.38,,6,834
4859,108,서울,2024-04-20 11:00,16.8,0.5,1.0,73,13.9,11.9,1001.7,0.68,,7,2078
4860,108,서울,2024-04-20 12:00,16.9,0.0,2.9,70,13.4,11.3,1001.1,0.65,,6,2247
4861,108,서울,2024-04-20 13:00,16.4,0.0,2.6,73,13.6,11.5,1000.6,0.59,,7,1357
4862,108,서울,2024-04-20 14:00,16.1,0.2,3.3,77,14.0,12.0,999.5,0.63,,6,1248
4863,108,서울,2024-04-20 15:00,15.0,0.5,3.9,86,14.6,12.6,999.1,0.34,,8,431
4864,108,서울,2024-04-20 16:00,14.4,0.8,3.4,89,14.6,12.6,998.7,0.44,,8,605
4865,108,서울,2024-04-20 17:00,14.1,0.9,3.6,91,14.6,12.6,998.5,0.18,,8,433
4866,108,서울,2024-04-20 18:00,13.7,0.3,4.6,92,14.4,12.4,998.7,0.11,,8,774
4867,108,서울,2024-04-20 19:00,13.5,1.0,3.7,93,14.3,12.3,999.4,0.04,,8,453
4868,108,서울,2024-04-20 20:00,13.3,0.6,4.7,93,14.1,12.1,999.4,0.0,,8,1169
4869,108,서울,2024-04-20 21:00,13.2,0.0,4.4,92,13.9,11.9,999.8,,,8,1453
4870,108,서울,2024-04-20 22:00,13.0,0.0,5.2,91,13.6,11.5,999.9,,,8,1344
4871,108,서울,2024-04-20 23:00,13.0,0.0,4.7,90,13.4,11.3,999.5,,,7,1873
4872,108,서울,2024-04-21 00:00,13.3,0.0,4.5,87,13.2,11.1,999.5,,,8,4532
4873,108,서울,2024-04-21 01:00,13.6,,3.5,85,13.2,11.1,999.6,,,6,4749
4874,108,서울,2024-04-21 02:00,13.9,,3.5,81,12.8,10.6,999.5,,,4,4390
4875,108,서울,2024-04-21 03:00,14.0,,3.1,80,12.7,10.5,999.5,,,8,4680
4876,108,서울,2024-04-21 04:00,13.7,,2.7,79,12.4,10.1,999.5,,,8,4827
4877,108,서울,2024-04-21 05:00,13.6,,2.7,78,12.1,9.8,999.7,,,6,4727
4878,108,서울,2024-04-21 06:00,13.7,,3.8,78,12.2,9.9,999.8,0.0,,7,4219
4879,108,서울,2024-04-21 07:00,14.1,,3.3,77,12.4,10.1,1000.2,0.17,,8,4543
4880,108,서울,2024-04-21 08:00,15.1,,3.2,74,12.6,10.4,1000.6,0.39,,8,4428
4881,108,서울,2024-04-21 09:00,16.6,,3.1,69,12.9,10.8,1001.1,0.83,,9,4226
4882,108,서울,2024-04-21 10:00,17.9,,3.7,65,13.3,11.2,1001.2,1.37,,9,3955
4883,108,서울,2024-04-21 11:00,19.6,,4.4,61,13.8,11.8,1000.8,1.93,,8,3427
4884,108,서울,2024-04-21 12:00,21.4,,3.9,56,14.2,12.2,1000.3,2.56,,8,3467
4885,108,서울,2024-04-21 13:00,21.1,,3.5,57,14.2,12.2,1000.3,1.8,,9,3905
4886,108,서울,2024-04-21 14:00,20.7,,3.3,57,13.8,11.8,1000.6,0.9,,9,3969
4887,108,서울,2024-04-21 15:00,19.9,,3.7,58,13.4,11.3,1000.5,0.55,,9,2872
4888,108,서울,2024-04-21 16:00,19.5,,4.2,58,13.1,11.0,1000.5,0.58,,5,2703
4889,108,서울,2024-04-21 17:00,19.2,,4.2,58,12.9,10.7,1000.8,0.45,,5,2789
4890,108,서울,2024-04-21 18:00,18.6,,3.9,58,12.4,10.1,1001.0,0.23,,6,2659
4891,108,서울,2024-04-21 19:00,18.0,,3.9,60,12.4,10.1,1001.3,0.1,,9,2488
4892,108,서울,2024-04-21 20:00,17.5,,3.4,61,12.1,9.8,1001.5,0.0,,7,2807
4893,108,서울,2024-04-21 21:00,17.0,,5.1,62,11.9,9.6,1001.8,,,9,2598
4894,108,서울,2024-04-21 22:00,16.6,,4.1,63,11.9,9.5,1002.1,,,10,2401
4895,108,서울,2024-04-21 23:00,16.4,,3.5,63,11.7,9.3,1002.5,,,10,2475
4896,108,서울,2024-04-22 00:00,16.1,,3.4,63,11.5,9.0,1002.6,,,9,2429
4897,108,서울,2024-04-22 01:00,15.9,,3.3,62,11.2,8.6,1002.5,,,10,2356
4898,108,서울,2024-04-22 02:00,15.6,,3.1,62,10.9,8.3,1002.3,,,9,2381
4899,108,서울,2024-04-22 03:00,15.4,,2.6,60,10.4,7.6,1002.5,,,9,2525
4900,108,서울,2024-04-22 04:00,15.3,,3.3,58,10.0,7.0,1002.2,,,8,2725
4901,108,서울,2024-04-22 05:00,15.1,,3.0,59,10.1,7.1,1002.1,,,8,2649
4902,108,서울,2024-04-22 06:00,15.0,,2.8,58,9.8,6.7,1002.7,0.0,,8,2550
4903,108,서울,2024-04-22 07:00,15.1,,1.7,58,9.9,6.8,1003.1,0.08,,8,2482
4904,108,서울,2024-04-22 08:00,16.0,,2.6,55,9.9,6.9,1003.3,0.42,,8,2584
4905,108,서울,2024-04-22 09:00,16.7,,4.1,50,9.5,6.2,1003.7,0.77,,9,2662
4906,108,서울,2024-04-22 10:00,17.4,,4.4,48,9.5,6.2,1003.8,1.11,,8,2971
4907,108,서울,2024-04-22 11:00,18.1,,3.4,49,10.2,7.2,1004.1,1.22,,8,2787
4908,108,서울,2024-04-22 12:00,19.8,,3.6,46,10.6,7.8,1003.6,2.0,,9,3037
4909,108,서울,2024-04-22 13:00,21.3,,3.4,44,11.1,8.5,1003.0,2.87,,0,2914
4910,108,서울,2024-04-22 14:00,21.9,,4.1,45,11.8,9.4,1002.4,2.35,,3,3362
4911,108,서울,2024-04-22 15:00,23.3,,2.8,41,11.6,9.2,1001.8,2.96,,0,2901
4912,108,서울,2024-04-22 16:00,23.9,,2.8,41,12.1,9.8,1001.4,2.53,,0,2870
4913,108,서울,2024-04-22 17:00,24.0,,1.5,39,11.6,9.1,1001.5,1.82,,0,2606
4914,108,서울,2024-04-22 18:00,23.4,,2.8,41,11.7,9.3,1001.6,1.05,,6,3384
4915,108,서울,2024-04-22 19:00,22.2,,2.1,44,11.7,9.3,1002.0,0.16,,9,2728
4916,108,서울,2024-04-22 20:00,21.4,,2.5,46,11.6,9.2,1002.8,0.0,,9,2866
4917,108,서울,2024-04-22 21:00,20.4,,4.6,45,10.7,8.0,1003.5,,,7,2809
4918,108,서울,2024-04-22 22:00,19.3,,4.0,47,10.4,7.6,1004.4,,,1,3001
4919,108,서울,2024-04-22 23:00,18.0,,3.4,50,10.3,7.4,1004.4,,,3,3108
4920,108,서울,2024-04-23 00:00,16.6,,4.0,54,10.2,7.2,1004.6,,,0,3102
4921,108,서울,2024-04-23 01:00,15.6,,3.5,57,10.1,7.1,1004.2,,,1,3322
4922,108,서울,2024-04-23 02:00,14.8,,3.8,59,9.9,6.8,1004.2,,,3,3396
4923,108,서울,2024-04-23 03:00,14.4,,3.6,61,9.9,6.9,1004.0,,,0,3218
4924,108,서울,2024-04-23 04:00,13.9,,2.3,63,9.9,6.9,1003.9,,,0,3330
4925,108,서울,2024-04-23 05:00,13.5,,3.3,65,10.0,7.0,1003.7,,,0,3287
4926,108,서울,2024-04-23 06:00,13.3,,3.4,66,10.0,7.0,1003.9,0.0,,2,3208
4927,108,서울,2024-04-23 07:00,14.0,,3.9,65,10.4,7.5,1003.9,0.29,,8,3029
4928,108,서울,2024-04-23 08:00,15.0,,3.8,64,10.9,8.2,1004.0,0.65,,8,2620
4929,108,서울,2024-04-23 09:00,16.2,,5.0,60,11.0,8.4,1003.2,1.19,,8,3218
4930,108,서울,2024-04-23 10:00,18.5,,3.1,53,11.2,8.7,1002.5,2.18,,0,3347
4931,108,서울,2024-04-23 11:00,20.3,,4.1,50,11.9,9.5,1002.1,3.0,,0,3015
4932,108,서울,2024-04-23 12:00,21.2,,3.2,45,11.2,8.7,1001.4,3.31,,0,3113
4933,108,서울,2024-04-23 13:00,22.4,,2.6,42,11.3,8.8,1000.6,3.24,,0,2995
4934,108,서울,2024-04-23 14:00,24.1,,2.7,37,11.0,8.4,999.8,3.5,,6,3132
4935,108,서울,2024-04-23 15:00,22.6,,2.8,40,10.9,8.3,998.7,0.93,,5,3730
4936,108,서울,2024-04-23 16:00,21.6,,3.2,43,11.0,8.4,998.1,0.42,,7,3507
4937,108,서울,2024-04-23 17:00,20.8,,3.5,45,11.0,8.4,997.9,0.32,,6,3279
4938,108,서울,2024-04-23 18:00,19.9,,3.0,46,10.6,7.9,998.3,0.11,,8,3342
4939,108,서울,2024-04-23 19:00,18.7,0.0,3.2,48,10.3,7.4,998.9,0.02,,9,2687
4940,108,서울,2024-04-23 20:00,17.0,0.0,4.3,55,10.6,7.8,999.1,0.0,,9,2738
4941,108,서울,2024-04-23 21:00,16.2,0.0,4.0,56,10.3,7.4,999.6,,,8,3105
4942,108,서울,2024-04-23 22:00,15.4,0.0,5.0,57,9.9,6.9,999.3,,,7,3095
4943,108,서울,2024-04-23 23:00,14.9,0.0,3.3,60,10.1,7.1,999.2,,,8,3158
4944,108,서울,2024-04-24 00:00,14.2,,3.6,66,10.6,7.9,998.9,,,9,3001
4945,108,서울,2024-04-24 01:00,13.8,,4.0,67,10.5,7.7,998.2,,,9,3117
4946,108,서울,2024-04-24 02:00,13.5,0.0,4.1,70,10.8,8.1,997.6,,,8,3024
4947,108,서울,2024-04-24 03:00,13.3,0.0,4.1,71,10.8,8.1,997.1,,,8,3309
4948,108,서울,2024-04-24 04:00,13.2,0.0,3.1,73,11.0,8.4,996.6,,,8,2619
4949,108,서울,2024-04-24 05:00,12.3,0.5,2.5,85,12.1,9.8,996.2,,,9,843
4950,108,서울,2024-04-24 06:00,11.8,2.7,2.9,91,12.5,10.3,996.3,0.0,,9,657
4951,108,서울,2024-04-24 07:00,11.5,3.3,3.1,93,12.6,10.4,996.2,0.03,,9,1162
4952,108,서울,2024-04-24 08:00,11.6,1.5,3.0,91,12.4,10.1,996.2,0.1,,9,1845
4953,108,서울,2024-04-24 09:00,11.9,0.5,2.0,92,12.8,10.6,996.7,0.21,,7,1401
4954,108,서울,2024-04-24 10:00,12.5,0.5,3.7,90,12.9,10.8,996.7,0.48,,9,3033
4955,108,서울,2024-04-24 11:00,14.1,,2.5,80,12.8,10.6,996.7,1.9,,9,3245
4956,108,서울,2024-04-24 12:00,14.1,,1.5,78,12.5,10.3,996.9,0.64,,9,3617
4957,108,서울,2024-04-24 13:00,14.8,,1.8,72,12.0,9.7,996.8,1.03,,9,3822
4958,108,서울,2024-04-24 14:00,16.3,,3.0,68,12.5,10.3,996.9,1.44,,9,3943
4959,108,서울,2024-04-24 15:00,15.8,,3.0,69,12.4,10.1,997.0,0.92,,9,3481
4960,108,서울,2024-04-24 16:00,16.2,,2.2,68,12.4,10.2,997.0,1.03,,9,3746
4961,108,서울,2024-04-24 17:00,15.6,,4.3,72,12.7,10.5,997.4,0.72,,8,3139
4962,108,서울,2024-04-24 18:00,15.3,,2.8,71,12.3,10.0,997.7,0.79,,5,3178
4963,108,서울,2024-04-24 19:00,14.2,,4.5,73,11.8,9.4,998.0,0.23,,3,2691
4964,108,서울,2024-04-24 20:00,13.0,,2.2,79,11.8,9.4,998.8,0.01,,0,1952
4965,108,서울,2024-04-24 21:00,12.1,,2.5,82,11.6,9.1,999.6,,,2,1178
4966,108,서울,2024-04-24 22:00,11.4,,3.4,85,11.4,8.9,1000.4,,,2,1253
4967,108,서울,2024-04-24 23:00,11.1,,2.6,86,11.3,8.8,1000.6,,,7,1048
4968,108,서울,2024-04-25 00:00,11.1,,2.2,87,11.5,9.0,1001.0,,,9,988
4969,108,서울,2024-04-25 01:00,11.0,,2.2,88,11.5,9.0,1001.5,,,9,1052
4970,108,서울,2024-04-25 02:00,10.9,,1.6,88,11.4,8.9,1001.1,,,9,1158
4971,108,서울,2024-04-25 03:00,10.9,,2.1,86,11.2,8.6,1001.6,,,10,1240
4972,108,서울,2024-04-25 04:00,10.8,,2.9,87,11.2,8.7,1001.7,,,10,1019
4973,108,서울,2024-04-25 05:00,10.7,,1.4,88,11.2,8.7,1001.7,,,10,756
4974,108,서울,2024-04-25 06:00,10.4,,2.5,90,11.3,8.8,1002.1,0.01,,9,741
4975,108,서울,2024-04-25 07:00,10.5,,1.0,88,11.1,8.5,1002.0,0.04,,9,877
4976,108,서울,2024-04-25 08:00,10.7,,0.8,88,11.2,8.7,1002.9,0.16,,9,958
4977,108,서울,2024-04-25 09:00,11.1,,1.2,86,11.3,8.8,1003.1,0.3,,9,940
4978,108,서울,2024-04-25 10:00,11.6,,1.6,83,11.3,8.8,1003.1,0.53,,9,809
4979,108,서울,2024-04-25 11:00,12.4,,0.9,81,11.6,9.2,1003.1,0.51,,9,883
4980,108,서울,2024-04-25 12:00,13.8,,1.1,73,11.5,9.0,1002.4,1.48,,7,898
4981,108,서울,2024-04-25 13:00,16.4,,1.8,66,12.3,10.0,1001.5,3.54,,0,932
4982,108,서울,2024-04-25 14:00,18.2,,1.1,59,12.3,10.0,1000.7,3.52,,0,796
4983,108,서울,2024-04-25 15:00,19.9,,1.6,56,12.9,10.8,1000.2,3.08,,0,944
4984,108,서울,2024-04-25 16:00,20.5,,3.0,48,11.6,9.1,1000.1,2.51,,0,1072
4985,108,서울,2024-04-25 17:00,20.5,,2.5,51,12.3,10.0,999.8,1.73,,0,891
4986,108,서울,2024-04-25 18:00,19.7,,2.1,56,12.8,10.6,999.8,0.89,,0,681
4987,108,서울,2024-04-25 19:00,18.0,,2.7,61,12.5,10.3,1000.5,0.28,,0,692
4988,108,서울,2024-04-25 20:00,16.4,,2.5,71,13.2,11.1,1001.1,0.01,,0,782
4989,108,서울,2024-04-25 21:00,15.5,,0.7,76,13.3,11.2,1001.5,,,0,807
4990,108,서울,2024-04-25 22:00,14.6,,1.5,78,12.9,10.7,1001.6,,,0,711
4991,108,서울,2024-04-25 23:00,14.0,,1.1,80,12.7,10.5,1001.5,,,0,690
4992,108,서울,2024-04-26 00:00,13.6,,0.4,82,12.7,10.5,1001.1,,,0,682
4993,108,서울,2024-04-26 01:00,13.3,,0.7,82,12.4,10.2,1001.3,,,0,712
4994,108,서울,2024-04-26 02:00,12.8,,0.3,84,12.4,10.1,1001.2,,,0,619
4995,108,서울,2024-04-26 03:00,12.4,,0.8,85,12.2,9.9,1001.0,,,0,651
4996,108,서울,2024-04-26 04:00,12.0,,1.5,86,12.0,9.7,1000.8,,,0,589
4997,108,서울,2024-04-26 05:00,11.9,,1.3,88,12.2,9.9,1000.8,,,0,579
4998,108,서울,2024-04-26 06:00,11.5,,1.9,89,12.0,9.7,1001.0,0.0,,0,493
4999,108,서울,2024-04-26 07:00,11.7,,2.0,90,12.4,10.1,1001.1,0.22,,0,580
5000,108,서울,2024-04-26 08:00,13.5,,1.7,87,13.4,11.3,1001.2,0.74,,0,597
5001,108,서울,2024-04-26 09:00,15.6,,2.0,76,13.4,11.3,1000.7,1.37,,0,744
5002,108,서울,2024-04-26 10:00,17.8,,1.2,63,12.8,10.6,1000.7,1.88,,0,971
5003,108,서울,2024-04-26 11:00,19.3,,0.5,56,12.4,10.2,1000.9,1.94,,0,1403
5004,108,서울,2024-04-26 12:00,21.3,,1.3,48,12.1,9.8,1000.5,2.52,,0,1314
5005,108,서울,2024-04-26 13:00,23.3,,2.3,40,11.4,8.9,999.6,3.3,,0,1276
5006,108,서울,2024-04-26 14:00,24.8,,1.8,40,12.4,10.2,998.8,3.27,,0,1466
5007,108,서울,2024-04-26 15:00,25.4,,2.5,30,9.7,6.5,998.2,2.94,,0,1483
5008,108,서울,2024-04-26 16:00,26.0,,1.6,25,8.4,4.4,998.0,2.5,,0,1348
5009,108,서울,2024-04-26 17:00,25.8,,1.8,28,9.2,5.8,997.7,1.77,,0,1216
5010,108,서울,2024-04-26 18:00,23.8,,3.2,40,11.7,9.3,997.9,0.91,,0,1584
5011,108,서울,2024-04-26 19:00,21.5,,3.7,33,8.4,4.5,998.8,0.37,,0,1943
5012,108,서울,2024-04-26 20:00,19.3,,3.3,44,9.8,6.7,999.3,0.01,,0,2359
5013,108,서울,2024-04-26 21:00,17.4,,2.6,53,10.5,7.7,1000.0,,,0,2247
5014,108,서울,2024-04-26 22:00,16.4,,2.0,59,10.9,8.3,1000.3,,,0,1746
5015,108,서울,2024-04-26 23:00,15.7,,2.0,62,11.0,8.4,1000.8,,,0,1562
5016,108,서울,2024-04-27 00:00,15.0,,2.5,68,11.6,9.1,1000.9,,,0,906
5017,108,서울,2024-04-27 01:00,14.2,,1.7,71,11.5,9.0,1001.2,,,0,765
5018,108,서울,2024-04-27 02:00,13.6,,1.1,74,11.5,9.0,1000.7,,,0,728
5019,108,서울,2024-04-27 03:00,12.9,,1.1,76,11.2,8.7,1000.4,,,0,994
5020,108,서울,2024-04-27 04:00,12.4,,0.7,76,10.9,8.2,1000.7,,,0,1228
5021,108,서울,2024-04-27 05:00,11.9,,0.1,77,10.6,7.9,1001.1,,,0,1172
5022,108,서울,2024-04-27 06:00,11.6,,1.5,77,10.4,7.6,1000.9,0.0,,0,1620
5023,108,서울,2024-04-27 07:00,12.1,,0.3,77,10.8,8.1,1001.6,0.32,,0,1754
5024,108,서울,2024-04-27 08:00,14.2,,0.5,74,11.9,9.6,1001.9,0.98,,0,1322
5025,108,서울,2024-04-27 09:00,16.7,,1.6,66,12.5,10.3,1001.9,1.79,,0,806
5026,108,서울,2024-04-27 10:00,18.8,,2.2,58,12.5,10.3,1001.9,2.45,,0,972
5027,108,서울,2024-04-27 11:00,21.0,,1.9,49,12.1,9.8,1001.6,3.05,,0,1360
5028,108,서울,2024-04-27 12:00,22.0,,3.1,44,11.6,9.1,1001.6,3.45,,0,1342
5029,108,서울,2024-04-27 13:00,23.5,,1.8,41,11.8,9.4,1001.0,3.53,,0,1621
5030,108,서울,2024-04-27 14:00,24.7,,2.7,35,10.8,8.1,1000.5,3.47,,0,2758
5031,108,서울,2024-04-27 15:00,25.8,,3.2,34,11.2,8.7,999.6,3.16,,0,2537
5032,108,서울,2024-04-27 16:00,26.1,,3.4,35,11.8,9.4,999.3,2.6,,0,2689
5033,108,서울,2024-04-27 17:00,24.8,,4.0,41,12.8,10.6,999.6,1.89,,0,2375
5034,108,서울,2024-04-27 18:00,23.6,,3.5,43,12.4,10.2,1000.0,1.13,,0,3132
5035,108,서울,2024-04-27 19:00,21.1,,3.2,45,11.2,8.6,1000.9,0.4,,0,3186
5036,108,서울,2024-04-27 20:00,18.8,,2.9,51,11.0,8.4,1001.7,0.01,,0,2993
5037,108,서울,2024-04-27 21:00,17.6,,1.3,50,10.0,7.0,1002.3,,,0,3715
5038,108,서울,2024-04-27 22:00,16.9,,1.3,52,9.9,6.9,1002.8,,,0,3473
5039,108,서울,2024-04-27 23:00,16.0,,1.1,56,10.2,7.2,1002.7,,,0,3398
5040,108,서울,2024-04-28 00:00,15.6,,1.0,61,10.7,8.0,1002.9,,,0,2966
5041,108,서울,2024-04-28 01:00,14.8,,1.9,65,10.9,8.2,1003.5,,,0,2817
5042,108,서울,2024-04-28 02:00,14.3,,1.1,68,11.0,8.4,1003.5,,,0,2513
5043,108,서울,2024-04-28 03:00,14.0,,1.3,71,11.3,8.8,1003.1,,,0,2496
5044,108,서울,2024-04-28 04:00,13.5,,1.1,74,11.4,8.9,1002.8,,,0,2308
5045,108,서울,2024-04-28 05:00,13.5,,0.4,77,11.9,9.5,1003.1,,,0,2205
5046,108,서울,2024-04-28 06:00,13.0,,0.5,79,11.8,9.4,1003.7,0.0,,0,2120
5047,108,서울,2024-04-28 07:00,13.4,,1.3,79,12.1,9.8,1004.0,0.36,,0,2098
5048,108,서울,2024-04-28 08:00,16.0,,1.1,72,13.0,10.9,1004.4,0.99,,0,2185
5049,108,서울,2024-04-28 09:00,18.6,,2.1,62,13.2,11.1,1003.8,1.66,,0,2116
5050,108,서울,2024-04-28 10:00,20.7,,1.4,54,13.1,11.0,1004.0,2.22,,0,2272
5051,108,서울,2024-04-28 11:00,22.9,,1.4,50,13.9,11.9,1003.8,2.96,,0,2053
5052,108,서울,2024-04-28 12:00,24.7,,2.4,41,12.7,10.5,1003.2,3.22,,0,2561
5053,108,서울,2024-04-28 13:00,26.3,,1.0,36,12.3,10.0,1002.5,3.46,,0,2437
5054,108,서울,2024-04-28 14:00,27.6,,2.2,30,11.0,8.4,1002.1,2.94,,0,2790
5055,108,서울,2024-04-28 15:00,27.9,,2.5,25,9.3,6.0,1001.5,2.3,,0,2329
5056,108,서울,2024-04-28 16:00,28.9,,1.1,26,10.3,7.4,1001.2,2.51,,0,2598
5057,108,서울,2024-04-28 17:00,27.7,,3.0,36,13.3,11.2,1001.3,1.54,,0,1493
5058,108,서울,2024-04-28 18:00,26.1,,3.1,41,13.8,11.8,1001.5,0.73,,0,1335
5059,108,서울,2024-04-28 19:00,24.2,,1.5,49,14.8,12.8,1001.5,0.24,,0,1666
5060,108,서울,2024-04-28 20:00,22.6,,2.0,53,14.5,12.5,1001.7,0.01,,0,1584
5061,108,서울,2024-04-28 21:00,21.6,,1.1,54,13.8,11.8,1002.1,,,0,1716
5062,108,서울,2024-04-28 22:00,20.5,,1.5,55,13.2,11.1,1001.8,,,0,1861
5063,108,서울,2024-04-28 23:00,20.1,,1.8,57,13.4,11.3,1001.5,,,0,1979
5064,108,서울,2024-04-29 00:00,19.4,,2.1,55,12.4,10.1,1001.3,,,0,2294
5065,108,서울,2024-04-29 01:00,19.0,,2.9,53,11.6,9.1,1001.2,,,0,2312
5066,108,서울,2024-04-29 02:00,18.4,,3.3,52,10.9,8.3,1000.9,,,0,2267
5067,108,서울,2024-04-29 03:00,17.8,,4.2,52,10.6,7.8,1000.7,,,0,2245
5068,108,서울,2024-04-29 04:00,17.5,,3.4,52,10.4,7.5,1000.5,,,0,2396
5069,108,서울,2024-04-29 05:00,17.3,,2.8,51,10.0,7.0,1000.8,,,0,2337
5070,108,서울,2024-04-29 06:00,16.9,,4.1,52,9.9,6.9,1000.4,0.0,,0,2415
5071,108,서울,2024-04-29 07:00,17.2,,4.1,51,9.9,6.9,1000.6,0.11,,0,2264
5072,108,서울,2024-04-29 08:00,17.7,,4.0,51,10.3,7.4,1000.2,0.41,,0,2292
5073,108,서울,2024-04-29 09:00,18.7,,3.5,48,10.3,7.4,1000.0,0.79,,0,2092
5074,108,서울,2024-04-29 10:00,20.6,,3.7,43,10.4,7.5,1000.0,1.95,,0,2171
5075,108,서울,2024-04-29 11:00,22.6,,4.0,41,11.2,8.6,999.4,2.55,,0,2510
5076,108,서울,2024-04-29 12:00,23.9,,3.8,38,11.2,8.7,998.5,3.11,,0,2572
5077,108,서울,2024-04-29 13:00,24.3,,3.2,39,11.8,9.4,998.0,2.13,,0,2853
5078,108,서울,2024-04-29 14:00,25.2,,3.1,38,12.1,9.8,997.4,2.77,,0,2573
5079,108,서울,2024-04-29 15:00,26.0,,2.1,38,12.7,10.5,996.4,2.81,,0,3344
5080,108,서울,2024-04-29 16:00,25.2,,2.1,39,12.4,10.2,995.6,1.77,,0,2472
5081,108,서울,2024-04-29 17:00,25.6,,2.0,39,12.8,10.6,995.5,1.51,,0,2534
5082,108,서울,2024-04-29 18:00,25.3,,1.8,39,12.5,10.3,995.5,1.09,,0,2637
5083,108,서울,2024-04-29 19:00,23.5,,3.5,45,12.9,10.8,995.8,0.34,,0,1872
5084,108,서울,2024-04-29 20:00,21.5,,2.6,51,13.0,10.9,996.7,0.02,,0,1849
5085,108,서울,2024-04-29 21:00,20.2,,1.6,56,13.2,11.1,997.4,,,2,1837
5086,108,서울,2024-04-29 22:00,19.5,,3.2,57,12.9,10.7,997.7,,,7,1545
5087,108,서울,2024-04-29 23:00,18.6,,2.2,60,12.8,10.6,997.5,,,0,1539
5088,108,서울,2024-04-30 00:00,18.0,,2.3,61,12.5,10.3,997.0,,,0,1393
5089,108,서울,2024-04-30 01:00,17.7,,1.8,63,12.7,10.5,996.6,,,1,1393
5090,108,서울,2024-04-30 02:00,17.1,,1.1,64,12.4,10.2,995.6,,,1,1348
5091,108,서울,2024-04-30 03:00,17.6,,1.0,68,13.7,11.6,995.0,,,9,1143
5092,108,서울,2024-04-30 04:00,17.6,,0.2,67,13.4,11.3,994.7,,,7,1255
5093,108,서울,2024-04-30 05:00,17.7,,2.2,71,14.3,12.3,995.0,,,8,1287
5094,108,서울,2024-04-30 06:00,17.6,,1.4,72,14.4,12.4,995.2,0.0,,8,1170
5095,108,서울,2024-04-30 07:00,16.5,,4.3,71,13.3,11.2,996.0,0.15,,8,878
5096,108,서울,2024-04-30 08:00,17.0,,1.8,68,13.1,11.0,995.8,0.37,,2,1184
5097,108,서울,2024-04-30 09:00,18.2,,2.8,63,13.1,11.0,995.9,1.46,,1,1248
5098,108,서울,2024-04-30 10:00,19.1,,2.3,62,13.7,11.6,995.9,1.85,,0,1198
5099,108,서울,2024-04-30 11:00,19.9,,2.6,59,13.7,11.6,996.1,1.99,,2,1014
5100,108,서울,2024-04-30 12:00,20.8,,2.6,56,13.7,11.6,995.8,2.42,,3,872
5101,108,서울,2024-04-30 13:00,21.7,,2.4,50,12.9,10.8,995.4,2.55,,4,1070
5102,108,서울,2024-04-30 14:00,22.1,,2.6,48,12.7,10.5,994.9,2.35,,3,1041
5103,108,서울,2024-04-30 15:00,22.0,,3.2,48,12.6,10.4,994.4,2.05,,2,1050
5104,108,서울,2024-04-30 16:00,21.3,,2.6,46,11.6,9.2,994.8,1.49,,0,1271
5105,108,서울,2024-04-30 17:00,20.3,,2.9,52,12.4,10.1,995.1,0.74,,0,1194
5106,108,서울,2024-04-30 18:00,19.6,,2.2,57,12.9,10.8,995.6,0.36,,0,1009
5107,108,서울,2024-04-30 19:00,18.5,,3.1,57,12.1,9.8,996.2,0.16,,9,1065
5108,108,서울,2024-04-30 20:00,17.8,,2.4,63,12.8,10.6,997.0,0.01,,10,994
5109,108,서울,2024-04-30 21:00,17.2,,1.5,65,12.7,10.5,997.8,,,3,998
5110,108,서울,2024-04-30 22:00,16.7,,2.2,68,12.9,10.7,998.2,,,1,952
5111,108,서울,2024-04-30 23:00,16.3,,1.1,69,12.7,10.5,998.5,,,5,939
5112,108,서울,2024-05-01 00:00,16.0,,0.3,71,12.9,10.7,998.9,,,5,918
5113,108,서울,2024-05-01 01:00,15.8,,2.5,66,11.8,9.4,998.8,,,5,2110
5114,108,서울,2024-05-01 02:00,15.5,,3.6,64,11.2,8.7,998.8,,,8,2292
5115,108,서울,2024-05-01 03:00,14.7,,3.3,64,10.6,7.9,999.1,,,2,2541
5116,108,서울,2024-05-01 04:00,14.3,,3.0,63,10.2,7.3,999.5,,,7,2605
5117,108,서울,2024-05-01 05:00,14.2,,2.3,60,9.7,6.5,1000.0,,,6,2749
5118,108,서울,2024-05-01 06:00,14.0,,3.4,54,8.6,4.8,1000.6,0.0,,9,2946
5119,108,서울,2024-05-01 07:00,14.3,,3.8,49,8.0,3.7,1001.1,0.23,,8,3289
5120,108,서울,2024-05-01 08:00,15.1,,3.6,47,8.0,3.8,1001.7,0.59,,8,3391
5121,108,서울,2024-05-01 09:00,17.2,,2.9,41,8.0,3.8,1002.0,1.75,,8,2689
5122,108,서울,2024-05-01 10:00,18.7,,2.4,38,8.1,4.0,1002.2,2.47,,7,3113
5123,108,서울,2024-05-01 11:00,19.3,,2.3,35,7.8,3.4,1002.3,2.5,,7,3378
5124,108,서울,2024-05-01 12:00,20.5,,1.8,34,8.1,4.0,1001.8,3.38,,0,3011
5125,108,서울,2024-05-01 13:00,21.6,,2.0,34,8.7,5.0,1001.2,3.43,,0,3242
5126,108,서울,2024-05-01 14:00,22.4,,2.3,31,8.4,4.4,1000.8,3.21,,2,2563
5127,108,서울,2024-05-01 15:00,23.5,,2.1,30,8.7,4.9,1000.3,3.12,,3,2727
5128,108,서울,2024-05-01 16:00,23.8,,1.7,28,8.2,4.1,1000.2,2.49,,5,2388
5129,108,서울,2024-05-01 17:00,23.4,,2.1,28,8.0,3.8,1000.5,1.36,,5,2566
5130,108,서울,2024-05-01 18:00,23.1,,0.8,29,8.1,4.0,1000.8,1.09,,7,3127
5131,108,서울,2024-05-01 19:00,21.8,,2.0,35,9.1,5.6,1001.6,0.41,,1,2764
5132,108,서울,2024-05-01 20:00,19.7,,3.6,51,11.6,9.2,1002.8,0.02,,0,2462
5133,108,서울,2024-05-01 21:00,18.6,,1.4,55,11.7,9.3,1003.9,,,0,2327
5134,108,서울,2024-05-01 22:00,17.7,,0.9,59,11.9,9.5,1004.5,,,0,2157
5135,108,서울,2024-05-01 23:00,16.8,,0.8,58,11.0,8.4,1005.4,,,0,2407
5136,108,서울,2024-05-02 00:00,16.1,,0.1,61,11.1,8.5,1005.8,,,0,2327
5137,108,서울,2024-05-02 01:00,15.4,,1.2,61,10.6,7.9,1006.0,,,0,2368
5138,108,서울,2024-05-02 02:00,15.0,,1.0,60,10.2,7.2,1005.7,,,0,2376
5139,108,서울,2024-05-02 03:00,14.3,,1.5,64,10.4,7.5,1005.9,,,0,2245
5140,108,서울,2024-05-02 04:00,13.9,,1.7,67,10.6,7.8,1006.4,,,0,2034
5141,108,서울,2024-05-02 05:00,13.0,,2.2,70,10.4,7.6,1006.7,,,0,1948
5142,108,서울,2024-05-02 06:00,12.4,,2.0,72,10.3,7.4,1007.1,0.01,,0,1852
5143,108,서울,2024-05-02 07:00,13.0,,2.2,73,10.9,8.2,1007.9,0.38,,0,2001
5144,108,서울,2024-05-02 08:00,15.6,,1.0,63,11.1,8.5,1008.4,1.05,,0,2025
5145,108,서울,2024-05-02 09:00,17.7,,1.0,57,11.5,9.0,1008.6,1.83,,0,1977
5146,108,서울,2024-05-02 10:00,19.7,,2.7,51,11.6,9.2,1008.9,2.48,,0,1685
5147,108,서울,2024-05-02 11:00,20.9,,3.4,45,11.1,8.5,1009.1,3.08,,0,2101
5148,108,서울,2024-05-02 12:00,22.4,,3.4,40,10.8,8.1,1008.8,3.44,,0,1442
5149,108,서울,2024-05-02 13:00,22.4,,4.0,36,9.7,6.5,1008.5,3.48,,0,1680
5150,108,서울,2024-05-02 14:00,23.1,,4.2,32,9.0,5.4,1008.2,3.47,,0,2586
5151,108,서울,2024-05-02 15:00,23.6,,3.6,32,9.3,5.9,1007.6,3.19,,0,2474
5152,108,서울,2024-05-02 16:00,23.3,,3.2,32,9.1,5.6,1007.4,2.67,,0,2897
5153,108,서울,2024-05-02 17:00,22.9,,3.4,29,8.1,3.9,1007.5,2.0,,0,3066
5154,108,서울,2024-05-02 18:00,21.7,,3.8,32,8.2,4.2,1007.3,1.21,,0,2975
5155,108,서울,2024-05-02 19:00,20.1,,3.5,35,8.2,4.1,1007.2,0.41,,0,2970
5156,108,서울,2024-05-02 20:00,18.6,,2.5,38,8.1,3.9,1007.8,0.02,,0,2774
5157,108,서울,2024-05-02 21:00,17.5,,2.3,41,8.1,4.0,1008.4,,,0,2888
5158,108,서울,2024-05-02 22:00,16.6,,2.6,46,8.7,4.9,1008.4,,,0,2688
5159,108,서울,2024-05-02 23:00,15.7,,0.7,47,8.4,4.4,1008.1,,,0,2607
5160,108,서울,2024-05-03 00:00,15.1,,1.6,49,8.4,4.4,1008.1,,,0,2645
5161,108,서울,2024-05-03 01:00,14.3,,1.9,55,8.9,5.3,1008.3,,,0,2459
5162,108,서울,2024-05-03 02:00,13.8,,2.4,60,9.4,6.1,1008.4,,,0,2160
5163,108,서울,2024-05-03 03:00,13.4,,2.3,63,9.6,6.4,1008.6,,,0,2084
5164,108,서울,2024-05-03 04:00,13.0,,1.4,64,9.5,6.3,1008.8,,,0,1952
5165,108,서울,2024-05-03 05:00,12.4,,0.9,69,9.9,6.8,1009.1,,,0,1737
5166,108,서울,2024-05-03 06:00,12.2,,0.8,73,10.3,7.4,1009.6,0.01,,0,1386
5167,108,서울,2024-05-03 07:00,12.4,,1.5,69,9.9,6.8,1009.8,0.38,,0,1849
5168,108,서울,2024-05-03 08:00,14.9,,1.3,64,10.8,8.1,1009.9,1.07,,0,1748
5169,108,서울,2024-05-03 09:00,17.9,,1.1,52,10.6,7.8,1009.5,1.85,,0,1573
5170,108,서울,2024-05-03 10:00,20.1,,1.3,43,10.1,7.1,1009.5,2.48,,0,1497
5171,108,서울,2024-05-03 11:00,21.9,,1.4,38,9.9,6.9,1009.2,3.05,,0,1509
5172,108,서울,2024-05-03 12:00,23.4,,1.6,35,10.0,7.0,1008.4,3.43,,0,1314
5173,108,서울,2024-05-03 13:00,25.2,,2.0,33,10.5,7.7,1007.5,3.53,,0,1533
5174,108,서울,2024-05-03 14:00,26.5,,1.3,31,10.6,7.9,1006.6,3.42,,0,1471
5175,108,서울,2024-05-03 15:00,27.3,,2.9,28,10.1,7.1,1005.9,3.1,,0,1438
5176,108,서울,2024-05-03 16:00,27.7,,2.4,27,9.9,6.9,1005.4,2.57,,0,1568
5177,108,서울,2024-05-03 17:00,27.7,,2.6,28,10.4,7.5,1005.3,1.89,,0,1667
5178,108,서울,2024-05-03 18:00,26.2,,3.2,32,10.8,8.1,1005.6,1.07,,0,1923
5179,108,서울,2024-05-03 19:00,22.8,,2.9,37,10.2,7.3,1006.3,0.41,,0,2100
5180,108,서울,2024-05-03 20:00,20.6,,3.2,40,9.7,6.5,1006.8,0.02,,0,2028
5181,108,서울,2024-05-03 21:00,19.6,,2.2,41,9.3,5.9,1007.2,,,0,1893
5182,108,서울,2024-05-03 22:00,18.7,,0.8,43,9.2,5.8,1007.2,,,0,1712
5183,108,서울,2024-05-03 23:00,17.8,,1.8,47,9.5,6.3,1007.4,,,0,1604
5184,108,서울,2024-05-04 00:00,17.2,,1.4,51,9.9,6.9,1007.7,,,0,1491
5185,108,서울,2024-05-04 01:00,16.7,,1.0,54,10.2,7.3,1007.3,,,0,1471
5186,108,서울,2024-05-04 02:00,16.0,,0.9,55,9.9,6.9,1006.8,,,0,1519
5187,108,서울,2024-05-04 03:00,15.6,,1.9,59,10.4,7.6,1006.6,,,0,1603
5188,108,서울,2024-05-04 04:00,15.0,,1.4,63,10.7,8.0,1006.4,,,0,1678
5189,108,서울,2024-05-04 05:00,15.2,,1.2,63,10.8,8.1,1006.5,,,0,1698
5190,108,서울,2024-05-04 06:00,14.7,,1.6,65,10.8,8.1,1007.0,0.01,,0,1489
5191,108,서울,2024-05-04 07:00,14.9,,1.1,67,11.3,8.8,1007.2,0.35,,0,1495
5192,108,서울,2024-05-04 08:00,17.8,,2.0,60,12.2,9.9,1007.1,1.02,,0,1286
5193,108,서울,2024-05-04 09:00,20.0,,1.4,53,12.4,10.1,1007.0,1.77,,0,1145
5194,108,서울,2024-05-04 10:00,22.4,,1.9,44,11.9,9.5,1007.0,2.35,,0,1107
5195,108,서울,2024-05-04 11:00,24.4,,2.0,35,10.6,7.9,1006.5,3.04,,0,1005
5196,108,서울,2024-05-04 12:00,26.1,,1.7,36,12.1,9.8,1005.8,3.32,,0,805
5197,108,서울,2024-05-04 13:00,27.3,,2.8,31,11.2,8.6,1005.4,3.41,,0,908
5198,108,서울,2024-05-04 14:00,28.4,,2.5,28,10.8,8.1,1004.7,3.29,,0,1062
5199,108,서울,2024-05-04 15:00,28.1,,3.3,29,10.9,8.3,1004.4,2.66,,0,821
5200,108,서울,2024-05-04 16:00,27.3,,3.0,31,11.2,8.6,1004.1,2.37,,0,951
5201,108,서울,2024-05-04 17:00,25.9,,3.5,33,10.9,8.3,1004.0,1.67,,0,1059
5202,108,서울,2024-05-04 18:00,25.2,,3.7,34,10.9,8.2,1004.2,0.99,,0,1202
5203,108,서울,2024-05-04 19:00,23.7,,3.3,40,11.6,9.2,1004.3,0.34,,0,1440
5204,108,서울,2024-05-04 20:00,21.4,,2.3,40,10.2,7.2,1005.0,0.02,,1,1825
5205,108,서울,2024-05-04 21:00,20.6,,0.7,38,9.2,5.7,1005.0,,,8,2220
5206,108,서울,2024-05-04 22:00,20.7,,0.7,37,9.0,5.4,1005.1,,,1,2260
5207,108,서울,2024-05-04 23:00,20.7,,0.7,38,9.2,5.8,1005.2,,,1,2398
5208,108,서울,2024-05-05 00:00,20.6,0.0,2.1,44,10.6,7.9,1004.7,,,0,2156
5209,108,서울,2024-05-05 01:00,19.9,,1.9,47,10.9,8.2,1004.4,,,1,1804
5210,108,서울,2024-05-05 02:00,19.9,,1.2,48,11.1,8.5,1003.7,,,1,1727
5211,108,서울,2024-05-05 03:00,20.1,0.0,0.5,50,11.7,9.3,1003.9,,,7,1161
5212,108,서울,2024-05-05 04:00,19.0,0.2,1.2,72,15.8,13.8,1003.7,,,8,578
5213,108,서울,2024-05-05 05:00,17.6,1.7,1.9,85,17.0,15.0,1003.3,,,8,282
5214,108,서울,2024-05-05 06:00,16.8,0.1,2.9,88,16.7,14.7,1002.6,0.0,,7,394
5215,108,서울,2024-05-05 07:00,17.0,0.0,2.9,89,17.2,15.1,1002.0,0.05,,8,639
5216,108,서울,2024-05-05 08:00,17.4,0.0,2.6,86,17.0,15.0,1001.7,0.15,,7,516
5217,108,서울,2024-05-05 09:00,17.0,1.2,2.7,91,17.6,15.5,1001.6,0.11,,8,176
5218,108,서울,2024-05-05 10:00,17.1,2.6,1.8,94,18.3,16.1,1001.0,0.1,,9,139
5219,108,서울,2024-05-05 11:00,17.5,4.9,2.6,96,19.1,16.8,1000.5,0.13,,9,219
5220,108,서울,2024-05-05 12:00,18.3,4.5,2.5,95,19.9,17.4,999.5,0.39,,9,403
5221,108,서울,2024-05-05 13:00,18.5,4.2,3.0,93,19.7,17.3,998.4,0.39,,9,715
5222,108,서울,2024-05-05 14:00,18.5,2.0,2.4,93,19.7,17.3,997.4,0.31,,9,874
5223,108,서울,2024-05-05 15:00,18.4,7.8,2.8,93,19.6,17.2,996.2,0.22,,9,813
5224,108,서울,2024-05-05 16:00,18.6,3.0,2.0,94,20.1,17.6,994.8,0.13,,9,804
5225,108,서울,2024-05-05 17:00,18.8,0.9,2.9,93,20.1,17.6,994.1,0.1,,9,1780
5226,108,서울,2024-05-05 18:00,18.9,1.7,2.6,93,20.2,17.7,993.9,0.06,,9,699
5227,108,서울,2024-05-05 19:00,18.9,2.0,2.8,94,20.5,17.9,994.3,0.03,,9,562
5228,108,서울,2024-05-05 20:00,18.6,6.7,4.4,95,20.2,17.7,995.0,0.0,,9,362
5229,108,서울,2024-05-05 21:00,17.4,3.0,4.0,94,18.6,16.4,995.3,,,9,297
5230,108,서울,2024-05-05 22:00,16.7,1.0,3.4,95,17.9,15.8,995.3,,,9,367
5231,108,서울,2024-05-05 23:00,16.2,0.5,4.0,95,17.4,15.3,995.2,,,9,707
5232,108,서울,2024-05-06 00:00,15.7,0.3,3.8,95,16.8,14.8,995.0,,,9,610
5233,108,서울,2024-05-06 01:00,15.2,0.4,3.8,96,16.5,14.5,995.5,,,9,742
5234,108,서울,2024-05-06 02:00,14.7,3.4,2.7,95,15.9,13.9,995.3,,,9,444
5235,108,서울,2024-05-06 03:00,14.4,3.3,3.1,95,15.6,13.6,995.3,,,9,898
5236,108,서울,2024-05-06 04:00,14.2,0.5,3.6,96,15.5,13.5,995.4,,,9,801
5237,108,서울,2024-05-06 05:00,14.1,0.8,3.1,96,15.4,13.4,995.6,,,9,1544
5238,108,서울,2024-05-06 06:00,14.0,0.0,3.6,95,15.2,13.2,995.4,0.0,,8,1536
5239,108,서울,2024-05-06 07:00,14.0,0.1,2.9,97,15.5,13.5,996.2,0.03,,8,387
5240,108,서울,2024-05-06 08:00,14.0,0.5,3.8,97,15.5,13.5,996.4,0.08,,8,523
5241,108,서울,2024-05-06 09:00,14.0,0.5,2.4,96,15.3,13.3,996.7,0.12,,8,249
5242,108,서울,2024-05-06 10:00,14.1,0.4,4.0,96,15.4,13.4,997.1,0.29,,9,472
5243,108,서울,2024-05-06 11:00,14.1,0.4,3.8,95,15.3,13.3,997.2,0.29,,9,633
5244,108,서울,2024-05-06 12:00,13.9,0.4,4.5,95,15.1,13.1,997.4,0.32,,9,498
5245,108,서울,2024-05-06 13:00,14.0,0.2,3.2,95,15.2,13.2,997.4,0.44,,9,673
5246,108,서울,2024-05-06 14:00,13.8,0.3,3.6,94,14.8,12.8,997.5,0.43,,8,800
5247,108,서울,2024-05-06 15:00,13.9,0.0,3.3,93,14.7,12.7,997.2,0.32,,8,1025
5248,108,서울,2024-05-06 16:00,13.8,0.0,3.9,91,14.3,12.3,997.2,0.14,,8,1876
5249,108,서울,2024-05-06 17:00,13.6,0.0,3.3,93,14.4,12.4,996.9,0.12,,8,622
5250,108,서울,2024-05-06 18:00,13.5,,2.1,90,13.8,11.8,996.9,0.09,,9,1534
5251,108,서울,2024-05-06 19:00,13.4,0.0,2.1,89,13.7,11.6,996.9,0.04,,10,1061
5252,108,서울,2024-05-06 20:00,13.6,0.0,2.4,90,13.9,11.9,997.5,0.0,,10,922
5253,108,서울,2024-05-06 21:00,13.7,0.0,3.4,90,14.0,12.0,997.7,,,10,467
5254,108,서울,2024-05-06 22:00,13.5,0.6,1.9,95,14.7,12.7,997.9,,,10,188
5255,108,서울,2024-05-06 23:00,13.5,0.5,1.5,95,14.7,12.7,997.7,,,10,294
5256,108,서울,2024-05-07 00:00,13.4,0.0,3.3,89,13.7,11.6,997.4,,,10,567
5257,108,서울,2024-05-07 01:00,13.4,0.0,1.8,90,13.7,11.7,997.3,,,10,398
5258,108,서울,2024-05-07 02:00,12.8,0.0,2.4,91,13.4,11.3,997.4,,,10,494
5259,108,서울,2024-05-07 03:00,12.8,0.1,1.5,93,13.7,11.6,997.5,,,10,409
5260,108,서울,2024-05-07 04:00,12.9,0.1,2.1,91,13.5,11.4,997.2,,,10,396
5261,108,서울,2024-05-07 05:00,12.9,0.3,1.1,94,13.9,11.9,997.5,,,10,205
5262,108,서울,2024-05-07 06:00,12.8,0.9,1.8,95,14.0,12.0,998.1,0.0,,9,114
5263,108,서울,2024-05-07 07:00,12.8,0.5,1.9,95,14.0,12.0,998.4,0.04,,9,182
5264,108,서울,2024-05-07 08:00,13.0,0.0,2.8,95,14.2,12.2,999.1,0.11,,8,316
5265,108,서울,2024-05-07 09:00,12.5,0.5,3.7,94,13.6,11.5,999.9,0.07,,6,930
5266,108,서울,2024-05-07 10:00,13.1,0.0,3.6,86,12.9,10.8,1000.2,0.56,,9,3947
5267,108,서울,2024-05-07 11:00,13.2,,4.4,77,11.6,9.2,1000.7,0.63,,9,4128
5268,108,서울,2024-05-07 12:00,13.5,,3.2,76,11.7,9.3,1001.1,0.55,,9,4388
5269,108,서울,2024-05-07 13:00,14.0,0.0,2.9,75,11.9,9.6,1001.2,0.49,,7,3367
5270,108,서울,2024-05-07 14:00,14.4,0.0,3.1,76,12.4,10.2,1001.6,0.68,,8,3997
5271,108,서울,2024-05-07 15:00,14.7,0.0,4.0,72,11.9,9.6,1001.6,0.64,,8,3517
5272,108,서울,2024-05-07 16:00,14.9,0.0,3.7,69,11.6,9.2,1001.7,0.48,,9,3791
5273,108,서울,2024-05-07 17:00,14.9,0.0,4.0,65,10.9,8.3,1001.9,0.27,,7,3668
5274,108,서울,2024-05-07 18:00,14.5,0.0,4.8,65,10.6,7.9,1002.9,0.17,,8,3695
5275,108,서울,2024-05-07 19:00,14.0,0.0,4.0,64,10.2,7.2,1003.6,0.06,,8,3511
5276,108,서울,2024-05-07 20:00,13.5,0.0,3.8,64,9.9,6.8,1004.3,0.0,,8,2819
5277,108,서울,2024-05-07 21:00,13.3,0.0,3.6,63,9.5,6.3,1005.2,,,7,3387
5278,108,서울,2024-05-07 22:00,12.9,,3.2,63,9.3,6.0,1005.9,,,9,3275
5279,108,서울,2024-05-07 23:00,12.6,,2.7,61,8.8,5.2,1006.2,,,9,3190
5280,108,서울,2024-05-08 00:00,12.2,,2.7,60,8.5,4.6,1006.7,,,0,3203
5281,108,서울,2024-05-08 01:00,11.5,,3.1,62,8.4,4.4,1006.6,,,6,3367
5282,108,서울,2024-05-08 02:00,11.0,,2.6,66,8.6,4.8,1007.0,,,6,3150
5283,108,서울,2024-05-08 03:00,10.4,,1.4,67,8.4,4.5,1007.5,,,0,2888
5284,108,서울,2024-05-08 04:00,9.8,,2.6,70,8.4,4.5,1007.4,,,0,2955
5285,108,서울,2024-05-08 05:00,9.4,,2.8,72,8.4,4.5,1007.7,,,0,3012
5286,108,서울,2024-05-08 06:00,9.0,,1.2,73,8.4,4.4,1008.4,0.03,,0,3009
5287,108,서울,2024-05-08 07:00,9.5,,0.6,72,8.5,4.6,1008.9,0.43,,0,3139
5288,108,서울,2024-05-08 08:00,12.2,,2.4,65,9.2,5.8,1009.3,1.18,,0,3082
5289,108,서울,2024-05-08 09:00,13.9,,3.6,57,9.0,5.5,1009.4,1.94,,0,3219
5290,108,서울,2024-05-08 10:00,15.7,,2.4,53,9.4,6.1,1009.2,2.6,,0,3220
5291,108,서울,2024-05-08 11:00,17.1,,2.2,47,9.1,5.6,1009.2,3.18,,0,3176
5292,108,서울,2024-05-08 12:00,17.9,,1.6,45,9.2,5.7,1008.7,3.54,,0,3027
5293,108,서울,2024-05-08 13:00,19.6,,2.2,45,10.2,7.3,1007.9,3.36,,2,3062
5294,108,서울,2024-05-08 14:00,20.0,,2.4,45,10.4,7.6,1007.4,3.07,,5,2599
5295,108,서울,2024-05-08 15:00,20.7,,3.4,40,9.7,6.6,1007.0,2.82,,4,3064
5296,108,서울,2024-05-08 16:00,21.0,,1.6,40,9.9,6.8,1006.3,2.31,,2,3425
5297,108,서울,2024-05-08 17:00,21.0,,3.2,42,10.4,7.5,1006.1,1.95,,4,3561
5298,108,서울,2024-05-08 18:00,18.6,,4.3,53,11.3,8.8,1006.1,0.51,,3,2945
5299,108,서울,2024-05-08 19:00,16.7,,4.6,54,10.2,7.3,1006.5,0.26,,0,2818
5300,108,서울,2024-05-08 20:00,15.5,,2.2,56,9.8,6.7,1006.9,0.03,,0,3116
5301,108,서울,2024-05-08 21:00,14.4,,1.7,60,9.8,6.7,1007.5,,,0,3215
5302,108,서울,2024-05-08 22:00,13.8,,2.0,65,10.2,7.3,1007.8,,,0,2931
5303,108,서울,2024-05-08 23:00,13.3,,2.2,66,10.0,7.0,1008.1,,,0,2751
5304,108,서울,2024-05-09 00:00,12.8,,1.5,75,11.0,8.4,1008.1,,,0,2473
5305,108,서울,2024-05-09 01:00,12.5,,1.8,78,11.2,8.7,1008.4,,,0,2414
5306,108,서울,2024-05-09 02:00,12.1,,1.6,81,11.4,8.9,1008.4,,,0,2149
5307,108,서울,2024-05-09 03:00,11.7,,1.2,82,11.2,8.7,1008.4,,,0,2098
5308,108,서울,2024-05-09 04:00,11.3,,0.9,84,11.2,8.6,1008.6,,,0,2044
5309,108,서울,2024-05-09 05:00,11.1,,0.3,86,11.3,8.8,1008.7,,,0,1670
5310,108,서울,2024-05-09 06:00,10.9,,0.7,89,11.6,9.1,1008.7,0.03,,0,1470
5311,108,서울,2024-05-09 07:00,11.4,,1.6,84,11.2,8.7,1008.8,0.42,,0,2029
5312,108,서울,2024-05-09 08:00,13.1,,1.2,75,11.2,8.7,1009.1,0.91,,0,2068
5313,108,서울,2024-05-09 09:00,15.1,,2.3,63,10.7,8.0,1008.9,1.77,,0,2752
5314,108,서울,2024-05-09 10:00,17.0,,2.6,58,11.2,8.6,1008.7,2.34,,1,2878
5315,108,서울,2024-05-09 11:00,18.5,,2.5,55,11.6,9.2,1008.6,2.96,,0,2249
5316,108,서울,2024-05-09 12:00,19.6,,3.5,47,10.6,7.9,1008.2,3.3,,0,2305
5317,108,서울,2024-05-09 13:00,20.5,,4.6,44,10.6,7.8,1007.8,3.41,,0,2770
5318,108,서울,2024-05-09 14:00,20.9,,5.3,43,10.6,7.8,1007.1,3.31,,0,2727
5319,108,서울,2024-05-09 15:00,21.6,,4.9,38,9.7,6.6,1006.6,2.97,,0,2439
5320,108,서울,2024-05-09 16:00,21.6,,3.2,36,9.2,5.8,1006.1,2.46,,0,2554
5321,108,서울,2024-05-09 17:00,20.4,,5.2,39,9.3,5.9,1006.2,1.82,,0,2431
5322,108,서울,2024-05-09 18:00,19.1,,4.2,44,9.7,6.5,1006.4,1.05,,0,2300
5323,108,서울,2024-05-09 19:00,17.3,,4.1,54,10.6,7.8,1006.7,0.39,,0,1942
5324,108,서울,2024-05-09 20:00,16.4,,3.7,63,11.7,9.3,1006.8,0.03,,0,1741
5325,108,서울,2024-05-09 21:00,15.8,,3.4,68,12.1,9.8,1007.4,,,0,1714
5326,108,서울,2024-05-09 22:00,15.4,,2.2,74,12.9,10.7,1008.0,,,0,1459
5327,108,서울,2024-05-09 23:00,15.1,,2.9,75,12.8,10.6,1008.0,,,1,1380
5328,108,서울,2024-05-10 00:00,14.7,,3.7,78,12.9,10.8,1008.3,,,2,1326
5329,108,서울,2024-05-10 01:00,14.4,,2.2,80,13.0,10.9,1008.3,,,0,1091
5330,108,서울,2024-05-10 02:00,14.0,,1.1,81,12.9,10.7,1008.2,,,0,1206
5331,108,서울,2024-05-10 03:00,13.8,,1.3,82,12.9,10.7,1007.9,,,0,986
5332,108,서울,2024-05-10 04:00,13.5,,1.2,80,12.4,10.1,1008.1,,,0,1375
5333,108,서울,2024-05-10 05:00,12.9,,0.9,85,12.6,10.4,1008.2,,,0,1200
5334,108,서울,2024-05-10 06:00,12.5,,1.4,87,12.5,10.3,1008.4,0.02,,0,991
5335,108,서울,2024-05-10 07:00,13.1,,0.4,86,12.9,10.8,1008.7,0.4,,0,916
5336,108,서울,2024-05-10 08:00,15.0,,1.5,77,13.0,10.9,1008.9,1.07,,0,1449
5337,108,서울,2024-05-10 09:00,16.9,,1.6,67,12.9,10.7,1008.7,1.82,,0,2049
5338,108,서울,2024-05-10 10:00,18.5,,2.9,50,10.6,7.8,1008.9,2.46,,0,2808
5339,108,서울,2024-05-10 11:00,20.5,,2.7,45,10.8,8.1,1008.6,3.07,,0,2991
5340,108,서울,2024-05-10 12:00,21.2,,4.1,41,10.3,7.4,1008.2,3.03,,0,2164
5341,108,서울,2024-05-10 13:00,22.3,,4.3,36,9.6,6.4,1007.7,3.46,,0,2649
5342,108,서울,2024-05-10 14:00,23.1,,3.2,38,10.6,7.9,1007.3,3.39,,0,2570
5343,108,서울,2024-05-10 15:00,23.7,,3.8,37,10.8,8.1,1006.5,3.09,,0,2887
5344,108,서울,2024-05-10 16:00,23.6,,4.4,31,9.0,5.4,1005.8,2.63,,0,2995
5345,108,서울,2024-05-10 17:00,22.8,,4.7,32,8.8,5.2,1005.7,1.99,,0,3435
5346,108,서울,2024-05-10 18:00,21.4,,4.1,34,8.6,4.8,1005.7,1.13,,0,2993
5347,108,서울,2024-05-10 19:00,19.8,,2.7,37,8.5,4.6,1005.8,0.42,,1,3673
5348,108,서울,2024-05-10 20:00,18.5,,2.5,43,9.1,5.6,1005.8,0.04,,1,3213
5349,108,서울,2024-05-10 21:00,17.5,,1.3,44,8.7,5.0,1006.1,,,0,3153
5350,108,서울,2024-05-10 22:00,17.2,,2.8,42,8.2,4.1,1006.5,,,1,3509
5351,108,서울,2024-05-10 23:00,16.6,,3.3,47,8.8,5.2,1006.7,,,1,3430
5352,108,서울,2024-05-11 00:00,15.9,,2.1,53,9.5,6.3,1006.5,,,0,3202
5353,108,서울,2024-05-11 01:00,15.5,,2.5,56,9.8,6.7,1006.0,,,1,3115
5354,108,서울,2024-05-11 02:00,15.3,,2.9,63,10.9,8.2,1005.8,,,0,2920
5355,108,서울,2024-05-11 03:00,15.2,,2.5,70,12.0,9.7,1005.5,,,8,2769
5356,108,서울,2024-05-11 04:00,15.3,,2.3,71,12.3,10.0,1004.8,,,8,2548
5357,108,서울,2024-05-11 05:00,15.7,,1.7,72,12.8,10.6,1004.3,,,9,2768
5358,108,서울,2024-05-11 06:00,15.8,,1.3,69,12.4,10.1,1003.8,0.01,,9,2622
5359,108,서울,2024-05-11 07:00,16.3,,0.9,69,12.7,10.5,1003.5,0.14,,9,2919
5360,108,서울,2024-05-11 08:00,17.2,,3.2,69,13.5,11.4,1003.1,0.18,,9,3203
5361,108,서울,2024-05-11 09:00,18.2,,2.8,69,14.4,12.4,1002.6,0.39,,9,2841
5362,108,서울,2024-05-11 10:00,19.8,,5.0,66,15.2,13.2,1002.0,1.19,,8,2530
5363,108,서울,2024-05-11 11:00,20.9,,5.8,63,15.5,13.5,1001.2,1.32,,9,2514
5364,108,서울,2024-05-11 12:00,21.6,,6.5,64,16.4,14.4,1000.7,0.89,,9,2473
5365,108,서울,2024-05-11 13:00,21.8,,7.1,61,15.9,13.9,1000.0,0.72,,8,2443
5366,108,서울,2024-05-11 14:00,20.8,0.1,5.9,70,17.2,15.1,999.9,0.4,,8,2099
5367,108,서울,2024-05-11 15:00,18.4,2.1,4.5,87,18.3,16.1,999.8,0.23,,8,638
5368,108,서울,2024-05-11 16:00,17.7,1.6,4.4,90,18.2,16.0,998.9,0.12,,8,738
5369,108,서울,2024-05-11 17:00,16.9,4.0,5.7,94,18.1,15.9,998.5,0.08,,9,479
5370,108,서울,2024-05-11 18:00,16.9,7.7,2.0,95,18.2,16.0,998.0,0.03,,8,453
5371,108,서울,2024-05-11 19:00,16.9,5.6,4.0,96,18.4,16.2,997.9,0.02,,8,613
5372,108,서울,2024-05-11 20:00,16.5,2.5,4.6,96,17.9,15.8,998.1,0.0,,9,497
5373,108,서울,2024-05-11 21:00,15.4,4.8,4.0,94,16.4,14.4,999.1,,,9,667
5374,108,서울,2024-05-11 22:00,14.4,3.1,2.7,94,15.4,13.4,999.9,,,8,648
5375,108,서울,2024-05-11 23:00,14.0,0.2,1.9,93,14.8,12.8,1000.1,,,6,1655
5376,108,서울,2024-05-12 00:00,14.1,,0.8,92,14.8,12.8,1000.1,,,9,909
5377,108,서울,2024-05-12 01:00,13.9,,2.3,93,14.7,12.7,1000.4,,,1,532
5378,108,서울,2024-05-12 02:00,13.3,,1.5,92,14.0,12.0,1000.0,,,1,489
5379,108,서울,2024-05-12 03:00,13.0,,1.6,93,13.8,11.8,999.9,,,1,353
5380,108,서울,2024-05-12 04:00,12.6,,0.8,92,13.4,11.3,999.9,,,7,454
5381,108,서울,2024-05-12 05:00,12.3,,1.8,93,13.2,11.1,1000.2,,,8,435
5382,108,서울,2024-05-12 06:00,11.9,,2.7,93,12.9,10.7,1000.7,0.03,,8,605
5383,108,서울,2024-05-12 07:00,12.1,,1.7,92,12.9,10.8,1000.7,0.31,,8,777
5384,108,서울,2024-05-12 08:00,13.1,,1.3,91,13.7,11.6,1000.8,0.91,,7,1001
5385,108,서울,2024-05-12 09:00,14.5,,1.5,80,13.1,11.0,1000.9,1.83,,2,1147
5386,108,서울,2024-05-12 10:00,16.2,,2.2,74,13.6,11.5,1000.8,2.58,,0,1309
5387,108,서울,2024-05-12 11:00,17.5,,2.7,66,13.1,11.0,1000.9,3.18,,1,1516
5388,108,서울,2024-05-12 12:00,18.9,,4.8,52,11.3,8.8,1000.8,3.42,,2,1786
5389,108,서울,2024-05-12 13:00,20.0,,3.6,46,10.7,8.0,999.9,3.68,,0,1992
5390,108,서울,2024-05-12 14:00,20.5,,4.1,39,9.3,6.0,999.7,3.51,,0,1955
5391,108,서울,2024-05-12 15:00,21.1,,4.2,40,9.9,6.9,999.1,3.1,,0,2207
5392,108,서울,2024-05-12 16:00,21.4,,3.6,47,11.9,9.6,998.9,2.56,,1,2122
5393,108,서울,2024-05-12 17:00,21.2,,3.1,46,11.6,9.1,999.1,1.96,,0,2140
5394,108,서울,2024-05-12 18:00,20.8,,3.9,50,12.2,9.9,999.3,1.29,,0,2659
5395,108,서울,2024-05-12 19:00,20.0,,2.9,48,11.2,8.6,999.8,0.51,,1,2907
5396,108,서울,2024-05-12 20:00,18.7,,3.8,50,10.7,8.0,1000.7,0.04,,0,2875
5397,108,서울,2024-05-12 21:00,17.5,,4.2,53,10.6,7.8,1001.6,,,0,2695
5398,108,서울,2024-05-12 22:00,16.6,,2.3,55,10.4,7.5,1002.2,,,0,2790
5399,108,서울,2024-05-12 23:00,16.1,,3.4,55,10.0,7.0,1002.6,,,0,2722
5400,108,서울,2024-05-13 00:00,15.2,,2.0,59,10.2,7.2,1002.8,,,0,2820
5401,108,서울,2024-05-13 01:00,14.7,,1.6,62,10.3,7.4,1002.9,,,0,2879
5402,108,서울,2024-05-13 02:00,13.8,,1.1,65,10.2,7.3,1002.9,,,1,2818
5403,108,서울,2024-05-13 03:00,13.1,,1.0,68,10.2,7.3,1003.0,,,0,2885
5404,108,서울,2024-05-13 04:00,12.5,,2.2,71,10.2,7.3,1003.0,,,0,2670
5405,108,서울,2024-05-13 05:00,12.1,,0.2,73,10.2,7.3,1003.3,,,0,2609
5406,108,서울,2024-05-13 06:00,12.0,,1.5,76,10.6,7.8,1003.8,0.03,,0,2679
5407,108,서울,2024-05-13 07:00,12.4,,2.0,76,10.9,8.2,1004.5,0.49,,0,2368
5408,108,서울,2024-05-13 08:00,15.4,,1.0,69,12.0,9.7,1004.9,1.22,,0,2054
5409,108,서울,2024-05-13 09:00,17.7,,0.8,64,12.9,10.7,1004.9,1.98,,0,1919
5410,108,서울,2024-05-13 10:00,19.6,,2.1,54,12.3,10.0,1005.0,2.58,,0,2515
5411,108,서울,2024-05-13 11:00,21.1,,2.6,46,11.5,9.0,1004.9,3.21,,0,3115
5412,108,서울,2024-05-13 12:00,22.2,,2.8,38,10.1,7.1,1004.5,3.56,,0,3010
5413,108,서울,2024-05-13 13:00,23.1,,3.3,30,8.4,4.5,1004.0,3.72,,0,2964
5414,108,서울,2024-05-13 14:00,23.9,,3.9,30,8.8,5.2,1003.5,3.57,,0,3461
5415,108,서울,2024-05-13 15:00,24.4,,3.3,35,10.6,7.9,1003.1,3.26,,0,3063
5416,108,서울,2024-05-13 16:00,24.0,,3.8,37,11.0,8.4,1002.8,2.68,,0,2870
5417,108,서울,2024-05-13 17:00,23.3,,4.8,29,8.2,4.2,1003.0,2.01,,0,2781
5418,108,서울,2024-05-13 18:00,22.2,,3.9,32,8.5,4.7,1003.3,1.28,,0,3791
5419,108,서울,2024-05-13 19:00,20.7,,2.3,39,9.5,6.2,1003.4,0.47,,0,3321
5420,108,서울,2024-05-13 20:00,19.1,,2.6,44,9.7,6.5,1003.7,0.03,,1,3326
5421,108,서울,2024-05-13 21:00,18.4,,2.9,46,9.7,6.5,1004.6,,,0,3073
5422,108,서울,2024-05-13 22:00,17.7,,2.6,47,9.5,6.2,1004.9,,,0,2770
5423,108,서울,2024-05-13 23:00,17.0,,2.2,52,10.0,7.0,1004.8,,,0,2688
5424,108,서울,2024-05-14 00:00,16.1,,2.2,56,10.2,7.3,1005.1,,,0,2865
5425,108,서울,2024-05-14 01:00,15.3,,0.9,59,10.2,7.3,1004.9,,,0,2770
5426,108,서울,2024-05-14 02:00,14.6,,0.1,64,10.6,7.8,1004.7,,,0,2429
5427,108,서울,2024-05-14 03:00,14.2,,1.4,66,10.6,7.9,1004.8,,,0,2301
5428,108,서울,2024-05-14 04:00,13.7,,0.1,71,11.1,8.5,1004.9,,,0,2229
5429,108,서울,2024-05-14 05:00,13.2,,1.5,70,10.6,7.8,1005.0,,,0,2280
5430,108,서울,2024-05-14 06:00,12.7,,1.7,69,10.1,7.1,1005.6,0.03,,0,2404
5431,108,서울,2024-05-14 07:00,13.5,,1.2,70,10.8,8.1,1006.3,0.44,,0,2402
5432,108,서울,2024-05-14 08:00,16.3,,1.5,64,11.8,9.4,1006.4,1.18,,0,2025
5433,108,서울,2024-05-14 09:00,18.7,,1.7,50,10.7,8.0,1006.3,1.95,,0,2316
5434,108,서울,2024-05-14 10:00,20.3,,2.1,43,10.2,7.2,1006.3,2.57,,0,2754
5435,108,서울,2024-05-14 11:00,21.9,,3.7,37,9.7,6.5,1006.3,3.19,,0,2622
5436,108,서울,2024-05-14 12:00,23.2,,4.8,31,8.8,5.1,1006.0,3.54,,0,2884
5437,108,서울,2024-05-14 13:00,23.6,,3.8,31,9.0,5.4,1005.8,3.7,,0,3601
5438,108,서울,2024-05-14 14:00,24.3,,3.3,30,9.1,5.6,1005.1,3.58,,0,3229
5439,108,서울,2024-05-14 15:00,24.4,,4.0,27,8.2,4.1,1004.7,3.25,,0,3804
5440,108,서울,2024-05-14 16:00,24.0,,4.2,26,7.7,3.2,1004.3,2.73,,0,3846
5441,108,서울,2024-05-14 17:00,23.7,,3.9,25,7.3,2.4,1004.2,2.05,,0,3697
5442,108,서울,2024-05-14 18:00,22.7,,3.5,27,7.4,2.7,1004.1,1.29,,0,3303
5443,108,서울,2024-05-14 19:00,20.9,,3.7,31,7.6,3.1,1004.4,0.48,,0,3454
5444,108,서울,2024-05-14 20:00,19.1,,2.9,34,7.5,2.8,1004.9,0.04,,0,3269
5445,108,서울,2024-05-14 21:00,18.2,,2.9,35,7.3,2.4,1005.3,,,0,3309
5446,108,서울,2024-05-14 22:00,17.4,,1.6,39,7.7,3.2,1005.7,,,0,2885
5447,108,서울,2024-05-14 23:00,16.8,,1.6,40,7.6,3.1,1005.5,,,0,2951
5448,108,서울,2024-05-15 00:00,16.3,,2.3,41,7.6,3.0,1005.6,,,0,3321
5449,108,서울,2024-05-15 01:00,15.7,,1.4,44,7.8,3.4,1005.1,,,0,3331
5450,108,서울,2024-05-15 02:00,15.0,,1.0,48,8.1,4.0,1004.7,,,0,2987
5451,108,서울,2024-05-15 03:00,14.7,,0.9,53,8.8,5.2,1004.5,,,0,2963
5452,108,서울,2024-05-15 04:00,14.3,,0.6,56,9.1,5.6,1004.1,,,0,3056
5453,108,서울,2024-05-15 05:00,13.9,,0.7,58,9.2,5.7,1003.7,,,0,3123
5454,108,서울,2024-05-15 06:00,13.8,,1.0,59,9.3,5.9,1004.4,0.03,,0,3310
5455,108,서울,2024-05-15 07:00,14.5,,0.5,58,9.5,6.3,1004.2,0.35,,1,2913
5456,108,서울,2024-05-15 08:00,16.3,,1.8,56,10.3,7.4,1004.0,0.94,,0,2522
5457,108,서울,2024-05-15 09:00,17.6,,3.1,57,11.4,8.9,1003.7,1.72,,2,2474
5458,108,서울,2024-05-15 10:00,18.7,,2.8,60,12.9,10.7,1003.4,2.26,,7,1996
5459,108,서울,2024-05-15 11:00,17.6,,3.7,66,13.2,11.1,1003.4,1.52,,9,1357
5460,108,서울,2024-05-15 12:00,16.1,,3.6,66,12.0,9.7,1002.7,0.55,,8,2246
5461,108,서울,2024-05-15 13:00,14.1,,4.2,72,11.6,9.1,1002.1,0.21,,8,3325
5462,108,서울,2024-05-15 14:00,12.3,0.0,4.6,86,12.3,10.0,1001.6,0.09,,8,953
5463,108,서울,2024-05-15 15:00,11.8,3.0,2.8,90,12.4,10.2,1001.2,0.15,,9,882
5464,108,서울,2024-05-15 16:00,11.6,3.1,3.6,91,12.4,10.1,1000.7,0.24,,8,855
5465,108,서울,2024-05-15 17:00,11.4,3.4,2.2,93,12.5,10.3,1000.2,0.13,,9,791
5466,108,서울,2024-05-15 18:00,11.1,2.4,3.9,90,11.9,9.5,999.8,0.11,,9,1694
5467,108,서울,2024-05-15 19:00,10.4,1.1,1.8,89,11.2,8.6,1000.2,0.06,,9,1894
5468,108,서울,2024-05-15 20:00,9.1,2.0,4.5,90,10.4,7.5,1001.1,0.0,,9,1044
5469,108,서울,2024-05-15 21:00,7.8,2.6,5.6,90,9.5,6.2,1001.9,,,9,1489
5470,108,서울,2024-05-15 22:00,7.3,1.0,3.6,89,9.1,5.6,1002.5,,,9,1997
5471,108,서울,2024-05-15 23:00,7.6,1.0,1.9,89,9.2,5.8,1001.8,,,9,958
5472,108,서울,2024-05-16 00:00,7.7,1.0,2.0,89,9.3,5.9,1001.3,,,9,2788
5473,108,서울,2024-05-16 01:00,7.5,0.1,3.4,92,9.5,6.2,1001.0,,,8,3569
5474,108,서울,2024-05-16 02:00,7.3,0.0,2.0,89,9.1,5.6,1000.8,,,2,4524
5475,108,서울,2024-05-16 03:00,7.4,,2.2,89,9.1,5.6,1000.7,,,5,4345
5476,108,서울,2024-05-16 04:00,7.3,,3.3,92,9.3,6.0,1000.6,,,7,4096
5477,108,서울,2024-05-16 05:00,7.2,,2.7,92,9.3,5.9,1000.4,,,2,3982
5478,108,서울,2024-05-16 06:00,6.9,,2.5,92,9.1,5.6,1000.6,0.03,,0,3906
5479,108,서울,2024-05-16 07:00,7.7,,2.9,86,9.0,5.4,1000.7,0.53,,0,3594
5480,108,서울,2024-05-16 08:00,9.5,,3.5,78,9.2,5.8,1000.6,1.36,,0,1793
5481,108,서울,2024-05-16 09:00,11.6,,2.3,70,9.5,6.3,1000.5,2.13,,0,2689
5482,108,서울,2024-05-16 10:00,13.5,,2.6,66,10.2,7.2,1000.4,2.76,,0,3268
5483,108,서울,2024-05-16 11:00,15.5,,3.2,50,8.8,5.1,999.8,3.33,,0,3835
5484,108,서울,2024-05-16 12:00,17.0,,3.6,45,8.7,4.9,999.0,3.66,,0,4003
5485,108,서울,2024-05-16 13:00,18.2,,3.7,40,8.3,4.3,998.1,3.81,,0,3801
5486,108,서울,2024-05-16 14:00,18.6,,4.3,40,8.5,4.7,997.8,3.64,,0,3616
5487,108,서울,2024-05-16 15:00,19.1,,5.0,37,8.1,4.0,997.7,3.34,,0,3177
5488,108,서울,2024-05-16 16:00,19.5,,4.0,36,8.1,4.0,997.4,2.78,,0,3809
5489,108,서울,2024-05-16 17:00,19.0,,4.4,33,7.2,2.3,997.6,2.1,,0,3705
5490,108,서울,2024-05-16 18:00,18.8,,2.4,33,7.1,2.1,997.9,1.32,,0,3689
5491,108,서울,2024-05-16 19:00,17.4,,2.5,35,6.9,1.7,998.5,0.52,,0,3806
5492,108,서울,2024-05-16 20:00,15.9,,2.7,42,7.5,2.9,999.2,0.04,,0,3427
5493,108,서울,2024-05-16 21:00,15.0,,2.3,55,9.3,6.0,999.8,,,0,2230
5494,108,서울,2024-05-16 22:00,14.4,,2.4,56,9.2,5.7,1000.5,,,0,1902
5495,108,서울,2024-05-16 23:00,14.0,,2.7,62,9.9,6.8,1000.5,,,0,1886
5496,108,서울,2024-05-17 00:00,13.4,,1.8,69,10.6,7.8,1000.9,,,0,1490
5497,108,서울,2024-05-17 01:00,12.9,,1.5,76,11.2,8.7,1001.3,,,0,1135
5498,108,서울,2024-05-17 02:00,12.4,,0.6,78,11.2,8.6,1001.5,,,0,1022
5499,108,서울,2024-05-17 03:00,12.0,,0.8,80,11.2,8.6,1001.8,,,0,1064
5500,108,서울,2024-05-17 04:00,11.4,,1.1,84,11.2,8.7,1002.1,,,0,818
5501,108,서울,2024-05-17 05:00,11.1,,1.5,86,11.3,8.8,1002.4,,,0,654
5502,108,서울,2024-05-17 06:00,11.1,,1.7,89,11.7,9.3,1003.0,0.04,,6,594
5503,108,서울,2024-05-17 07:00,12.5,,2.3,87,12.5,10.3,1003.5,0.39,,0,730
5504,108,서울,2024-05-17 08:00,14.6,,2.3,78,12.9,10.7,1003.8,1.04,,0,945
5505,108,서울,2024-05-17 09:00,16.8,,1.6,72,13.7,11.7,1004.0,1.8,,0,1161
5506,108,서울,2024-05-17 10:00,18.2,,2.8,64,13.3,11.2,1004.0,1.67,,0,1792
5507,108,서울,2024-05-17 11:00,20.0,,2.5,58,13.5,11.4,1004.0,2.87,,0,1971
5508,108,서울,2024-05-17 12:00,21.7,,1.6,55,14.2,12.2,1003.6,2.9,,0,1685
5509,108,서울,2024-05-17 13:00,23.7,,2.7,47,13.7,11.7,1003.1,3.31,,0,1855
5510,108,서울,2024-05-17 14:00,24.4,,2.9,46,14.0,12.0,1002.9,2.98,,0,2037
5511,108,서울,2024-05-17 15:00,24.2,,3.4,47,14.1,12.1,1002.9,2.55,,0,2484
5512,108,서울,2024-05-17 16:00,23.4,,3.9,53,15.2,13.2,1003.0,1.4,,0,2441
5513,108,서울,2024-05-17 17:00,23.9,,3.5,44,12.9,10.8,1002.8,1.84,,0,2506
5514,108,서울,2024-05-17 18:00,23.3,,2.5,45,12.8,10.6,1003.0,1.1,,0,2642
5515,108,서울,2024-05-17 19:00,22.3,,2.0,53,14.2,12.2,1003.5,0.46,,0,2521
5516,108,서울,2024-05-17 20:00,20.7,,2.6,56,13.6,11.5,1004.1,0.05,,0,2702
5517,108,서울,2024-05-17 21:00,19.6,,2.6,55,12.5,10.3,1005.2,,,0,3007
5518,108,서울,2024-05-17 22:00,18.8,,2.5,56,12.1,9.8,1006.0,,,0,3105
5519,108,서울,2024-05-17 23:00,18.3,,2.7,62,12.9,10.8,1006.2,,,0,3299
5520,108,서울,2024-05-18 00:00,17.5,,1.9,66,13.1,11.0,1006.3,,,0,3238
5521,108,서울,2024-05-18 01:00,17.0,,1.4,68,13.1,11.0,1006.2,,,0,3085
5522,108,서울,2024-05-18 02:00,16.7,,1.7,71,13.5,11.4,1006.4,,,0,3032
5523,108,서울,2024-05-18 03:00,16.7,,0.4,72,13.7,11.6,1006.2,,,3,2813
5524,108,서울,2024-05-18 04:00,16.7,,0.1,74,14.0,12.0,1006.6,,,8,2885
5525,108,서울,2024-05-18 05:00,16.6,,1.3,74,13.9,11.9,1006.8,,,6,2792
5526,108,서울,2024-05-18 06:00,16.0,,1.8,74,13.4,11.3,1007.2,0.03,,4,2783
5527,108,서울,2024-05-18 07:00,16.3,,1.5,74,13.7,11.6,1007.9,0.35,,3,2595
5528,108,서울,2024-05-18 08:00,18.7,,1.0,66,14.2,12.2,1007.9,1.12,,0,2795
5529,108,서울,2024-05-18 09:00,20.4,,1.1,66,15.8,13.8,1008.0,1.58,,3,3742
5530,108,서울,2024-05-18 10:00,21.9,,2.4,62,16.2,14.2,1007.9,2.42,,4,2946
5531,108,서울,2024-05-18 11:00,23.0,,2.7,59,16.5,14.5,1007.8,2.3,,6,3184
5532,108,서울,2024-05-18 12:00,24.3,,2.5,54,16.3,14.3,1007.0,3.28,,5,3237
5533,108,서울,2024-05-18 13:00,25.1,,3.2,50,15.9,13.9,1006.3,3.19,,3,2271
5534,108,서울,2024-05-18 14:00,25.8,,2.7,48,15.9,13.9,1005.8,3.43,,2,2625
5535,108,서울,2024-05-18 15:00,26.5,,2.4,49,16.9,14.9,1005.1,3.06,,1,2809
5536,108,서울,2024-05-18 16:00,26.0,,3.1,52,17.4,15.3,1004.7,2.4,,1,3202
5537,108,서울,2024-05-18 17:00,25.3,,3.8,54,17.4,15.3,1004.9,2.0,,1,3378
5538,108,서울,2024-05-18 18:00,23.6,,3.8,59,17.2,15.1,1005.2,1.21,,0,3425
5539,108,서울,2024-05-18 19:00,22.4,,3.1,63,17.0,15.0,1005.5,0.46,,0,3218
5540,108,서울,2024-05-18 20:00,20.8,,2.7,67,16.4,14.4,1006.2,0.05,,0,2904
5541,108,서울,2024-05-18 21:00,19.9,,2.4,70,16.2,14.2,1007.0,,,0,2890
5542,108,서울,2024-05-18 22:00,19.4,,1.0,71,15.9,13.9,1007.3,,,0,2866
5543,108,서울,2024-05-18 23:00,18.7,,0.6,73,15.7,13.7,1007.5,,,0,2674
5544,108,서울,2024-05-19 00:00,18.3,,0.9,78,16.3,14.3,1007.3,,,0,1853
5545,108,서울,2024-05-19 01:00,17.6,,0.4,79,15.9,13.9,1007.0,,,0,2608
5546,108,서울,2024-05-19 02:00,17.2,,1.0,81,15.9,13.9,1006.6,,,0,2390
5547,108,서울,2024-05-19 03:00,16.7,,0.1,82,15.6,13.6,1006.2,,,0,2495
5548,108,서울,2024-05-19 04:00,16.4,,1.1,84,15.6,13.6,1006.2,,,0,2465
5549,108,서울,2024-05-19 05:00,16.2,,1.3,86,15.8,13.8,1006.2,,,0,2271
5550,108,서울,2024-05-19 06:00,15.9,,1.2,88,15.9,13.9,1006.2,0.04,,0,2054
5551,108,서울,2024-05-19 07:00,16.7,,1.6,86,16.3,14.3,1006.4,0.47,,0,2419
5552,108,서울,2024-05-19 08:00,18.6,,0.7,80,17.0,15.0,1006.3,1.19,,0,2514
5553,108,서울,2024-05-19 09:00,21.0,,0.7,69,17.0,15.0,1006.2,1.92,,0,2692
5554,108,서울,2024-05-19 10:00,22.4,,1.9,59,15.9,13.9,1005.7,2.53,,0,3225
5555,108,서울,2024-05-19 11:00,24.2,,2.0,57,17.2,15.1,1005.5,3.07,,0,3218
5556,108,서울,2024-05-19 12:00,25.5,,1.5,49,15.9,13.9,1005.1,3.42,,0,3329
5557,108,서울,2024-05-19 13:00,26.4,,2.9,40,13.7,11.7,1004.5,3.58,,0,4083
5558,108,서울,2024-05-19 14:00,26.8,,2.6,31,10.9,8.2,1003.6,3.5,,0,3752
5559,108,서울,2024-05-19 15:00,27.6,,3.3,42,15.5,13.5,1003.1,3.05,,0,3227
5560,108,서울,2024-05-19 16:00,27.4,,2.7,46,16.7,14.7,1003.2,2.54,,0,2774
5561,108,서울,2024-05-19 17:00,26.3,,4.3,41,13.9,11.9,1003.3,1.96,,0,3796
5562,108,서울,2024-05-19 18:00,25.6,,2.5,41,13.4,11.3,1002.9,1.26,,0,3906
5563,108,서울,2024-05-19 19:00,23.5,,2.7,44,12.7,10.5,1003.1,0.42,,0,4141
5564,108,서울,2024-05-19 20:00,21.8,,3.3,49,12.8,10.6,1004.0,0.04,,0,3663
5565,108,서울,2024-05-19 21:00,20.8,,4.0,63,15.4,13.4,1005.5,,,0,3175
5566,108,서울,2024-05-19 22:00,19.9,,2.2,68,15.8,13.8,1005.1,,,0,2914
5567,108,서울,2024-05-19 23:00,19.1,,0.6,70,15.4,13.4,1004.5,,,0,2914
5568,108,서울,2024-05-20 00:00,18.5,,1.1,71,15.1,13.1,1003.7,,,0,2874
5569,108,서울,2024-05-20 01:00,17.9,,1.3,74,15.1,13.1,1003.0,,,0,2750
5570,108,서울,2024-05-20 02:00,18.0,,1.2,75,15.4,13.4,1003.1,,,0,2678
5571,108,서울,2024-05-20 03:00,17.9,,1.6,75,15.3,13.3,1003.4,,,7,2483
5572,108,서울,2024-05-20 04:00,17.8,,2.0,75,15.3,13.3,1003.7,,,7,2394
5573,108,서울,2024-05-20 05:00,17.7,,1.8,77,15.6,13.6,1004.0,,,9,2224
5574,108,서울,2024-05-20 06:00,17.7,,2.0,76,15.4,13.4,1004.4,0.0,,9,2520
5575,108,서울,2024-05-20 07:00,17.9,,2.1,73,14.9,12.9,1005.2,0.14,,10,2749
5576,108,서울,2024-05-20 08:00,18.5,,2.1,74,15.7,13.7,1005.5,0.26,,10,2867
5577,108,서울,2024-05-20 09:00,19.7,,1.3,72,16.5,14.5,1005.6,0.64,,8,2093
5578,108,서울,2024-05-20 10:00,21.2,,2.5,70,17.6,15.5,1005.5,1.32,,8,2343
5579,108,서울,2024-05-20 11:00,22.1,,3.6,67,17.7,15.6,1005.1,1.63,,9,2669
5580,108,서울,2024-05-20 12:00,22.3,,4.1,66,17.7,15.6,1005.1,1.47,,9,3012
5581,108,서울,2024-05-20 13:00,22.7,,3.8,63,17.3,15.2,1004.7,1.38,,9,2695
5582,108,서울,2024-05-20 14:00,22.4,,2.6,67,18.1,15.9,1004.4,1.3,,9,2315
5583,108,서울,2024-05-20 15:00,21.7,,3.3,71,18.4,16.2,1004.3,0.92,,9,2070
5584,108,서울,2024-05-20 16:00,21.4,,3.9,71,18.1,15.9,1004.3,0.92,,9,1972
5585,108,서울,2024-05-20 17:00,21.3,,3.3,71,17.9,15.8,1004.6,0.67,,8,1891
5586,108,서울,2024-05-20 18:00,20.9,,3.3,71,17.5,15.4,1004.9,0.58,,8,1726
5587,108,서울,2024-05-20 19:00,20.3,,2.5,72,17.0,15.0,1005.3,0.19,,0,1736
5588,108,서울,2024-05-20 20:00,19.4,,1.9,77,17.3,15.2,1005.8,0.03,,0,1202
5589,108,서울,2024-05-20 21:00,18.3,,2.0,82,17.2,15.1,1006.6,,,1,862
5590,108,서울,2024-05-20 22:00,17.5,,2.1,84,16.7,14.7,1007.2,,,0,618
5591,108,서울,2024-05-20 23:00,17.0,,2.0,86,16.6,14.6,1007.6,,,0,532
5592,108,서울,2024-05-21 00:00,16.8,,1.8,87,16.6,14.6,1007.6,,,7,418
5593,108,서울,2024-05-21 01:00,16.7,,1.9,88,16.6,14.6,1007.5,,,0,399
5594,108,서울,2024-05-21 02:00,16.7,,2.3,88,16.6,14.6,1007.4,,,0,320
5595,108,서울,2024-05-21 03:00,16.8,,0.5,87,16.6,14.6,1007.5,,,9,322
5596,108,서울,2024-05-21 04:00,16.7,,0.4,87,16.5,14.5,1007.5,,,7,335
5597,108,서울,2024-05-21 05:00,16.5,,1.1,90,16.8,14.8,1007.8,,,9,358
5598,108,서울,2024-05-21 06:00,16.3,,1.4,90,16.6,14.6,1008.4,0.03,,9,325
5599,108,서울,2024-05-21 07:00,16.7,,0.3,89,16.8,14.8,1009.0,0.2,,10,438
5600,108,서울,2024-05-21 08:00,18.6,,1.5,84,17.9,15.8,1009.4,0.62,,9,1028
5601,108,서울,2024-05-21 09:00,20.8,,2.3,74,18.1,15.9,1009.4,1.59,,3,1518
5602,108,서울,2024-05-21 10:00,21.4,,2.3,66,16.7,14.7,1009.5,1.49,,6,1667
5603,108,서울,2024-05-21 11:00,23.2,,2.1,63,17.8,15.7,1009.3,2.49,,4,1806
5604,108,서울,2024-05-21 12:00,24.4,,2.0,55,16.7,14.7,1008.9,3.46,,2,2249
5605,108,서울,2024-05-21 13:00,25.8,,1.7,51,16.8,14.8,1008.2,3.55,,0,2400
5606,108,서울,2024-05-21 14:00,26.6,,1.8,46,16.0,14.0,1007.5,3.46,,0,2682
5607,108,서울,2024-05-21 15:00,27.5,,1.1,42,15.4,13.4,1007.0,3.11,,0,2550
5608,108,서울,2024-05-21 16:00,27.9,,2.4,39,14.6,12.6,1006.2,2.68,,0,3162
5609,108,서울,2024-05-21 17:00,28.2,,1.4,34,12.9,10.8,1006.0,2.02,,1,2911
5610,108,서울,2024-05-21 18:00,26.1,,3.2,54,18.2,16.0,1006.3,1.19,,0,799
5611,108,서울,2024-05-21 19:00,24.4,,2.7,59,17.9,15.8,1006.6,0.43,,0,911
5612,108,서울,2024-05-21 20:00,22.8,,2.2,64,17.7,15.6,1007.1,0.05,,0,889
5613,108,서울,2024-05-21 21:00,21.9,,1.7,67,17.5,15.4,1008.0,,,0,827
5614,108,서울,2024-05-21 22:00,20.9,,2.2,72,17.7,15.6,1008.4,,,0,649
5615,108,서울,2024-05-21 23:00,20.2,,2.0,72,16.9,14.9,1008.4,,,0,526
5616,108,서울,2024-05-22 00:00,19.4,,1.9,76,17.0,15.0,1008.3,,,0,461
5617,108,서울,2024-05-22 01:00,18.6,,1.9,80,17.0,15.0,1008.3,,,1,348
5618,108,서울,2024-05-22 02:00,18.0,,2.4,82,16.8,14.8,1008.2,,,1,306
5619,108,서울,2024-05-22 03:00,17.5,,1.1,84,16.7,14.7,1008.3,,,0,297
5620,108,서울,2024-05-22 04:00,17.5,,1.7,85,16.9,14.9,1008.2,,,1,320
5621,108,서울,2024-05-22 05:00,16.7,,2.3,88,16.6,14.6,1008.1,,,1,265
5622,108,서울,2024-05-22 06:00,16.4,,1.3,89,16.5,14.5,1007.8,0.06,,7,230
5623,108,서울,2024-05-22 07:00,16.8,,1.8,89,16.9,14.9,1007.8,0.34,,8,250
5624,108,서울,2024-05-22 08:00,17.8,,1.4,86,17.5,15.4,1007.6,0.84,,3,341
5625,108,서울,2024-05-22 09:00,18.8,,2.0,81,17.5,15.4,1007.9,1.21,,7,428
5626,108,서울,2024-05-22 10:00,20.6,,2.5,75,18.2,16.0,1007.5,2.33,,4,495
5627,108,서울,2024-05-22 11:00,21.8,,2.8,72,18.8,16.5,1007.1,2.84,,2,562
5628,108,서울,2024-05-22 12:00,23.4,,2.7,63,18.1,15.9,1006.6,3.46,,1,766
5629,108,서울,2024-05-22 13:00,24.5,,3.5,58,17.7,15.6,1005.8,3.56,,0,853
5630,108,서울,2024-05-22 14:00,25.1,,3.3,51,16.2,14.2,1004.9,3.33,,0,1762
5631,108,서울,2024-05-22 15:00,25.3,,3.4,49,15.8,13.8,1004.5,2.9,,0,2106
5632,108,서울,2024-05-22 16:00,25.2,,3.8,54,17.3,15.2,1004.2,2.48,,0,1754
5633,108,서울,2024-05-22 17:00,25.1,,3.2,49,15.6,13.6,1003.7,2.04,,0,2574
5634,108,서울,2024-05-22 18:00,24.4,,2.9,49,14.9,12.9,1003.4,1.34,,0,2162
5635,108,서울,2024-05-22 19:00,22.8,,2.8,57,15.8,13.8,1003.5,0.59,,1,1957
5636,108,서울,2024-05-22 20:00,21.0,,1.8,61,15.1,13.1,1003.8,0.08,,1,2129
5637,108,서울,2024-05-22 21:00,19.8,,2.0,64,14.7,12.7,1004.0,,,0,1958
5638,108,서울,2024-05-22 22:00,19.2,,1.4,68,15.1,13.1,1003.9,,,1,1633
5639,108,서울,2024-05-22 23:00,18.8,,2.1,70,15.2,13.2,1003.8,,,1,1542
5640,108,서울,2024-05-23 00:00,18.4,,1.3,72,15.2,13.2,1003.4,,,0,1395
5641,108,서울,2024-05-23 01:00,18.1,,1.7,74,15.3,13.3,1003.1,,,1,1265
5642,108,서울,2024-05-23 02:00,17.5,,1.4,75,15.0,13.0,1002.8,,,1,1127
5643,108,서울,2024-05-23 03:00,17.0,,1.3,78,15.1,13.1,1002.3,,,0,1003
5644,108,서울,2024-05-23 04:00,16.5,,1.6,78,14.6,12.6,1002.1,,,0,993
5645,108,서울,2024-05-23 05:00,16.3,,1.4,81,15.0,13.0,1002.1,,,0,880
5646,108,서울,2024-05-23 06:00,15.9,,1.9,83,15.0,13.0,1002.4,0.03,,0,866
5647,108,서울,2024-05-23 07:00,16.2,,2.2,83,15.3,13.3,1002.3,0.45,,0,882
5648,108,서울,2024-05-23 08:00,17.6,,2.0,80,16.1,14.1,1002.1,1.25,,0,864
5649,108,서울,2024-05-23 09:00,19.6,,1.6,73,16.6,14.6,1001.9,2.0,,0,1017
5650,108,서울,2024-05-23 10:00,21.3,,2.3,65,16.4,14.4,1001.5,2.64,,0,1278
5651,108,서울,2024-05-23 11:00,22.6,,3.1,62,16.9,14.9,1001.5,3.19,,0,1143
5652,108,서울,2024-05-23 12:00,24.1,,2.6,59,17.6,15.5,1001.1,3.47,,0,1025
5653,108,서울,2024-05-23 13:00,24.9,,3.1,53,16.6,14.6,1000.6,3.6,,0,1350
5654,108,서울,2024-05-23 14:00,25.4,,3.2,49,15.9,13.9,999.8,3.54,,0,2108
5655,108,서울,2024-05-23 15:00,25.8,,3.5,50,16.5,14.5,999.2,3.22,,0,2393
5656,108,서울,2024-05-23 16:00,26.3,,3.1,50,17.0,15.0,999.0,2.7,,0,2454
5657,108,서울,2024-05-23 17:00,25.4,,3.4,51,16.5,14.5,999.1,2.05,,0,3305
5658,108,서울,2024-05-23 18:00,24.1,,3.8,43,12.9,10.7,999.4,1.33,,0,3665
5659,108,서울,2024-05-23 19:00,22.5,,3.5,55,15.0,13.0,999.5,0.56,,0,2953
5660,108,서울,2024-05-23 20:00,20.5,,3.0,68,16.3,14.3,1000.3,0.07,,0,1922
5661,108,서울,2024-05-23 21:00,18.6,,2.8,73,15.6,13.6,1001.0,,,0,1598
5662,108,서울,2024-05-23 22:00,17.7,,2.9,79,16.0,14.0,1001.6,,,0,1304
5663,108,서울,2024-05-23 23:00,16.8,,3.1,83,15.8,13.8,1001.6,,,0,859
5664,108,서울,2024-05-24 00:00,16.4,,2.7,84,15.6,13.6,1001.8,,,9,616
5665,108,서울,2024-05-24 01:00,16.0,,2.4,84,15.2,13.2,1001.7,,,8,681
5666,108,서울,2024-05-24 02:00,15.7,,2.5,86,15.3,13.3,1001.0,,,6,728
5667,108,서울,2024-05-24 03:00,15.8,,1.9,86,15.4,13.4,1001.4,,,9,690
5668,108,서울,2024-05-24 04:00,15.9,,2.2,86,15.5,13.5,1001.5,,,10,688
5669,108,서울,2024-05-24 05:00,15.7,,1.6,86,15.3,13.3,1001.8,,,10,660
5670,108,서울,2024-05-24 06:00,15.8,,2.3,87,15.6,13.6,1001.7,0.02,,10,616
5671,108,서울,2024-05-24 07:00,16.3,,1.4,86,15.9,13.9,1002.1,0.14,,10,687
5672,108,서울,2024-05-24 08:00,17.0,,1.5,83,16.0,14.0,1002.6,0.4,,10,755
5673,108,서울,2024-05-24 09:00,17.9,,1.8,81,16.5,14.5,1002.9,0.81,,9,766
5674,108,서울,2024-05-24 10:00,19.3,,1.1,76,16.9,14.9,1002.9,1.61,,9,873
5675,108,서울,2024-05-24 11:00,21.4,,1.5,69,17.5,15.4,1002.4,2.58,,6,985
5676,108,서울,2024-05-24 12:00,23.5,,2.1,65,18.8,16.5,1002.4,3.2,,6,1047
5677,108,서울,2024-05-24 13:00,23.0,,3.1,65,18.2,16.0,1002.8,1.9,,8,1021
5678,108,서울,2024-05-24 14:00,23.0,,3.0,66,18.4,16.2,1002.6,2.12,,8,803
5679,108,서울,2024-05-24 15:00,22.8,,3.3,67,18.5,16.3,1002.0,2.67,,9,899
5680,108,서울,2024-05-24 16:00,23.6,,2.4,65,18.9,16.6,1001.6,1.77,,7,1067
5681,108,서울,2024-05-24 17:00,24.4,,2.1,62,18.9,16.6,1001.5,1.71,,5,1223
5682,108,서울,2024-05-24 18:00,24.2,,2.6,63,19.0,16.7,1001.7,1.12,,7,1390
5683,108,서울,2024-05-24 19:00,23.1,,2.4,68,19.1,16.8,1002.3,0.41,,3,1412
5684,108,서울,2024-05-24 20:00,22.1,,1.7,70,18.5,16.3,1002.9,0.05,,2,1317
5685,108,서울,2024-05-24 21:00,21.3,,1.4,72,18.2,16.0,1003.4,,,2,1391
5686,108,서울,2024-05-24 22:00,20.8,,1.4,74,18.1,15.9,1004.2,,,1,1568
5687,108,서울,2024-05-24 23:00,19.9,,2.2,78,18.1,15.9,1004.3,,,1,1209
5688,108,서울,2024-05-25 00:00,19.4,,0.5,80,17.9,15.8,1004.5,,,1,1240
5689,108,서울,2024-05-25 01:00,18.8,,1.6,81,17.5,15.4,1004.5,,,0,1210
5690,108,서울,2024-05-25 02:00,18.8,,1.4,83,17.9,15.8,1004.5,,,3,1204
5691,108,서울,2024-05-25 03:00,18.8,,2.3,82,17.7,15.6,1004.4,,,7,1614
5692,108,서울,2024-05-25 04:00,18.9,,1.3,75,16.3,14.3,1004.8,,,9,2654
5693,108,서울,2024-05-25 05:00,19.0,,2.0,73,16.0,14.0,1004.8,,,9,2616
5694,108,서울,2024-05-25 06:00,19.0,,1.8,73,16.0,14.0,1005.4,0.01,,9,2661
5695,108,서울,2024-05-25 07:00,19.2,,2.2,72,16.0,14.0,1005.8,0.22,,9,2612
5696,108,서울,2024-05-25 08:00,19.6,,1.3,63,14.3,12.3,1006.4,0.32,,9,2595
5697,108,서울,2024-05-25 09:00,19.9,,2.0,56,12.9,10.8,1006.6,0.43,,9,3261
5698,108,서울,2024-05-25 10:00,21.8,,2.0,56,14.6,12.6,1006.3,1.54,,0,2990
5699,108,서울,2024-05-25 11:00,22.8,,1.8,49,13.6,11.5,1006.3,2.54,,0,2600
5700,108,서울,2024-05-25 12:00,24.1,,2.1,48,14.3,12.3,1006.1,2.37,,8,2152
5701,108,서울,2024-05-25 13:00,24.5,,2.8,47,14.4,12.4,1005.5,2.71,,8,1954
5702,108,서울,2024-05-25 14:00,24.6,,2.9,50,15.4,13.4,1005.3,2.32,,8,1676
5703,108,서울,2024-05-25 15:00,24.5,,1.7,50,15.3,13.3,1005.1,2.02,,9,1555
5704,108,서울,2024-05-25 16:00,24.5,,1.3,51,15.6,13.6,1004.7,1.29,,9,1567
5705,108,서울,2024-05-25 17:00,23.9,,2.4,52,15.4,13.4,1004.1,0.59,,9,1515
5706,108,서울,2024-05-25 18:00,23.7,,2.7,57,16.6,14.6,1003.8,0.6,,7,1292
5707,108,서울,2024-05-25 19:00,22.9,,2.2,59,16.4,14.4,1003.7,0.35,,7,1093
5708,108,서울,2024-05-25 20:00,21.6,,1.6,68,17.5,15.4,1003.3,0.03,,5,859
5709,108,서울,2024-05-25 21:00,20.7,,1.6,72,17.5,15.4,1003.7,,,0,799
5710,108,서울,2024-05-25 22:00,20.3,,0.9,72,17.0,15.0,1003.7,,,0,780
5711,108,서울,2024-05-25 23:00,20.2,,0.8,74,17.5,15.4,1003.6,,,8,744
5712,108,서울,2024-05-26 00:00,20.4,,1.4,64,15.3,13.3,1002.9,,,9,1893
5713,108,서울,2024-05-26 01:00,20.5,,2.4,61,14.7,12.7,1002.6,,,6,2373
5714,108,서울,2024-05-26 02:00,20.5,,2.5,59,14.2,12.2,1002.1,,,8,2473
5715,108,서울,2024-05-26 03:00,20.2,,1.2,59,13.9,11.9,1001.5,,,0,2492
5716,108,서울,2024-05-26 04:00,19.5,,2.3,60,13.6,11.5,1000.9,,,0,2615
5717,108,서울,2024-05-26 05:00,18.9,,2.0,61,13.3,11.2,1000.3,,,0,2729
5718,108,서울,2024-05-26 06:00,18.7,,1.5,63,13.6,11.5,999.7,0.05,,0,2808
5719,108,서울,2024-05-26 07:00,19.1,,1.5,65,14.3,12.3,999.5,0.42,,0,2553
5720,108,서울,2024-05-26 08:00,21.1,,1.7,58,14.5,12.5,999.2,1.2,,0,2992
5721,108,서울,2024-05-26 09:00,22.6,,2.0,54,14.8,12.8,998.5,1.78,,5,2647
5722,108,서울,2024-05-26 10:00,23.4,,2.6,49,14.0,12.0,998.0,1.94,,9,2836
5723,108,서울,2024-05-26 11:00,23.5,,2.9,51,14.7,12.7,997.8,1.5,,9,2109
5724,108,서울,2024-05-26 12:00,22.9,,3.4,52,14.5,12.5,997.0,1.44,,5,2322
5725,108,서울,2024-05-26 13:00,22.1,0.0,3.2,57,15.1,13.1,996.1,0.54,,6,2338
5726,108,서울,2024-05-26 14:00,20.2,0.6,3.1,79,18.6,16.4,994.7,0.41,,7,731
5727,108,서울,2024-05-26 15:00,19.5,1.0,1.4,86,19.4,17.0,993.8,0.3,,7,238
5728,108,서울,2024-05-26 16:00,19.3,0.3,1.9,89,19.9,17.4,992.5,0.39,,8,232
5729,108,서울,2024-05-26 17:00,19.3,1.2,1.7,92,20.5,17.9,991.5,0.12,,8,209
5730,108,서울,2024-05-26 18:00,19.4,2.9,3.3,93,20.9,18.2,991.4,0.08,,8,748
5731,108,서울,2024-05-26 19:00,19.4,0.0,5.1,93,20.9,18.2,991.4,0.02,,7,2061
5732,108,서울,2024-05-26 20:00,19.1,0.1,3.7,95,20.9,18.2,991.3,0.01,,8,334
5733,108,서울,2024-05-26 21:00,18.7,0.4,3.3,95,20.4,17.8,991.3,,,9,305
5734,108,서울,2024-05-26 22:00,17.9,2.2,2.4,93,19.0,16.7,991.7,,,8,918
5735,108,서울,2024-05-26 23:00,17.3,0.0,3.2,93,18.3,16.1,991.6,,,9,471
5736,108,서울,2024-05-27 00:00,17.0,,3.0,92,17.7,15.6,991.8,,,9,389
5737,108,서울,2024-05-27 01:00,16.5,,2.4,91,17.0,15.0,991.9,,,0,457
5738,108,서울,2024-05-27 02:00,15.7,,2.9,91,16.2,14.2,992.0,,,2,569
5739,108,서울,2024-05-27 03:00,15.1,,3.5,89,15.2,13.2,992.0,,,0,997
5740,108,서울,2024-05-27 04:00,14.9,,3.5,91,15.4,13.4,992.2,,,7,758
5741,108,서울,2024-05-27 05:00,14.7,,1.9,91,15.2,13.2,992.7,,,7,713
5742,108,서울,2024-05-27 06:00,14.2,,2.8,89,14.4,12.4,993.5,0.05,,0,1419
5743,108,서울,2024-05-27 07:00,14.5,,2.7,82,13.5,11.4,994.0,0.6,,0,2698
5744,108,서울,2024-05-27 08:00,16.0,,2.9,71,12.9,10.7,994.0,1.36,,0,3804
5745,108,서울,2024-05-27 09:00,17.6,,3.4,63,12.6,10.4,993.7,2.1,,0,3519
5746,108,서울,2024-05-27 10:00,19.3,,3.9,58,12.9,10.8,993.5,2.68,,3,3127
5747,108,서울,2024-05-27 11:00,20.1,,3.9,52,12.2,9.9,993.3,3.09,,1,3459
5748,108,서울,2024-05-27 12:00,20.8,,4.5,52,12.7,10.5,993.0,3.29,,1,3474
5749,108,서울,2024-05-27 13:00,21.2,,5.0,51,12.8,10.6,992.1,3.32,,5,3590
5750,108,서울,2024-05-27 14:00,22.2,,3.9,52,13.8,11.8,991.9,2.84,,5,4508
5751,108,서울,2024-05-27 15:00,22.5,,4.1,41,11.1,8.5,992.4,2.63,,4,4020
5752,108,서울,2024-05-27 16:00,22.6,,3.6,44,12.0,9.7,992.7,2.08,,4,4017
5753,108,서울,2024-05-27 17:00,21.9,,3.3,44,11.5,9.0,993.1,1.69,,6,3416
5754,108,서울,2024-05-27 18:00,21.3,,3.1,46,11.6,9.2,993.7,0.62,,6,4168
5755,108,서울,2024-05-27 19:00,20.8,,2.4,47,11.5,9.0,994.2,0.42,,7,3554
5756,108,서울,2024-05-27 20:00,20.1,,2.4,48,11.2,8.7,994.7,0.12,,7,3851
5757,108,서울,2024-05-27 21:00,19.1,,3.3,60,13.2,11.1,994.8,,,0,3325
5758,108,서울,2024-05-27 22:00,18.1,,2.1,64,13.2,11.1,995.1,,,7,3063
5759,108,서울,2024-05-27 23:00,17.5,,2.7,65,12.9,10.8,995.2,,,5,3291
5760,108,서울,2024-05-28 00:00,17.0,,2.6,67,12.9,10.8,994.5,,,0,3220
5761,108,서울,2024-05-28 01:00,16.6,,1.8,68,12.8,10.6,994.3,,,6,3073
5762,108,서울,2024-05-28 02:00,16.0,,1.6,71,12.9,10.7,994.6,,,5,3010
5763,108,서울,2024-05-28 03:00,15.5,,1.3,73,12.8,10.6,995.2,,,0,3007
5764,108,서울,2024-05-28 04:00,15.2,,1.4,75,12.9,10.7,995.2,,,0,2937
5765,108,서울,2024-05-28 05:00,14.7,,0.5,78,12.9,10.8,995.1,,,0,2772
5766,108,서울,2024-05-28 06:00,14.3,,2.2,79,12.8,10.6,995.7,0.07,,0,2836
5767,108,서울,2024-05-28 07:00,15.1,,2.1,77,13.1,11.0,996.0,0.39,,0,2665
5768,108,서울,2024-05-28 08:00,17.9,,2.6,65,13.3,11.2,996.2,1.35,,0,2697
5769,108,서울,2024-05-28 09:00,19.8,,3.6,57,13.1,11.0,996.3,2.08,,0,3746
5770,108,서울,2024-05-28 10:00,21.6,,3.0,49,12.6,10.4,996.3,2.71,,0,3447
5771,108,서울,2024-05-28 11:00,22.9,,3.4,45,12.5,10.3,996.4,3.31,,1,4329
5772,108,서울,2024-05-28 12:00,23.8,,3.8,42,12.4,10.1,996.2,3.5,,4,4412
5773,108,서울,2024-05-28 13:00,24.6,,3.7,38,11.7,9.3,995.6,3.36,,6,4212
5774,108,서울,2024-05-28 14:00,24.6,,3.3,38,11.7,9.3,995.7,2.32,,6,4410
5775,108,서울,2024-05-28 15:00,24.7,,3.7,40,12.4,10.1,995.7,2.03,,6,4492
5776,108,서울,2024-05-28 16:00,24.7,,3.6,41,12.7,10.5,995.8,1.94,,4,4237
5777,108,서울,2024-05-28 17:00,25.9,,3.7,34,11.3,8.8,995.6,2.31,,3,3823
5778,108,서울,2024-05-28 18:00,25.5,,3.5,33,10.7,8.0,995.9,1.41,,1,4274
5779,108,서울,2024-05-28 19:00,24.2,,3.6,33,9.9,6.8,996.5,0.67,,0,4309
5780,108,서울,2024-05-28 20:00,22.8,,2.7,37,10.2,7.3,997.4,0.1,,0,4255
5781,108,서울,2024-05-28 21:00,20.8,,3.1,50,12.2,9.9,998.4,,,0,4088
5782,108,서울,2024-05-28 22:00,19.7,,2.1,60,13.7,11.7,999.4,,,0,3716
5783,108,서울,2024-05-28 23:00,19.1,,1.5,61,13.4,11.3,999.6,,,0,3662
5784,108,서울,2024-05-29 00:00,18.4,,2.2,64,13.5,11.4,1000.0,,,0,3610
5785,108,서울,2024-05-29 01:00,17.9,,0.7,65,13.3,11.2,1000.4,,,0,3563
5786,108,서울,2024-05-29 02:00,17.2,,1.9,68,13.3,11.2,1000.6,,,0,3497
5787,108,서울,2024-05-29 03:00,16.8,,0.9,72,13.7,11.7,1000.9,,,0,3415
5788,108,서울,2024-05-29 04:00,16.4,,0.9,73,13.6,11.5,1001.1,,,0,3312
5789,108,서울,2024-05-29 05:00,15.9,,1.6,76,13.7,11.6,1001.4,,,0,3302
5790,108,서울,2024-05-29 06:00,15.5,,1.1,75,13.1,11.0,1002.3,0.05,,0,3411
5791,108,서울,2024-05-29 07:00,16.5,,0.8,72,13.5,11.4,1002.7,0.53,,0,3340
5792,108,서울,2024-05-29 08:00,19.0,,0.6,65,14.2,12.2,1002.9,1.27,,0,2536
5793,108,서울,2024-05-29 09:00,21.2,,1.7,61,15.3,13.3,1003.0,1.98,,0,2626
5794,108,서울,2024-05-29 10:00,22.7,,2.3,54,14.9,12.9,1003.2,2.62,,0,2544
5795,108,서울,2024-05-29 11:00,24.3,,3.3,46,13.9,11.9,1003.2,3.17,,0,3137
5796,108,서울,2024-05-29 12:00,25.2,,3.1,43,13.7,11.7,1003.0,3.46,,0,2698
5797,108,서울,2024-05-29 13:00,26.2,,3.6,36,12.2,9.9,1002.7,3.49,,0,2602
5798,108,서울,2024-05-29 14:00,26.5,,3.4,37,12.8,10.6,1002.3,3.32,,0,3517
5799,108,서울,2024-05-29 15:00,26.6,,3.5,35,12.1,9.8,1002.0,2.78,,0,3389
5800,108,서울,2024-05-29 16:00,26.4,,3.3,34,11.6,9.2,1001.3,2.72,,0,3512
5801,108,서울,2024-05-29 17:00,26.2,,3.4,34,11.5,9.0,1000.8,2.03,,0,3979
5802,108,서울,2024-05-29 18:00,25.4,,3.5,36,11.6,9.2,1000.6,1.3,,0,3294
5803,108,서울,2024-05-29 19:00,24.0,,3.0,39,11.6,9.1,1000.9,0.56,,0,3438
5804,108,서울,2024-05-29 20:00,22.1,,2.6,43,11.4,8.9,1001.5,0.1,,0,3497
5805,108,서울,2024-05-29 21:00,20.8,,2.6,46,11.2,8.7,1003.2,,,0,3542
5806,108,서울,2024-05-29 22:00,20.0,,1.6,47,10.9,8.3,1003.6,,,1,3441
5807,108,서울,2024-05-29 23:00,19.0,,0.9,47,10.3,7.4,1003.3,,,1,3548
5808,108,서울,2024-05-30 00:00,17.9,,1.0,45,9.2,5.7,1002.8,,,0,3507
5809,108,서울,2024-05-30 01:00,17.5,,0.6,47,9.3,6.0,1002.8,,,1,3483
5810,108,서울,2024-05-30 02:00,17.2,,0.4,44,8.6,4.8,1002.6,,,1,3679
5811,108,서울,2024-05-30 03:00,17.1,,1.4,48,9.3,5.9,1002.3,,,0,3917
5812,108,서울,2024-05-30 04:00,16.8,,2.3,49,9.3,6.0,1002.0,,,0,3297
5813,108,서울,2024-05-30 05:00,16.3,,1.4,52,9.6,6.4,1002.4,,,0,3209
5814,108,서울,2024-05-30 06:00,16.2,,1.5,56,10.3,7.4,1002.2,0.03,,0,3153
5815,108,서울,2024-05-30 07:00,17.4,,1.8,55,10.9,8.2,1001.7,0.45,,5,3030
5816,108,서울,2024-05-30 08:00,18.6,,2.3,57,12.2,9.9,1002.2,0.6,,4,2978
5817,108,서울,2024-05-30 09:00,20.4,,2.3,48,11.5,9.0,1002.5,1.2,,4,3216
5818,108,서울,2024-05-30 10:00,21.8,,2.1,45,11.7,9.3,1002.0,1.44,,5,2794
5819,108,서울,2024-05-30 11:00,23.2,,2.1,42,11.9,9.5,1002.2,1.98,,3,3137
5820,108,서울,2024-05-30 12:00,22.8,,1.7,44,12.2,9.9,1001.9,0.79,,7,2907
5821,108,서울,2024-05-30 13:00,24.0,,2.0,40,11.9,9.5,1000.9,1.47,,6,3270
5822,108,서울,2024-05-30 14:00,24.2,,2.6,38,11.4,8.9,1000.6,1.58,,6,3038
5823,108,서울,2024-05-30 15:00,24.1,,1.2,40,11.9,9.6,1000.3,1.1,,7,2608
5824,108,서울,2024-05-30 16:00,24.6,,1.6,38,11.7,9.3,999.7,1.03,,9,2039
5825,108,서울,2024-05-30 17:00,24.2,,1.1,40,12.0,9.7,998.9,0.59,,7,1737
5826,108,서울,2024-05-30 18:00,23.7,,1.7,43,12.5,10.3,998.6,0.37,,6,2113
5827,108,서울,2024-05-30 19:00,22.9,,1.5,46,12.8,10.6,999.0,0.28,,10,1804
5828,108,서울,2024-05-30 20:00,22.0,,1.4,49,12.9,10.7,999.1,0.06,,9,1897
5829,108,서울,2024-05-30 21:00,21.4,,0.7,53,13.5,11.4,999.8,,,6,2280
5830,108,서울,2024-05-30 22:00,21.0,,1.7,56,13.8,11.8,1000.7,,,10,2408
5831,108,서울,2024-05-30 23:00,20.7,,3.2,59,14.3,12.3,1000.6,,,10,2369
5832,108,서울,2024-05-31 00:00,19.9,,1.9,61,14.1,12.1,1000.5,,,7,2569
5833,108,서울,2024-05-31 01:00,19.6,,1.0,61,13.8,11.8,1000.0,,,10,2565
5834,108,서울,2024-05-31 02:00,19.5,,1.3,60,13.6,11.5,999.4,,,9,2172
5835,108,서울,2024-05-31 03:00,19.0,,2.0,65,14.2,12.2,999.3,,,2,2306
5836,108,서울,2024-05-31 04:00,18.0,,1.9,68,13.9,11.9,999.4,,,1,2486
5837,108,서울,2024-05-31 05:00,17.4,,1.8,72,14.2,12.2,999.7,,,0,2162
5838,108,서울,2024-05-31 06:00,17.0,,1.0,74,14.3,12.3,1000.1,0.04,,0,2034
5839,108,서울,2024-05-31 07:00,17.6,,1.7,74,14.9,12.9,1000.2,0.56,,0,1609
5840,108,서울,2024-05-31 08:00,19.3,,2.0,67,15.0,13.0,1000.3,1.33,,0,1665
5841,108,서울,2024-05-31 09:00,20.6,,3.2,62,15.0,13.0,1000.3,2.06,,1,1750
5842,108,서울,2024-05-31 10:00,21.8,,2.4,59,15.4,13.4,1000.1,2.67,,2,1999
5843,108,서울,2024-05-31 11:00,22.5,,2.8,57,15.5,13.5,1000.3,3.08,,2,2048
5844,108,서울,2024-05-31 12:00,23.3,,2.7,44,12.5,10.3,1000.1,3.53,,0,3842
5845,108,서울,2024-05-31 13:00,23.7,,3.2,39,11.4,8.9,999.4,3.78,,0,3809
5846,108,서울,2024-05-31 14:00,24.6,,3.1,42,12.9,10.8,998.9,3.66,,0,3708
5847,108,서울,2024-05-31 15:00,25.1,,3.1,41,13.0,10.9,998.4,3.3,,0,3615
5848,108,서울,2024-05-31 16:00,24.5,,4.1,44,13.5,11.4,998.4,2.75,,0,3813
5849,108,서울,2024-05-31 17:00,23.4,,5.1,43,12.3,10.0,998.7,2.08,,0,3977
5850,108,서울,2024-05-31 18:00,21.4,,5.2,45,11.4,8.9,999.7,1.19,,4,3971
5851,108,서울,2024-05-31 19:00,18.7,1.0,2.7,65,13.9,11.9,999.9,0.23,,8,3671
5852,108,서울,2024-05-31 20:00,18.4,,1.2,68,14.3,12.3,999.8,0.05,,8,3216
5853,108,서울,2024-05-31 21:00,18.7,,2.5,67,14.4,12.4,1000.1,,,9,3449
5854,108,서울,2024-05-31 22:00,18.8,,2.3,73,15.8,13.8,1000.6,,,9,2528
5855,108,서울,2024-05-31 23:00,18.4,0.0,2.8,80,16.8,14.8,1000.6,,,10,963
5856,108,서울,2024-06-01 00:00,18.3,0.0,2.6,82,17.2,15.1,999.8,,,10,1404
5857,108,서울,2024-06-01 01:00,18.3,0.0,2.7,82,17.2,15.1,999.6,,,10,1004
5858,108,서울,2024-06-01 02:00,18.1,,2.6,80,16.5,14.5,999.4,,,8,1000
5859,108,서울,2024-06-01 03:00,18.0,,2.6,81,16.6,14.6,999.6,,,9,992
5860,108,서울,2024-06-01 04:00,17.8,,1.3,81,16.4,14.4,999.8,,,8,1154
5861,108,서울,2024-06-01 05:00,17.7,0.0,2.2,83,16.7,14.7,1000.0,,,9,1208
5862,108,서울,2024-06-01 06:00,17.6,0.0,1.7,85,17.0,15.0,1000.6,0.02,,9,1077
5863,108,서울,2024-06-01 07:00,17.7,,1.2,81,16.3,14.3,1000.8,0.22,,7,1346
5864,108,서울,2024-06-01 08:00,18.2,,1.8,78,16.2,14.2,1000.9,0.56,,7,1593
5865,108,서울,2024-06-01 09:00,19.4,,2.4,70,15.7,13.7,1001.0,1.27,,5,1699
5866,108,서울,2024-06-01 10:00,20.5,,2.7,65,15.6,13.6,1001.1,2.36,,5,1777
5867,108,서울,2024-06-01 11:00,21.7,,3.4,60,15.5,13.5,1001.1,3.02,,4,2002
5868,108,서울,2024-06-01 12:00,22.7,,3.1,53,14.6,12.6,1000.7,3.4,,4,2526
5869,108,서울,2024-06-01 13:00,23.1,,3.5,48,13.5,11.4,1000.5,3.29,,2,2796
5870,108,서울,2024-06-01 14:00,24.2,,3.5,40,12.0,9.7,999.8,3.37,,2,3690
5871,108,서울,2024-06-01 15:00,24.8,,3.9,36,11.2,8.7,999.3,3.01,,4,3591
5872,108,서울,2024-06-01 16:00,24.8,,3.9,42,13.1,11.0,998.7,2.18,,3,3511
5873,108,서울,2024-06-01 17:00,24.5,,3.9,45,13.7,11.7,998.7,2.16,,1,3308
5874,108,서울,2024-06-01 18:00,23.8,,2.6,45,13.2,11.1,998.5,1.44,,0,2933
5875,108,서울,2024-06-01 19:00,22.3,,3.1,53,14.2,12.2,998.6,0.64,,0,2737
5876,108,서울,2024-06-01 20:00,20.8,,2.3,59,14.4,12.4,998.8,0.08,,1,2690
5877,108,서울,2024-06-01 21:00,20.3,,3.0,62,14.7,12.7,999.7,,,2,2397
5878,108,서울,2024-06-01 22:00,19.8,,3.5,55,12.6,10.4,1000.0,,,1,3037
5879,108,서울,2024-06-01 23:00,19.3,,2.5,55,12.3,10.0,1000.8,,,1,3312
5880,108,서울,2024-06-02 00:00,18.7,,2.9,58,12.4,10.2,1000.6,,,1,3261
5881,108,서울,2024-06-02 01:00,18.2,,3.5,60,12.4,10.2,1000.8,,,0,3285
5882,108,서울,2024-06-02 02:00,17.6,,2.5,61,12.2,9.9,1000.7,,,0,3211
5883,108,서울,2024-06-02 03:00,16.9,,2.5,64,12.3,10.0,1000.4,,,0,3120
5884,108,서울,2024-06-02 04:00,16.1,,1.6,66,12.0,9.7,1000.7,,,0,3040
5885,108,서울,2024-06-02 05:00,15.8,,1.9,69,12.4,10.1,1000.9,,,0,3092
5886,108,서울,2024-06-02 06:00,15.7,,1.7,70,12.4,10.2,1000.6,0.05,,0,2925
5887,108,서울,2024-06-02 07:00,16.7,,1.8,68,12.9,10.7,1000.8,0.6,,0,2768
5888,108,서울,2024-06-02 08:00,18.3,,1.9,61,12.8,10.6,1000.6,1.33,,0,3012
5889,108,서울,2024-06-02 09:00,20.3,,1.8,52,12.4,10.1,1000.3,2.05,,0,3297
5890,108,서울,2024-06-02 10:00,21.6,,4.3,43,11.0,8.4,1000.1,2.68,,0,3808
5891,108,서울,2024-06-02 11:00,23.1,,2.3,42,11.8,9.4,999.8,3.25,,0,4116
5892,108,서울,2024-06-02 12:00,23.8,,3.4,40,11.7,9.3,999.5,3.61,,1,3877
5893,108,서울,2024-06-02 13:00,25.0,,4.4,38,11.9,9.6,998.9,3.72,,2,3563
5894,108,서울,2024-06-02 14:00,25.1,,3.8,38,12.0,9.7,998.5,3.16,,3,3818
5895,108,서울,2024-06-02 15:00,24.5,,3.8,40,12.3,10.0,998.1,1.84,,7,4102
5896,108,서울,2024-06-02 16:00,25.4,,4.4,41,13.2,11.1,998.1,2.09,,4,3379
5897,108,서울,2024-06-02 17:00,25.2,,4.1,39,12.4,10.2,998.1,2.25,,2,3600
5898,108,서울,2024-06-02 18:00,23.9,,4.5,43,12.7,10.5,998.0,1.34,,1,4173
5899,108,서울,2024-06-02 19:00,22.8,,3.0,47,12.9,10.8,998.5,0.62,,1,3730
5900,108,서울,2024-06-02 20:00,21.4,,2.3,45,11.4,8.9,999.1,0.11,,1,3620
5901,108,서울,2024-06-02 21:00,20.2,,1.4,47,11.1,8.5,999.6,,,0,3731
5902,108,서울,2024-06-02 22:00,19.7,,1.1,48,10.9,8.3,999.9,,,0,3558
5903,108,서울,2024-06-02 23:00,18.9,,0.7,52,11.3,8.8,999.9,,,0,3603
5904,108,서울,2024-06-03 00:00,18.1,,1.0,59,12.2,9.9,1000.2,,,0,3227
5905,108,서울,2024-06-03 01:00,17.6,,1.6,66,13.2,11.1,1000.0,,,0,3298
5906,108,서울,2024-06-03 02:00,17.0,,1.7,71,13.7,11.6,999.9,,,0,3159
5907,108,서울,2024-06-03 03:00,16.7,,1.3,74,14.0,12.0,1000.0,,,0,2868
5908,108,서울,2024-06-03 04:00,16.1,,2.4,77,14.0,12.0,999.9,,,0,2579
5909,108,서울,2024-06-03 05:00,15.9,,2.0,78,14.0,12.0,1000.1,,,0,2957
5910,108,서울,2024-06-03 06:00,16.0,,2.2,79,14.3,12.3,1000.4,0.05,,0,3000
5911,108,서울,2024-06-03 07:00,17.3,,2.4,71,13.9,11.9,1001.0,0.59,,0,3105
5912,108,서울,2024-06-03 08:00,19.6,,2.6,59,13.4,11.3,1001.1,1.36,,0,3581
5913,108,서울,2024-06-03 09:00,21.4,,2.6,52,13.2,11.1,1001.1,2.1,,0,3701
5914,108,서울,2024-06-03 10:00,23.0,,2.7,44,12.3,10.0,1001.0,2.72,,0,4097
5915,108,서울,2024-06-03 11:00,24.4,,2.3,39,11.9,9.5,1001.0,3.32,,0,4427
5916,108,서울,2024-06-03 12:00,25.4,,2.6,35,11.3,8.8,1000.4,3.63,,0,3950
5917,108,서울,2024-06-03 13:00,26.4,,2.8,34,11.6,9.2,999.9,3.76,,0,3708
5918,108,서울,2024-06-03 14:00,27.4,,2.3,32,11.6,9.2,999.5,3.65,,0,3084
5919,108,서울,2024-06-03 15:00,28.2,,3.7,33,12.5,10.3,999.2,3.36,,5,3785
5920,108,서울,2024-06-03 16:00,28.5,,1.2,32,12.4,10.1,998.9,2.84,,6,3388
5921,108,서울,2024-06-03 17:00,27.2,,2.6,36,12.9,10.8,999.0,1.33,,7,4215
5922,108,서울,2024-06-03 18:00,26.6,,1.9,35,12.1,9.8,999.1,0.52,,3,3996
5923,108,서울,2024-06-03 19:00,26.1,,3.0,35,11.8,9.4,999.8,0.64,,1,4369
5924,108,서울,2024-06-03 20:00,24.4,,3.9,34,10.4,7.5,1000.6,0.08,,1,4113
5925,108,서울,2024-06-03 21:00,23.2,,3.6,34,9.6,6.4,1001.5,,,0,4262
5926,108,서울,2024-06-03 22:00,22.1,,3.4,35,9.3,5.9,1002.3,,,0,4324
5927,108,서울,2024-06-03 23:00,21.1,,3.2,36,9.0,5.4,1002.9,,,0,4351
5928,108,서울,2024-06-04 00:00,20.4,,3.9,37,8.8,5.2,1003.3,,,0,4229
5929,108,서울,2024-06-04 01:00,19.7,,3.0,40,9.2,5.7,1003.6,,,0,4306
5930,108,서울,2024-06-04 02:00,19.2,,3.7,41,9.1,5.6,1003.7,,,0,4363
5931,108,서울,2024-06-04 03:00,18.4,,2.3,45,9.5,6.2,1003.9,,,0,4492
5932,108,서울,2024-06-04 04:00,17.6,,2.6,47,9.4,6.1,1004.2,,,0,4000
5933,108,서울,2024-06-04 05:00,16.7,,2.1,50,9.5,6.2,1004.8,,,0,4251
5934,108,서울,2024-06-04 06:00,16.3,,1.4,55,10.2,7.2,1005.2,0.04,,0,4098
5935,108,서울,2024-06-04 07:00,17.9,,2.3,53,10.8,8.1,1005.7,0.63,,0,4218
5936,108,서울,2024-06-04 08:00,20.2,,2.9,50,11.8,9.4,1006.0,1.37,,0,4264
5937,108,서울,2024-06-04 09:00,22.3,,2.1,46,12.4,10.1,1006.2,2.1,,0,4374
5938,108,서울,2024-06-04 10:00,23.9,,1.5,40,11.8,9.4,1006.1,2.69,,0,4281
5939,108,서울,2024-06-04 11:00,25.6,,1.7,33,10.8,8.1,1005.9,3.26,,0,4162
5940,108,서울,2024-06-04 12:00,26.3,,2.2,33,11.2,8.7,1005.3,3.58,,0,3970
5941,108,서울,2024-06-04 13:00,27.6,,1.7,32,11.8,9.4,1004.7,3.67,,0,3730
5942,108,서울,2024-06-04 14:00,28.3,,2.4,30,11.5,9.0,1004.5,3.57,,0,3399
5943,108,서울,2024-06-04 15:00,28.5,,3.3,30,11.6,9.2,1004.2,3.26,,1,3007
5944,108,서울,2024-06-04 16:00,29.1,,2.7,31,12.4,10.2,1004.0,2.76,,1,3629
5945,108,서울,2024-06-04 17:00,28.6,,3.4,35,13.7,11.6,1004.1,2.1,,1,3916
5946,108,서울,2024-06-04 18:00,27.7,,3.5,36,13.3,11.2,1004.3,1.38,,0,3398
5947,108,서울,2024-06-04 19:00,25.8,,3.6,38,12.5,10.3,1004.6,0.64,,0,3566
5948,108,서울,2024-06-04 20:00,23.7,,1.7,40,11.6,9.2,1005.0,0.12,,0,3639
5949,108,서울,2024-06-04 21:00,22.6,,2.6,42,11.5,9.0,1006.0,,,0,3720
5950,108,서울,2024-06-04 22:00,21.8,,1.4,45,11.7,9.3,1006.9,,,0,3657
5951,108,서울,2024-06-04 23:00,21.1,,1.3,47,11.7,9.3,1007.2,,,0,3514
5952,108,서울,2024-06-05 00:00,20.5,,1.8,50,12.0,9.7,1007.1,,,0,3482
5953,108,서울,2024-06-05 01:00,20.1,,1.8,54,12.6,10.4,1007.2,,,0,3180
5954,108,서울,2024-06-05 02:00,19.6,,0.5,55,12.5,10.3,1007.3,,,0,3238
5955,108,서울,2024-06-05 03:00,19.0,,1.3,59,12.9,10.7,1007.2,,,0,3119
5956,108,서울,2024-06-05 04:00,18.7,,0.9,62,13.3,11.2,1007.4,,,0,3031
5957,108,서울,2024-06-05 05:00,18.3,,0.3,64,13.4,11.3,1007.7,,,0,2968
5958,108,서울,2024-06-05 06:00,18.1,,0.9,66,13.7,11.6,1008.1,0.05,,0,2839
5959,108,서울,2024-06-05 07:00,19.0,,1.4,63,13.7,11.7,1008.3,0.56,,0,2841
5960,108,서울,2024-06-05 08:00,21.8,,1.4,55,14.3,12.3,1008.6,1.27,,0,2934
5961,108,서울,2024-06-05 09:00,24.1,,2.0,52,15.6,13.6,1008.7,1.98,,0,2150
5962,108,서울,2024-06-05 10:00,25.2,,2.2,48,15.4,13.4,1008.5,2.53,,0,1690
5963,108,서울,2024-06-05 11:00,26.9,,2.3,47,16.6,14.6,1008.1,2.97,,0,1174
5964,108,서울,2024-06-05 12:00,28.0,,2.3,43,16.2,14.2,1007.7,3.2,,0,1362
5965,108,서울,2024-06-05 13:00,29.6,,1.8,42,17.4,15.3,1007.0,3.21,,1,1604
5966,108,서울,2024-06-05 14:00,30.0,,2.4,38,16.1,14.1,1006.5,2.9,,1,1847
5967,108,서울,2024-06-05 15:00,29.5,,2.6,38,15.6,13.6,1006.2,2.0,,2,1947
5968,108,서울,2024-06-05 16:00,28.7,,3.8,46,18.1,15.9,1006.1,1.97,,1,1676
5969,108,서울,2024-06-05 17:00,27.7,,3.5,49,18.2,16.0,1005.9,1.47,,0,2209
5970,108,서울,2024-06-05 18:00,26.2,,2.3,54,18.3,16.1,1006.1,0.65,,0,2368
5971,108,서울,2024-06-05 19:00,25.0,,2.0,53,16.7,14.7,1006.5,0.31,,1,2567
5972,108,서울,2024-06-05 20:00,23.5,,2.0,52,15.0,13.0,1006.8,0.07,,1,2892
5973,108,서울,2024-06-05 21:00,22.6,,0.8,54,14.8,12.8,1007.4,,,0,2995
5974,108,서울,2024-06-05 22:00,21.8,,2.2,60,15.6,13.6,1007.8,,,1,2395
5975,108,서울,2024-06-05 23:00,21.4,,2.5,64,16.3,14.3,1007.6,,,1,2147
5976,108,서울,2024-06-06 00:00,21.1,,1.7,65,16.2,14.2,1007.6,,,0,2124
5977,108,서울,2024-06-06 01:00,20.7,,0.5,63,15.3,13.3,1007.4,,,1,2158
5978,108,서울,2024-06-06 02:00,20.1,,1.7,65,15.3,13.3,1007.3,,,1,2011
5979,108,서울,2024-06-06 03:00,20.0,,1.3,64,14.9,12.9,1007.0,,,0,2289
5980,108,서울,2024-06-06 04:00,19.8,,1.4,67,15.4,13.4,1007.1,,,0,1985
5981,108,서울,2024-06-06 05:00,19.5,,1.5,68,15.4,13.4,1007.2,,,0,1629
5982,108,서울,2024-06-06 06:00,19.4,,1.0,68,15.3,13.3,1007.3,0.03,,0,2117
5983,108,서울,2024-06-06 07:00,19.7,,0.6,67,15.3,13.3,1007.5,0.27,,0,2269
5984,108,서울,2024-06-06 08:00,21.8,,1.3,63,16.4,14.4,1007.5,0.87,,0,2328
5985,108,서울,2024-06-06 09:00,23.6,,1.0,59,17.2,15.1,1007.6,1.85,,0,1187
5986,108,서울,2024-06-06 10:00,25.7,,1.7,54,17.7,15.6,1007.2,2.38,,0,983
5987,108,서울,2024-06-06 11:00,27.4,,2.3,49,17.8,15.7,1007.1,2.95,,0,1030
5988,108,서울,2024-06-06 12:00,28.2,,1.6,46,17.5,15.4,1006.5,2.87,,1,1268
5989,108,서울,2024-06-06 13:00,30.1,,2.3,40,17.0,15.0,1005.7,3.35,,3,1978
5990,108,서울,2024-06-06 14:00,29.4,,2.5,40,16.3,14.3,1004.7,2.79,,3,1578
5991,108,서울,2024-06-06 15:00,30.6,,1.7,37,16.2,14.2,1004.1,2.49,,3,1971
5992,108,서울,2024-06-06 16:00,30.9,,3.6,35,15.6,13.6,1003.5,2.35,,3,2172
5993,108,서울,2024-06-06 17:00,29.8,,3.1,44,18.4,16.2,1003.4,1.47,,4,1173
5994,108,서울,2024-06-06 18:00,26.8,,4.2,53,18.6,16.4,1003.6,0.32,,4,1404
5995,108,서울,2024-06-06 19:00,26.0,,3.2,52,17.4,15.3,1003.9,0.4,,1,1760
5996,108,서울,2024-06-06 20:00,24.8,,3.1,53,16.5,14.5,1004.3,0.08,,0,1956
5997,108,서울,2024-06-06 21:00,23.4,,3.5,54,15.5,13.5,1005.4,,,0,2748
5998,108,서울,2024-06-06 22:00,22.1,,2.3,53,14.0,12.0,1005.6,,,0,2864
5999,108,서울,2024-06-06 23:00,21.4,,2.5,52,13.2,11.1,1005.8,,,1,3040
6000,108,서울,2024-06-07 00:00,20.8,,0.9,53,12.9,10.8,1005.6,,,0,2820
6001,108,서울,2024-06-07 01:00,20.3,,1.1,55,13.0,10.9,1005.6,,,1,3011
6002,108,서울,2024-06-07 02:00,19.8,,1.0,57,13.1,11.0,1005.5,,,1,3173
6003,108,서울,2024-06-07 03:00,19.3,,1.4,59,13.1,11.0,1004.7,,,0,3024
6004,108,서울,2024-06-07 04:00,18.9,,1.6,63,13.7,11.6,1004.6,,,0,2707
6005,108,서울,2024-06-07 05:00,18.5,,2.5,68,14.4,12.4,1005.3,,,0,2203
6006,108,서울,2024-06-07 06:00,18.3,,0.5,70,14.7,12.7,1005.3,0.07,,0,1549
6007,108,서울,2024-06-07 07:00,19.3,,0.4,68,15.2,13.2,1005.3,0.49,,0,1723
6008,108,서울,2024-06-07 08:00,20.7,,0.8,61,14.9,12.9,1005.2,0.9,,0,2208
6009,108,서울,2024-06-07 09:00,22.4,,1.9,57,15.4,13.4,1005.1,1.67,,0,1976
6010,108,서울,2024-06-07 10:00,23.9,,1.9,51,15.1,13.1,1004.7,2.14,,0,2174
6011,108,서울,2024-06-07 11:00,25.0,,1.7,47,14.8,12.8,1003.9,2.26,,0,2209
6012,108,서울,2024-06-07 12:00,25.9,,2.2,44,14.7,12.7,1003.7,2.32,,1,2067
6013,108,서울,2024-06-07 13:00,26.3,,2.0,43,14.7,12.7,1003.1,2.17,,0,1788
6014,108,서울,2024-06-07 14:00,27.1,,1.9,42,15.0,13.0,1002.2,1.99,,0,1651
6015,108,서울,2024-06-07 15:00,27.7,,3.1,42,15.6,13.6,1001.7,2.08,,0,1907
6016,108,서울,2024-06-07 16:00,27.6,,1.9,41,15.1,13.1,1001.1,1.75,,0,2051
6017,108,서울,2024-06-07 17:00,27.6,,2.7,42,15.5,13.5,1000.5,1.11,,0,2124
6018,108,서울,2024-06-07 18:00,27.6,,1.9,42,15.5,13.5,1000.4,1.15,,1,2074
6019,108,서울,2024-06-07 19:00,25.7,,3.4,50,16.4,14.4,1000.8,0.26,,1,2131
6020,108,서울,2024-06-07 20:00,24.1,0.0,2.6,49,14.7,12.7,1001.2,0.05,,4,2672
6021,108,서울,2024-06-07 21:00,23.3,0.0,1.9,53,15.1,13.1,1001.6,,,5,2597
6022,108,서울,2024-06-07 22:00,22.4,0.0,2.4,60,16.2,14.2,1001.9,,,5,2347
6023,108,서울,2024-06-07 23:00,22.0,0.0,2.0,57,15.0,13.0,1001.9,,,4,2546
6024,108,서울,2024-06-08 00:00,19.9,0.8,2.3,67,15.5,13.5,1001.9,,,6,1221
6025,108,서울,2024-06-08 01:00,19.6,0.0,0.6,69,15.7,13.7,1001.4,,,6,1999
6026,108,서울,2024-06-08 02:00,19.6,0.0,1.0,66,15.0,13.0,1001.2,,,8,2135
6027,108,서울,2024-06-08 03:00,19.2,0.0,1.3,75,16.6,14.6,1000.9,,,7,942
6028,108,서울,2024-06-08 04:00,18.3,0.5,1.2,82,17.2,15.1,1000.4,,,8,512
6029,108,서울,2024-06-08 05:00,18.0,0.0,1.4,84,17.3,15.2,1000.4,,,7,751
6030,108,서울,2024-06-08 06:00,18.0,0.0,2.2,86,17.7,15.6,1000.0,0.01,,7,763
6031,108,서울,2024-06-08 07:00,17.9,0.6,1.8,89,18.2,16.0,1000.0,0.07,,7,277
6032,108,서울,2024-06-08 08:00,18.2,0.3,1.4,90,18.8,16.5,999.8,0.21,,7,279
6033,108,서울,2024-06-08 09:00,18.1,2.4,1.1,91,18.9,16.6,999.7,0.11,,8,254
6034,108,서울,2024-06-08 10:00,18.2,12.3,0.9,93,19.4,17.0,999.6,0.08,,8,123
6035,108,서울,2024-06-08 11:00,18.9,0.5,0.6,92,20.0,17.5,999.5,0.34,,7,390
6036,108,서울,2024-06-08 12:00,19.5,0.3,1.0,89,20.1,17.6,999.3,0.51,,7,800
6037,108,서울,2024-06-08 13:00,20.5,,1.6,86,20.6,18.0,998.7,0.98,,9,690
6038,108,서울,2024-06-08 14:00,21.9,,3.0,81,21.2,18.4,998.1,1.35,,9,1019
6039,108,서울,2024-06-08 15:00,23.1,,2.3,75,21.2,18.4,997.5,1.42,,8,1134
6040,108,서울,2024-06-08 16:00,24.2,,3.2,69,20.8,18.1,997.2,1.46,,5,2457
6041,108,서울,2024-06-08 17:00,24.2,,3.1,61,18.3,16.1,997.0,1.34,,4,3222
6042,108,서울,2024-06-08 18:00,24.0,,3.3,60,17.8,15.7,997.0,1.22,,3,3710
6043,108,서울,2024-06-08 19:00,23.2,,2.6,64,18.2,16.0,997.2,0.49,,0,3318
6044,108,서울,2024-06-08 20:00,22.0,,1.7,72,19.0,16.7,997.5,0.11,,1,2377
6045,108,서울,2024-06-08 21:00,21.2,,1.3,76,19.0,16.7,997.5,,,0,2056
6046,108,서울,2024-06-08 22:00,20.6,,1.9,79,19.1,16.8,998.1,,,1,1758
6047,108,서울,2024-06-08 23:00,20.2,,0.5,80,18.9,16.6,998.0,,,1,1406
6048,108,서울,2024-06-09 00:00,19.5,,0.9,84,19.0,16.7,998.1,,,0,1142
6049,108,서울,2024-06-09 01:00,19.0,,0.9,85,18.6,16.4,998.0,,,1,738
6050,108,서울,2024-06-09 02:00,18.6,,1.3,88,18.8,16.5,997.9,,,1,679
6051,108,서울,2024-06-09 03:00,18.1,,1.0,89,18.4,16.2,998.2,,,0,805
6052,108,서울,2024-06-09 04:00,17.7,,1.4,90,18.2,16.0,998.4,,,0,641
6053,108,서울,2024-06-09 05:00,17.7,,1.3,90,18.2,16.0,998.3,,,0,797
6054,108,서울,2024-06-09 06:00,17.4,,2.0,91,18.1,15.9,998.2,0.04,,0,627
6055,108,서울,2024-06-09 07:00,18.2,,1.7,91,19.0,16.7,998.5,0.42,,0,920
6056,108,서울,2024-06-09 08:00,20.3,,0.6,84,20.0,17.5,998.5,1.31,,1,1135
6057,108,서울,2024-06-09 09:00,22.2,,1.0,73,19.5,17.1,998.4,1.89,,1,1847
6058,108,서울,2024-06-09 10:00,23.8,,1.9,68,20.0,17.5,998.2,2.41,,1,1710
6059,108,서울,2024-06-09 11:00,25.3,,2.3,61,19.6,17.2,998.1,3.13,,0,1687
6060,108,서울,2024-06-09 12:00,26.0,,2.3,55,18.4,16.2,997.9,3.19,,0,2037
6061,108,서울,2024-06-09 13:00,26.8,,2.1,50,17.5,15.4,997.5,3.08,,0,2449
6062,108,서울,2024-06-09 14:00,27.8,,2.1,51,19.0,16.7,997.1,3.13,,0,2075
6063,108,서울,2024-06-09 15:00,28.8,,2.8,49,19.4,17.0,996.9,3.06,,1,1671
6064,108,서울,2024-06-09 16:00,28.5,,4.1,49,19.0,16.7,996.8,2.67,,0,1296
6065,108,서울,2024-06-09 17:00,27.4,,4.0,52,18.9,16.6,997.0,2.06,,0,2065
6066,108,서울,2024-06-09 18:00,26.8,,3.0,52,18.3,16.1,996.9,1.34,,0,2157
6067,108,서울,2024-06-09 19:00,25.3,,2.2,60,19.2,16.9,997.1,0.56,,0,2337
6068,108,서울,2024-06-09 20:00,23.4,,2.1,65,18.6,16.4,997.4,0.09,,1,2008
6069,108,서울,2024-06-09 21:00,22.8,,2.1,68,18.8,16.5,998.2,,,1,1686
6070,108,서울,2024-06-09 22:00,22.0,,1.7,69,18.2,16.0,998.7,,,0,1194
6071,108,서울,2024-06-09 23:00,21.4,,1.8,72,18.3,16.1,998.6,,,0,1087
6072,108,서울,2024-06-10 00:00,21.0,,0.6,74,18.3,16.1,998.2,,,0,1055
6073,108,서울,2024-06-10 01:00,20.4,,1.6,75,17.9,15.8,998.1,,,0,990
6074,108,서울,2024-06-10 02:00,20.0,,1.3,78,18.2,16.0,998.3,,,0,964
6075,108,서울,2024-06-10 03:00,19.7,,0.5,79,18.1,15.9,998.3,,,0,1017
6076,108,서울,2024-06-10 04:00,19.5,,1.3,81,18.3,16.1,998.8,,,0,889
6077,108,서울,2024-06-10 05:00,19.3,,0.5,83,18.5,16.3,998.9,,,0,646
6078,108,서울,2024-06-10 06:00,19.0,,1.7,85,18.6,16.4,998.9,0.06,,0,574
6079,108,서울,2024-06-10 07:00,20.0,,1.6,83,19.4,17.0,998.8,0.46,,0,689
6080,108,서울,2024-06-10 08:00,22.0,,1.1,75,19.7,17.3,998.7,1.09,,0,1230
6081,108,서울,2024-06-10 09:00,23.8,,1.7,64,18.8,16.5,998.1,1.8,,0,1532
6082,108,서울,2024-06-10 10:00,25.6,,2.4,53,17.4,15.3,997.5,2.43,,0,2320
6083,108,서울,2024-06-10 11:00,26.9,,2.7,52,18.4,16.2,997.2,2.67,,0,1765
6084,108,서울,2024-06-10 12:00,28.3,,2.2,52,19.9,17.4,996.5,3.17,,0,1496
6085,108,서울,2024-06-10 13:00,29.5,,2.9,48,19.7,17.3,995.9,3.28,,0,1693
6086,108,서울,2024-06-10 14:00,30.5,,3.3,46,20.0,17.5,995.4,3.23,,0,1673
6087,108,서울,2024-06-10 15:00,30.9,,3.4,44,19.6,17.2,995.1,2.8,,0,1708
6088,108,서울,2024-06-10 16:00,29.6,,4.2,51,21.0,18.3,995.2,2.04,,2,1551
6089,108,서울,2024-06-10 17:00,29.8,,4.3,51,21.3,18.5,994.7,1.78,,0,1520
6090,108,서울,2024-06-10 18:00,28.6,,3.7,54,21.0,18.3,994.8,1.17,,0,1536
6091,108,서울,2024-06-10 19:00,26.8,,3.6,62,21.8,18.9,995.7,0.5,,0,1372
6092,108,서울,2024-06-10 20:00,24.5,,2.9,71,21.7,18.8,996.0,0.09,,0,1012
6093,108,서울,2024-06-10 21:00,23.8,,2.8,75,22.0,19.0,996.4,,,0,882
6094,108,서울,2024-06-10 22:00,23.2,,2.1,78,22.1,19.1,997.2,,,0,707
6095,108,서울,2024-06-10 23:00,22.9,,2.1,80,22.2,19.2,997.7,,,1,688
6096,108,서울,2024-06-11 00:00,23.1,,3.1,77,21.7,18.8,997.5,,,9,631
6097,108,서울,2024-06-11 01:00,22.9,,3.1,78,21.7,18.8,997.3,,,8,577
6098,108,서울,2024-06-11 02:00,22.6,,2.7,78,21.3,18.5,997.4,,,1,564
6099,108,서울,2024-06-11 03:00,22.4,,2.0,79,21.3,18.5,997.6,,,9,591
6100,108,서울,2024-06-11 04:00,22.2,,2.3,78,20.8,18.1,997.9,,,9,679
6101,108,서울,2024-06-11 05:00,22.0,,2.5,78,20.5,17.9,998.2,,,9,632
6102,108,서울,2024-06-11 06:00,22.0,,1.3,77,20.2,17.7,998.3,0.04,,8,588
6103,108,서울,2024-06-11 07:00,22.2,,2.6,76,20.2,17.7,998.5,0.29,,9,578
6104,108,서울,2024-06-11 08:00,23.2,,2.2,73,20.6,18.0,998.5,0.77,,8,512
6105,108,서울,2024-06-11 09:00,24.8,,1.5,68,21.2,18.4,998.4,1.59,,8,611
6106,108,서울,2024-06-11 10:00,25.5,,2.7,64,20.8,18.1,998.1,2.01,,0,608
6107,108,서울,2024-06-11 11:00,26.9,,1.6,58,20.5,17.9,997.2,3.03,,0,703
6108,108,서울,2024-06-11 12:00,28.5,,2.1,53,20.5,17.9,996.8,3.32,,0,773
6109,108,서울,2024-06-11 13:00,29.7,,3.3,51,21.2,18.4,996.2,3.45,,0,820
6110,108,서울,2024-06-11 14:00,30.6,,2.7,51,22.4,19.3,995.8,3.3,,0,848
6111,108,서울,2024-06-11 15:00,31.2,,3.9,49,22.2,19.2,995.6,2.98,,0,1112
6112,108,서울,2024-06-11 16:00,31.4,,2.8,48,22.0,19.0,995.4,2.61,,0,1801
6113,108,서울,2024-06-11 17:00,29.7,,4.3,41,17.0,15.0,995.5,1.89,,0,2247
6114,108,서울,2024-06-11 18:00,28.9,,3.0,43,17.0,15.0,995.7,1.28,,0,3188
6115,108,서울,2024-06-11 19:00,26.7,,2.9,52,18.2,16.0,996.1,0.53,,1,2813
6116,108,서울,2024-06-11 20:00,25.2,,2.9,58,18.5,16.3,996.3,0.08,,1,2534
6117,108,서울,2024-06-11 21:00,23.9,,2.8,61,18.1,15.9,996.9,,,0,3166
6118,108,서울,2024-06-11 22:00,23.0,,1.6,66,18.4,16.2,997.0,,,1,2982
6119,108,서울,2024-06-11 23:00,22.3,,1.6,67,17.9,15.8,996.7,,,1,2803
6120,108,서울,2024-06-12 00:00,21.7,,1.0,69,17.8,15.7,996.4,,,0,3024
6121,108,서울,2024-06-12 01:00,21.2,,0.3,70,17.6,15.5,995.8,,,0,2623
6122,108,서울,2024-06-12 02:00,20.7,,0.9,73,17.7,15.6,995.2,,,0,2359
6123,108,서울,2024-06-12 03:00,20.4,,1.6,77,18.4,16.2,996.3,,,0,2098
6124,108,서울,2024-06-12 04:00,19.8,,0.6,76,17.5,15.4,996.3,,,0,1743
6125,108,서울,2024-06-12 05:00,19.4,,0.7,80,17.9,15.8,996.9,,,0,1487
6126,108,서울,2024-06-12 06:00,19.6,,2.2,80,18.2,16.0,998.4,0.07,,2,1408
6127,108,서울,2024-06-12 07:00,19.9,,1.4,82,19.0,16.7,998.2,0.47,,0,1320
6128,108,서울,2024-06-12 08:00,21.9,,1.6,73,19.1,16.8,997.0,1.17,,0,2461
6129,108,서울,2024-06-12 09:00,24.2,,1.6,62,18.6,16.4,996.6,1.84,,0,2012
6130,108,서울,2024-06-12 10:00,26.0,,2.4,50,16.7,14.7,996.1,2.51,,0,3133
6131,108,서울,2024-06-12 11:00,27.9,,2.0,48,17.9,15.8,995.7,3.1,,0,2570
6132,108,서울,2024-06-12 12:00,29.3,,1.9,42,17.0,15.0,995.0,3.41,,0,2525
6133,108,서울,2024-06-12 13:00,30.6,,1.7,39,17.0,15.0,994.5,3.36,,0,2904
6134,108,서울,2024-06-12 14:00,31.5,,2.6,38,17.5,15.4,994.2,3.44,,0,2522
6135,108,서울,2024-06-12 15:00,30.9,,3.8,43,19.1,16.8,994.3,3.03,,0,1622
6136,108,서울,2024-06-12 16:00,30.0,,3.4,43,18.2,16.0,994.2,2.35,,0,2027
6137,108,서울,2024-06-12 17:00,28.7,,3.9,44,17.3,15.2,994.1,1.41,,0,2851
6138,108,서울,2024-06-12 18:00,28.0,,3.3,50,18.9,16.6,994.6,1.27,,1,2785
6139,108,서울,2024-06-12 19:00,25.3,,3.8,56,17.9,15.8,994.9,0.24,,1,2784
6140,108,서울,2024-06-12 20:00,24.2,,2.7,63,19.0,16.7,994.9,0.06,,1,2560
6141,108,서울,2024-06-12 21:00,23.4,,2.4,65,18.6,16.4,994.9,,,2,2621
6142,108,서울,2024-06-12 22:00,22.8,,1.8,65,17.9,15.8,995.0,,,1,2611
6143,108,서울,2024-06-12 23:00,22.5,,1.4,66,17.9,15.8,995.1,,,1,2475
6144,108,서울,2024-06-13 00:00,22.2,,2.1,67,17.8,15.7,994.9,,,2,2391
6145,108,서울,2024-06-13 01:00,21.8,,0.2,67,17.4,15.3,995.0,,,1,2395
6146,108,서울,2024-06-13 02:00,21.5,,0.2,64,16.3,14.3,994.9,,,1,2885
6147,108,서울,2024-06-13 03:00,21.0,,0.6,65,16.1,14.1,994.5,,,3,2909
6148,108,서울,2024-06-13 04:00,20.7,,0.5,69,16.8,14.8,994.7,,,7,2573
6149,108,서울,2024-06-13 05:00,20.1,,1.1,69,16.2,14.2,995.2,,,7,2707
6150,108,서울,2024-06-13 06:00,20.1,,1.2,71,16.6,14.6,995.6,0.04,,0,2671
6151,108,서울,2024-06-13 07:00,21.1,,1.9,72,17.9,15.8,995.4,0.49,,0,2165
6152,108,서울,2024-06-13 08:00,23.3,,1.8,66,18.8,16.5,995.1,1.12,,0,1892
6153,108,서울,2024-06-13 09:00,25.6,,0.8,59,19.2,16.9,994.7,1.95,,0,1956
6154,108,서울,2024-06-13 10:00,27.5,,1.2,53,19.4,17.0,994.9,2.56,,0,1845
6155,108,서울,2024-06-13 11:00,29.1,,2.1,46,18.4,16.2,995.0,3.08,,0,2475
6156,108,서울,2024-06-13 12:00,30.6,,2.5,41,17.9,15.8,994.9,3.43,,0,2314
6157,108,서울,2024-06-13 13:00,31.5,,3.5,32,14.8,12.8,994.5,3.55,,0,3559
6158,108,서울,2024-06-13 14:00,32.2,,3.0,36,17.3,15.2,994.2,3.47,,0,2880
6159,108,서울,2024-06-13 15:00,32.3,,2.5,38,18.3,16.1,993.8,3.14,,0,2009
6160,108,서울,2024-06-13 16:00,32.6,,3.2,33,16.2,14.2,993.5,2.7,,0,2616
6161,108,서울,2024-06-13 17:00,31.8,,3.8,35,16.4,14.4,993.6,2.09,,0,2869
6162,108,서울,2024-06-13 18:00,31.0,,3.2,37,16.5,14.5,993.5,1.39,,0,2464
6163,108,서울,2024-06-13 19:00,29.6,,2.7,43,17.7,15.6,993.9,0.66,,0,3184
6164,108,서울,2024-06-13 20:00,27.8,,1.7,43,16.0,14.0,994.2,0.13,,0,3399
6165,108,서울,2024-06-13 21:00,26.5,,2.0,47,16.2,14.2,994.5,,,0,3274
6166,108,서울,2024-06-13 22:00,25.6,,2.1,51,16.7,14.7,994.4,,,0,3187
6167,108,서울,2024-06-13 23:00,24.9,,1.2,53,16.6,14.6,994.6,,,0,3220
6168,108,서울,2024-06-14 00:00,23.9,,2.1,53,15.7,13.7,994.7,,,0,3331
6169,108,서울,2024-06-14 01:00,23.4,,1.7,57,16.3,14.3,994.4,,,0,3217
6170,108,서울,2024-06-14 02:00,23.1,,1.7,58,16.3,14.3,994.6,,,0,3284
6171,108,서울,2024-06-14 03:00,22.3,,2.5,60,16.1,14.1,995.2,,,0,3264
6172,108,서울,2024-06-14 04:00,21.9,,1.0,69,18.1,15.9,995.8,,,0,2247
6173,108,서울,2024-06-14 05:00,21.7,,1.1,74,19.1,16.8,995.9,,,0,2203
6174,108,서울,2024-06-14 06:00,21.6,,1.7,72,18.5,16.3,996.3,0.09,,2,2225
6175,108,서울,2024-06-14 07:00,22.4,,0.5,70,18.9,16.6,996.8,0.46,,0,2646
6176,108,서울,2024-06-14 08:00,24.1,,0.9,66,19.7,17.3,996.6,1.07,,0,2503
6177,108,서울,2024-06-14 09:00,26.5,,1.4,58,20.0,17.5,996.1,1.76,,0,2150
6178,108,서울,2024-06-14 10:00,28.7,,2.2,46,18.1,15.9,995.4,2.48,,0,2885
6179,108,서울,2024-06-14 11:00,30.2,,2.5,39,16.7,14.7,994.7,3.01,,0,3547
6180,108,서울,2024-06-14 12:00,31.6,,2.7,35,16.2,14.2,994.1,3.42,,0,2486
6181,108,서울,2024-06-14 13:00,31.9,,2.8,39,18.4,16.2,993.7,2.97,,0,2326
6182,108,서울,2024-06-14 14:00,32.6,,2.7,38,18.6,16.4,993.4,2.42,,0,2757
6183,108,서울,2024-06-14 15:00,32.3,,3.8,43,20.8,18.1,993.7,2.17,,0,1832
6184,108,서울,2024-06-14 16:00,31.1,,5.5,37,16.6,14.6,993.9,2.4,,3,2751
6185,108,서울,2024-06-14 17:00,28.3,,4.4,47,18.1,15.9,994.4,0.93,,4,2592
6186,108,서울,2024-06-14 18:00,27.3,,3.4,55,19.9,17.4,994.3,0.74,,6,2468
6187,108,서울,2024-06-14 19:00,26.2,,2.9,55,18.6,16.4,994.3,0.27,,1,2412
6188,108,서울,2024-06-14 20:00,25.5,,2.1,57,18.5,16.3,994.4,0.05,,1,2425
6189,108,서울,2024-06-14 21:00,24.9,,2.3,60,18.8,16.5,994.7,,,3,2478
6190,108,서울,2024-06-14 22:00,24.3,,1.9,67,20.2,17.7,995.4,,,1,1799
6191,108,서울,2024-06-14 23:00,24.0,,1.7,66,19.6,17.2,995.8,,,1,1838
6192,108,서울,2024-06-15 00:00,23.8,,0.9,65,19.1,16.8,995.5,,,3,1860
6193,108,서울,2024-06-15 01:00,23.6,,1.1,67,19.5,17.1,995.0,,,1,1649
6194,108,서울,2024-06-15 02:00,23.4,0.0,1.4,68,19.5,17.1,994.8,,,5,1343
6195,108,서울,2024-06-15 03:00,23.3,0.0,0.3,69,19.6,17.2,994.2,,,4,1518
6196,108,서울,2024-06-15 04:00,22.4,3.8,1.9,79,21.3,18.5,994.6,,,7,160
6197,108,서울,2024-06-15 05:00,21.9,1.3,0.4,84,22.0,19.0,994.6,,,5,630
6198,108,서울,2024-06-15 06:00,21.9,0.3,0.8,85,22.2,19.2,994.7,0.02,,7,633
6199,108,서울,2024-06-15 07:00,22.0,0.3,0.9,85,22.4,19.3,994.3,0.17,,7,946
6200,108,서울,2024-06-15 08:00,23.1,,0.5,82,23.1,19.8,994.8,0.78,,6,926
6201,108,서울,2024-06-15 09:00,23.7,,1.4,78,22.8,19.6,994.4,1.12,,8,1027
6202,108,서울,2024-06-15 10:00,24.5,,1.7,76,23.2,19.9,994.3,1.13,,9,969
6203,108,서울,2024-06-15 11:00,25.0,,1.8,72,22.7,19.5,994.3,1.04,,8,1131
6204,108,서울,2024-06-15 12:00,24.9,0.0,2.1,73,22.9,19.7,994.3,0.56,,8,1072
6205,108,서울,2024-06-15 13:00,25.0,0.4,1.8,75,23.7,20.2,993.9,0.84,,2,1602
6206,108,서울,2024-06-15 14:00,25.9,,2.6,68,22.7,19.5,993.1,1.7,,5,1543
6207,108,서울,2024-06-15 15:00,27.2,,2.8,60,21.6,18.7,992.3,2.55,,4,2317
6208,108,서울,2024-06-15 16:00,28.0,,3.4,56,21.0,18.3,991.9,2.43,,3,2334
6209,108,서울,2024-06-15 17:00,27.9,,2.8,58,21.7,18.8,991.6,1.9,,2,2822
6210,108,서울,2024-06-15 18:00,26.8,,3.6,62,21.8,18.9,992.0,0.97,,2,2687
6211,108,서울,2024-06-15 19:00,25.6,,2.3,66,21.6,18.7,992.3,0.4,,6,2324
6212,108,서울,2024-06-15 20:00,24.6,,2.5,70,21.6,18.7,992.9,0.1,,6,2208
6213,108,서울,2024-06-15 21:00,23.8,,2.4,71,20.9,18.2,993.0,,,3,2344
6214,108,서울,2024-06-15 22:00,23.1,,2.3,75,21.2,18.4,993.7,,,5,2127
6215,108,서울,2024-06-15 23:00,22.5,,1.9,77,20.9,18.2,994.1,,,0,1918
6216,108,서울,2024-06-16 00:00,21.9,,2.1,80,20.9,18.2,994.0,,,0,1640
6217,108,서울,2024-06-16 01:00,21.5,,1.9,83,21.2,18.4,993.9,,,0,850
6218,108,서울,2024-06-16 02:00,21.1,,1.3,85,21.2,18.4,994.3,,,0,706
6219,108,서울,2024-06-16 03:00,20.9,,1.2,87,21.4,18.6,994.2,,,3,687
6220,108,서울,2024-06-16 04:00,20.4,,2.2,88,21.0,18.3,994.3,,,0,733
6221,108,서울,2024-06-16 05:00,20.0,,2.1,87,20.2,17.7,994.6,,,0,1125
6222,108,서울,2024-06-16 06:00,19.9,,1.9,84,19.5,17.1,995.4,0.06,,0,1654
6223,108,서울,2024-06-16 07:00,20.7,,2.4,77,18.8,16.5,996.1,0.54,,0,2026
6224,108,서울,2024-06-16 08:00,22.1,,2.9,70,18.5,16.3,996.2,1.31,,0,2208
6225,108,서울,2024-06-16 09:00,23.4,,2.9,65,18.6,16.4,996.5,2.05,,0,2724
6226,108,서울,2024-06-16 10:00,24.8,,2.3,56,17.5,15.4,996.2,2.73,,0,3024
6227,108,서울,2024-06-16 11:00,26.2,,3.7,47,15.9,13.9,996.4,3.18,,2,3510
6228,108,서울,2024-06-16 12:00,27.4,,3.4,42,15.3,13.3,996.0,3.57,,0,3688
6229,108,서울,2024-06-16 13:00,28.1,,3.3,42,16.0,14.0,995.7,3.71,,0,3583
6230,108,서울,2024-06-16 14:00,28.9,,3.6,41,16.3,14.3,995.6,3.36,,3,3035
6231,108,서울,2024-06-16 15:00,29.1,,3.3,42,16.8,14.8,995.4,2.71,,3,2953
6232,108,서울,2024-06-16 16:00,29.0,,4.9,46,18.4,16.2,995.4,2.58,,1,2378
6233,108,서울,2024-06-16 17:00,28.8,,4.1,42,16.6,14.6,995.4,1.95,,0,3424
6234,108,서울,2024-06-16 18:00,27.9,,4.2,43,16.1,14.1,995.9,1.43,,0,3583
6235,108,서울,2024-06-16 19:00,26.4,,4.3,47,16.1,14.1,996.7,0.7,,0,3566
6236,108,서울,2024-06-16 20:00,24.9,,2.5,49,15.4,13.4,997.3,0.14,,0,3680
6237,108,서울,2024-06-16 21:00,23.8,,2.7,49,14.4,12.4,998.0,,,0,3680
6238,108,서울,2024-06-16 22:00,23.0,,2.4,49,13.7,11.7,998.5,,,0,3791
6239,108,서울,2024-06-16 23:00,22.2,,1.9,53,14.1,12.1,998.6,,,0,3655
6240,108,서울,2024-06-17 00:00,21.6,,2.6,55,14.1,12.1,998.6,,,0,3554
6241,108,서울,2024-06-17 01:00,21.1,,1.5,55,13.7,11.6,998.6,,,0,3489
6242,108,서울,2024-06-17 02:00,20.5,,0.9,59,14.2,12.2,998.9,,,4,3743
6243,108,서울,2024-06-17 03:00,20.3,,1.4,64,15.2,13.2,998.8,,,0,3486
6244,108,서울,2024-06-17 04:00,19.6,,1.0,67,15.2,13.2,998.7,,,0,3205
6245,108,서울,2024-06-17 05:00,19.2,,0.4,71,15.8,13.8,999.0,,,0,3091
6246,108,서울,2024-06-17 06:00,18.9,,0.8,72,15.7,13.7,999.4,0.05,,0,2953
6247,108,서울,2024-06-17 07:00,20.1,,0.6,68,16.0,14.0,999.2,0.59,,0,3800
6248,108,서울,2024-06-17 08:00,22.5,,0.6,61,16.5,14.5,999.3,1.31,,0,2599
6249,108,서울,2024-06-17 09:00,24.7,,1.5,52,16.1,14.1,999.0,1.98,,0,3051
6250,108,서울,2024-06-17 10:00,26.0,,1.5,47,15.8,13.8,998.3,2.41,,0,2931
6251,108,서울,2024-06-17 11:00,27.5,,2.3,44,16.1,14.1,998.1,3.11,,0,3107
6252,108,서울,2024-06-17 12:00,28.8,,2.8,42,16.6,14.6,997.7,3.26,,0,2797
6253,108,서울,2024-06-17 13:00,29.9,,3.5,32,13.5,11.4,996.9,3.44,,0,3035
6254,108,서울,2024-06-17 14:00,29.6,,4.0,31,12.8,10.6,996.3,3.16,,0,3455
6255,108,서울,2024-06-17 15:00,30.0,,3.8,31,13.1,11.0,996.5,2.7,,0,3389
6256,108,서울,2024-06-17 16:00,30.1,,3.3,32,13.6,11.5,996.3,2.39,,0,4111
6257,108,서울,2024-06-17 17:00,29.0,,3.3,30,11.9,9.6,996.0,1.6,,0,3837
6258,108,서울,2024-06-17 18:00,28.8,,3.3,28,11.0,8.4,995.5,1.44,,0,3934
6259,108,서울,2024-06-17 19:00,27.3,,3.4,32,11.6,9.1,995.8,0.57,,7,4142
6260,108,서울,2024-06-17 20:00,25.8,,2.9,39,12.9,10.7,996.0,0.16,,5,3911
6261,108,서울,2024-06-17 21:00,24.7,,3.6,43,13.3,11.2,996.4,,,0,3840
6262,108,서울,2024-06-17 22:00,23.7,,2.9,44,12.9,10.7,996.9,,,0,3967
6263,108,서울,2024-06-17 23:00,23.0,,3.1,49,13.7,11.7,996.8,,,0,3905
6264,108,서울,2024-06-18 00:00,22.5,,1.9,55,15.0,13.0,996.3,,,0,3431
6265,108,서울,2024-06-18 01:00,22.0,,1.8,60,15.8,13.8,996.3,,,0,3587
6266,108,서울,2024-06-18 02:00,21.5,,1.8,70,17.8,15.7,995.9,,,0,2926
6267,108,서울,2024-06-18 03:00,21.1,,0.9,75,18.6,16.4,995.9,,,0,2296
6268,108,서울,2024-06-18 04:00,21.1,,0.9,81,20.2,17.7,996.2,,,0,1888
6269,108,서울,2024-06-18 05:00,20.6,,0.6,82,19.9,17.4,996.6,,,0,1825
6270,108,서울,2024-06-18 06:00,20.5,,1.3,83,20.0,17.5,997.1,0.05,,0,1814
6271,108,서울,2024-06-18 07:00,21.2,,0.8,78,19.6,17.2,997.1,0.5,,0,1373
6272,108,서울,2024-06-18 08:00,23.6,,1.4,72,20.9,18.2,997.2,1.21,,0,1518
6273,108,서울,2024-06-18 09:00,25.2,,1.5,65,20.8,18.1,996.9,1.91,,0,1674
6274,108,서울,2024-06-18 10:00,27.1,,1.8,60,21.4,18.6,996.8,2.57,,0,1852
6275,108,서울,2024-06-18 11:00,28.4,,2.4,50,19.2,16.9,996.6,3.09,,0,2079
6276,108,서울,2024-06-18 12:00,29.9,,2.5,46,19.4,17.0,996.3,3.39,,0,2553
6277,108,서울,2024-06-18 13:00,31.3,,2.6,44,20.0,17.5,995.8,3.49,,0,1769
6278,108,서울,2024-06-18 14:00,32.7,,2.2,43,21.2,18.4,995.5,3.38,,0,2273
6279,108,서울,2024-06-18 15:00,32.6,,3.1,40,19.6,17.2,995.2,3.06,,0,2518
6280,108,서울,2024-06-18 16:00,32.4,,3.9,38,18.4,16.2,995.1,2.59,,0,2933
6281,108,서울,2024-06-18 17:00,31.9,,3.5,38,17.9,15.8,995.2,1.91,,0,3271
6282,108,서울,2024-06-18 18:00,30.5,,3.2,39,16.9,14.9,995.5,1.32,,0,3093
6283,108,서울,2024-06-18 19:00,28.5,,3.6,42,16.3,14.3,996.1,0.62,,0,3207
6284,108,서울,2024-06-18 20:00,26.5,,2.9,55,19.0,16.7,997.0,0.13,,0,2927
6285,108,서울,2024-06-18 21:00,25.0,,3.2,59,18.6,16.4,997.7,,,0,2842
6286,108,서울,2024-06-18 22:00,24.4,,2.1,65,19.7,17.3,998.5,,,0,2383
6287,108,서울,2024-06-18 23:00,23.8,,1.7,68,20.0,17.5,998.6,,,0,2108
6288,108,서울,2024-06-19 00:00,23.4,,1.1,69,19.7,17.3,998.4,,,0,2168
6289,108,서울,2024-06-19 01:00,22.9,,1.0,71,19.7,17.3,998.7,,,0,1937
6290,108,서울,2024-06-19 02:00,22.5,,0.1,73,19.9,17.4,998.7,,,0,2052
6291,108,서울,2024-06-19 03:00,22.2,,1.2,75,20.0,17.5,998.8,,,0,1835
6292,108,서울,2024-06-19 04:00,21.9,,1.1,77,20.1,17.6,998.6,,,0,1786
6293,108,서울,2024-06-19 05:00,21.5,,0.4,80,20.4,17.8,998.9,,,0,1517
6294,108,서울,2024-06-19 06:00,21.5,,0.4,82,20.9,18.2,999.7,0.06,,0,1426
6295,108,서울,2024-06-19 07:00,22.7,,1.7,75,20.6,18.0,999.9,0.51,,0,1760
6296,108,서울,2024-06-19 08:00,24.9,,1.8,67,21.0,18.3,999.8,1.2,,0,1677
6297,108,서울,2024-06-19 09:00,26.8,,1.3,62,21.8,18.9,999.7,1.76,,0,1826
6298,108,서울,2024-06-19 10:00,28.5,,1.1,54,20.9,18.2,999.3,2.33,,0,1847
6299,108,서울,2024-06-19 11:00,30.5,,1.6,46,20.0,17.5,998.8,2.91,,0,2035
6300,108,서울,2024-06-19 12:00,32.3,,1.4,39,18.8,16.5,998.3,3.25,,0,2109
6301,108,서울,2024-06-19 13:00,34.0,,2.6,38,20.1,17.6,998.0,3.43,,0,1933
6302,108,서울,2024-06-19 14:00,34.7,,1.8,34,18.8,16.5,997.6,3.39,,0,1941
6303,108,서울,2024-06-19 15:00,35.4,,3.0,34,19.5,17.1,997.0,3.04,,0,1990
6304,108,서울,2024-06-19 16:00,35.6,,2.8,35,20.2,17.7,996.5,2.54,,0,1874
6305,108,서울,2024-06-19 17:00,35.3,,3.1,35,20.0,17.5,996.1,1.85,,0,1889
6306,108,서울,2024-06-19 18:00,34.8,,2.5,35,19.4,17.0,995.9,1.26,,0,1884
6307,108,서울,2024-06-19 19:00,33.6,,2.1,36,18.6,16.4,995.8,0.58,,6,1957
6308,108,서울,2024-06-19 20:00,32.0,,2.2,42,19.9,17.4,995.9,0.14,,7,2086
6309,108,서울,2024-06-19 21:00,30.1,,3.0,49,20.9,18.2,996.5,,,0,2212
6310,108,서울,2024-06-19 22:00,29.1,,0.9,52,20.9,18.2,997.1,,,7,2382
6311,108,서울,2024-06-19 23:00,28.3,,1.2,57,21.8,18.9,996.9,,,7,2099
6312,108,서울,2024-06-20 00:00,27.6,,1.5,58,21.3,18.5,997.0,,,0,1758
6313,108,서울,2024-06-20 01:00,27.0,,2.6,53,18.8,16.5,997.2,,,0,1598
6314,108,서울,2024-06-20 02:00,26.0,,1.8,57,19.1,16.8,996.9,,,0,1718
6315,108,서울,2024-06-20 03:00,25.0,,1.5,59,18.6,16.4,996.5,,,0,1742
6316,108,서울,2024-06-20 04:00,24.3,,1.2,62,18.8,16.5,996.5,,,0,1830
6317,108,서울,2024-06-20 05:00,23.7,,0.8,64,18.6,16.4,996.4,,,0,1777
6318,108,서울,2024-06-20 06:00,23.4,,1.3,64,18.3,16.1,996.4,0.04,,0,1867
6319,108,서울,2024-06-20 07:00,24.1,,1.0,62,18.5,16.3,996.5,0.48,,0,1919
6320,108,서울,2024-06-20 08:00,26.0,,0.3,56,18.8,16.5,996.2,1.19,,0,2488
6321,108,서울,2024-06-20 09:00,28.4,,2.2,49,18.9,16.6,996.0,1.9,,0,1763
6322,108,서울,2024-06-20 10:00,30.6,,2.3,40,17.5,15.4,995.2,2.55,,0,2031
6323,108,서울,2024-06-20 11:00,32.0,,1.5,38,17.9,15.8,994.9,3.01,,0,2013
6324,108,서울,2024-06-20 12:00,33.6,,2.6,35,18.2,16.0,994.2,3.26,,0,1960
6325,108,서울,2024-06-20 13:00,34.7,,2.5,33,18.2,16.0,993.5,3.21,,0,2455
6326,108,서울,2024-06-20 14:00,35.3,,3.1,32,18.2,16.0,992.9,3.13,,0,2155
6327,108,서울,2024-06-20 15:00,35.1,,1.9,29,16.3,14.3,992.4,2.31,,0,2528
6328,108,서울,2024-06-20 16:00,34.2,,3.6,29,15.6,13.6,992.0,1.64,,0,2934
6329,108,서울,2024-06-20 17:00,34.3,,2.1,32,17.3,15.2,991.5,1.65,,0,2839
6330,108,서울,2024-06-20 18:00,33.4,,1.9,35,17.9,15.8,991.4,0.85,,0,2357
6331,108,서울,2024-06-20 19:00,32.7,,2.7,31,15.3,13.3,991.5,0.59,,5,3159
6332,108,서울,2024-06-20 20:00,30.9,,2.3,34,15.2,13.2,992.2,0.18,,5,3502
6333,108,서울,2024-06-20 21:00,29.7,,2.2,38,15.8,13.8,992.5,,,0,3240
6334,108,서울,2024-06-20 22:00,28.6,,2.1,43,16.7,14.7,993.0,,,0,3019
6335,108,서울,2024-06-20 23:00,27.1,,2.3,48,17.2,15.1,993.2,,,0,2883
6336,108,서울,2024-06-21 00:00,26.4,,2.3,52,17.8,15.7,993.4,,,0,2980
6337,108,서울,2024-06-21 01:00,25.5,,1.7,53,17.3,15.2,992.8,,,5,2821
6338,108,서울,2024-06-21 02:00,24.4,,1.5,54,16.4,14.4,992.7,,,0,3200
6339,108,서울,2024-06-21 03:00,23.8,,1.3,55,16.2,14.2,992.5,,,0,3186
6340,108,서울,2024-06-21 04:00,23.5,,1.1,57,16.4,14.4,992.5,,,0,3119
6341,108,서울,2024-06-21 05:00,23.1,,0.8,59,16.6,14.6,992.5,,,0,3176
6342,108,서울,2024-06-21 06:00,23.0,,0.6,61,17.0,15.0,992.6,0.06,,0,2896
6343,108,서울,2024-06-21 07:00,24.0,,0.8,59,17.5,15.4,992.4,0.43,,0,2747
6344,108,서울,2024-06-21 08:00,25.9,,0.3,56,18.6,16.4,992.4,1.05,,0,2534
6345,108,서울,2024-06-21 09:00,27.8,,1.3,49,18.3,16.1,992.2,1.7,,0,2444
6346,108,서울,2024-06-21 10:00,29.9,,2.0,43,18.1,15.9,991.8,2.45,,0,2414
6347,108,서울,2024-06-21 11:00,31.3,,3.5,40,18.2,16.0,991.8,3.03,,0,2722
6348,108,서울,2024-06-21 12:00,33.0,,2.3,38,19.0,16.7,991.7,3.34,,0,2543
6349,108,서울,2024-06-21 13:00,33.7,,2.1,35,18.3,16.1,991.3,3.09,,0,2207
6350,108,서울,2024-06-21 14:00,33.0,,3.5,39,19.5,17.1,991.1,2.46,,0,2135
6351,108,서울,2024-06-21 15:00,33.2,,2.8,38,19.2,16.9,991.1,2.53,,0,2417
6352,108,서울,2024-06-21 16:00,30.8,,4.0,40,17.7,15.6,991.5,1.59,,0,2774
6353,108,서울,2024-06-21 17:00,30.2,,3.6,47,20.1,17.6,991.6,1.11,,0,2771
6354,108,서울,2024-06-21 18:00,30.3,,3.1,47,20.2,17.7,991.5,1.37,,0,3400
6355,108,서울,2024-06-21 19:00,29.2,,2.2,46,18.5,16.3,991.5,0.46,,5,3098
6356,108,서울,2024-06-21 20:00,28.1,,1.2,49,18.5,16.3,991.6,0.08,,8,3167
6357,108,서울,2024-06-21 21:00,27.6,,2.5,50,18.4,16.2,992.7,,,0,3115
6358,108,서울,2024-06-21 22:00,26.7,,2.9,53,18.5,16.3,993.3,,,10,3014
6359,108,서울,2024-06-21 23:00,26.0,,2.3,59,19.7,17.3,993.4,,,10,3003
6360,108,서울,2024-06-22 00:00,25.7,,1.2,60,19.7,17.3,992.9,,,10,2875
6361,108,서울,2024-06-22 01:00,25.6,,2.1,61,20.0,17.5,993.0,,,9,2727
6362,108,서울,2024-06-22 02:00,25.3,,0.9,61,19.6,17.2,992.4,,,10,2720
6363,108,서울,2024-06-22 03:00,25.1,,0.8,61,19.4,17.0,991.3,,,10,2635
6364,108,서울,2024-06-22 04:00,25.2,,1.3,66,21.0,18.3,991.8,,,10,2886
6365,108,서울,2024-06-22 05:00,25.3,0.0,1.6,70,22.5,19.4,991.4,,,7,2408
6366,108,서울,2024-06-22 06:00,25.3,,1.1,71,22.8,19.6,991.5,0.0,,7,2347
6367,108,서울,2024-06-22 07:00,25.3,,1.8,63,20.2,17.7,990.8,0.09,,6,2344
6368,108,서울,2024-06-22 08:00,25.8,0.0,1.9,66,21.8,18.9,990.2,0.27,,7,2110
6369,108,서울,2024-06-22 09:00,26.0,0.0,2.3,67,22.4,19.3,990.0,0.36,,7,1910
6370,108,서울,2024-06-22 10:00,25.2,0.1,1.5,74,23.7,20.2,989.8,0.12,,8,1009
6371,108,서울,2024-06-22 11:00,23.7,4.0,2.0,86,25.2,21.2,989.6,0.11,,9,308
6372,108,서울,2024-06-22 12:00,22.9,3.2,2.4,88,24.4,20.7,988.9,0.22,,9,324
6373,108,서울,2024-06-22 13:00,22.6,4.1,3.3,91,24.9,21.0,988.1,0.19,,9,283
6374,108,서울,2024-06-22 14:00,22.8,2.4,2.9,92,25.5,21.4,987.2,0.33,,9,240
6375,108,서울,2024-06-22 15:00,23.5,1.2,2.4,90,26.0,21.7,986.6,0.68,,8,454
6376,108,서울,2024-06-22 16:00,23.5,0.9,2.4,90,26.0,21.7,986.1,0.34,,8,534
6377,108,서울,2024-06-22 17:00,23.8,0.1,2.9,88,25.8,21.6,985.3,0.51,,8,1076
6378,108,서울,2024-06-22 18:00,23.9,,2.4,88,26.0,21.7,985.0,0.26,,8,1594
6379,108,서울,2024-06-22 19:00,23.8,0.0,2.5,87,25.5,21.4,985.6,0.09,,8,1657
6380,108,서울,2024-06-22 20:00,23.5,0.1,2.0,90,26.0,21.7,986.0,0.02,,8,673
6381,108,서울,2024-06-22 21:00,23.5,0.0,1.8,89,25.6,21.5,986.5,,,6,1903
6382,108,서울,2024-06-22 22:00,23.6,0.0,1.9,87,25.3,21.3,986.8,,,7,1930
6383,108,서울,2024-06-22 23:00,23.5,0.0,1.9,87,25.2,21.2,986.9,,,8,1457
6384,108,서울,2024-06-23 00:00,23.1,0.4,1.9,91,25.6,21.5,986.8,,,8,379
6385,108,서울,2024-06-23 01:00,22.9,0.2,1.8,92,25.6,21.5,986.7,,,8,826
6386,108,서울,2024-06-23 02:00,22.7,0.1,1.3,92,25.3,21.3,986.4,,,8,355
6387,108,서울,2024-06-23 03:00,22.6,0.3,1.0,92,25.2,21.2,986.6,,,8,263
6388,108,서울,2024-06-23 04:00,22.6,0.7,0.4,93,25.5,21.4,986.8,,,8,442
6389,108,서울,2024-06-23 05:00,22.6,0.5,0.2,93,25.5,21.4,987.3,,,8,233
6390,108,서울,2024-06-23 06:00,22.6,0.3,0.5,93,25.5,21.4,987.4,0.01,,7,1324
6391,108,서울,2024-06-23 07:00,22.7,,1.0,91,25.0,21.1,987.7,0.2,,6,2212
6392,108,서울,2024-06-23 08:00,23.3,,0.9,89,25.3,21.3,988.1,0.46,,4,1905
6393,108,서울,2024-06-23 09:00,24.0,,1.2,86,25.6,21.5,988.5,0.76,,7,1749
6394,108,서울,2024-06-23 10:00,25.0,,1.7,82,26.0,21.7,988.3,1.39,,4,1949
6395,108,서울,2024-06-23 11:00,26.6,,2.6,75,26.0,21.7,988.2,2.21,,3,3345
6396,108,서울,2024-06-23 12:00,27.8,,2.8,68,25.3,21.3,988.1,2.67,,3,3186
6397,108,서울,2024-06-23 13:00,28.6,,1.9,63,24.6,20.8,988.0,2.63,,3,3563
6398,108,서울,2024-06-23 14:00,30.0,,2.8,61,25.8,21.6,987.8,3.0,,5,3751
6399,108,서울,2024-06-23 15:00,29.2,,3.5,62,25.0,21.1,987.7,1.75,,6,2227
6400,108,서울,2024-06-23 16:00,28.7,,4.5,63,24.7,20.9,987.8,1.44,,6,2657
6401,108,서울,2024-06-23 17:00,27.8,,4.6,64,23.8,20.3,988.2,1.32,,5,3399
6402,108,서울,2024-06-23 18:00,27.1,,3.3,69,24.7,20.9,988.7,0.74,,4,3750
6403,108,서울,2024-06-23 19:00,25.7,,3.1,74,24.4,20.7,989.3,0.21,,8,3166
6404,108,서울,2024-06-23 20:00,24.9,,4.0,78,24.4,20.7,990.1,0.05,,9,1519
6405,108,서울,2024-06-23 21:00,24.7,,2.7,80,24.9,21.0,990.5,,,7,2503
6406,108,서울,2024-06-23 22:00,24.1,3.0,3.6,85,25.5,21.4,991.1,,,8,1652
6407,108,서울,2024-06-23 23:00,22.8,0.0,0.6,86,23.8,20.3,991.4,,,8,2227
6408,108,서울,2024-06-24 00:00,22.7,0.0,2.0,86,23.7,20.2,991.4,,,8,1647
6409,108,서울,2024-06-24 01:00,22.7,,1.1,86,23.7,20.2,991.0,,,3,1537
6410,108,서울,2024-06-24 02:00,22.8,0.0,0.2,87,24.1,20.5,990.5,,,8,1254
6411,108,서울,2024-06-24 03:00,23.0,,2.9,89,24.9,21.0,990.4,,,7,766
6412,108,서울,2024-06-24 04:00,23.0,,3.0,88,24.6,20.8,990.7,,,7,880
6413,108,서울,2024-06-24 05:00,22.8,,2.8,88,24.4,20.7,991.6,,,9,852
6414,108,서울,2024-06-24 06:00,22.8,,2.7,87,24.1,20.5,992.0,0.05,,7,884
6415,108,서울,2024-06-24 07:00,23.1,,3.2,85,24.0,20.4,992.4,0.35,,7,1383
6416,108,서울,2024-06-24 08:00,23.8,,1.6,83,24.4,20.7,992.5,0.55,,7,1380
6417,108,서울,2024-06-24 09:00,24.4,,3.0,79,24.1,20.5,992.6,0.85,,7,1462
6418,108,서울,2024-06-24 10:00,25.3,,2.5,73,23.5,20.1,992.3,1.37,,6,1255
6419,108,서울,2024-06-24 11:00,26.6,,2.9,68,23.7,20.2,992.1,2.02,,7,1254
6420,108,서울,2024-06-24 12:00,27.1,,3.9,65,23.2,19.9,992.3,2.06,,6,1266
6421,108,서울,2024-06-24 13:00,27.6,,3.0,62,22.8,19.6,992.5,2.29,,7,1307
6422,108,서울,2024-06-24 14:00,27.3,,3.6,59,21.3,18.5,992.8,1.82,,5,1823
6423,108,서울,2024-06-24 15:00,27.1,,4.2,56,20.0,17.5,992.8,1.93,,1,1718
6424,108,서울,2024-06-24 16:00,27.4,,4.1,45,16.4,14.4,992.7,2.47,,0,1376
6425,108,서울,2024-06-24 17:00,27.0,,4.5,57,20.2,17.7,992.9,1.83,,1,1646
6426,108,서울,2024-06-24 18:00,26.0,,4.1,56,18.8,16.5,993.5,1.26,,0,1475
6427,108,서울,2024-06-24 19:00,24.7,,3.3,56,17.4,15.3,994.4,0.66,,0,1892
6428,108,서울,2024-06-24 20:00,23.5,,3.3,63,18.2,16.0,995.0,0.11,,3,1828
6429,108,서울,2024-06-24 21:00,22.6,,2.3,68,18.5,16.3,995.4,,,0,2021
6430,108,서울,2024-06-24 22:00,22.2,,2.8,71,18.9,16.6,996.2,,,6,2234
6431,108,서울,2024-06-24 23:00,21.7,,2.4,65,16.8,14.8,996.6,,,6,2842
6432,108,서울,2024-06-25 00:00,21.2,,2.5,63,15.8,13.8,996.9,,,0,3323
6433,108,서울,2024-06-25 01:00,20.8,,2.8,65,15.9,13.9,997.0,,,6,3078
6434,108,서울,2024-06-25 02:00,20.4,,2.2,71,16.9,14.9,997.2,,,7,2809
6435,108,서울,2024-06-25 03:00,20.0,,2.2,72,16.7,14.7,997.4,,,0,2885
6436,108,서울,2024-06-25 04:00,19.9,,2.6,75,17.4,15.3,997.9,,,0,2715
6437,108,서울,2024-06-25 05:00,19.5,,1.9,77,17.4,15.3,998.6,,,0,2858
6438,108,서울,2024-06-25 06:00,19.1,,0.9,75,16.5,14.5,999.6,0.04,,0,3108
6439,108,서울,2024-06-25 07:00,19.8,,1.5,72,16.5,14.5,1000.1,0.55,,0,4022
6440,108,서울,2024-06-25 08:00,21.7,,2.2,58,15.0,13.0,1000.2,1.3,,0,4611
6441,108,서울,2024-06-25 09:00,23.2,,3.5,51,14.4,12.4,1000.1,2.07,,0,3936
6442,108,서울,2024-06-25 10:00,24.1,,2.9,52,15.6,13.6,1000.0,2.13,,0,3331
6443,108,서울,2024-06-25 11:00,24.8,,3.8,50,15.6,13.6,999.9,1.85,,1,4234
6444,108,서울,2024-06-25 12:00,25.6,,3.8,48,15.7,13.7,999.7,2.06,,2,4200
6445,108,서울,2024-06-25 13:00,27.0,,2.9,46,16.3,14.3,999.5,3.39,,2,3826
6446,108,서울,2024-06-25 14:00,27.0,,4.3,44,15.6,13.6,999.7,3.37,,4,4172
6447,108,서울,2024-06-25 15:00,26.6,,4.6,50,17.4,15.3,999.3,2.86,,3,3913
6448,108,서울,2024-06-25 16:00,26.3,,5.3,51,17.4,15.3,999.4,2.51,,3,3141
6449,108,서울,2024-06-25 17:00,26.1,,4.5,56,18.9,16.6,999.7,1.28,,1,3985
6450,108,서울,2024-06-25 18:00,25.1,,4.5,59,18.8,16.5,1000.1,0.9,,3,3320
6451,108,서울,2024-06-25 19:00,24.8,,4.5,62,19.4,17.0,1000.8,0.7,,1,3416
6452,108,서울,2024-06-25 20:00,23.8,,2.2,65,19.1,16.8,1001.4,0.23,,7,3547
6453,108,서울,2024-06-25 21:00,22.8,,3.1,69,19.1,16.8,1002.2,,,0,3058
6454,108,서울,2024-06-25 22:00,22.1,,1.9,72,19.1,16.8,1002.8,,,4,2934
6455,108,서울,2024-06-25 23:00,21.4,,2.1,72,18.3,16.1,1002.8,,,0,3025
6456,108,서울,2024-06-26 00:00,20.9,,0.4,71,17.5,15.4,1003.3,,,0,3306
6457,108,서울,2024-06-26 01:00,20.3,,1.4,74,17.6,15.5,1003.6,,,0,3076
6458,108,서울,2024-06-26 02:00,20.0,,0.8,77,17.9,15.8,1003.8,,,0,2624
6459,108,서울,2024-06-26 03:00,19.7,,0.5,79,18.1,15.9,1004.1,,,0,2447
6460,108,서울,2024-06-26 04:00,19.4,,1.1,82,18.4,16.2,1004.5,,,0,2526
6461,108,서울,2024-06-26 05:00,19.1,,0.3,84,18.5,16.3,1004.9,,,0,2255
6462,108,서울,2024-06-26 06:00,19.0,,0.9,85,18.6,16.4,1005.5,0.05,,0,2129
6463,108,서울,2024-06-26 07:00,20.1,,2.1,83,19.5,17.1,1005.9,0.54,,0,2287
6464,108,서울,2024-06-26 08:00,22.2,,2.6,75,20.0,17.5,1005.9,1.2,,0,2259
6465,108,서울,2024-06-26 09:00,23.8,,1.1,65,19.1,16.8,1005.8,1.98,,0,2713
6466,108,서울,2024-06-26 10:00,25.9,,1.2,59,19.6,17.2,1005.4,2.6,,1,2685
6467,108,서울,2024-06-26 11:00,26.9,,2.7,57,20.1,17.6,1005.2,2.77,,2,2260
6468,108,서울,2024-06-26 12:00,28.6,,2.7,53,20.6,18.0,1004.8,3.32,,4,2076
6469,108,서울,2024-06-26 13:00,29.7,,2.1,48,20.0,17.5,1004.5,2.77,,5,2788
6470,108,서울,2024-06-26 14:00,29.6,,2.7,44,18.2,16.0,1004.0,2.49,,5,3220
6471,108,서울,2024-06-26 15:00,30.8,,2.3,41,18.2,16.0,1003.5,2.91,,4,3252
6472,108,서울,2024-06-26 16:00,31.2,,2.0,40,18.1,15.9,1003.0,2.64,,3,3978
6473,108,서울,2024-06-26 17:00,31.1,,3.3,43,19.4,17.0,1002.8,2.27,,6,3318
6474,108,서울,2024-06-26 18:00,29.4,,4.2,46,18.8,16.5,1003.1,1.29,,1,3475
6475,108,서울,2024-06-26 19:00,28.2,,3.5,45,17.2,15.1,1003.3,0.65,,0,3828
6476,108,서울,2024-06-26 20:00,26.3,,3.5,51,17.4,15.3,1003.7,0.16,,0,3804
6477,108,서울,2024-06-26 21:00,25.1,,2.3,54,17.2,15.1,1004.3,,,0,3904
6478,108,서울,2024-06-26 22:00,24.1,,2.3,58,17.4,15.3,1004.9,,,0,3760
6479,108,서울,2024-06-26 23:00,23.4,,1.6,62,17.7,15.6,1004.9,,,0,3954
6480,108,서울,2024-06-27 00:00,22.7,,2.2,65,17.8,15.7,1004.6,,,0,3945
6481,108,서울,2024-06-27 01:00,22.3,,1.6,65,17.4,15.3,1004.4,,,0,3858
6482,108,서울,2024-06-27 02:00,21.8,,1.1,67,17.4,15.3,1004.1,,,0,3935
6483,108,서울,2024-06-27 03:00,21.4,,1.0,69,17.5,15.4,1004.1,,,0,3653
6484,108,서울,2024-06-27 04:00,21.1,,0.6,69,17.2,15.1,1004.3,,,0,3871
6485,108,서울,2024-06-27 05:00,20.8,,0.7,69,16.8,14.8,1004.5,,,0,3440
6486,108,서울,2024-06-27 06:00,20.6,,1.3,70,16.9,14.9,1004.4,0.04,,0,3616
6487,108,서울,2024-06-27 07:00,21.5,,2.3,70,17.8,15.7,1004.2,0.5,,0,3641
6488,108,서울,2024-06-27 08:00,24.0,,2.0,63,18.8,16.5,1003.8,1.22,,0,2729
6489,108,서울,2024-06-27 09:00,26.2,,1.5,56,19.0,16.7,1003.4,1.89,,0,2932
6490,108,서울,2024-06-27 10:00,27.5,,1.7,50,18.3,16.1,1002.6,2.53,,0,3448
6491,108,서울,2024-06-27 11:00,29.3,,1.1,48,19.5,17.1,1002.2,3.06,,0,2792
6492,108,서울,2024-06-27 12:00,30.3,,2.7,42,18.1,15.9,1001.4,3.12,,3,2395
6493,108,서울,2024-06-27 13:00,31.6,,2.0,39,18.1,15.9,1001.1,3.16,,1,2659
6494,108,서울,2024-06-27 14:00,31.3,,2.6,40,18.2,16.0,1000.5,2.4,,2,3447
6495,108,서울,2024-06-27 15:00,31.0,,3.3,42,18.8,16.5,1000.2,1.9,,2,2977
6496,108,서울,2024-06-27 16:00,30.5,,1.9,40,17.4,15.3,999.4,1.33,,4,3375
6497,108,서울,2024-06-27 17:00,30.3,,2.5,43,18.5,16.3,999.0,1.04,,3,3050
6498,108,서울,2024-06-27 18:00,30.5,,1.6,41,17.8,15.7,998.7,1.24,,1,2738
6499,108,서울,2024-06-27 19:00,28.9,,2.2,43,17.0,15.0,998.8,0.3,,4,3054
6500,108,서울,2024-06-27 20:00,27.8,,1.9,52,19.4,17.0,999.1,0.11,,0,2679
6501,108,서울,2024-06-27 21:00,26.5,,1.4,57,19.6,17.2,999.3,,,0,2505
6502,108,서울,2024-06-27 22:00,25.6,,0.9,58,19.0,16.7,999.4,,,0,2446
6503,108,서울,2024-06-27 23:00,24.7,,0.9,60,18.6,16.4,999.3,,,0,2371
6504,108,서울,2024-06-28 00:00,24.1,,0.7,63,18.9,16.6,998.8,,,0,2174
6505,108,서울,2024-06-28 01:00,23.5,,1.8,64,18.4,16.2,998.5,,,4,2002
6506,108,서울,2024-06-28 02:00,22.8,,1.0,68,18.8,16.5,998.0,,,0,1908
6507,108,서울,2024-06-28 03:00,22.4,,0.5,70,18.9,16.6,997.9,,,0,1940
6508,108,서울,2024-06-28 04:00,22.0,,1.2,71,18.6,16.4,997.8,,,0,2293
6509,108,서울,2024-06-28 05:00,21.6,,1.0,72,18.5,16.3,997.8,,,0,1966
6510,108,서울,2024-06-28 06:00,21.4,,1.0,74,18.8,16.5,998.3,0.06,,0,2050
6511,108,서울,2024-06-28 07:00,23.0,,1.7,72,20.1,17.6,998.2,0.62,,0,1949
6512,108,서울,2024-06-28 08:00,24.7,,0.8,65,20.1,17.6,998.4,1.07,,0,1754
6513,108,서울,2024-06-28 09:00,26.7,,1.7,55,19.2,16.9,998.1,1.75,,0,2166
6514,108,서울,2024-06-28 10:00,27.4,,1.9,51,18.5,16.3,998.0,1.88,,0,2625
6515,108,서울,2024-06-28 11:00,29.0,,2.0,48,19.1,16.8,997.5,3.09,,0,2476
6516,108,서울,2024-06-28 12:00,30.5,,2.3,47,20.5,17.9,996.7,3.48,,1,2574
6517,108,서울,2024-06-28 13:00,31.5,,3.0,37,17.0,15.0,996.2,3.61,,1,2906
6518,108,서울,2024-06-28 14:00,32.3,,1.9,37,17.8,15.7,995.5,3.45,,1,2292
6519,108,서울,2024-06-28 15:00,32.4,,2.7,39,18.9,16.6,995.4,3.1,,1,2541
6520,108,서울,2024-06-28 16:00,31.7,,3.8,41,19.1,16.8,995.3,2.59,,0,2225
6521,108,서울,2024-06-28 17:00,31.2,,4.2,40,18.1,15.9,995.4,1.98,,0,2983
6522,108,서울,2024-06-28 18:00,30.0,,3.9,41,17.4,15.3,995.9,1.36,,0,2869
6523,108,서울,2024-06-28 19:00,28.7,,3.5,43,16.8,14.8,996.5,0.65,,0,3216
6524,108,서울,2024-06-28 20:00,27.0,,3.2,44,15.6,13.6,996.7,0.15,,0,3617
6525,108,서울,2024-06-28 21:00,25.7,,2.2,52,17.0,15.0,997.2,,,0,3221
6526,108,서울,2024-06-28 22:00,24.9,,1.1,55,17.3,15.2,997.1,,,0,2875
6527,108,서울,2024-06-28 23:00,24.3,,1.9,58,17.6,15.5,997.2,,,0,2632
6528,108,서울,2024-06-29 00:00,24.0,,1.6,59,17.5,15.4,997.3,,,0,2374
6529,108,서울,2024-06-29 01:00,23.7,,1.0,60,17.5,15.4,997.6,,,0,2492
6530,108,서울,2024-06-29 02:00,23.2,,0.8,61,17.3,15.2,997.6,,,0,2132
6531,108,서울,2024-06-29 03:00,23.0,,1.2,63,17.6,15.5,997.3,,,0,2045
6532,108,서울,2024-06-29 04:00,22.2,,1.5,65,17.3,15.2,997.1,,,0,2169
6533,108,서울,2024-06-29 05:00,21.7,,2.1,67,17.3,15.2,997.1,,,0,2158
6534,108,서울,2024-06-29 06:00,21.8,,1.8,69,17.9,15.8,997.1,0.05,,0,2314
6535,108,서울,2024-06-29 07:00,23.3,,1.9,65,18.5,16.3,996.9,0.48,,0,2274
6536,108,서울,2024-06-29 08:00,25.3,,1.7,58,18.6,16.4,997.2,1.09,,6,1968
6537,108,서울,2024-06-29 09:00,27.1,,2.2,53,18.9,16.6,996.4,1.67,,1,1984
6538,108,서울,2024-06-29 10:00,28.7,,1.7,52,20.4,17.8,996.0,2.33,,1,2428
6539,108,서울,2024-06-29 11:00,30.0,,1.5,50,21.2,18.4,995.5,2.5,,0,2681
6540,108,서울,2024-06-29 12:00,31.3,,2.6,47,21.4,18.6,994.9,3.35,,3,3246
6541,108,서울,2024-06-29 13:00,31.3,,3.6,47,21.4,18.6,994.2,2.91,,4,2962
6542,108,서울,2024-06-29 14:00,32.0,,3.2,46,21.8,18.9,993.0,2.6,,8,2505
6543,108,서울,2024-06-29 15:00,31.2,,2.7,49,22.2,19.2,992.1,1.18,,9,2719
6544,108,서울,2024-06-29 16:00,30.6,,1.9,52,22.8,19.6,991.1,0.55,,9,2745
6545,108,서울,2024-06-29 17:00,31.3,,3.5,52,23.7,20.2,990.0,1.25,,6,2861
6546,108,서울,2024-06-29 18:00,30.3,,4.3,55,23.7,20.2,989.0,0.38,,7,2909
6547,108,서울,2024-06-29 19:00,27.8,0.0,5.5,69,25.6,21.5,989.2,0.1,,8,1213
6548,108,서울,2024-06-29 20:00,25.1,2.2,3.1,85,26.9,22.3,988.7,0.02,,8,502
6549,108,서울,2024-06-29 21:00,24.3,10.9,2.6,91,27.6,22.7,988.5,,,9,209
6550,108,서울,2024-06-29 22:00,24.1,13.6,1.8,93,27.7,22.8,988.4,,,9,348
6551,108,서울,2024-06-29 23:00,24.2,8.1,1.1,93,27.9,22.9,987.6,,,8,209
6552,108,서울,2024-06-30 00:00,24.4,3.5,2.5,94,28.6,23.3,986.6,,,7,1305
6553,108,서울,2024-06-30 01:00,24.4,15.1,4.5,95,28.9,23.5,986.0,,,8,706
6554,108,서울,2024-06-30 02:00,24.3,6.0,4.1,96,29.1,23.6,985.4,,,9,371
6555,108,서울,2024-06-30 03:00,24.2,8.4,4.2,96,28.9,23.5,984.7,,,7,575
6556,108,서울,2024-06-30 04:00,24.1,1.4,4.2,94,28.1,23.0,984.6,,,6,1586
6557,108,서울,2024-06-30 05:00,24.0,0.6,3.8,95,28.3,23.1,984.7,,,7,289
6558,108,서울,2024-06-30 06:00,23.6,0.6,5.5,94,27.2,22.5,984.9,0.01,,6,2182
6559,108,서울,2024-06-30 07:00,23.3,,4.1,91,26.0,21.7,984.7,0.07,,6,3253
6560,108,서울,2024-06-30 08:00,22.7,0.0,5.3,92,25.3,21.3,985.2,0.05,,6,1655
6561,108,서울,2024-06-30 09:00,22.5,0.0,4.8,93,25.3,21.3,985.0,0.11,,8,808
6562,108,서울,2024-06-30 10:00,22.1,0.1,5.2,93,24.7,20.9,985.7,0.24,,8,1388
6563,108,서울,2024-06-30 11:00,22.3,,5.1,91,24.4,20.7,986.3,0.31,,8,1266
6564,108,서울,2024-06-30 12:00,22.3,,3.9,90,24.1,20.5,986.8,0.26,,8,1191
6565,108,서울,2024-06-30 13:00,22.6,,4.2,88,24.1,20.5,987.1,0.29,,8,1403
6566,108,서울,2024-06-30 14:00,23.2,,3.2,86,24.4,20.7,987.3,0.36,,8,1771
6567,108,서울,2024-06-30 15:00,23.8,,2.7,84,24.7,20.9,987.5,0.45,,9,2055
6568,108,서울,2024-06-30 16:00,24.5,,2.0,82,25.2,21.2,988.0,0.52,,9,1985
6569,108,서울,2024-06-30 17:00,24.9,,3.5,80,25.2,21.2,988.3,0.52,,9,2137
6570,108,서울,2024-06-30 18:00,24.9,,2.5,81,25.5,21.4,988.6,0.39,,8,2049
6571,108,서울,2024-06-30 19:00,24.7,,2.6,81,25.2,21.2,989.2,0.25,,1,2150
6572,108,서울,2024-06-30 20:00,24.5,,3.3,82,25.2,21.2,989.9,0.06,,3,1996
6573,108,서울,2024-06-30 21:00,23.8,,2.1,83,24.4,20.7,991.1,,,3,1562
6574,108,서울,2024-06-30 22:00,23.1,,2.9,85,24.0,20.4,991.8,,,6,1387
6575,108,서울,2024-06-30 23:00,22.8,,1.3,86,23.8,20.3,991.7,,,4,1196
6576,108,서울,2024-07-01 00:00,22.8,,1.6,87,24.1,20.5,991.8,,,8,1040
6577,108,서울,2024-07-01 01:00,22.5,,2.6,88,24.0,20.4,992.4,,,1,804
6578,108,서울,2024-07-01 02:00,22.4,,1.2,89,24.0,20.4,992.4,,,0,726
6579,108,서울,2024-07-01 03:00,22.4,,1.9,89,24.0,20.4,993.0,,,8,735
6580,108,서울,2024-07-01 04:00,22.3,,1.7,88,23.7,20.2,993.4,,,9,801
6581,108,서울,2024-07-01 05:00,22.1,,2.0,86,22.8,19.6,993.6,,,9,951
6582,108,서울,2024-07-01 06:00,22.0,,1.0,85,22.4,19.3,993.5,0.01,,9,1384
6583,108,서울,2024-07-01 07:00,22.4,,0.5,84,22.7,19.5,993.6,0.21,,9,1624
6584,108,서울,2024-07-01 08:00,23.0,,1.4,82,22.9,19.7,994.2,0.46,,7,1548
6585,108,서울,2024-07-01 09:00,24.9,,1.3,71,22.2,19.2,994.2,1.77,,8,2994
6586,108,서울,2024-07-01 10:00,25.2,,1.9,70,22.4,19.3,994.5,1.1,,4,2202
6587,108,서울,2024-07-01 11:00,26.8,,1.9,61,21.4,18.6,994.1,2.61,,3,2417
6588,108,서울,2024-07-01 12:00,28.0,,2.7,57,21.4,18.6,994.3,3.12,,2,2154
6589,108,서울,2024-07-01 13:00,29.0,,2.3,55,22.0,19.0,993.7,3.47,,1,2012
6590,108,서울,2024-07-01 14:00,30.3,,2.3,52,22.4,19.3,993.4,3.23,,3,2903
6591,108,서울,2024-07-01 15:00,30.7,,1.8,51,22.4,19.3,993.3,2.7,,5,2298
6592,108,서울,2024-07-01 16:00,31.2,,2.1,48,21.7,18.8,992.9,2.4,,2,2083
6593,108,서울,2024-07-01 17:00,31.1,,2.3,49,22.1,19.1,992.4,1.74,,1,2536
6594,108,서울,2024-07-01 18:00,30.8,,2.0,52,23.1,19.8,992.7,1.1,,2,2194
6595,108,서울,2024-07-01 19:00,29.5,,2.8,61,25.0,21.1,993.4,0.65,,3,2791
6596,108,서울,2024-07-01 20:00,27.8,,2.5,67,25.0,21.1,994.0,0.12,,4,2386
6597,108,서울,2024-07-01 21:00,26.5,,2.6,71,24.6,20.8,995.0,,,0,2646
6598,108,서울,2024-07-01 22:00,25.9,,2.4,74,24.7,20.9,995.4,,,3,2588
6599,108,서울,2024-07-01 23:00,25.6,,0.4,76,24.9,21.0,995.4,,,5,2343
6600,108,서울,2024-07-02 00:00,25.2,,1.1,77,24.6,20.8,995.1,,,0,2440
6601,108,서울,2024-07-02 01:00,24.8,,1.5,78,24.3,20.6,994.6,,,7,2376
6602,108,서울,2024-07-02 02:00,24.6,,1.6,80,24.7,20.9,994.3,,,9,2187
6603,108,서울,2024-07-02 03:00,24.4,,2.2,81,24.7,20.9,994.2,,,3,1908
6604,108,서울,2024-07-02 04:00,24.4,,2.3,82,25.0,21.1,994.3,,,3,1912
6605,108,서울,2024-07-02 05:00,24.4,,3.2,81,24.7,20.9,994.4,,,2,1954
6606,108,서울,2024-07-02 06:00,24.4,,2.6,80,24.4,20.7,994.5,0.01,,3,2060
6607,108,서울,2024-07-02 07:00,24.4,0.0,3.2,78,23.8,20.3,994.5,0.05,,4,2028
6608,108,서울,2024-07-02 08:00,24.0,0.3,2.6,82,24.4,20.7,994.6,0.1,,6,1772
6609,108,서울,2024-07-02 09:00,23.7,0.7,3.1,85,24.9,21.0,994.6,0.14,,7,1118
6610,108,서울,2024-07-02 10:00,23.5,2.5,2.1,89,25.6,21.5,995.1,0.3,,6,547
6611,108,서울,2024-07-02 11:00,23.1,5.5,2.4,91,25.6,21.5,995.3,0.32,,7,457
6612,108,서울,2024-07-02 12:00,22.1,20.1,3.8,94,24.9,21.0,994.9,0.12,,9,234
6613,108,서울,2024-07-02 13:00,22.0,21.9,4.1,96,25.3,21.3,994.7,0.12,,9,260
6614,108,서울,2024-07-02 14:00,22.0,7.2,4.4,97,25.5,21.4,994.4,0.17,,8,670
6615,108,서울,2024-07-02 15:00,22.0,1.9,3.7,96,25.3,21.3,994.4,0.12,,7,394
6616,108,서울,2024-07-02 16:00,22.1,1.5,3.9,97,25.6,21.5,994.0,0.2,,8,353
6617,108,서울,2024-07-02 17:00,22.1,1.0,4.2,96,25.5,21.4,993.5,0.15,,7,557
6618,108,서울,2024-07-02 18:00,22.1,0.2,3.6,95,25.2,21.2,992.7,0.07,,5,2432
6619,108,서울,2024-07-02 19:00,22.3,0.1,2.7,95,25.5,21.4,993.1,0.04,,5,1207
6620,108,서울,2024-07-02 20:00,22.4,0.1,2.8,95,25.6,21.5,993.4,0.02,,6,3918
6621,108,서울,2024-07-02 21:00,22.7,0.2,3.0,94,25.8,21.6,993.3,,,8,3176
6622,108,서울,2024-07-02 22:00,23.1,0.0,2.0,94,26.4,22.0,993.3,,,8,2964
6623,108,서울,2024-07-02 23:00,23.8,0.3,2.0,93,27.2,22.5,993.1,,,9,1377
6624,108,서울,2024-07-03 00:00,24.1,1.6,1.5,95,28.4,23.2,993.2,,,9,1072
6625,108,서울,2024-07-03 01:00,24.5,0.8,5.4,94,28.8,23.4,993.7,,,8,1085
6626,108,서울,2024-07-03 02:00,24.3,0.0,3.8,91,27.6,22.7,993.9,,,7,1393
6627,108,서울,2024-07-03 03:00,24.1,0.0,4.0,90,26.9,22.3,994.3,,,7,1313
6628,108,서울,2024-07-03 04:00,24.1,0.0,3.4,88,26.3,21.9,994.5,,,8,1455
6629,108,서울,2024-07-03 05:00,24.0,,4.0,86,25.6,21.5,995.1,,,9,1659
6630,108,서울,2024-07-03 06:00,23.7,,4.0,85,24.9,21.0,995.9,0.01,,9,1958
6631,108,서울,2024-07-03 07:00,23.7,0.0,4.3,85,24.9,21.0,996.8,0.07,,9,1797
6632,108,서울,2024-07-03 08:00,23.7,0.0,3.7,83,24.3,20.6,997.9,0.28,,9,2474
6633,108,서울,2024-07-03 09:00,24.3,,3.7,80,24.3,20.6,998.1,0.66,,8,3109
6634,108,서울,2024-07-03 10:00,24.8,,3.7,77,24.0,20.4,998.4,1.04,,9,2938
6635,108,서울,2024-07-03 11:00,25.5,,4.8,73,23.7,20.2,998.6,1.71,,8,3170
6636,108,서울,2024-07-03 12:00,25.9,,4.2,70,23.4,20.0,998.6,1.38,,8,4207
6637,108,서울,2024-07-03 13:00,25.2,,3.8,73,23.4,20.0,998.8,0.59,,7,3306
6638,108,서울,2024-07-03 14:00,24.9,,4.6,74,23.2,19.9,998.7,0.58,,8,2999
6639,108,서울,2024-07-03 15:00,25.4,,3.4,73,23.7,20.2,998.7,0.83,,8,2536
6640,108,서울,2024-07-03 16:00,25.4,,4.0,74,24.0,20.4,998.6,0.75,,7,2028
6641,108,서울,2024-07-03 17:00,25.4,,3.3,75,24.3,20.6,998.6,0.46,,7,1535
6642,108,서울,2024-07-03 18:00,25.2,,3.3,76,24.3,20.6,998.9,0.35,,8,1487
6643,108,서울,2024-07-03 19:00,25.1,,2.8,78,24.7,20.9,999.1,0.15,,8,1045
6644,108,서울,2024-07-03 20:00,24.8,,3.2,80,25.0,21.1,999.4,0.05,,6,698
6645,108,서울,2024-07-03 21:00,24.7,,2.7,82,25.5,21.4,999.8,,,9,580
6646,108,서울,2024-07-03 22:00,24.6,,1.9,84,26.0,21.7,1000.2,,,9,501
6647,108,서울,2024-07-03 23:00,24.3,,1.7,84,25.5,21.4,1000.2,,,6,448
6648,108,서울,2024-07-04 00:00,24.1,,3.5,86,25.8,21.6,1000.0,,,8,351
6649,108,서울,2024-07-04 01:00,24.0,,2.9,87,25.8,21.6,999.8,,,8,401
6650,108,서울,2024-07-04 02:00,24.0,,3.0,86,25.6,21.5,999.9,,,9,416
6651,108,서울,2024-07-04 03:00,23.9,,3.4,86,25.5,21.4,999.7,,,9,368
6652,108,서울,2024-07-04 04:00,23.8,,2.3,86,25.3,21.3,999.7,,,9,386
6653,108,서울,2024-07-04 05:00,23.5,0.0,2.3,85,24.6,20.8,999.8,,,8,430
6654,108,서울,2024-07-04 06:00,23.4,,2.9,86,24.7,20.9,1000.3,0.02,,7,369
6655,108,서울,2024-07-04 07:00,23.3,,2.4,86,24.6,20.8,1000.1,0.3,,4,373
6656,108,서울,2024-07-04 08:00,23.7,,3.2,82,24.0,20.4,1000.2,0.49,,8,482
6657,108,서울,2024-07-04 09:00,24.5,,2.8,79,24.3,20.6,999.5,0.87,,9,556
6658,108,서울,2024-07-04 10:00,25.2,,1.8,77,24.6,20.8,999.1,1.17,,9,561
6659,108,서울,2024-07-04 11:00,26.5,,3.1,72,24.9,21.0,998.8,1.97,,5,592
6660,108,서울,2024-07-04 12:00,28.0,,2.5,66,24.9,21.0,998.2,2.98,,7,757
6661,108,서울,2024-07-04 13:00,28.4,,3.0,65,25.0,21.1,998.0,2.19,,8,774
6662,108,서울,2024-07-04 14:00,29.7,,3.0,62,25.8,21.6,996.6,2.94,,6,1249
6663,108,서울,2024-07-04 15:00,30.6,,2.7,60,26.3,21.9,995.5,2.97,,8,1459
6664,108,서울,2024-07-04 16:00,30.3,,2.7,57,24.6,20.8,994.4,1.75,,8,1585
6665,108,서울,2024-07-04 17:00,29.5,0.0,2.8,59,24.3,20.6,993.7,0.45,,7,1878
6666,108,서울,2024-07-04 18:00,29.3,0.0,2.7,63,25.6,21.5,993.0,0.37,,6,1566
6667,108,서울,2024-07-04 19:00,29.0,0.0,3.3,65,26.0,21.7,992.4,0.28,,7,1570
6668,108,서울,2024-07-04 20:00,28.7,0.0,2.9,69,27.1,22.4,991.4,0.06,,5,1861
6669,108,서울,2024-07-04 21:00,29.0,0.0,4.8,71,28.4,23.2,991.9,,,4,2129
6670,108,서울,2024-07-04 22:00,28.2,0.0,4.9,76,28.9,23.5,992.1,,,8,2429
6671,108,서울,2024-07-04 23:00,26.2,3.6,3.1,85,28.8,23.4,991.7,,,8,1911
6672,108,서울,2024-07-05 00:00,25.8,0.0,4.6,87,28.8,23.4,991.1,,,8,1187
6673,108,서울,2024-07-05 01:00,24.7,3.3,5.3,90,27.9,22.9,990.5,,,8,2159
6674,108,서울,2024-07-05 02:00,23.6,0.6,6.3,87,25.3,21.3,991.0,,,7,1111
6675,108,서울,2024-07-05 03:00,22.3,0.0,7.0,90,24.1,20.5,991.0,,,7,1178
6676,108,서울,2024-07-05 04:00,21.9,0.0,2.8,90,23.5,20.1,991.1,,,10,1397
6677,108,서울,2024-07-05 05:00,21.4,0.0,5.6,93,23.7,20.2,991.7,,,10,942
6678,108,서울,2024-07-05 06:00,21.3,0.2,3.5,95,24.0,20.4,992.2,0.0,,10,493
6679,108,서울,2024-07-05 07:00,21.5,0.0,3.3,94,24.0,20.4,993.1,0.05,,10,832
6680,108,서울,2024-07-05 08:00,22.1,,2.8,92,24.4,20.7,994.0,0.21,,10,1177
6681,108,서울,2024-07-05 09:00,22.2,,3.1,89,23.7,20.2,994.6,0.28,,9,1992
6682,108,서울,2024-07-05 10:00,22.4,,3.2,89,24.0,20.4,994.9,0.46,,9,2168
6683,108,서울,2024-07-05 11:00,22.8,,3.8,85,23.5,20.1,995.3,0.67,,9,2022
6684,108,서울,2024-07-05 12:00,23.5,,2.6,82,23.7,20.2,995.5,0.88,,9,1760
6685,108,서울,2024-07-05 13:00,24.6,,3.8,75,23.1,19.8,995.2,1.68,,9,2080
6686,108,서울,2024-07-05 14:00,25.0,,2.7,74,23.4,20.0,995.1,1.41,,9,1836
6687,108,서울,2024-07-05 15:00,25.3,,4.0,73,23.5,20.1,995.1,1.74,,9,1759
6688,108,서울,2024-07-05 16:00,25.5,,2.9,71,23.1,19.8,995.0,1.23,,8,1654
6689,108,서울,2024-07-05 17:00,26.1,,2.4,69,23.2,19.9,994.8,1.6,,7,1739
6690,108,서울,2024-07-05 18:00,25.6,,2.3,68,22.2,19.2,995.0,0.78,,8,2417
6691,108,서울,2024-07-05 19:00,25.1,,2.1,70,22.2,19.2,995.2,0.19,,1,2354
6692,108,서울,2024-07-05 20:00,24.2,,2.9,70,21.0,18.3,995.5,0.07,,1,2597
6693,108,서울,2024-07-05 21:00,24.0,,0.9,71,21.2,18.4,996.4,,,9,2635
6694,108,서울,2024-07-05 22:00,23.5,,1.4,74,21.3,18.5,996.1,,,1,2436
6695,108,서울,2024-07-05 23:00,23.3,,1.0,76,21.7,18.8,995.7,,,1,2262
6696,108,서울,2024-07-06 00:00,23.2,,1.2,76,21.6,18.7,995.5,,,9,2124
6697,108,서울,2024-07-06 01:00,23.0,,1.6,78,21.8,18.9,995.1,,,1,1967
6698,108,서울,2024-07-06 02:00,22.7,,1.6,80,22.0,19.0,994.7,,,1,1679
6699,108,서울,2024-07-06 03:00,22.9,,2.3,81,22.5,19.4,994.7,,,7,1564
6700,108,서울,2024-07-06 04:00,22.9,0.0,0.8,82,22.8,19.6,995.0,,,8,1148
6701,108,서울,2024-07-06 05:00,22.4,1.0,1.6,89,24.0,20.4,994.7,,,6,512
6702,108,서울,2024-07-06 06:00,22.1,1.5,2.2,92,24.4,20.7,994.3,0.0,,8,449
6703,108,서울,2024-07-06 07:00,22.1,0.0,2.6,93,24.7,20.9,994.0,0.06,,8,425
6704,108,서울,2024-07-06 08:00,22.3,,2.9,92,24.7,20.9,994.0,0.14,,6,677
6705,108,서울,2024-07-06 09:00,22.7,,2.4,91,25.0,21.1,994.1,0.31,,6,812
6706,108,서울,2024-07-06 10:00,23.4,,3.0,90,25.8,21.6,993.3,0.4,,7,925
6707,108,서울,2024-07-06 11:00,25.1,,1.5,88,27.9,22.9,992.9,0.87,,8,1334
6708,108,서울,2024-07-06 12:00,26.6,,2.3,85,29.5,23.8,992.3,0.61,,8,1861
6709,108,서울,2024-07-06 13:00,28.2,,3.8,80,30.6,24.4,991.4,0.84,,8,2413
6710,108,서울,2024-07-06 14:00,29.6,,5.4,75,30.9,24.6,990.7,1.34,,9,2331
6711,108,서울,2024-07-06 15:00,29.6,,4.1,73,30.2,24.2,990.7,1.05,,9,2316
6712,108,서울,2024-07-06 16:00,28.7,,5.6,76,29.8,24.0,990.8,0.48,,9,2108
6713,108,서울,2024-07-06 17:00,28.7,,5.4,76,29.8,24.0,990.6,0.61,,9,1978
6714,108,서울,2024-07-06 18:00,27.8,0.0,4.4,79,29.5,23.8,990.8,0.1,,8,1621
6715,108,서울,2024-07-06 19:00,27.1,,5.4,81,28.9,23.5,991.2,0.02,,1,1308
6716,108,서울,2024-07-06 20:00,26.5,0.0,5.5,83,28.6,23.3,991.7,0.01,,8,1120
6717,108,서울,2024-07-06 21:00,25.3,0.1,5.6,88,28.3,23.1,992.4,,,8,972
6718,108,서울,2024-07-06 22:00,24.5,0.2,3.8,87,26.6,22.1,993.3,,,8,1433
6719,108,서울,2024-07-06 23:00,24.3,,2.6,86,26.1,21.8,993.6,,,1,1804
6720,108,서울,2024-07-07 00:00,24.0,,2.9,84,25.0,21.1,993.9,,,9,1871
6721,108,서울,2024-07-07 01:00,23.1,,3.1,84,23.7,20.2,994.1,,,1,1782
6722,108,서울,2024-07-07 02:00,22.6,,2.6,86,23.5,20.1,993.8,,,1,1688
6723,108,서울,2024-07-07 03:00,22.2,,2.1,87,23.2,19.9,994.0,,,3,1494
6724,108,서울,2024-07-07 04:00,21.9,,2.1,89,23.2,19.9,993.6,,,3,1235
6725,108,서울,2024-07-07 05:00,21.6,,0.9,89,22.9,19.7,993.9,,,0,1195
6726,108,서울,2024-07-07 06:00,21.5,,0.8,90,22.9,19.7,994.1,0.03,,0,1042
6727,108,서울,2024-07-07 07:00,22.0,,0.2,90,23.7,20.2,994.6,0.26,,0,1136
6728,108,서울,2024-07-07 08:00,22.7,,0.8,88,24.3,20.6,995.6,0.48,,0,1077
6729,108,서울,2024-07-07 09:00,23.6,,1.5,86,25.0,21.1,994.9,0.65,,6,1080
6730,108,서울,2024-07-07 10:00,25.0,,1.2,80,25.3,21.3,995.1,1.34,,4,1076
6731,108,서울,2024-07-07 11:00,25.8,,1.3,78,25.8,21.6,995.4,1.28,,6,1018
6732,108,서울,2024-07-07 12:00,26.0,,2.2,75,25.2,21.2,995.2,0.97,,7,1065
6733,108,서울,2024-07-07 13:00,27.5,,1.0,72,26.3,21.9,994.1,1.74,,6,1290
6734,108,서울,2024-07-07 14:00,28.0,,2.5,69,26.0,21.7,993.6,1.88,,3,1313
6735,108,서울,2024-07-07 15:00,27.4,,2.3,72,26.1,21.8,993.7,1.19,,6,1566
6736,108,서울,2024-07-07 16:00,26.5,,2.9,79,27.2,22.5,994.2,0.64,,8,1952
6737,108,서울,2024-07-07 17:00,26.6,,1.7,79,27.4,22.6,993.9,0.42,,8,2234
6738,108,서울,2024-07-07 18:00,26.0,0.0,2.2,82,27.4,22.6,993.8,0.16,,8,1851
6739,108,서울,2024-07-07 19:00,24.5,19.9,1.7,91,27.9,22.9,994.0,0.04,,9,238
6740,108,서울,2024-07-07 20:00,24.2,7.3,1.5,91,27.4,22.6,994.0,0.01,,8,1486
6741,108,서울,2024-07-07 21:00,24.4,0.6,1.6,94,28.6,23.3,994.6,,,9,344
6742,108,서울,2024-07-07 22:00,24.4,0.8,2.9,94,28.6,23.3,994.5,,,7,916
6743,108,서울,2024-07-07 23:00,24.4,0.1,2.5,94,28.6,23.3,993.8,,,6,762
6744,108,서울,2024-07-08 00:00,24.3,,2.4,95,28.8,23.4,994.0,,,6,527
6745,108,서울,2024-07-08 01:00,24.0,0.0,3.0,96,28.6,23.3,994.3,,,7,435
6746,108,서울,2024-07-08 02:00,24.0,0.0,2.3,95,28.3,23.1,993.3,,,8,401
6747,108,서울,2024-07-08 03:00,23.9,0.8,1.7,96,28.4,23.2,993.1,,,8,177
6748,108,서울,2024-07-08 04:00,23.8,1.4,1.6,96,28.3,23.1,993.2,,,8,222
6749,108,서울,2024-07-08 05:00,23.8,6.8,1.5,97,28.4,23.2,993.6,,,8,185
6750,108,서울,2024-07-08 06:00,23.9,0.5,1.3,96,28.4,23.2,993.1,0.0,,7,363
6751,108,서울,2024-07-08 07:00,24.2,0.0,2.0,96,28.9,23.5,993.5,0.05,,6,467
6752,108,서울,2024-07-08 08:00,24.2,,3.2,94,28.3,23.1,993.3,0.12,,6,860
6753,108,서울,2024-07-08 09:00,24.2,0.0,2.0,93,27.9,22.9,993.3,0.18,,8,1238
6754,108,서울,2024-07-08 10:00,24.1,0.0,2.4,91,27.2,22.5,993.0,0.29,,8,3222
6755,108,서울,2024-07-08 11:00,24.1,0.0,2.4,90,26.9,22.3,993.3,0.16,,8,2846
6756,108,서울,2024-07-08 12:00,23.9,0.3,2.7,92,27.2,22.5,993.3,0.3,,8,640
6757,108,서울,2024-07-08 13:00,24.0,0.4,1.9,93,27.6,22.7,993.0,0.3,,9,799
6758,108,서울,2024-07-08 14:00,23.9,3.2,1.4,94,27.7,22.8,993.0,0.27,,9,413
6759,108,서울,2024-07-08 15:00,24.0,1.8,2.0,94,27.9,22.9,992.5,0.3,,9,344
6760,108,서울,2024-07-08 16:00,24.3,0.2,3.2,93,28.1,23.0,992.6,0.66,,8,1223
6761,108,서울,2024-07-08 17:00,24.5,0.0,2.3,92,28.3,23.1,991.4,0.35,,8,1934
6762,108,서울,2024-07-08 18:00,24.3,0.0,1.4,90,27.2,22.5,991.7,0.23,,8,1336
6763,108,서울,2024-07-08 19:00,23.9,2.7,2.7,93,27.4,22.6,992.3,0.11,,9,442
6764,108,서울,2024-07-08 20:00,23.4,3.0,1.8,93,26.6,22.1,991.7,0.04,,8,1128
6765,108,서울,2024-07-08 21:00,23.1,0.0,1.3,92,26.0,21.7,992.1,,,6,2735
6766,108,서울,2024-07-08 22:00,23.2,,0.7,92,26.1,21.8,993.0,,,7,3260
6767,108,서울,2024-07-08 23:00,23.2,0.0,0.9,93,26.3,21.9,993.2,,,7,1434
6768,108,서울,2024-07-09 00:00,23.2,,1.9,94,26.6,22.1,993.2,,,7,1485
6769,108,서울,2024-07-09 01:00,23.3,,0.8,93,26.4,22.0,992.9,,,3,1596
6770,108,서울,2024-07-09 02:00,23.2,,0.7,93,26.3,21.9,992.5,,,6,732
6771,108,서울,2024-07-09 03:00,22.9,,0.9,93,26.0,21.7,992.5,,,7,723
6772,108,서울,2024-07-09 04:00,22.9,,0.6,94,26.1,21.8,992.8,,,9,713
6773,108,서울,2024-07-09 05:00,22.8,,0.6,93,25.8,21.6,993.0,,,5,765
6774,108,서울,2024-07-09 06:00,22.8,,0.4,94,26.0,21.7,993.7,0.02,,5,619
6775,108,서울,2024-07-09 07:00,23.0,,1.6,93,26.1,21.8,994.8,0.16,,9,972
6776,108,서울,2024-07-09 08:00,23.5,,1.5,92,26.6,22.1,995.2,0.39,,9,1162
6777,108,서울,2024-07-09 09:00,24.1,,2.1,87,26.0,21.7,995.4,0.66,,9,1576
6778,108,서울,2024-07-09 10:00,25.4,,2.3,83,26.8,22.2,994.2,1.15,,2,2187
6779,108,서울,2024-07-09 11:00,26.0,,1.6,80,26.8,22.2,994.6,1.15,,7,2087
6780,108,서울,2024-07-09 12:00,26.2,0.0,1.7,80,27.1,22.4,995.3,0.75,,8,1647
6781,108,서울,2024-07-09 13:00,26.4,0.0,2.8,80,27.4,22.6,995.0,0.84,,3,1462
6782,108,서울,2024-07-09 14:00,26.4,,2.5,81,27.7,22.8,994.3,0.93,,5,1750
6783,108,서울,2024-07-09 15:00,25.8,0.0,3.3,83,27.4,22.6,995.2,0.34,,6,1613
6784,108,서울,2024-07-09 16:00,25.3,0.0,3.6,83,26.6,22.1,995.1,0.45,,6,1479
6785,108,서울,2024-07-09 17:00,25.2,0.1,1.0,84,26.8,22.2,994.0,0.36,,6,1232
6786,108,서울,2024-07-09 18:00,25.1,0.0,2.6,84,26.6,22.1,993.9,0.37,,4,1330
6787,108,서울,2024-07-09 19:00,25.1,,1.4,83,26.4,22.0,993.6,0.18,,1,2268
6788,108,서울,2024-07-09 20:00,25.0,,2.4,84,26.6,22.1,994.2,0.02,,1,2266
6789,108,서울,2024-07-09 21:00,24.8,0.0,1.1,84,26.3,21.9,994.3,,,6,2845
6790,108,서울,2024-07-09 22:00,24.6,0.0,2.4,85,26.3,21.9,994.5,,,7,2560
6791,108,서울,2024-07-09 23:00,24.3,0.0,2.1,87,26.3,21.9,993.5,,,8,2941
6792,108,서울,2024-07-10 00:00,23.9,0.2,1.9,90,26.6,22.1,993.3,,,8,1781
6793,108,서울,2024-07-10 01:00,23.6,1.4,2.5,92,26.8,22.2,991.6,,,8,1337
6794,108,서울,2024-07-10 02:00,23.4,0.0,2.2,92,26.4,22.0,991.9,,,7,3096
6795,108,서울,2024-07-10 03:00,23.1,0.0,3.6,93,26.1,21.8,989.1,,,7,2348
6796,108,서울,2024-07-10 04:00,23.0,0.0,3.2,88,24.6,20.8,990.0,,,7,4245
6797,108,서울,2024-07-10 05:00,22.8,0.0,2.0,87,24.1,20.5,989.6,,,7,4344
6798,108,서울,2024-07-10 06:00,22.8,,2.3,88,24.4,20.7,989.7,0.03,,5,3904
6799,108,서울,2024-07-10 07:00,23.4,,1.8,88,25.2,21.2,990.0,0.39,,2,3064
6800,108,서울,2024-07-10 08:00,24.9,,1.8,83,26.1,21.8,989.9,0.91,,2,3487
6801,108,서울,2024-07-10 09:00,26.4,,2.4,77,26.4,22.0,990.2,1.6,,0,4203
6802,108,서울,2024-07-10 10:00,27.9,,2.5,72,26.9,22.3,989.7,2.26,,0,4051
6803,108,서울,2024-07-10 11:00,29.1,,1.5,68,27.2,22.5,989.5,3.05,,2,4350
6804,108,서울,2024-07-10 12:00,30.3,,2.4,62,26.6,22.1,989.4,3.45,,8,4316
6805,108,서울,2024-07-10 13:00,30.6,,1.6,60,26.3,21.9,989.1,2.62,,8,3958
6806,108,서울,2024-07-10 14:00,30.4,,2.1,62,26.8,22.2,989.2,2.09,,8,3818
6807,108,서울,2024-07-10 15:00,29.0,0.0,3.4,71,28.4,23.2,989.6,0.68,,9,3608
6808,108,서울,2024-07-10 16:00,29.6,0.0,2.1,67,27.7,22.8,989.3,0.67,,4,3883
6809,108,서울,2024-07-10 17:00,29.9,,3.1,64,26.9,22.3,989.4,0.78,,9,3768
6810,108,서울,2024-07-10 18:00,29.5,,1.2,70,28.8,23.4,989.3,0.74,,6,4574
6811,108,서울,2024-07-10 19:00,28.7,,2.9,72,28.3,23.1,989.9,0.65,,1,3280
6812,108,서울,2024-07-10 20:00,27.2,,2.0,76,27.2,22.5,990.3,0.12,,1,3392
6813,108,서울,2024-07-10 21:00,26.7,,1.3,76,26.6,22.1,990.9,,,1,3187
6814,108,서울,2024-07-10 22:00,25.9,,1.4,78,26.0,21.7,991.4,,,1,3062
6815,108,서울,2024-07-10 23:00,25.5,,0.9,79,25.6,21.5,991.7,,,1,3083
6816,108,서울,2024-07-11 00:00,25.1,,1.4,80,25.3,21.3,991.7,,,3,3020
6817,108,서울,2024-07-11 01:00,24.8,,0.7,81,25.3,21.3,991.7,,,0,2714
6818,108,서울,2024-07-11 02:00,24.5,,0.9,83,25.5,21.4,991.6,,,1,2668
6819,108,서울,2024-07-11 03:00,24.4,,1.0,85,26.0,21.7,991.7,,,6,2244
6820,108,서울,2024-07-11 04:00,24.2,,0.8,86,26.0,21.7,991.9,,,7,1005
6821,108,서울,2024-07-11 05:00,24.0,,0.6,86,25.6,21.5,992.0,,,7,715
6822,108,서울,2024-07-11 06:00,23.8,,0.7,87,25.5,21.4,992.1,0.03,,6,634
6823,108,서울,2024-07-11 07:00,23.9,,1.6,87,25.6,21.5,992.3,0.26,,8,546
6824,108,서울,2024-07-11 08:00,24.5,,2.4,86,26.3,21.9,992.8,0.68,,9,523
6825,108,서울,2024-07-11 09:00,24.4,,1.7,87,26.4,22.0,993.0,0.71,,9,452
6826,108,서울,2024-07-11 10:00,26.1,,2.1,79,26.6,22.1,992.8,2.07,,7,693
6827,108,서울,2024-07-11 11:00,27.2,,2.4,75,26.9,22.3,992.3,2.59,,8,660
6828,108,서울,2024-07-11 12:00,28.3,,2.7,73,27.9,22.9,991.9,2.76,,6,619
6829,108,서울,2024-07-11 13:00,28.0,,3.4,71,26.8,22.2,991.9,2.49,,9,569
6830,108,서울,2024-07-11 14:00,28.4,,2.7,70,26.9,22.3,991.9,2.44,,8,639
6831,108,서울,2024-07-11 15:00,28.4,,3.0,69,26.6,22.1,991.5,2.5,,6,800
6832,108,서울,2024-07-11 16:00,28.7,,2.7,67,26.3,21.9,991.2,2.15,,8,1020
6833,108,서울,2024-07-11 17:00,28.3,,3.5,68,26.1,21.8,991.1,1.32,,2,870
6834,108,서울,2024-07-11 18:00,28.3,,1.7,69,26.4,22.0,990.7,1.27,,3,965
6835,108,서울,2024-07-11 19:00,27.2,,2.9,71,25.5,21.4,991.0,0.41,,1,931
6836,108,서울,2024-07-11 20:00,25.8,,2.8,74,24.6,20.8,991.4,0.06,,1,1299
6837,108,서울,2024-07-11 21:00,24.8,,2.2,81,25.3,21.3,992.2,,,0,1165
6838,108,서울,2024-07-11 22:00,24.1,,2.6,82,24.6,20.8,992.8,,,1,1206
6839,108,서울,2024-07-11 23:00,23.6,,1.9,84,24.4,20.7,992.8,,,1,1224
6840,108,서울,2024-07-12 00:00,23.3,,1.5,86,24.6,20.8,992.4,,,0,939
6841,108,서울,2024-07-12 01:00,23.0,,1.8,86,24.1,20.5,992.4,,,0,826
6842,108,서울,2024-07-12 02:00,22.7,,2.1,88,24.3,20.6,992.2,,,1,703
6843,108,서울,2024-07-12 03:00,22.5,,1.4,89,24.1,20.5,992.1,,,3,521
6844,108,서울,2024-07-12 04:00,22.3,,0.7,90,24.1,20.5,992.1,,,0,569
6845,108,서울,2024-07-12 05:00,22.0,,1.0,90,23.7,20.2,992.1,,,3,490
6846,108,서울,2024-07-12 06:00,21.9,,0.6,90,23.5,20.1,992.6,0.03,,6,555
6847,108,서울,2024-07-12 07:00,22.4,,1.6,90,24.3,20.6,992.9,0.26,,7,669
6848,108,서울,2024-07-12 08:00,23.2,,2.0,88,24.9,21.0,993.3,0.49,,10,697
6849,108,서울,2024-07-12 09:00,23.8,,1.3,86,25.3,21.3,993.1,0.45,,10,683
6850,108,서울,2024-07-12 10:00,24.2,,1.4,84,25.3,21.3,993.2,0.37,,10,608
6851,108,서울,2024-07-12 11:00,25.0,,0.9,81,25.6,21.5,993.0,0.75,,9,688
6852,108,서울,2024-07-12 12:00,25.9,,0.9,79,26.3,21.9,992.7,0.93,,9,733
6853,108,서울,2024-07-12 13:00,26.6,,0.8,74,25.6,21.5,992.5,0.75,,9,689
6854,108,서울,2024-07-12 14:00,28.0,,2.3,72,27.1,22.4,992.4,1.83,,7,781
6855,108,서울,2024-07-12 15:00,29.0,,1.1,66,26.3,21.9,991.9,2.15,,6,828
6856,108,서울,2024-07-12 16:00,29.9,,2.0,63,26.4,22.0,991.9,2.16,,5,866
6857,108,서울,2024-07-12 17:00,30.1,,2.2,62,26.4,22.0,991.8,1.6,,2,824
6858,108,서울,2024-07-12 18:00,29.9,,2.0,62,26.1,21.8,991.9,0.98,,1,942
6859,108,서울,2024-07-12 19:00,28.8,,1.8,71,28.1,23.0,991.8,0.48,,0,857
6860,108,서울,2024-07-12 20:00,27.5,,2.5,76,27.7,22.8,992.6,0.1,,1,770
6861,108,서울,2024-07-12 21:00,26.6,,3.2,80,27.7,22.8,993.3,,,0,662
6862,108,서울,2024-07-12 22:00,25.9,,1.9,83,27.6,22.7,993.8,,,0,627
6863,108,서울,2024-07-12 23:00,25.5,,2.4,84,27.2,22.5,994.0,,,0,862
6864,108,서울,2024-07-13 00:00,25.1,,2.1,84,26.6,22.1,993.8,,,0,976
6865,108,서울,2024-07-13 01:00,24.6,,1.3,86,26.4,22.0,993.5,,,0,758
6866,108,서울,2024-07-13 02:00,24.4,,0.0,86,26.1,21.8,993.5,,,0,702
6867,108,서울,2024-07-13 03:00,24.1,,1.0,88,26.3,21.9,993.4,,,0,602
6868,108,서울,2024-07-13 04:00,23.9,,1.4,89,26.3,21.9,993.5,,,0,527
6869,108,서울,2024-07-13 05:00,23.7,,1.7,91,26.6,22.1,994.1,,,0,508
6870,108,서울,2024-07-13 06:00,23.5,,1.2,91,26.3,21.9,994.5,0.03,,0,498
6871,108,서울,2024-07-13 07:00,24.2,,1.5,92,27.7,22.8,994.8,0.31,,0,652
6872,108,서울,2024-07-13 08:00,25.6,,1.6,87,28.4,23.2,995.0,0.81,,0,843
6873,108,서울,2024-07-13 09:00,27.2,,2.1,79,28.4,23.2,995.2,1.51,,0,935
6874,108,서울,2024-07-13 10:00,28.3,,1.4,75,28.8,23.4,995.5,1.93,,2,862
6875,108,서울,2024-07-13 11:00,29.5,,1.4,70,28.8,23.4,995.6,2.41,,2,969
6876,108,서울,2024-07-13 12:00,30.6,,1.8,65,28.4,23.2,995.1,2.0,,4,1172
6877,108,서울,2024-07-13 13:00,31.8,,3.4,60,28.1,23.0,995.1,3.1,,3,1187
6878,108,서울,2024-07-13 14:00,32.5,,2.3,55,26.8,22.2,994.7,3.18,,2,1202
6879,108,서울,2024-07-13 15:00,32.6,,2.8,45,22.1,19.1,994.4,2.47,,1,1005
6880,108,서울,2024-07-13 16:00,32.9,,3.9,44,22.0,19.0,994.2,2.48,,1,1132
6881,108,서울,2024-07-13 17:00,32.5,,3.3,44,21.4,18.6,994.7,1.91,,2,1251
6882,108,서울,2024-07-13 18:00,32.2,,1.7,48,22.9,19.7,994.7,1.04,,1,1295
6883,108,서울,2024-07-13 19:00,30.2,,2.9,67,28.6,23.3,995.5,0.3,,1,672
6884,108,서울,2024-07-13 20:00,28.8,,2.3,69,27.2,22.5,995.9,0.06,,1,657
6885,108,서울,2024-07-13 21:00,27.8,,3.3,70,26.1,21.8,996.8,,,2,776
6886,108,서울,2024-07-13 22:00,27.0,,3.3,71,25.2,21.2,998.2,,,1,1075
6887,108,서울,2024-07-13 23:00,26.8,0.0,2.3,73,25.6,21.5,998.4,,,7,1002
6888,108,서울,2024-07-14 00:00,26.7,0.0,0.8,74,25.8,21.6,998.1,,,9,807
6889,108,서울,2024-07-14 01:00,26.7,0.0,1.5,78,27.2,22.5,997.8,,,3,598
6890,108,서울,2024-07-14 02:00,26.4,,1.6,80,27.4,22.6,997.8,,,1,558
6891,108,서울,2024-07-14 03:00,26.1,,2.7,75,25.3,21.3,997.9,,,6,1059
6892,108,서울,2024-07-14 04:00,25.8,,2.2,75,24.9,21.0,997.9,,,8,1164
6893,108,서울,2024-07-14 05:00,25.6,,2.2,76,24.9,21.0,998.5,,,5,1327
6894,108,서울,2024-07-14 06:00,25.0,,2.5,77,24.3,20.6,998.5,0.03,,0,1213
6895,108,서울,2024-07-14 07:00,24.9,,2.5,74,23.2,19.9,999.2,0.21,,0,1277
6896,108,서울,2024-07-14 08:00,25.7,,2.9,70,23.1,19.8,999.2,0.76,,0,1368
6897,108,서울,2024-07-14 09:00,26.8,,3.2,66,23.2,19.9,999.8,1.47,,5,1572
6898,108,서울,2024-07-14 10:00,28.5,,3.3,64,24.9,21.0,999.4,2.21,,1,1601
6899,108,서울,2024-07-14 11:00,29.5,,2.2,63,26.0,21.7,999.4,2.65,,1,1648
6900,108,서울,2024-07-14 12:00,30.6,,2.9,59,25.8,21.6,999.1,3.19,,3,1966
6901,108,서울,2024-07-14 13:00,30.9,,2.6,58,25.8,21.6,998.7,2.35,,6,1944
6902,108,서울,2024-07-14 14:00,31.6,,2.4,56,26.0,21.7,998.5,2.7,,7,1838
6903,108,서울,2024-07-14 15:00,31.3,,2.0,57,26.0,21.7,998.5,1.6,,8,1698
6904,108,서울,2024-07-14 16:00,31.4,,2.6,56,25.6,21.5,998.4,1.69,,6,2009
6905,108,서울,2024-07-14 17:00,32.1,,2.4,55,26.3,21.9,998.3,1.96,,5,2603
6906,108,서울,2024-07-14 18:00,31.5,,3.0,56,25.8,21.6,998.6,1.15,,5,2684
6907,108,서울,2024-07-14 19:00,30.5,,2.6,57,24.9,21.0,999.0,0.32,,1,2827
6908,108,서울,2024-07-14 20:00,29.1,0.4,2.8,66,26.4,22.0,999.5,0.05,,7,2562
6909,108,서울,2024-07-14 21:00,28.5,,2.6,66,25.6,21.5,1000.1,,,0,3094
6910,108,서울,2024-07-14 22:00,28.0,,1.5,68,25.6,21.5,1000.8,,,1,2944
6911,108,서울,2024-07-14 23:00,27.4,,2.2,71,25.8,21.6,1001.1,,,1,3064
6912,108,서울,2024-07-15 00:00,27.1,,2.1,71,25.3,21.3,1001.0,,,3,3407
6913,108,서울,2024-07-15 01:00,26.3,,3.0,73,24.9,21.0,1001.1,,,1,3711
6914,108,서울,2024-07-15 02:00,25.6,,2.9,73,23.8,20.3,1001.4,,,1,4338
6915,108,서울,2024-07-15 03:00,25.2,,3.6,72,22.9,19.7,1001.4,,,4,4380
6916,108,서울,2024-07-15 04:00,25.0,,2.9,72,22.7,19.5,1001.3,,,0,4363
6917,108,서울,2024-07-15 05:00,24.7,,2.3,72,22.4,19.3,1001.3,,,0,4266
6918,108,서울,2024-07-15 06:00,24.6,,2.6,73,22.5,19.4,1001.7,0.03,,0,4115
6919,108,서울,2024-07-15 07:00,25.1,,2.4,71,22.5,19.4,1001.8,0.41,,0,3698
6920,108,서울,2024-07-15 08:00,26.5,,3.3,67,23.1,19.8,1002.1,1.15,,0,3548
6921,108,서울,2024-07-15 09:00,28.2,,2.7,63,24.0,20.4,1001.9,1.85,,0,3200
6922,108,서울,2024-07-15 10:00,29.0,,2.6,60,24.0,20.4,1002.0,2.47,,1,3222
6923,108,서울,2024-07-15 11:00,29.9,,2.8,59,24.9,21.0,1001.9,2.76,,4,3585
6924,108,서울,2024-07-15 12:00,30.3,,1.9,60,25.8,21.6,1001.7,2.19,,7,3660
6925,108,서울,2024-07-15 13:00,30.5,,2.5,58,25.2,21.2,1001.5,2.06,,8,3289
6926,108,서울,2024-07-15 14:00,30.7,,1.7,59,26.0,21.7,1001.2,1.04,,8,3444
6927,108,서울,2024-07-15 15:00,30.9,,1.6,57,25.3,21.3,1000.5,1.19,,8,3780
6928,108,서울,2024-07-15 16:00,30.8,,2.5,58,25.6,21.5,1000.1,1.06,,8,3500
6929,108,서울,2024-07-15 17:00,30.9,,2.4,58,25.8,21.6,999.7,0.95,,6,3732
6930,108,서울,2024-07-15 18:00,30.7,,2.7,58,25.5,21.4,999.5,0.67,,6,3850
6931,108,서울,2024-07-15 19:00,30.4,,2.3,59,25.5,21.4,999.7,0.26,,1,3412
6932,108,서울,2024-07-15 20:00,29.8,,2.5,61,25.5,21.4,1000.1,0.04,,1,3468
6933,108,서울,2024-07-15 21:00,29.4,,2.5,64,26.1,21.8,1000.8,,,9,3624
6934,108,서울,2024-07-15 22:00,29.1,,2.3,65,26.1,21.8,1001.1,,,1,3849
6935,108,서울,2024-07-15 23:00,28.8,,2.2,67,26.4,22.0,1001.2,,,1,3726
6936,108,서울,2024-07-16 00:00,28.2,0.0,3.0,70,26.8,22.2,1001.2,,,6,3759
6937,108,서울,2024-07-16 01:00,27.9,,1.9,70,26.3,21.9,1000.9,,,6,3747
6938,108,서울,2024-07-16 02:00,27.6,,2.0,72,26.4,22.0,1000.7,,,1,3467
6939,108,서울,2024-07-16 03:00,27.2,,2.0,73,26.3,21.9,1000.2,,,4,3476
6940,108,서울,2024-07-16 04:00,26.6,,2.2,75,26.0,21.7,1000.2,,,2,3945
6941,108,서울,2024-07-16 05:00,25.9,,2.2,77,25.6,21.5,1000.6,,,4,3909
6942,108,서울,2024-07-16 06:00,25.8,,2.4,78,25.8,21.6,1000.8,0.01,,3,3849
6943,108,서울,2024-07-16 07:00,26.0,,2.7,77,25.8,21.6,1001.0,0.39,,4,3809
6944,108,서울,2024-07-16 08:00,27.5,,3.2,73,26.8,22.2,1001.1,1.08,,1,3527
6945,108,서울,2024-07-16 09:00,28.7,,2.3,68,26.8,22.2,1000.7,1.62,,1,3630
6946,108,서울,2024-07-16 10:00,30.0,,2.1,65,27.4,22.6,1000.5,2.4,,4,3152
6947,108,서울,2024-07-16 11:00,29.5,,4.0,65,26.8,22.2,1000.1,1.4,,8,2735
6948,108,서울,2024-07-16 12:00,30.3,,2.6,63,27.1,22.4,999.8,2.07,,8,2931
6949,108,서울,2024-07-16 13:00,30.1,,1.6,64,27.2,22.5,999.5,1.54,,8,3130
6950,108,서울,2024-07-16 14:00,28.9,0.0,4.2,69,27.4,22.6,999.5,0.39,,8,2868
6951,108,서울,2024-07-16 15:00,28.3,0.0,3.2,71,27.2,22.5,999.4,0.58,,8,2637
6952,108,서울,2024-07-16 16:00,25.9,3.5,1.7,84,27.9,22.9,999.7,0.31,,8,1203
6953,108,서울,2024-07-16 17:00,25.6,2.8,2.2,89,29.1,23.6,999.2,0.17,,8,1061
6954,108,서울,2024-07-16 18:00,25.8,0.4,1.4,89,29.5,23.8,999.1,0.26,,8,1610
6955,108,서울,2024-07-16 19:00,25.5,0.0,1.4,87,28.3,23.1,999.0,0.09,,8,2564
6956,108,서울,2024-07-16 20:00,25.1,7.2,0.9,91,28.9,23.5,999.2,0.01,,8,939
6957,108,서울,2024-07-16 21:00,25.4,0.5,2.7,92,29.7,23.9,999.4,,,8,518
6958,108,서울,2024-07-16 22:00,25.4,0.2,2.4,91,29.5,23.8,1000.3,,,7,1153
6959,108,서울,2024-07-16 23:00,24.7,1.9,1.6,92,28.6,23.3,1000.1,,,8,1253
6960,108,서울,2024-07-17 00:00,24.6,0.5,2.0,93,28.6,23.3,999.7,,,8,1473
6961,108,서울,2024-07-17 01:00,24.4,0.3,1.2,90,27.4,22.6,999.7,,,8,2429
6962,108,서울,2024-07-17 02:00,24.4,1.6,1.0,93,28.3,23.1,999.1,,,8,604
6963,108,서울,2024-07-17 03:00,24.2,3.4,1.7,94,28.3,23.1,998.5,,,8,572
6964,108,서울,2024-07-17 04:00,24.1,1.1,2.0,93,27.7,22.8,997.7,,,8,1439
6965,108,서울,2024-07-17 05:00,24.3,0.2,1.8,93,28.1,23.0,997.7,,,8,2291
6966,108,서울,2024-07-17 06:00,24.7,0.0,1.2,93,28.8,23.4,997.5,0.0,,8,1665
6967,108,서울,2024-07-17 07:00,25.0,0.0,2.9,94,29.7,23.9,997.7,0.02,,8,1406
6968,108,서울,2024-07-17 08:00,25.2,6.5,3.5,96,30.7,24.5,998.4,0.03,,9,598
6969,108,서울,2024-07-17 09:00,25.2,32.2,2.4,97,30.9,24.6,998.8,0.07,,9,80
6970,108,서울,2024-07-17 10:00,24.4,39.0,1.5,95,28.9,23.5,998.6,0.03,,9,1040
6971,108,서울,2024-07-17 11:00,24.4,0.1,1.6,94,28.6,23.3,998.8,0.18,,8,3062
6972,108,서울,2024-07-17 12:00,25.6,0.0,1.9,92,30.0,24.1,999.1,0.44,,8,3227
6973,108,서울,2024-07-17 13:00,26.7,0.0,3.0,87,30.4,24.3,998.9,0.49,,8,2986
6974,108,서울,2024-07-17 14:00,28.0,0.0,6.3,77,28.9,23.5,997.9,1.59,,7,3434
6975,108,서울,2024-07-17 15:00,27.1,0.0,3.1,85,30.4,24.3,997.8,0.28,,7,2547
6976,108,서울,2024-07-17 16:00,26.7,0.4,2.8,87,30.4,24.3,997.2,0.2,,8,1796
6977,108,서울,2024-07-17 17:00,26.2,1.8,4.1,91,30.9,24.6,997.0,0.06,,8,467
6978,108,서울,2024-07-17 18:00,25.0,4.0,3.9,89,28.1,23.0,997.0,0.02,,8,3356
6979,108,서울,2024-07-17 19:00,24.5,0.0,2.3,92,28.3,23.1,996.6,0.05,,8,2525
6980,108,서울,2024-07-17 20:00,24.9,0.0,0.9,93,29.1,23.6,996.3,0.02,,7,2505
6981,108,서울,2024-07-17 21:00,25.9,,3.6,90,30.0,24.1,996.2,,,8,2502
6982,108,서울,2024-07-17 22:00,26.2,0.0,2.8,88,29.8,24.0,996.7,,,8,2701
6983,108,서울,2024-07-17 23:00,26.1,0.5,3.7,89,30.0,24.1,996.1,,,8,1022
6984,108,서울,2024-07-18 00:00,25.6,7.7,1.5,93,30.4,24.3,995.5,,,9,357
6985,108,서울,2024-07-18 01:00,25.5,3.0,0.9,93,30.2,24.2,994.6,,,8,1898
6986,108,서울,2024-07-18 02:00,25.5,0.8,3.3,92,29.8,24.0,993.9,,,8,1199
6987,108,서울,2024-07-18 03:00,25.6,0.1,2.2,90,29.5,23.8,993.2,,,8,2533
6988,108,서울,2024-07-18 04:00,24.5,9.4,6.9,92,28.3,23.1,993.9,,,8,209
6989,108,서울,2024-07-18 05:00,23.9,5.8,2.2,95,28.1,23.0,992.9,,,9,751
6990,108,서울,2024-07-18 06:00,24.1,9.6,2.2,98,29.3,23.7,991.8,0.0,,9,148
6991,108,서울,2024-07-18 07:00,23.7,10.3,2.7,97,28.3,23.1,992.1,0.01,,9,387
6992,108,서울,2024-07-18 08:00,23.2,14.0,3.4,96,27.2,22.5,992.8,0.02,,9,594
6993,108,서울,2024-07-18 09:00,23.3,2.7,2.2,95,27.1,22.4,992.4,0.26,,7,998
6994,108,서울,2024-07-18 10:00,23.3,7.3,2.3,97,27.6,22.7,992.5,0.08,,9,658
6995,108,서울,2024-07-18 11:00,23.5,7.7,2.8,98,28.3,23.1,992.5,0.14,,9,583
6996,108,서울,2024-07-18 12:00,23.9,3.7,1.5,97,28.6,23.3,991.3,0.23,,9,998
6997,108,서울,2024-07-18 13:00,23.9,12.9,1.4,98,28.9,23.5,990.3,0.14,,9,179
6998,108,서울,2024-07-18 14:00,23.9,14.0,1.8,97,28.6,23.3,989.5,0.13,,9,211
6999,108,서울,2024-07-18 15:00,23.9,18.0,1.8,98,28.9,23.5,988.9,0.14,,9,150
7000,108,서울,2024-07-18 16:00,24.3,9.5,0.4,97,29.3,23.7,989.3,0.42,,8,3587
7001,108,서울,2024-07-18 17:00,24.5,0.0,2.5,95,29.1,23.6,990.4,0.36,,6,3604
7002,108,서울,2024-07-18 18:00,24.7,,2.0,94,29.1,23.6,990.9,0.29,,8,2920
7003,108,서울,2024-07-18 19:00,24.6,,1.7,93,28.6,23.3,992.0,0.21,,1,3614
7004,108,서울,2024-07-18 20:00,24.6,,1.4,93,28.6,23.3,992.6,0.04,,1,3156
7005,108,서울,2024-07-18 21:00,24.8,0.0,2.1,95,29.7,23.9,993.3,,,8,891
7006,108,서울,2024-07-18 22:00,24.5,,2.6,94,28.8,23.4,993.9,,,1,759
7007,108,서울,2024-07-18 23:00,24.4,0.0,2.1,95,28.9,23.5,994.3,,,10,550
7008,108,서울,2024-07-19 00:00,24.4,0.0,2.4,95,28.9,23.5,994.5,,,10,560
7009,108,서울,2024-07-19 01:00,24.4,0.0,1.9,96,29.3,23.7,994.6,,,10,311
7010,108,서울,2024-07-19 02:00,24.4,0.0,1.1,96,29.3,23.7,994.5,,,10,392
7011,108,서울,2024-07-19 03:00,24.3,0.1,2.3,96,29.1,23.6,994.4,,,10,390
7012,108,서울,2024-07-19 04:00,24.3,0.0,1.0,95,28.8,23.4,994.3,,,10,496
7013,108,서울,2024-07-19 05:00,24.3,,0.0,94,28.4,23.2,994.4,,,8,550
7014,108,서울,2024-07-19 06:00,24.3,,1.3,95,28.8,23.4,994.9,0.01,,2,500
7015,108,서울,2024-07-19 07:00,24.4,,1.8,94,28.6,23.3,995.1,0.26,,6,794
7016,108,서울,2024-07-19 08:00,24.8,,2.2,92,28.8,23.4,995.2,0.55,,2,1250
7017,108,서울,2024-07-19 09:00,25.8,,2.0,87,28.8,23.4,995.3,1.14,,9,1382
7018,108,서울,2024-07-19 10:00,26.7,,2.4,83,28.9,23.5,995.2,1.38,,9,1418
7019,108,서울,2024-07-19 11:00,28.0,,3.4,77,28.9,23.5,995.2,2.11,,6,1589
7020,108,서울,2024-07-19 12:00,28.4,,3.3,72,27.7,22.8,995.2,2.52,,5,1615
7021,108,서울,2024-07-19 13:00,29.1,,2.4,71,28.4,23.2,994.5,2.58,,4,1428
7022,108,서울,2024-07-19 14:00,29.9,,3.1,67,28.1,23.0,994.4,3.18,,5,1765
7023,108,서울,2024-07-19 15:00,30.7,,3.0,62,27.2,22.5,994.5,3.15,,4,1870
7024,108,서울,2024-07-19 16:00,30.7,,3.3,62,27.2,22.5,994.6,1.98,,3,2109
7025,108,서울,2024-07-19 17:00,30.2,,3.1,66,28.3,23.1,994.8,1.27,,3,1746
7026,108,서울,2024-07-19 18:00,29.8,,3.0,63,26.3,21.9,994.9,0.86,,3,2003
7027,108,서울,2024-07-19 19:00,28.7,,2.7,71,27.9,22.9,995.6,0.59,,1,1928
7028,108,서울,2024-07-19 20:00,27.8,,3.1,77,28.6,23.3,995.9,0.11,,0,1476
7029,108,서울,2024-07-19 21:00,26.9,,2.7,81,28.6,23.3,996.3,,,5,1676
7030,108,서울,2024-07-19 22:00,26.6,,1.9,83,28.8,23.4,996.7,,,0,1422
7031,108,서울,2024-07-19 23:00,26.3,,3.3,84,28.6,23.3,997.5,,,0,1200
7032,108,서울,2024-07-20 00:00,26.0,,2.5,85,28.4,23.2,997.8,,,8,1013
7033,108,서울,2024-07-20 01:00,25.8,,1.7,85,28.1,23.0,997.6,,,3,1513
7034,108,서울,2024-07-20 02:00,25.7,,1.7,84,27.6,22.7,997.4,,,7,2218
7035,108,서울,2024-07-20 03:00,25.5,,1.1,84,27.2,22.5,997.0,,,2,1792
7036,108,서울,2024-07-20 04:00,25.3,,1.2,84,26.9,22.3,997.5,,,8,1286
7037,108,서울,2024-07-20 05:00,25.1,,1.3,87,27.6,22.7,997.9,,,8,1458
7038,108,서울,2024-07-20 06:00,25.2,,0.4,86,27.4,22.6,998.2,0.01,,8,2032
7039,108,서울,2024-07-20 07:00,25.3,,1.1,85,27.2,22.5,997.9,0.13,,7,2352
7040,108,서울,2024-07-20 08:00,26.3,,1.8,82,27.9,22.9,997.9,0.7,,3,2688
7041,108,서울,2024-07-20 09:00,26.5,0.0,3.0,79,27.2,22.5,998.6,0.89,,8,2267
7042,108,서울,2024-07-20 10:00,25.8,0.4,2.3,83,27.4,22.6,998.9,0.44,,8,1666
7043,108,서울,2024-07-20 11:00,26.8,0.0,3.0,79,27.7,22.8,998.2,1.54,,4,2598
7044,108,서울,2024-07-20 12:00,27.8,,2.1,77,28.6,23.3,997.7,1.64,,7,2917
7045,108,서울,2024-07-20 13:00,27.5,,2.7,77,28.1,23.0,997.2,0.91,,7,3809
7046,108,서울,2024-07-20 14:00,28.4,,2.5,76,29.3,23.7,996.1,1.33,,4,3014
7047,108,서울,2024-07-20 15:00,29.6,,3.0,74,30.6,24.4,995.1,1.85,,3,3570
7048,108,서울,2024-07-20 16:00,30.4,,3.3,69,29.8,24.0,994.4,2.49,,2,3116
7049,108,서울,2024-07-20 17:00,29.9,,2.5,70,29.5,23.8,994.2,0.88,,7,3805
7050,108,서울,2024-07-20 18:00,29.6,,2.9,73,30.2,24.2,993.1,0.47,,2,3984
7051,108,서울,2024-07-20 19:00,27.6,12.1,3.9,88,32.4,25.4,993.5,0.12,,8,128
7052,108,서울,2024-07-20 20:00,26.3,1.7,3.2,87,29.7,23.9,993.4,0.02,,6,3637
7053,108,서울,2024-07-20 21:00,26.6,0.6,4.3,90,31.3,24.8,993.9,,,7,2003
7054,108,서울,2024-07-20 22:00,26.7,0.1,4.4,89,31.1,24.7,994.0,,,9,2109
7055,108,서울,2024-07-20 23:00,26.5,,3.8,85,29.3,23.7,993.7,,,4,2343
7056,108,서울,2024-07-21 00:00,26.4,,5.4,80,27.4,22.6,992.9,,,6,2768
7057,108,서울,2024-07-21 01:00,25.9,0.0,7.5,80,26.6,22.1,992.7,,,8,2304
7058,108,서울,2024-07-21 02:00,25.1,0.0,5.7,79,25.0,21.1,993.1,,,7,2631
7059,108,서울,2024-07-21 03:00,24.4,0.0,6.4,83,25.3,21.3,992.3,,,9,1697
7060,108,서울,2024-07-21 04:00,22.6,2.9,7.3,94,25.6,21.5,993.4,,,9,415
7061,108,서울,2024-07-21 05:00,22.5,3.8,6.7,95,25.8,21.6,993.8,,,9,474
7062,108,서울,2024-07-21 06:00,23.0,0.7,4.5,93,26.1,21.8,995.2,0.0,,7,1815
7063,108,서울,2024-07-21 07:00,23.2,,2.0,91,25.8,21.6,996.8,0.06,,7,2331
7064,108,서울,2024-07-21 08:00,23.7,0.0,2.7,90,26.3,21.9,997.5,0.34,,8,2065
7065,108,서울,2024-07-21 09:00,23.7,0.0,3.3,90,26.3,21.9,998.3,0.24,,8,1189
7066,108,서울,2024-07-21 10:00,24.0,1.1,1.5,92,27.4,22.6,998.1,0.53,,5,1613
7067,108,서울,2024-07-21 11:00,25.6,,2.4,91,29.8,24.0,998.2,1.27,,9,1705
7068,108,서울,2024-07-21 12:00,27.0,,3.2,80,28.4,23.2,998.0,2.18,,9,2395
7069,108,서울,2024-07-21 13:00,27.6,,3.6,81,29.8,24.0,997.8,1.08,,9,2284
7070,108,서울,2024-07-21 14:00,28.0,,2.5,80,30.2,24.2,997.6,1.22,,9,1908
7071,108,서울,2024-07-21 15:00,28.2,,3.7,80,30.6,24.4,997.2,0.88,,9,1936
7072,108,서울,2024-07-21 16:00,29.4,,3.1,76,31.1,24.7,996.8,1.63,,9,2886
7073,108,서울,2024-07-21 17:00,29.3,,3.0,73,29.7,23.9,996.8,0.75,,8,2627
7074,108,서울,2024-07-21 18:00,29.6,,2.6,75,30.9,24.6,996.9,0.87,,8,2509
7075,108,서울,2024-07-21 19:00,29.4,,3.3,77,31.5,24.9,997.3,0.4,,4,2244
7076,108,서울,2024-07-21 20:00,28.6,0.0,3.0,80,31.3,24.8,997.7,0.03,,8,2616
7077,108,서울,2024-07-21 21:00,28.2,,3.7,83,31.7,25.0,998.1,,,9,2448
7078,108,서울,2024-07-21 22:00,28.1,,2.1,84,31.9,25.1,998.2,,,3,2023
7079,108,서울,2024-07-21 23:00,28.1,,2.5,84,31.9,25.1,998.6,,,4,1901
7080,108,서울,2024-07-22 00:00,27.9,,1.6,85,31.9,25.1,999.0,,,9,1788
7081,108,서울,2024-07-22 01:00,27.9,,3.4,84,31.5,24.9,998.9,,,8,2395
7082,108,서울,2024-07-22 02:00,27.7,,2.6,85,31.5,24.9,998.8,,,8,2374
7083,108,서울,2024-07-22 03:00,27.6,,4.0,85,31.3,24.8,998.1,,,9,2489
7084,108,서울,2024-07-22 04:00,27.2,0.0,3.4,87,31.3,24.8,997.8,,,8,2421
7085,108,서울,2024-07-22 05:00,26.8,0.5,3.1,91,31.9,25.1,997.6,,,7,777
7086,108,서울,2024-07-22 06:00,26.3,10.9,3.2,92,31.3,24.8,997.3,0.0,,9,2239
7087,108,서울,2024-07-22 07:00,26.2,0.0,2.2,92,31.1,24.7,997.4,0.04,,7,2142
7088,108,서울,2024-07-22 08:00,26.5,,2.6,90,31.1,24.7,997.4,0.24,,7,2585
7089,108,서울,2024-07-22 09:00,26.5,0.0,3.2,88,30.4,24.3,997.5,0.14,,8,2904
7090,108,서울,2024-07-22 10:00,26.6,0.0,4.1,87,30.2,24.2,998.0,0.11,,8,2664
7091,108,서울,2024-07-22 11:00,24.4,14.6,5.1,90,27.4,22.6,997.4,0.06,,8,370
7092,108,서울,2024-07-22 12:00,25.4,1.9,0.9,91,29.5,23.8,996.6,0.62,,7,3617
7093,108,서울,2024-07-22 13:00,27.0,,1.8,89,31.7,25.0,995.9,1.25,,7,2932
7094,108,서울,2024-07-22 14:00,26.7,1.2,2.7,90,31.5,24.9,995.7,0.22,,7,1417
7095,108,서울,2024-07-22 15:00,26.0,16.0,3.9,93,31.1,24.7,995.6,0.24,,8,228
7096,108,서울,2024-07-22 16:00,26.7,2.6,0.9,92,32.1,25.2,994.3,0.44,,7,2768
7097,108,서울,2024-07-22 17:00,27.2,0.0,1.7,89,32.1,25.2,993.3,0.43,,8,2897
7098,108,서울,2024-07-22 18:00,27.3,,3.3,86,31.1,24.7,993.5,0.18,,7,3276
7099,108,서울,2024-07-22 19:00,27.6,,4.1,83,30.6,24.4,992.6,0.09,,10,3380
7100,108,서울,2024-07-22 20:00,27.7,,3.7,81,30.0,24.1,992.0,0.03,,10,3270
7101,108,서울,2024-07-22 21:00,27.6,0.0,2.4,82,30.2,24.2,992.1,,,8,3190
7102,108,서울,2024-07-22 22:00,27.8,,4.1,82,30.6,24.4,992.4,,,10,3141
7103,108,서울,2024-07-22 23:00,27.2,0.3,7.2,86,30.9,24.6,991.2,,,8,1110
7104,108,서울,2024-07-23 00:00,26.0,31.9,5.3,95,31.9,25.1,992.5,,,8,2477
7105,108,서울,2024-07-23 01:00,26.2,0.0,5.1,93,31.5,24.9,993.2,,,6,1663
7106,108,서울,2024-07-23 02:00,26.2,,4.3,93,31.5,24.9,993.8,,,4,1824
7107,108,서울,2024-07-23 03:00,26.2,,4.3,91,30.9,24.6,993.8,,,6,2268
7108,108,서울,2024-07-23 04:00,26.1,,3.6,91,30.7,24.5,994.0,,,9,1932
7109,108,서울,2024-07-23 05:00,25.8,0.1,3.2,93,30.7,24.5,994.2,,,7,1907
7110,108,서울,2024-07-23 06:00,25.9,0.0,3.3,93,30.9,24.6,994.2,0.0,,8,1487
7111,108,서울,2024-07-23 07:00,25.9,0.0,3.3,91,30.4,24.3,994.0,0.09,,6,1898
7112,108,서울,2024-07-23 08:00,26.2,,4.4,89,30.2,24.2,994.7,0.25,,6,3689
7113,108,서울,2024-07-23 09:00,26.4,,3.0,87,29.8,24.0,995.1,0.24,,8,3317
7114,108,서울,2024-07-23 10:00,26.5,,4.2,84,28.9,23.5,995.2,0.27,,8,3835
7115,108,서울,2024-07-23 11:00,25.9,0.8,3.1,91,30.4,24.3,995.2,0.17,,8,2614
7116,108,서울,2024-07-23 12:00,26.0,0.3,1.5,91,30.6,24.4,994.5,0.36,,9,2037
7117,108,서울,2024-07-23 13:00,26.3,0.5,2.4,90,30.7,24.5,994.4,0.4,,8,2720
7118,108,서울,2024-07-23 14:00,26.4,0.3,3.2,88,30.2,24.2,994.5,0.64,,8,1814
7119,108,서울,2024-07-23 15:00,27.0,0.0,3.3,85,30.2,24.2,994.1,0.99,,8,3524
7120,108,서울,2024-07-23 16:00,27.2,,2.9,83,29.8,24.0,993.6,0.56,,8,3403
7121,108,서울,2024-07-23 17:00,27.0,,3.2,85,30.2,24.2,993.9,0.34,,7,2902
7122,108,서울,2024-07-23 18:00,27.2,,2.7,85,30.6,24.4,993.7,0.41,,8,2785
7123,108,서울,2024-07-23 19:00,27.1,,2.3,84,30.0,24.1,993.4,0.12,,10,2756
7124,108,서울,2024-07-23 20:00,26.8,,2.8,81,28.4,23.2,993.6,0.08,,7,3281
7125,108,서울,2024-07-23 21:00,26.5,,2.4,83,28.6,23.3,994.6,,,8,3321
7126,108,서울,2024-07-23 22:00,26.3,,1.9,82,27.9,22.9,995.4,,,2,3194
7127,108,서울,2024-07-23 23:00,26.4,,2.2,86,29.5,23.8,995.2,,,3,2830
7128,108,서울,2024-07-24 00:00,26.3,,1.9,88,30.0,24.1,995.4,,,9,2037
7129,108,서울,2024-07-24 01:00,26.4,0.0,1.8,90,30.9,24.6,995.2,,,6,2016
7130,108,서울,2024-07-24 02:00,26.4,0.1,2.3,92,31.5,24.9,994.8,,,8,1734
7131,108,서울,2024-07-24 03:00,26.1,0.9,1.9,93,31.3,24.8,994.1,,,7,1920
7132,108,서울,2024-07-24 04:00,26.2,0.0,3.0,94,31.9,25.1,993.6,,,9,1168
7133,108,서울,2024-07-24 05:00,26.2,0.2,2.6,94,31.9,25.1,994.0,,,8,1127
7134,108,서울,2024-07-24 06:00,26.1,12.2,3.1,95,32.1,25.2,994.2,0.0,,8,1137
7135,108,서울,2024-07-24 07:00,26.2,,1.6,95,32.2,25.3,994.9,0.05,,6,1659
7136,108,서울,2024-07-24 08:00,26.4,0.0,1.7,94,32.2,25.3,995.3,0.23,,7,1923
7137,108,서울,2024-07-24 09:00,27.2,0.7,0.3,93,33.4,25.9,995.2,0.8,,9,2466
7138,108,서울,2024-07-24 10:00,27.4,0.4,2.9,89,32.4,25.4,995.0,0.89,,7,860
7139,108,서울,2024-07-24 11:00,28.2,0.2,2.1,89,34.0,26.2,994.5,1.2,,7,2206
7140,108,서울,2024-07-24 12:00,29.2,0.0,3.0,81,32.6,25.5,994.0,1.69,,5,2354
7141,108,서울,2024-07-24 13:00,30.0,,3.1,78,33.0,25.7,993.9,2.14,,4,3099
7142,108,서울,2024-07-24 14:00,30.9,,3.5,74,33.0,25.7,993.7,2.57,,4,3462
7143,108,서울,2024-07-24 15:00,30.8,,3.0,73,32.2,25.3,993.8,1.6,,7,2855
7144,108,서울,2024-07-24 16:00,30.8,,4.0,73,32.2,25.3,993.9,1.44,,4,3181
7145,108,서울,2024-07-24 17:00,30.7,,3.6,73,32.1,25.2,993.8,1.6,,6,2951
7146,108,서울,2024-07-24 18:00,29.9,,3.2,76,32.1,25.2,993.5,0.73,,5,3028
7147,108,서울,2024-07-24 19:00,29.2,,3.2,78,31.5,24.9,994.3,0.31,,3,2826
7148,108,서울,2024-07-24 20:00,28.5,,3.0,81,31.5,24.9,994.8,0.06,,1,2774
7149,108,서울,2024-07-24 21:00,28.1,,2.9,83,31.5,24.9,995.3,,,4,2500
7150,108,서울,2024-07-24 22:00,28.0,,2.6,85,32.1,25.2,995.3,,,1,2629
7151,108,서울,2024-07-24 23:00,27.7,,2.7,85,31.5,24.9,995.1,,,1,2637
7152,108,서울,2024-07-25 00:00,27.6,,1.4,86,31.7,25.0,995.5,,,7,2431
7153,108,서울,2024-07-25 01:00,27.4,,1.9,88,32.1,25.2,995.5,,,3,1889
7154,108,서울,2024-07-25 02:00,27.2,0.0,2.0,88,31.7,25.0,995.2,,,7,1880
7155,108,서울,2024-07-25 03:00,27.0,,1.4,88,31.3,24.8,995.0,,,8,1630
7156,108,서울,2024-07-25 04:00,27.0,,1.7,89,31.7,25.0,995.2,,,8,1713
7157,108,서울,2024-07-25 05:00,26.9,,1.1,89,31.5,24.9,995.1,,,6,1750
7158,108,서울,2024-07-25 06:00,26.8,,1.7,90,31.7,25.0,995.6,0.02,,4,1542
7159,108,서울,2024-07-25 07:00,27.1,0.0,1.3,89,31.9,25.1,996.0,0.27,,6,1486
7160,108,서울,2024-07-25 08:00,27.6,,1.2,87,32.1,25.2,996.1,0.47,,3,2011
7161,108,서울,2024-07-25 09:00,28.5,,1.2,83,32.2,25.3,996.0,1.07,,3,2465
7162,108,서울,2024-07-25 10:00,29.3,,1.5,79,32.1,25.2,996.1,1.33,,2,2235
7163,108,서울,2024-07-25 11:00,30.7,,2.4,71,31.3,24.8,996.3,2.24,,4,3398
7164,108,서울,2024-07-25 12:00,30.6,0.0,1.6,73,31.9,25.1,996.2,1.43,,7,1347
7165,108,서울,2024-07-25 13:00,29.8,5.9,1.9,81,33.8,26.1,996.1,0.75,,7,2574
7166,108,서울,2024-07-25 14:00,31.3,,2.0,75,34.2,26.3,995.8,1.73,,4,2615
7167,108,서울,2024-07-25 15:00,31.5,,2.5,68,31.3,24.8,995.5,1.6,,4,2577
7168,108,서울,2024-07-25 16:00,32.2,,1.8,66,31.7,25.0,995.1,1.56,,4,3040
7169,108,서울,2024-07-25 17:00,32.0,,2.0,66,31.3,24.8,995.2,0.78,,3,2697
7170,108,서울,2024-07-25 18:00,31.6,,2.2,70,32.4,25.4,995.1,0.5,,2,2756
7171,108,서울,2024-07-25 19:00,30.9,,2.1,71,31.7,25.0,995.8,0.33,,0,2705
7172,108,서울,2024-07-25 20:00,30.2,,1.6,72,30.7,24.5,996.5,0.07,,2,3117
7173,108,서울,2024-07-25 21:00,29.1,,3.7,74,29.7,23.9,998.0,,,5,3183
7174,108,서울,2024-07-25 22:00,26.1,15.1,1.4,88,29.7,23.9,998.6,,,6,3026
7175,108,서울,2024-07-25 23:00,25.9,0.0,3.1,90,30.0,24.1,998.7,,,4,2769
7176,108,서울,2024-07-26 00:00,25.4,4.3,2.9,92,29.7,23.9,998.8,,,6,1289
7177,108,서울,2024-07-26 01:00,25.3,0.7,1.7,92,29.5,23.8,998.9,,,5,2273
7178,108,서울,2024-07-26 02:00,25.2,,2.6,93,29.7,23.9,998.4,,,3,2670
7179,108,서울,2024-07-26 03:00,25.2,,2.7,92,29.5,23.8,998.1,,,5,2830
7180,108,서울,2024-07-26 04:00,25.3,,2.8,93,29.8,24.0,998.1,,,7,3142
7181,108,서울,2024-07-26 05:00,25.3,,2.6,92,29.5,23.8,998.3,,,3,2869
7182,108,서울,2024-07-26 06:00,25.3,,2.3,92,29.5,23.8,998.8,0.02,,4,2899
7183,108,서울,2024-07-26 07:00,25.9,,2.3,91,30.4,24.3,999.1,0.43,,1,3008
7184,108,서울,2024-07-26 08:00,27.2,,1.6,88,31.7,25.0,999.3,0.93,,1,3357
7185,108,서울,2024-07-26 09:00,28.6,,1.2,84,32.8,25.6,999.3,1.48,,5,2851
7186,108,서울,2024-07-26 10:00,29.4,,2.0,80,32.6,25.5,999.3,1.15,,2,2885
7187,108,서울,2024-07-26 11:00,31.3,,2.8,72,32.8,25.6,999.2,2.83,,2,2630
7188,108,서울,2024-07-26 12:00,32.0,,3.7,69,32.6,25.5,999.3,2.53,,1,3370
7189,108,서울,2024-07-26 13:00,32.2,,3.0,68,32.6,25.5,999.1,2.13,,5,2845
7190,108,서울,2024-07-26 14:00,30.4,2.9,1.1,80,34.6,26.5,998.9,1.93,,4,3667
7191,108,서울,2024-07-26 15:00,32.4,,2.8,74,35.9,27.1,998.4,2.7,,5,2849
7192,108,서울,2024-07-26 16:00,32.2,,3.9,67,32.1,25.2,998.1,1.23,,5,3265
7193,108,서울,2024-07-26 17:00,29.1,1.9,1.7,82,33.0,25.7,999.3,0.28,,7,2372
7194,108,서울,2024-07-26 18:00,29.3,,1.2,81,32.8,25.6,999.8,0.36,,4,2529
7195,108,서울,2024-07-26 19:00,29.1,,2.7,81,32.4,25.4,1000.8,0.23,,5,2767
7196,108,서울,2024-07-26 20:00,29.0,,1.4,81,32.4,25.4,1001.4,0.06,,1,2895
7197,108,서울,2024-07-26 21:00,28.8,,2.0,80,31.5,24.9,1002.0,,,6,3025
7198,108,서울,2024-07-26 22:00,28.6,,0.8,82,32.1,25.2,1002.6,,,6,2912
7199,108,서울,2024-07-26 23:00,28.5,0.0,1.2,82,31.9,25.1,1002.8,,,8,2028
7200,108,서울,2024-07-27 00:00,28.1,0.0,1.8,83,31.5,24.9,1002.7,,,7,2883
7201,108,서울,2024-07-27 01:00,27.9,0.0,1.6,83,31.1,24.7,1002.8,,,7,2858
7202,108,서울,2024-07-27 02:00,27.8,0.0,0.8,84,31.3,24.8,1002.8,,,9,2909
7203,108,서울,2024-07-27 03:00,27.7,,1.3,84,31.1,24.7,1002.8,,,9,2929
7204,108,서울,2024-07-27 04:00,27.7,,0.9,85,31.5,24.9,1002.8,,,5,2612
7205,108,서울,2024-07-27 05:00,27.6,,1.0,85,31.3,24.8,1003.3,,,7,2870
7206,108,서울,2024-07-27 06:00,27.5,,0.8,85,31.1,24.7,1003.6,0.0,,7,2599
7207,108,서울,2024-07-27 07:00,27.6,,0.8,85,31.3,24.8,1004.0,0.16,,2,3068
7208,108,서울,2024-07-27 08:00,28.7,,2.0,81,31.9,25.1,1004.2,0.69,,6,3548
7209,108,서울,2024-07-27 09:00,29.2,,2.6,78,31.5,24.9,1004.5,0.96,,7,3730
7210,108,서울,2024-07-27 10:00,29.7,,2.4,77,32.1,25.2,1004.7,0.76,,9,3621
7211,108,서울,2024-07-27 11:00,30.4,,2.4,74,32.1,25.2,1004.6,1.31,,8,3906
7212,108,서울,2024-07-27 12:00,31.2,,2.8,70,31.7,25.0,1004.4,2.02,,9,3540
7213,108,서울,2024-07-27 13:00,31.3,,3.6,69,31.5,24.9,1004.0,1.35,,9,3474
7214,108,서울,2024-07-27 14:00,30.1,1.5,3.1,81,34.4,26.4,1004.2,0.76,,8,1482
7215,108,서울,2024-07-27 15:00,30.9,4.8,3.1,79,35.2,26.8,1003.3,2.7,,7,3472
7216,108,서울,2024-07-27 16:00,29.2,3.4,2.1,85,34.4,26.4,1003.5,0.7,,9,2316
7217,108,서울,2024-07-27 17:00,29.3,5.9,2.2,86,35.0,26.7,1003.6,0.74,,9,1170
7218,108,서울,2024-07-27 18:00,28.7,10.1,1.4,90,35.2,26.8,1003.6,0.37,,9,463
7219,108,서울,2024-07-27 19:00,28.3,7.8,0.0,90,34.4,26.4,1004.3,0.14,,3,1761
7220,108,서울,2024-07-27 20:00,28.3,,1.1,89,34.2,26.3,1004.6,0.07,,1,2057
7221,108,서울,2024-07-27 21:00,28.1,,0.4,91,34.4,26.4,1005.3,,,4,1673
7222,108,서울,2024-07-27 22:00,27.9,,1.4,91,34.0,26.2,1005.5,,,2,1664
7223,108,서울,2024-07-27 23:00,27.7,,1.4,91,33.6,26.0,1005.4,,,3,1461
7224,108,서울,2024-07-28 00:00,27.5,,1.6,92,33.6,26.0,1005.3,,,6,1704
7225,108,서울,2024-07-28 01:00,27.5,,1.4,92,33.6,26.0,1005.0,,,6,2261
7226,108,서울,2024-07-28 02:00,27.5,,0.7,91,33.2,25.8,1004.6,,,2,2356
7227,108,서울,2024-07-28 03:00,27.5,,1.0,90,33.0,25.7,1004.3,,,9,2211
7228,108,서울,2024-07-28 04:00,27.4,,0.7,89,32.4,25.4,1004.2,,,9,2091
7229,108,서울,2024-07-28 05:00,27.4,,1.5,87,31.7,25.0,1004.3,,,9,2290
7230,108,서울,2024-07-28 06:00,27.3,,1.1,87,31.5,24.9,1004.3,0.01,,9,2279
7231,108,서울,2024-07-28 07:00,27.5,,2.3,85,31.1,24.7,1003.8,0.16,,2,2333
7232,108,서울,2024-07-28 08:00,28.6,,1.7,81,31.7,25.0,1003.8,0.94,,1,2791
7233,108,서울,2024-07-28 09:00,29.3,,3.9,75,30.6,24.4,1003.6,1.37,,7,2686
7234,108,서울,2024-07-28 10:00,30.1,,4.0,72,30.6,24.4,1003.2,1.7,,9,3136
7235,108,서울,2024-07-28 11:00,30.5,,4.0,70,30.4,24.3,1003.0,1.88,,6,3200
7236,108,서울,2024-07-28 12:00,31.0,,5.1,65,29.1,23.6,1002.6,2.34,,6,3156
7237,108,서울,2024-07-28 13:00,31.7,,4.7,64,29.8,24.0,1002.2,2.14,,6,3643
7238,108,서울,2024-07-28 14:00,32.0,,5.3,61,28.9,23.5,1001.9,2.19,,6,3312
7239,108,서울,2024-07-28 15:00,31.9,,5.8,64,30.2,24.2,1001.7,2.37,,8,3490
7240,108,서울,2024-07-28 16:00,30.6,0.0,5.8,68,29.8,24.0,1001.7,0.84,,8,2872
7241,108,서울,2024-07-28 17:00,30.5,,4.6,69,30.0,24.1,1001.2,1.09,,8,3254
7242,108,서울,2024-07-28 18:00,30.3,,6.0,69,29.7,23.9,1000.9,0.93,,4,2919
7243,108,서울,2024-07-28 19:00,29.7,,4.5,73,30.4,24.3,1001.2,0.33,,6,3145
7244,108,서울,2024-07-28 20:00,29.2,,3.6,75,30.4,24.3,1001.2,0.04,,6,3048
7245,108,서울,2024-07-28 21:00,28.8,,2.7,77,30.4,24.3,1001.3,,,5,2873
7246,108,서울,2024-07-28 22:00,28.3,,3.4,78,29.8,24.0,1001.2,,,7,2981
7247,108,서울,2024-07-28 23:00,28.0,,3.2,79,29.8,24.0,1001.5,,,7,2956
7248,108,서울,2024-07-29 00:00,27.8,,4.3,81,30.2,24.2,1001.3,,,4,2821
7249,108,서울,2024-07-29 01:00,27.7,,3.0,82,30.4,24.3,1001.4,,,7,2953
7250,108,서울,2024-07-29 02:00,27.5,,4.1,82,30.0,24.1,1001.1,,,7,2912
7251,108,서울,2024-07-29 03:00,27.4,,4.5,83,30.2,24.2,1000.5,,,7,2790
7252,108,서울,2024-07-29 04:00,27.3,,3.6,83,30.0,24.1,1000.4,,,8,2783
7253,108,서울,2024-07-29 05:00,27.3,,3.6,84,30.4,24.3,1000.1,,,9,2602
7254,108,서울,2024-07-29 06:00,27.2,0.0,3.9,84,30.2,24.2,999.9,0.0,,6,2351
7255,108,서울,2024-07-29 07:00,27.3,0.0,2.8,84,30.4,24.3,1000.0,0.11,,9,2503
7256,108,서울,2024-07-29 08:00,27.4,0.0,4.3,84,30.6,24.4,1000.1,0.15,,8,2171
7257,108,서울,2024-07-29 09:00,27.6,0.0,3.8,82,30.2,24.2,999.9,0.23,,8,2499
7258,108,서울,2024-07-29 10:00,27.5,0.0,4.8,83,30.4,24.3,1000.2,0.25,,7,2251
7259,108,서울,2024-07-29 11:00,27.5,0.0,4.1,83,30.4,24.3,1000.1,0.21,,9,2132
7260,108,서울,2024-07-29 12:00,27.6,0.0,3.1,84,30.9,24.6,999.6,0.27,,8,1932
7261,108,서울,2024-07-29 13:00,27.6,,5.0,84,30.9,24.6,999.2,0.3,,7,2109
7262,108,서울,2024-07-29 14:00,27.7,0.0,3.8,84,31.1,24.7,998.9,0.2,,9,1955
7263,108,서울,2024-07-29 15:00,27.6,0.0,4.9,84,30.9,24.6,998.6,0.23,,8,1808
7264,108,서울,2024-07-29 16:00,27.6,,3.4,84,30.9,24.6,998.2,0.26,,8,1831
7265,108,서울,2024-07-29 17:00,27.4,,5.0,85,30.9,24.6,997.7,0.21,,6,1535
7266,108,서울,2024-07-29 18:00,27.4,,3.7,85,30.9,24.6,997.3,0.11,,6,1332
7267,108,서울,2024-07-29 19:00,27.4,,3.5,84,30.6,24.4,997.5,0.07,,5,1411
7268,108,서울,2024-07-29 20:00,27.2,,4.7,85,30.6,24.4,997.8,0.01,,5,1628
7269,108,서울,2024-07-29 21:00,27.2,,2.8,85,30.6,24.4,998.4,,,8,1810
7270,108,서울,2024-07-29 22:00,27.1,,4.3,84,30.0,24.1,998.5,,,2,1808
7271,108,서울,2024-07-29 23:00,27.0,,4.1,84,29.8,24.0,998.2,,,6,1622
7272,108,서울,2024-07-30 00:00,26.8,,3.2,85,29.8,24.0,997.9,,,7,1891
7273,108,서울,2024-07-30 01:00,26.7,,3.1,86,30.0,24.1,997.6,,,6,1937
7274,108,서울,2024-07-30 02:00,26.6,,3.3,86,29.8,24.0,997.3,,,6,1883
7275,108,서울,2024-07-30 03:00,26.5,,3.6,86,29.7,23.9,997.3,,,8,1672
7276,108,서울,2024-07-30 04:00,26.4,,3.6,86,29.5,23.8,997.3,,,8,2197
7277,108,서울,2024-07-30 05:00,26.3,,2.8,85,28.9,23.5,997.6,,,8,1993
7278,108,서울,2024-07-30 06:00,26.3,,2.4,85,28.9,23.5,997.9,0.0,,9,2222
7279,108,서울,2024-07-30 07:00,26.4,,2.9,86,29.5,23.8,998.1,0.08,,9,2054
7280,108,서울,2024-07-30 08:00,26.5,,2.0,87,30.0,24.1,998.3,0.14,,9,1840
7281,108,서울,2024-07-30 09:00,26.7,,1.9,85,29.7,23.9,998.2,0.25,,9,1997
7282,108,서울,2024-07-30 10:00,27.2,,2.0,84,30.2,24.2,998.3,0.48,,9,2022
7283,108,서울,2024-07-30 11:00,29.0,,1.8,78,31.1,24.7,997.9,2.02,,7,2710
7284,108,서울,2024-07-30 12:00,30.2,,2.9,74,31.7,25.0,997.4,2.32,,7,2270
7285,108,서울,2024-07-30 13:00,30.8,,3.6,71,31.5,24.9,997.1,2.24,,7,2163
7286,108,서울,2024-07-30 14:00,31.1,,3.0,70,31.5,24.9,996.8,1.85,,7,2498
7287,108,서울,2024-07-30 15:00,31.8,,3.3,66,30.9,24.6,996.8,2.48,,6,2098
7288,108,서울,2024-07-30 16:00,31.8,,2.8,68,31.9,25.1,996.6,1.58,,6,2055
7289,108,서울,2024-07-30 17:00,30.9,,2.8,71,31.7,25.0,996.4,0.87,,7,2019
7290,108,서울,2024-07-30 18:00,31.2,,3.3,69,31.3,24.8,996.3,1.21,,3,2042
7291,108,서울,2024-07-30 19:00,30.1,,3.1,73,31.1,24.7,996.6,0.37,,0,2520
7292,108,서울,2024-07-30 20:00,29.2,,2.4,78,31.5,24.9,997.0,0.06,,0,2237
7293,108,서울,2024-07-30 21:00,28.6,,2.6,81,31.7,25.0,997.4,,,8,1919
7294,108,서울,2024-07-30 22:00,28.2,,2.4,82,31.3,24.8,997.5,,,2,1839
7295,108,서울,2024-07-30 23:00,27.9,,2.1,84,31.5,24.9,997.2,,,0,1921
7296,108,서울,2024-07-31 00:00,27.7,,2.3,84,31.1,24.7,997.5,,,9,1957
7297,108,서울,2024-07-31 01:00,27.4,,2.6,81,29.5,23.8,997.5,,,0,2524
7298,108,서울,2024-07-31 02:00,27.2,,2.1,79,28.4,23.2,997.3,,,8,2233
7299,108,서울,2024-07-31 03:00,27.1,,1.9,80,28.6,23.3,997.3,,,9,2517
7300,108,서울,2024-07-31 04:00,27.0,,1.9,80,28.4,23.2,997.6,,,9,2571
7301,108,서울,2024-07-31 05:00,27.0,,1.9,81,28.8,23.4,997.8,,,9,2733
7302,108,서울,2024-07-31 06:00,27.0,,2.0,82,29.1,23.6,998.2,0.0,,9,2373
7303,108,서울,2024-07-31 07:00,27.1,,2.0,82,29.3,23.7,998.2,0.16,,9,2778
7304,108,서울,2024-07-31 08:00,27.7,,2.8,80,29.7,23.9,998.0,0.68,,9,2894
7305,108,서울,2024-07-31 09:00,28.3,,2.5,79,30.4,24.3,997.7,0.68,,7,3456
7306,108,서울,2024-07-31 10:00,29.1,,2.6,75,30.2,24.2,997.5,1.22,,8,3602
7307,108,서울,2024-07-31 11:00,30.1,,3.0,72,30.6,24.4,997.2,1.56,,7,2980
7308,108,서울,2024-07-31 12:00,30.7,,3.0,68,30.0,24.1,996.7,1.75,,8,3386
7309,108,서울,2024-07-31 13:00,31.5,,2.7,67,30.9,24.6,996.5,2.04,,7,3120
7310,108,서울,2024-07-31 14:00,32.2,,3.4,64,30.7,24.5,995.9,2.51,,7,3559
7311,108,서울,2024-07-31 15:00,32.6,,2.6,64,31.3,24.8,995.5,1.78,,7,3106
7312,108,서울,2024-07-31 16:00,32.6,,3.5,60,29.5,23.8,995.3,2.06,,4,3605
7313,108,서울,2024-07-31 17:00,32.7,,4.5,61,30.0,24.1,995.0,1.44,,3,3643
7314,108,서울,2024-07-31 18:00,32.3,,3.1,64,30.9,24.6,994.9,1.03,,3,3114
7315,108,서울,2024-07-31 19:00,31.2,,2.8,63,28.6,23.3,995.3,0.42,,0,3498
7316,108,서울,2024-07-31 20:00,29.7,,2.5,76,31.7,25.0,995.4,0.09,,0,3385
7317,108,서울,2024-07-31 21:00,28.9,,2.6,79,31.3,24.8,995.9,,,7,3339
7318,108,서울,2024-07-31 22:00,28.7,,1.8,78,30.6,24.4,995.8,,,0,3618
7319,108,서울,2024-07-31 23:00,28.3,,3.0,78,29.8,24.0,995.7,,,0,3267
7320,108,서울,2024-08-01 00:00,27.9,,2.7,80,30.0,24.1,995.7,,,8,3209
7321,108,서울,2024-08-01 01:00,27.8,,1.9,81,30.2,24.2,996.1,,,0,3071
7322,108,서울,2024-08-01 02:00,27.8,,2.5,82,30.6,24.4,996.1,,,3,3065
7323,108,서울,2024-08-01 03:00,27.8,,2.4,82,30.6,24.4,995.6,,,9,3523
7324,108,서울,2024-08-01 04:00,27.7,0.0,2.7,84,31.1,24.7,995.2,,,9,2119
7325,108,서울,2024-08-01 05:00,27.3,0.3,2.5,85,30.7,24.5,994.9,,,4,3316
7326,108,서울,2024-08-01 06:00,27.5,,2.3,82,30.0,24.1,995.1,0.0,,9,3859
7327,108,서울,2024-08-01 07:00,27.6,0.0,2.5,83,30.6,24.4,995.4,0.06,,9,2974
7328,108,서울,2024-08-01 08:00,28.0,0.0,3.3,83,31.3,24.8,995.5,0.34,,9,3320
7329,108,서울,2024-08-01 09:00,28.9,,3.0,80,31.7,25.0,995.0,0.84,,8,1316
7330,108,서울,2024-08-01 10:00,29.5,,2.5,78,32.1,25.2,995.0,0.88,,7,2624
7331,108,서울,2024-08-01 11:00,30.4,,2.6,74,32.1,25.2,995.1,1.56,,8,2397
7332,108,서울,2024-08-01 12:00,31.1,,2.3,71,32.1,25.2,994.7,1.63,,9,2752
7333,108,서울,2024-08-01 13:00,31.3,,2.4,71,32.4,25.4,994.5,1.16,,9,2853
7334,108,서울,2024-08-01 14:00,32.2,,3.3,67,32.1,25.2,994.0,2.09,,8,3065
7335,108,서울,2024-08-01 15:00,32.7,,2.9,65,32.1,25.2,993.4,2.17,,8,3172
7336,108,서울,2024-08-01 16:00,33.1,,2.8,67,33.8,26.1,992.7,1.85,,4,3085
7337,108,서울,2024-08-01 17:00,32.6,,2.8,67,32.8,25.6,992.8,0.96,,4,2598
7338,108,서울,2024-08-01 18:00,32.6,,2.8,67,32.8,25.6,992.9,0.92,,2,2973
7339,108,서울,2024-08-01 19:00,31.7,,2.3,68,31.7,25.0,993.1,0.46,,1,3049
7340,108,서울,2024-08-01 20:00,30.4,,2.8,75,32.4,25.4,993.8,0.03,,2,2624
7341,108,서울,2024-08-01 21:00,29.6,,2.2,78,32.2,25.3,994.3,,,2,2492
7342,108,서울,2024-08-01 22:00,29.2,,1.8,80,32.2,25.3,994.4,,,4,2408
7343,108,서울,2024-08-01 23:00,29.1,,2.5,79,31.7,25.0,994.9,,,4,2523
7344,108,서울,2024-08-02 00:00,29.0,,1.7,79,31.5,24.9,995.0,,,7,2557
7345,108,서울,2024-08-02 01:00,28.8,,2.4,80,31.5,24.9,994.5,,,6,2246
7346,108,서울,2024-08-02 02:00,28.7,,2.7,82,32.2,25.3,993.9,,,7,1966
7347,108,서울,2024-08-02 03:00,28.5,,3.2,82,31.9,25.1,994.2,,,8,2229
7348,108,서울,2024-08-02 04:00,28.4,,3.5,83,32.1,25.2,994.0,,,8,2291
7349,108,서울,2024-08-02 05:00,28.3,,2.7,83,31.9,25.1,994.2,,,8,2251
7350,108,서울,2024-08-02 06:00,28.2,,2.6,83,31.7,25.0,994.0,0.0,,9,2185
7351,108,서울,2024-08-02 07:00,28.3,,3.7,83,31.9,25.1,994.3,0.07,,9,2427
7352,108,서울,2024-08-02 08:00,28.5,,2.1,83,32.2,25.3,994.5,0.21,,9,2415
7353,108,서울,2024-08-02 09:00,28.9,,2.8,80,31.7,25.0,994.3,0.42,,9,2186
7354,108,서울,2024-08-02 10:00,28.9,,2.6,80,31.7,25.0,994.5,0.29,,9,2170
7355,108,서울,2024-08-02 11:00,29.3,,2.7,82,33.2,25.8,994.5,0.5,,9,2177
7356,108,서울,2024-08-02 12:00,29.8,,2.8,78,32.6,25.5,994.4,0.71,,7,2238
7357,108,서울,2024-08-02 13:00,30.8,,2.6,76,33.6,26.0,993.8,1.32,,4,2184
7358,108,서울,2024-08-02 14:00,31.1,,3.0,73,32.8,25.6,993.7,1.29,,9,2087
7359,108,서울,2024-08-02 15:00,31.7,,3.3,72,33.6,26.0,993.7,1.22,,5,2262
7360,108,서울,2024-08-02 16:00,32.2,,2.9,70,33.6,26.0,993.3,1.63,,4,2086
7361,108,서울,2024-08-02 17:00,32.4,,2.7,68,33.0,25.7,993.3,1.58,,4,2212
7362,108,서울,2024-08-02 18:00,31.7,,2.6,73,34.0,26.2,993.3,0.71,,1,2103
7363,108,서울,2024-08-02 19:00,30.9,,2.6,77,34.2,26.3,994.0,0.36,,1,1515
7364,108,서울,2024-08-02 20:00,29.8,,2.3,81,33.8,26.1,994.7,0.05,,7,1242
7365,108,서울,2024-08-02 21:00,29.2,,2.4,83,33.6,26.0,995.1,,,5,1090
7366,108,서울,2024-08-02 22:00,29.2,,2.9,82,33.2,25.8,995.8,,,1,754
7367,108,서울,2024-08-02 23:00,29.0,,3.5,82,32.8,25.6,996.2,,,0,836
7368,108,서울,2024-08-03 00:00,28.9,,1.9,84,33.4,25.9,996.5,,,9,747
7369,108,서울,2024-08-03 01:00,28.3,,1.9,86,33.0,25.7,996.3,,,0,478
7370,108,서울,2024-08-03 02:00,28.0,,1.2,88,33.2,25.8,996.3,,,0,406
7371,108,서울,2024-08-03 03:00,27.7,,1.4,88,32.6,25.5,996.5,,,6,467
7372,108,서울,2024-08-03 04:00,27.3,,1.8,87,31.5,24.9,996.5,,,8,865
7373,108,서울,2024-08-03 05:00,27.2,,1.7,88,31.7,25.0,997.0,,,8,775
7374,108,서울,2024-08-03 06:00,27.3,,1.4,88,31.9,25.1,997.4,0.0,,10,694
7375,108,서울,2024-08-03 07:00,27.4,,2.0,87,31.7,25.0,997.8,0.14,,9,723
7376,108,서울,2024-08-03 08:00,27.9,,1.7,85,31.9,25.1,998.0,0.4,,9,834
7377,108,서울,2024-08-03 09:00,28.6,,1.1,83,32.4,25.4,998.1,0.73,,9,801
7378,108,서울,2024-08-03 10:00,29.9,,1.4,79,33.2,25.8,998.3,1.62,,7,939
7379,108,서울,2024-08-03 11:00,31.0,,2.4,73,32.6,25.5,998.0,2.25,,7,979
7380,108,서울,2024-08-03 12:00,32.0,,2.5,69,32.6,25.5,997.7,2.5,,6,1139
7381,108,서울,2024-08-03 13:00,32.9,,3.0,65,32.4,25.4,997.4,3.06,,5,1602
7382,108,서울,2024-08-03 14:00,33.2,,2.7,62,31.5,24.9,997.0,3.03,,4,1960
7383,108,서울,2024-08-03 15:00,33.8,,3.6,60,31.5,24.9,996.9,2.4,,4,1943
7384,108,서울,2024-08-03 16:00,34.0,,2.9,60,31.9,25.1,996.4,2.49,,3,1864
7385,108,서울,2024-08-03 17:00,33.8,,2.4,62,32.4,25.4,996.0,1.33,,1,2160
7386,108,서울,2024-08-03 18:00,33.4,,2.9,63,32.2,25.3,996.1,1.16,,0,2388
7387,108,서울,2024-08-03 19:00,32.3,,2.5,66,31.9,25.1,996.6,0.48,,0,2244
7388,108,서울,2024-08-03 20:00,30.7,,2.2,70,30.7,24.5,997.3,0.05,,0,2996
7389,108,서울,2024-08-03 21:00,30.0,,2.9,73,30.9,24.6,997.9,,,0,2589
7390,108,서울,2024-08-03 22:00,29.6,,2.7,75,30.9,24.6,998.3,,,0,2713
7391,108,서울,2024-08-03 23:00,29.2,,1.5,75,30.4,24.3,998.1,,,0,2688
7392,108,서울,2024-08-04 00:00,28.7,,1.2,76,29.8,24.0,997.9,,,0,2533
7393,108,서울,2024-08-04 01:00,28.4,,0.3,79,30.4,24.3,998.1,,,0,2288
7394,108,서울,2024-08-04 02:00,28.1,,0.5,81,30.7,24.5,997.9,,,0,2058
7395,108,서울,2024-08-04 03:00,28.0,,0.7,83,31.3,24.8,997.7,,,0,1839
7396,108,서울,2024-08-04 04:00,27.8,,0.4,84,31.3,24.8,997.9,,,0,1619
7397,108,서울,2024-08-04 05:00,27.6,,0.8,85,31.3,24.8,998.4,,,0,1388
7398,108,서울,2024-08-04 06:00,27.3,,1.0,87,31.5,24.9,998.5,0.01,,0,1295
7399,108,서울,2024-08-04 07:00,27.6,,1.4,87,32.1,25.2,998.3,0.26,,0,1225
7400,108,서울,2024-08-04 08:00,29.1,,1.4,84,33.8,26.1,998.6,0.79,,0,1253
7401,108,서울,2024-08-04 09:00,30.6,,2.0,77,33.6,26.0,998.7,1.55,,1,1310
7402,108,서울,2024-08-04 10:00,31.8,,1.0,71,33.2,25.8,998.5,2.03,,3,1404
7403,108,서울,2024-08-04 11:00,33.6,,1.0,63,32.6,25.5,998.5,2.91,,5,2097
7404,108,서울,2024-08-04 12:00,35.0,,1.6,55,30.9,24.6,998.1,3.43,,5,2064
7405,108,서울,2024-08-04 13:00,34.2,,1.4,57,30.6,24.4,997.5,1.67,,8,2115
7406,108,서울,2024-08-04 14:00,35.5,,2.8,56,32.2,25.3,997.1,2.75,,6,2256
7407,108,서울,2024-08-04 15:00,36.1,,3.0,53,31.5,24.9,996.7,3.09,,6,2209
7408,108,서울,2024-08-04 16:00,36.0,,2.5,53,31.5,24.9,996.2,2.42,,7,1977
7409,108,서울,2024-08-04 17:00,35.4,,2.9,56,32.1,25.2,996.2,1.88,,2,2228
7410,108,서울,2024-08-04 18:00,34.9,,1.6,57,31.9,25.1,995.9,1.15,,0,2089
7411,108,서울,2024-08-04 19:00,33.8,,2.3,62,32.4,25.4,996.0,0.42,,0,2120
7412,108,서울,2024-08-04 20:00,32.6,,2.1,67,32.8,25.6,996.1,0.04,,0,1976
7413,108,서울,2024-08-04 21:00,31.8,,1.8,71,33.2,25.8,997.2,,,4,1896
7414,108,서울,2024-08-04 22:00,31.3,,1.6,70,31.9,25.1,997.5,,,1,1954
7415,108,서울,2024-08-04 23:00,30.8,,1.6,72,31.9,25.1,997.5,,,1,2053
7416,108,서울,2024-08-05 00:00,30.6,,1.9,71,31.1,24.7,997.7,,,2,2203
7417,108,서울,2024-08-05 01:00,30.3,,0.8,71,30.6,24.4,997.5,,,7,2192
7418,108,서울,2024-08-05 02:00,29.0,,1.6,72,28.8,23.4,997.7,,,3,2639
7419,108,서울,2024-08-05 03:00,28.9,,1.1,76,30.2,24.2,997.6,,,8,2214
7420,108,서울,2024-08-05 04:00,29.0,0.5,1.0,79,31.5,24.9,997.7,,,9,1131
7421,108,서울,2024-08-05 05:00,28.8,0.0,2.2,82,32.4,25.4,998.1,,,9,1259
7422,108,서울,2024-08-05 06:00,27.5,0.0,0.7,85,31.1,24.7,997.7,0.01,,5,1133
7423,108,서울,2024-08-05 07:00,27.6,,2.8,88,32.4,25.4,997.8,0.15,,5,1170
7424,108,서울,2024-08-05 08:00,27.6,,2.4,84,30.9,24.6,997.7,0.3,,3,2187
7425,108,서울,2024-08-05 09:00,29.1,,1.0,82,33.0,25.7,997.9,1.06,,2,1747
7426,108,서울,2024-08-05 10:00,30.5,,0.9,78,34.0,26.2,998.1,1.2,,6,1203
7427,108,서울,2024-08-05 11:00,31.5,,1.5,71,32.6,25.5,998.1,1.83,,7,1076
7428,108,서울,2024-08-05 12:00,32.0,0.0,1.8,68,32.2,25.3,997.8,1.24,,8,1110
7429,108,서울,2024-08-05 13:00,32.3,0.0,0.5,67,32.2,25.3,997.5,0.88,,8,1013
7430,108,서울,2024-08-05 14:00,32.7,,2.0,68,33.6,26.0,996.9,1.05,,7,1304
7431,108,서울,2024-08-05 15:00,32.9,,0.9,69,34.4,26.4,996.1,1.39,,5,1167
7432,108,서울,2024-08-05 16:00,33.2,,0.7,64,32.4,25.4,996.4,1.18,,8,1360
7433,108,서울,2024-08-05 17:00,32.7,0.0,1.4,69,34.0,26.2,996.3,0.82,,6,1811
7434,108,서울,2024-08-05 18:00,33.0,0.0,3.5,65,32.6,25.5,995.8,1.27,,2,2905
7435,108,서울,2024-08-05 19:00,31.6,,4.0,64,29.7,23.9,996.5,0.48,,0,3018
7436,108,서울,2024-08-05 20:00,30.4,,2.9,73,31.7,25.0,997.1,0.06,,7,2782
7437,108,서울,2024-08-05 21:00,30.0,,1.4,76,32.1,25.2,998.2,,,2,2522
7438,108,서울,2024-08-05 22:00,29.9,,2.5,76,32.1,25.2,998.7,,,7,2486
7439,108,서울,2024-08-05 23:00,28.8,0.0,1.6,77,30.4,24.3,997.8,,,8,2813
7440,108,서울,2024-08-06 00:00,26.9,0.8,2.0,83,29.3,23.7,996.9,,,7,2673
7441,108,서울,2024-08-06 01:00,26.6,0.0,2.3,85,29.5,23.8,997.2,,,7,3609
7442,108,서울,2024-08-06 02:00,26.7,,2.1,87,30.4,24.3,997.1,,,5,2583
7443,108,서울,2024-08-06 03:00,26.4,,1.4,86,29.5,23.8,997.4,,,1,2934
7444,108,서울,2024-08-06 04:00,26.2,,1.3,87,29.5,23.8,997.7,,,1,2889
7445,108,서울,2024-08-06 05:00,25.8,,2.3,88,29.1,23.6,998.0,,,0,3348
7446,108,서울,2024-08-06 06:00,25.7,,2.2,87,28.6,23.3,998.4,0.0,,6,3431
7447,108,서울,2024-08-06 07:00,26.2,0.0,1.0,86,29.1,23.6,998.7,0.27,,7,3534
7448,108,서울,2024-08-06 08:00,26.7,0.0,1.5,83,28.9,23.5,999.1,0.37,,8,3937
7449,108,서울,2024-08-06 09:00,27.2,0.0,1.8,82,29.5,23.8,999.5,0.48,,5,3339
7450,108,서울,2024-08-06 10:00,27.8,,2.7,81,30.2,24.2,999.2,0.73,,4,3327
7451,108,서울,2024-08-06 11:00,28.8,,2.1,79,31.1,24.7,999.0,1.5,,0,2600
7452,108,서울,2024-08-06 12:00,30.5,,1.8,71,30.9,24.6,998.9,3.13,,1,2436
7453,108,서울,2024-08-06 13:00,31.4,,2.1,68,31.1,24.7,998.3,3.11,,1,3235
7454,108,서울,2024-08-06 14:00,30.8,,2.2,69,30.6,24.4,997.6,1.44,,2,2132
7455,108,서울,2024-08-06 15:00,32.9,,1.9,63,31.5,24.9,997.4,3.08,,3,2445
7456,108,서울,2024-08-06 16:00,33.2,,2.4,60,30.4,24.3,996.9,2.32,,3,2381
7457,108,서울,2024-08-06 17:00,32.9,,2.8,61,30.4,24.3,996.6,0.99,,6,2556
7458,108,서울,2024-08-06 18:00,33.2,,1.8,61,30.9,24.6,996.0,0.86,,3,2930
7459,108,서울,2024-08-06 19:00,32.6,,2.2,64,31.3,24.8,996.2,0.51,,4,2511
7460,108,서울,2024-08-06 20:00,31.5,,2.1,67,30.9,24.6,996.6,0.05,,3,2646
7461,108,서울,2024-08-06 21:00,30.8,,0.6,69,30.6,24.4,996.7,,,3,2870
7462,108,서울,2024-08-06 22:00,30.0,,2.7,73,30.9,24.6,996.8,,,5,2749
7463,108,서울,2024-08-06 23:00,29.2,,2.5,77,31.1,24.7,997.1,,,2,2588
7464,108,서울,2024-08-07 00:00,28.9,,2.2,79,31.3,24.8,997.4,,,2,2420
7465,108,서울,2024-08-07 01:00,28.5,,1.2,80,31.1,24.7,997.3,,,2,2384
7466,108,서울,2024-08-07 02:00,28.2,,0.5,78,29.7,23.9,997.5,,,2,2588
7467,108,서울,2024-08-07 03:00,27.8,,0.9,78,29.1,23.6,997.3,,,0,2850
7468,108,서울,2024-08-07 04:00,27.6,,0.7,79,29.1,23.6,997.1,,,0,2811
7469,108,서울,2024-08-07 05:00,27.3,,0.9,79,28.6,23.3,997.5,,,2,2838
7470,108,서울,2024-08-07 06:00,27.2,,0.2,80,28.8,23.4,997.4,0.0,,4,2824
7471,108,서울,2024-08-07 07:00,27.4,,0.9,80,29.1,23.6,997.6,0.21,,5,2990
7472,108,서울,2024-08-07 08:00,28.5,,0.8,79,30.6,24.4,997.4,0.68,,4,2398
7473,108,서울,2024-08-07 09:00,29.8,,1.8,72,30.0,24.1,997.6,1.29,,2,2894
7474,108,서울,2024-08-07 10:00,29.5,0.0,2.5,74,30.4,24.3,998.0,0.64,,7,2467
7475,108,서울,2024-08-07 11:00,28.3,3.4,1.5,80,30.7,24.5,997.2,0.61,,3,2162
7476,108,서울,2024-08-07 12:00,30.1,0.0,1.2,74,31.5,24.9,996.8,2.07,,1,2744
7477,108,서울,2024-08-07 13:00,31.4,,2.0,70,32.1,25.2,996.2,3.38,,4,3556
7478,108,서울,2024-08-07 14:00,32.3,,2.4,62,29.8,24.0,995.6,3.04,,4,3542
7479,108,서울,2024-08-07 15:00,33.2,,3.2,59,29.8,24.0,995.1,3.02,,2,2858
7480,108,서울,2024-08-07 16:00,33.3,,3.0,58,29.7,23.9,994.6,2.54,,2,2920
7481,108,서울,2024-08-07 17:00,33.1,,3.5,58,29.3,23.7,994.4,1.7,,1,3264
7482,108,서울,2024-08-07 18:00,32.3,,2.9,59,28.4,23.2,994.3,1.07,,1,2770
7483,108,서울,2024-08-07 19:00,31.2,,2.5,65,29.5,23.8,994.4,0.42,,2,2935
7484,108,서울,2024-08-07 20:00,29.6,,2.9,71,29.3,23.7,994.8,0.03,,3,3060
7485,108,서울,2024-08-07 21:00,28.7,,2.5,74,28.9,23.5,995.2,,,1,2942
7486,108,서울,2024-08-07 22:00,28.2,,2.2,78,29.7,23.9,995.4,,,1,2518
7487,108,서울,2024-08-07 23:00,27.9,,1.4,79,29.7,23.9,995.3,,,2,2514
7488,108,서울,2024-08-08 00:00,27.7,,0.6,80,29.7,23.9,995.2,,,0,2394
7489,108,서울,2024-08-08 01:00,27.7,,1.5,80,29.7,23.9,995.3,,,6,2579
7490,108,서울,2024-08-08 02:00,27.6,,1.2,81,29.8,24.0,995.0,,,5,2568
7491,108,서울,2024-08-08 03:00,27.6,,1.1,81,29.8,24.0,994.9,,,9,2397
7492,108,서울,2024-08-08 04:00,27.4,,1.4,84,30.6,24.4,994.6,,,6,2038
7493,108,서울,2024-08-08 05:00,27.3,,0.7,84,30.4,24.3,994.9,,,8,2042
7494,108,서울,2024-08-08 06:00,27.1,,0.2,85,30.4,24.3,995.2,0.0,,7,2008
7495,108,서울,2024-08-08 07:00,27.3,0.0,0.7,84,30.4,24.3,995.4,0.1,,6,2159
7496,108,서울,2024-08-08 08:00,27.6,,1.3,84,30.9,24.6,995.4,0.29,,9,2224
7497,108,서울,2024-08-08 09:00,27.4,,2.4,80,29.1,23.6,995.1,0.3,,7,2323
7498,108,서울,2024-08-08 10:00,28.8,,0.8,77,30.4,24.3,994.6,1.33,,4,2091
7499,108,서울,2024-08-08 11:00,29.2,,1.6,76,30.7,24.5,994.8,0.89,,4,1865
7500,108,서울,2024-08-08 12:00,29.6,,2.0,73,30.2,24.2,994.9,1.2,,5,1864
7501,108,서울,2024-08-08 13:00,29.6,0.0,0.8,74,30.6,24.4,994.8,0.75,,6,1469
7502,108,서울,2024-08-08 14:00,29.6,0.0,2.5,74,30.6,24.4,994.6,0.67,,6,1724
7503,108,서울,2024-08-08 15:00,30.2,,2.8,74,31.7,25.0,994.2,1.28,,4,1384
7504,108,서울,2024-08-08 16:00,30.8,,2.3,71,31.5,24.9,993.9,1.27,,3,2175
7505,108,서울,2024-08-08 17:00,31.4,,2.6,65,29.8,24.0,993.5,1.61,,1,2588
7506,108,서울,2024-08-08 18:00,30.8,,2.0,66,29.3,23.7,993.5,0.82,,2,2190
7507,108,서울,2024-08-08 19:00,30.3,,1.6,69,29.7,23.9,993.7,0.37,,1,2413
7508,108,서울,2024-08-08 20:00,29.1,,2.3,74,29.7,23.9,994.3,0.06,,4,2182
7509,108,서울,2024-08-08 21:00,28.2,,2.7,78,29.7,23.9,995.0,,,0,1919
7510,108,서울,2024-08-08 22:00,27.7,,1.8,78,28.9,23.5,994.9,,,1,1927
7511,108,서울,2024-08-08 23:00,27.2,,0.7,80,28.8,23.4,995.0,,,1,1779
7512,108,서울,2024-08-09 00:00,26.9,,1.0,83,29.3,23.7,994.8,,,0,1634
7513,108,서울,2024-08-09 01:00,26.6,,0.9,83,28.8,23.4,994.6,,,0,1547
7514,108,서울,2024-08-09 02:00,26.4,,0.8,85,29.1,23.6,995.0,,,0,1435
7515,108,서울,2024-08-09 03:00,26.2,,0.8,86,29.1,23.6,994.8,,,0,1276
7516,108,서울,2024-08-09 04:00,25.9,,0.0,86,28.6,23.3,995.0,,,0,1342
7517,108,서울,2024-08-09 05:00,25.6,,1.5,88,28.8,23.4,995.0,,,0,1164
7518,108,서울,2024-08-09 06:00,25.6,,0.1,88,28.8,23.4,995.4,0.0,,1,1418
7519,108,서울,2024-08-09 07:00,25.8,,0.3,88,29.1,23.6,995.4,0.22,,0,1289
7520,108,서울,2024-08-09 08:00,27.1,,1.8,86,30.7,24.5,995.2,0.82,,3,1348
7521,108,서울,2024-08-09 09:00,29.1,,1.5,75,30.2,24.2,995.2,1.7,,3,1906
7522,108,서울,2024-08-09 10:00,29.4,,1.5,73,29.8,24.0,995.0,1.41,,5,2042
7523,108,서울,2024-08-09 11:00,29.6,,1.0,73,30.2,24.2,994.8,0.66,,6,1946
7524,108,서울,2024-08-09 12:00,30.5,,1.9,69,30.0,24.1,994.4,1.27,,6,1813
7525,108,서울,2024-08-09 13:00,31.7,,1.8,64,29.8,24.0,994.0,1.73,,4,2009
7526,108,서울,2024-08-09 14:00,33.2,,2.5,58,29.5,23.8,993.6,2.69,,4,2571
7527,108,서울,2024-08-09 15:00,32.5,,2.6,57,27.7,22.8,993.2,1.71,,4,2159
7528,108,서울,2024-08-09 16:00,32.6,,2.3,59,28.9,23.5,993.0,0.83,,6,2271
7529,108,서울,2024-08-09 17:00,32.6,,2.8,63,30.9,24.6,993.0,1.38,,5,2117
7530,108,서울,2024-08-09 18:00,32.2,,2.7,65,31.1,24.7,992.9,0.71,,5,2128
7531,108,서울,2024-08-09 19:00,31.3,,2.4,67,30.6,24.4,993.0,0.39,,1,2125
7532,108,서울,2024-08-09 20:00,30.3,,2.8,71,30.6,24.4,993.2,0.03,,1,2047
7533,108,서울,2024-08-09 21:00,29.6,,1.7,73,30.2,24.2,993.7,,,0,1917
7534,108,서울,2024-08-09 22:00,29.2,,1.3,75,30.4,24.3,994.0,,,1,1876
7535,108,서울,2024-08-09 23:00,28.8,,1.6,78,30.7,24.5,993.7,,,1,1754
7536,108,서울,2024-08-10 00:00,28.4,,2.8,80,30.9,24.6,993.9,,,0,1720
7537,108,서울,2024-08-10 01:00,27.9,,0.8,81,30.4,24.3,993.6,,,1,1538
7538,108,서울,2024-08-10 02:00,27.6,,0.9,84,30.9,24.6,993.5,,,1,1522
7539,108,서울,2024-08-10 03:00,27.3,,0.8,84,30.4,24.3,993.6,,,0,1443
7540,108,서울,2024-08-10 04:00,26.9,,1.5,85,30.0,24.1,993.4,,,0,1387
7541,108,서울,2024-08-10 05:00,26.5,,1.7,87,30.0,24.1,993.7,,,0,1313
7542,108,서울,2024-08-10 06:00,26.4,,2.0,87,29.8,24.0,994.1,0.0,,0,1305
7543,108,서울,2024-08-10 07:00,26.7,,1.7,86,30.0,24.1,994.3,0.15,,3,1347
7544,108,서울,2024-08-10 08:00,27.4,,1.8,84,30.6,24.4,994.3,0.44,,0,1405
7545,108,서울,2024-08-10 09:00,28.9,,2.2,79,31.3,24.8,994.1,1.17,,1,1407
7546,108,서울,2024-08-10 10:00,30.2,,2.2,73,31.3,24.8,993.8,1.75,,4,1232
7547,108,서울,2024-08-10 11:00,31.2,,1.5,71,32.2,25.3,993.6,1.69,,3,1333
7548,108,서울,2024-08-10 12:00,32.2,,2.5,63,30.2,24.2,993.0,2.22,,7,1824
7549,108,서울,2024-08-10 13:00,32.8,,1.9,62,30.7,24.5,992.7,1.63,,7,2049
7550,108,서울,2024-08-10 14:00,33.1,,2.4,56,28.3,23.1,992.2,2.03,,7,2117
7551,108,서울,2024-08-10 15:00,33.2,,2.3,57,28.9,23.5,992.2,1.15,,5,1762
7552,108,서울,2024-08-10 16:00,33.3,,2.5,60,30.6,24.4,992.0,1.34,,4,1699
7553,108,서울,2024-08-10 17:00,32.6,,1.9,59,28.9,23.5,991.9,0.77,,1,1811
7554,108,서울,2024-08-10 18:00,32.8,,2.0,57,28.3,23.1,991.8,1.02,,0,1996
7555,108,서울,2024-08-10 19:00,32.2,,1.6,59,28.3,23.1,992.0,0.38,,1,2077
7556,108,서울,2024-08-10 20:00,31.1,,1.0,63,28.4,23.2,992.2,0.02,,1,1996
7557,108,서울,2024-08-10 21:00,30.2,,1.2,67,28.6,23.3,992.8,,,0,1660
7558,108,서울,2024-08-10 22:00,29.8,,1.1,69,28.8,23.4,992.8,,,4,1717
7559,108,서울,2024-08-10 23:00,29.3,,1.2,71,28.8,23.4,993.0,,,1,1594
7560,108,서울,2024-08-11 00:00,29.0,,0.5,72,28.8,23.4,992.7,,,2,1487
7561,108,서울,2024-08-11 01:00,28.8,,0.4,75,29.7,23.9,992.3,,,3,1319
7562,108,서울,2024-08-11 02:00,28.7,,0.7,74,28.9,23.5,992.2,,,3,1419
7563,108,서울,2024-08-11 03:00,28.7,,1.4,73,28.6,23.3,992.2,,,2,1745
7564,108,서울,2024-08-11 04:00,28.5,,1.7,73,28.3,23.1,992.3,,,0,1706
7565,108,서울,2024-08-11 05:00,28.1,,1.2,74,28.1,23.0,992.2,,,5,1871
7566,108,서울,2024-08-11 06:00,27.8,,1.2,75,27.9,22.9,992.7,0.0,,3,1837
7567,108,서울,2024-08-11 07:00,28.2,,1.5,78,29.7,23.9,992.9,0.24,,5,1521
7568,108,서울,2024-08-11 08:00,28.9,,2.3,77,30.6,24.4,993.4,0.53,,0,1180
7569,108,서울,2024-08-11 09:00,30.2,,2.2,75,32.1,25.2,993.4,1.36,,3,1303
7570,108,서울,2024-08-11 10:00,31.1,,2.3,71,32.1,25.2,993.5,1.55,,4,1752
7571,108,서울,2024-08-11 11:00,32.2,,1.6,63,30.2,24.2,992.9,2.83,,5,1885
7572,108,서울,2024-08-11 12:00,32.6,,2.1,62,30.4,24.3,992.7,1.67,,8,2227
7573,108,서울,2024-08-11 13:00,33.4,,2.9,60,30.7,24.5,992.3,2.17,,6,2331
7574,108,서울,2024-08-11 14:00,33.9,,3.3,55,28.9,23.5,992.2,2.21,,6,2127
7575,108,서울,2024-08-11 15:00,33.8,,2.2,56,29.3,23.7,991.8,1.9,,4,2327
7576,108,서울,2024-08-11 16:00,33.7,,2.3,56,29.1,23.6,991.6,1.39,,4,2233
7577,108,서울,2024-08-11 17:00,33.3,,2.9,56,28.6,23.3,991.7,0.64,,6,2486
7578,108,서울,2024-08-11 18:00,32.9,,2.6,58,28.9,23.5,991.7,0.4,,4,2215
7579,108,서울,2024-08-11 19:00,32.5,,1.7,60,29.3,23.7,991.7,0.21,,7,2199
7580,108,서울,2024-08-11 20:00,31.9,,1.4,62,29.3,23.7,992.2,0.04,,5,2259
7581,108,서울,2024-08-11 21:00,31.0,,1.3,68,30.4,24.3,992.6,,,0,1915
7582,108,서울,2024-08-11 22:00,30.4,,1.0,71,30.7,24.5,992.8,,,1,1791
7583,108,서울,2024-08-11 23:00,30.0,,1.2,73,30.9,24.6,992.9,,,1,1723
7584,108,서울,2024-08-12 00:00,29.5,,0.9,75,30.7,24.5,993.0,,,0,1327
7585,108,서울,2024-08-12 01:00,29.3,,1.5,77,31.3,24.8,993.1,,,6,1456
7586,108,서울,2024-08-12 02:00,29.0,,0.7,78,31.1,24.7,992.9,,,3,1489
7587,108,서울,2024-08-12 03:00,28.9,,0.3,78,30.9,24.6,993.0,,,4,1404
7588,108,서울,2024-08-12 04:00,28.6,,0.8,80,31.3,24.8,993.1,,,7,1476
7589,108,서울,2024-08-12 05:00,28.5,,1.1,80,31.1,24.7,993.5,,,7,1458
7590,108,서울,2024-08-12 06:00,28.3,,1.7,82,31.5,24.9,994.1,0.0,,7,1421
7591,108,서울,2024-08-12 07:00,28.4,,1.6,82,31.7,25.0,994.4,0.16,,1,1401
7592,108,서울,2024-08-12 08:00,29.3,,1.9,79,32.1,25.2,994.7,0.66,,4,1453
7593,108,서울,2024-08-12 09:00,30.0,,2.0,76,32.1,25.2,994.7,0.65,,6,1601
7594,108,서울,2024-08-12 10:00,30.3,,2.4,72,30.9,24.6,994.7,0.64,,7,2234
7595,108,서울,2024-08-12 11:00,32.5,,2.3,64,31.3,24.8,994.5,2.22,,5,2324
7596,108,서울,2024-08-12 12:00,32.8,,2.1,63,31.3,24.8,994.2,1.98,,5,2034
7597,108,서울,2024-08-12 13:00,32.9,,1.8,63,31.5,24.9,994.0,1.3,,6,2104
7598,108,서울,2024-08-12 14:00,32.9,,2.9,63,31.5,24.9,994.0,0.89,,8,1849
7599,108,서울,2024-08-12 15:00,33.8,,2.5,60,31.5,24.9,993.8,1.78,,8,2228
7600,108,서울,2024-08-12 16:00,33.6,,2.3,59,30.6,24.4,993.8,1.22,,7,2061
7601,108,서울,2024-08-12 17:00,33.7,,2.2,59,30.7,24.5,993.6,1.0,,7,2048
7602,108,서울,2024-08-12 18:00,33.7,,1.9,60,31.3,24.8,993.8,0.63,,3,2265
7603,108,서울,2024-08-12 19:00,32.8,,2.5,63,31.3,24.8,994.3,0.36,,2,2304
7604,108,서울,2024-08-12 20:00,31.7,,3.3,68,31.7,25.0,994.9,0.02,,1,2432
7605,108,서울,2024-08-12 21:00,31.0,,3.2,71,31.9,25.1,995.7,,,0,2383
7606,108,서울,2024-08-12 22:00,30.5,,2.4,71,30.9,24.6,995.9,,,1,2598
7607,108,서울,2024-08-12 23:00,30.2,,2.2,71,30.4,24.3,996.2,,,1,2777
7608,108,서울,2024-08-13 00:00,29.9,,1.2,74,31.1,24.7,996.3,,,0,2624
7609,108,서울,2024-08-13 01:00,29.4,,1.1,77,31.5,24.9,996.3,,,1,2378
7610,108,서울,2024-08-13 02:00,29.2,,0.8,78,31.5,24.9,996.6,,,1,2203
7611,108,서울,2024-08-13 03:00,28.8,,1.5,80,31.5,24.9,996.9,,,2,2142
7612,108,서울,2024-08-13 04:00,28.5,,1.3,82,31.9,25.1,997.2,,,3,1852
7613,108,서울,2024-08-13 05:00,28.2,,0.3,83,31.7,25.0,997.5,,,6,1694
7614,108,서울,2024-08-13 06:00,28.2,,0.3,82,31.3,24.8,997.9,0.0,,6,1827
7615,108,서울,2024-08-13 07:00,28.2,,1.4,83,31.7,25.0,998.3,0.2,,1,1959
7616,108,서울,2024-08-13 08:00,29.6,,2.2,79,32.6,25.5,998.6,0.73,,0,1588
7617,108,서울,2024-08-13 09:00,30.5,,2.4,74,32.2,25.3,998.8,1.24,,6,1664
7618,108,서울,2024-08-13 10:00,32.0,,1.7,68,32.2,25.3,998.7,2.07,,4,1934
7619,108,서울,2024-08-13 11:00,32.5,,1.8,64,31.3,24.8,998.3,1.82,,7,2126
7620,108,서울,2024-08-13 12:00,33.8,,1.2,59,30.9,24.6,997.9,2.76,,7,2132
7621,108,서울,2024-08-13 13:00,34.9,,1.9,55,30.7,24.5,997.3,2.98,,8,2328
7622,108,서울,2024-08-13 14:00,35.6,,1.8,57,33.0,25.7,997.0,2.77,,6,2144
7623,108,서울,2024-08-13 15:00,36.3,,2.2,51,30.7,24.5,996.5,2.53,,6,2743
7624,108,서울,2024-08-13 16:00,35.9,,2.8,53,31.3,24.8,996.2,1.6,,6,2838
7625,108,서울,2024-08-13 17:00,34.3,0.0,2.9,60,32.4,25.4,996.2,1.27,,8,1748
7626,108,서울,2024-08-13 18:00,32.1,0.0,1.5,68,32.4,25.4,996.4,0.51,,8,2045
7627,108,서울,2024-08-13 19:00,30.8,0.0,2.0,74,32.8,25.6,996.8,0.3,,4,1903
7628,108,서울,2024-08-13 20:00,31.2,,3.5,66,29.8,24.0,997.3,0.03,,0,2810
7629,108,서울,2024-08-13 21:00,30.8,,1.2,70,30.9,24.6,997.9,,,0,2743
7630,108,서울,2024-08-13 22:00,30.4,,1.2,73,31.7,25.0,998.0,,,1,2662
7631,108,서울,2024-08-13 23:00,30.1,,1.4,75,31.9,25.1,997.9,,,0,2496
7632,108,서울,2024-08-14 00:00,29.8,,0.6,76,31.9,25.1,997.9,,,2,2268
7633,108,서울,2024-08-14 01:00,29.5,,0.6,77,31.7,25.0,998.0,,,6,2350
7634,108,서울,2024-08-14 02:00,29.4,,1.0,78,31.9,25.1,998.1,,,6,2296
7635,108,서울,2024-08-14 03:00,29.4,,1.5,79,32.2,25.3,998.2,,,8,1916
7636,108,서울,2024-08-14 04:00,29.0,,1.8,79,31.5,24.9,998.1,,,7,1975
7637,108,서울,2024-08-14 05:00,28.6,,1.6,80,31.3,24.8,998.0,,,3,1854
7638,108,서울,2024-08-14 06:00,28.3,,1.7,81,31.1,24.7,998.1,0.0,,4,1994
7639,108,서울,2024-08-14 07:00,28.5,,2.3,80,31.1,24.7,998.4,0.26,,3,2065
7640,108,서울,2024-08-14 08:00,29.7,,1.9,75,31.1,24.7,998.6,0.7,,5,1971
7641,108,서울,2024-08-14 09:00,31.1,,2.3,72,32.4,25.4,998.6,1.5,,1,2110
7642,108,서울,2024-08-14 10:00,32.2,,2.1,65,31.1,24.7,998.5,2.14,,1,2159
7643,108,서울,2024-08-14 11:00,33.2,,2.2,61,30.9,24.6,998.2,2.23,,2,2418
7644,108,서울,2024-08-14 12:00,33.1,,1.6,61,30.7,24.5,997.8,1.03,,8,2003
7645,108,서울,2024-08-14 13:00,33.3,,1.3,59,30.0,24.1,997.3,0.72,,8,2143
7646,108,서울,2024-08-14 14:00,34.6,,2.3,55,30.2,24.2,996.7,1.5,,6,2261
7647,108,서울,2024-08-14 15:00,34.7,,1.1,53,29.3,23.7,996.4,1.25,,5,2225
7648,108,서울,2024-08-14 16:00,34.0,,3.4,63,33.4,25.9,996.3,0.79,,7,1251
7649,108,서울,2024-08-14 17:00,30.4,2.8,5.5,73,31.7,25.0,996.3,0.28,,8,814
7650,108,서울,2024-08-14 18:00,28.0,0.2,4.8,79,29.8,24.0,996.5,0.13,,8,2644
7651,108,서울,2024-08-14 19:00,27.9,0.0,1.2,77,28.8,23.4,996.7,0.06,,3,2741
7652,108,서울,2024-08-14 20:00,27.4,,2.6,77,28.1,23.0,997.3,0.0,,2,2575
7653,108,서울,2024-08-14 21:00,27.5,,1.9,79,28.9,23.5,997.8,,,3,2354
7654,108,서울,2024-08-14 22:00,27.6,,0.6,78,28.8,23.4,997.8,,,1,2362
7655,108,서울,2024-08-14 23:00,27.6,,1.1,80,29.5,23.8,998.0,,,2,2326
7656,108,서울,2024-08-15 00:00,27.8,,1.3,80,29.8,24.0,997.7,,,8,2219
7657,108,서울,2024-08-15 01:00,27.9,0.0,0.6,80,30.0,24.1,997.8,,,3,2144
7658,108,서울,2024-08-15 02:00,27.7,0.2,0.9,85,31.5,24.9,997.5,,,3,1448
7659,108,서울,2024-08-15 03:00,27.3,0.1,2.6,85,30.7,24.5,997.4,,,7,2057
7660,108,서울,2024-08-15 04:00,27.2,,2.5,83,29.8,24.0,997.5,,,1,2239
7661,108,서울,2024-08-15 05:00,26.9,,2.2,84,29.7,23.9,997.8,,,0,2237
7662,108,서울,2024-08-15 06:00,26.7,,1.8,84,29.3,23.7,998.1,0.0,,1,2193
7663,108,서울,2024-08-15 07:00,26.9,,1.8,82,28.9,23.5,998.3,0.16,,7,2317
7664,108,서울,2024-08-15 08:00,27.7,,2.1,79,29.3,23.7,998.6,0.52,,4,2699
7665,108,서울,2024-08-15 09:00,29.3,,2.3,73,29.7,23.9,998.7,1.23,,2,2419
7666,108,서울,2024-08-15 10:00,30.1,,1.8,69,29.3,23.7,998.7,1.58,,4,2308
7667,108,서울,2024-08-15 11:00,31.5,,1.3,61,28.1,23.0,998.2,2.43,,1,2742
7668,108,서울,2024-08-15 12:00,32.0,,1.2,62,29.3,23.7,997.9,1.98,,7,2285
7669,108,서울,2024-08-15 13:00,32.5,,0.8,60,29.3,23.7,997.4,1.32,,7,2489
7670,108,서울,2024-08-15 14:00,33.9,,1.0,56,29.5,23.8,996.8,2.78,,6,2568
7671,108,서울,2024-08-15 15:00,34.2,,0.8,56,30.0,24.1,996.0,1.9,,7,2222
7672,108,서울,2024-08-15 16:00,34.5,,2.3,54,29.5,23.8,995.9,1.58,,8,2371
7673,108,서울,2024-08-15 17:00,28.2,6.1,4.4,78,29.7,23.9,996.2,0.26,,7,2249
7674,108,서울,2024-08-15 18:00,28.6,0.0,1.8,78,30.4,24.3,996.3,0.13,,2,1951
7675,108,서울,2024-08-15 19:00,28.5,,1.5,80,31.1,24.7,996.6,0.09,,4,2003
7676,108,서울,2024-08-15 20:00,28.1,,2.3,80,30.4,24.3,997.0,0.02,,2,1991
7677,108,서울,2024-08-15 21:00,28.1,,1.2,80,30.4,24.3,997.5,,,0,2078
7678,108,서울,2024-08-15 22:00,28.1,,1.1,80,30.4,24.3,997.7,,,1,1937
7679,108,서울,2024-08-15 23:00,27.9,,1.4,77,28.8,23.4,997.8,,,1,2237
7680,108,서울,2024-08-16 00:00,27.5,,1.4,79,28.9,23.5,997.8,,,3,2133
7681,108,서울,2024-08-16 01:00,27.4,,1.5,81,29.5,23.8,997.9,,,1,2072
7682,108,서울,2024-08-16 02:00,27.1,,2.3,83,29.7,23.9,997.8,,,1,2039
7683,108,서울,2024-08-16 03:00,27.2,,1.9,82,29.5,23.8,998.0,,,2,2434
7684,108,서울,2024-08-16 04:00,26.9,,1.8,82,28.9,23.5,998.2,,,3,2273
7685,108,서울,2024-08-16 05:00,26.8,,1.4,83,29.1,23.6,998.2,,,5,2193
7686,108,서울,2024-08-16 06:00,26.8,,2.0,80,28.1,23.0,998.8,0.0,,3,2626
7687,108,서울,2024-08-16 07:00,27.0,,1.2,79,28.1,23.0,999.0,0.2,,4,3000
7688,108,서울,2024-08-16 08:00,28.4,,1.9,77,29.7,23.9,999.2,0.74,,3,2445
7689,108,서울,2024-08-16 09:00,29.4,,2.0,71,28.9,23.5,999.3,1.41,,1,2367
7690,108,서울,2024-08-16 10:00,30.7,,1.5,66,29.1,23.6,999.5,2.0,,1,2702
7691,108,서울,2024-08-16 11:00,31.9,,3.4,61,28.8,23.4,999.1,2.62,,3,2656
7692,108,서울,2024-08-16 12:00,31.7,,2.6,61,28.4,23.2,998.7,1.26,,6,2583
7693,108,서울,2024-08-16 13:00,33.1,,1.6,59,29.8,24.0,998.1,2.58,,3,2659
7694,108,서울,2024-08-16 14:00,33.9,,1.9,53,27.9,22.9,997.7,3.03,,6,2649
7695,108,서울,2024-08-16 15:00,33.5,,1.7,54,27.9,22.9,997.3,0.98,,6,2741
7696,108,서울,2024-08-16 16:00,33.5,0.0,3.3,55,28.4,23.2,997.0,0.92,,7,2595
7697,108,서울,2024-08-16 17:00,33.5,,1.8,57,29.5,23.8,996.9,0.74,,5,2617
7698,108,서울,2024-08-16 18:00,32.4,,2.3,62,30.0,24.1,997.1,0.69,,3,2134
7699,108,서울,2024-08-16 19:00,30.9,,2.5,68,30.2,24.2,997.8,0.06,,5,2170
7700,108,서울,2024-08-16 20:00,30.1,,1.8,70,29.8,24.0,998.5,0.01,,2,2337
7701,108,서울,2024-08-16 21:00,29.0,,4.8,70,27.9,22.9,998.9,,,1,2832
7702,108,서울,2024-08-16 22:00,28.9,,0.6,74,29.3,23.7,999.2,,,1,2115
7703,108,서울,2024-08-16 23:00,28.6,,2.5,74,28.9,23.5,999.5,,,1,2426
7704,108,서울,2024-08-17 00:00,28.4,,2.0,75,28.9,23.5,999.6,,,0,2357
7705,108,서울,2024-08-17 01:00,28.1,,0.9,77,29.1,23.6,999.5,,,1,1999
7706,108,서울,2024-08-17 02:00,28.1,,2.3,78,29.5,23.8,999.8,,,1,2108
7707,108,서울,2024-08-17 03:00,28.2,,1.0,76,28.9,23.5,999.8,,,9,2573
7708,108,서울,2024-08-17 04:00,28.1,,1.4,76,28.8,23.4,1000.1,,,1,2553
7709,108,서울,2024-08-17 05:00,27.6,,1.8,78,28.8,23.4,1000.6,,,2,2684
7710,108,서울,2024-08-17 06:00,27.2,,1.6,79,28.4,23.2,1000.7,0.0,,0,2699
7711,108,서울,2024-08-17 07:00,27.3,,1.6,79,28.6,23.3,1000.7,0.13,,6,2863
7712,108,서울,2024-08-17 08:00,28.7,,1.0,77,30.2,24.2,1001.1,0.68,,0,2753
7713,108,서울,2024-08-17 09:00,30.0,,1.4,69,29.1,23.6,1001.1,1.44,,0,3038
7714,108,서울,2024-08-17 10:00,31.1,,1.8,63,28.4,23.2,1001.2,1.85,,1,3047
7715,108,서울,2024-08-17 11:00,32.2,,1.5,59,28.3,23.1,1000.7,2.53,,2,3428
7716,108,서울,2024-08-17 12:00,32.6,,1.6,57,27.9,22.9,1000.2,2.0,,4,2758
7717,108,서울,2024-08-17 13:00,32.8,,1.6,58,28.8,23.4,999.8,1.11,,6,2794
7718,108,서울,2024-08-17 14:00,33.0,0.0,1.1,57,28.6,23.3,999.3,1.07,,6,2243
7719,108,서울,2024-08-17 15:00,33.7,0.0,1.5,54,28.1,23.0,998.9,1.63,,4,3541
7720,108,서울,2024-08-17 16:00,33.6,,2.4,55,28.6,23.3,998.3,1.11,,6,2731
7721,108,서울,2024-08-17 17:00,32.2,,3.2,68,32.6,25.5,998.7,0.64,,8,1265
7722,108,서울,2024-08-17 18:00,31.4,0.0,2.2,69,31.7,25.0,999.0,0.48,,8,1429
7723,108,서울,2024-08-17 19:00,27.4,11.0,2.6,82,29.8,24.0,998.8,0.05,,6,2779
7724,108,서울,2024-08-17 20:00,27.5,,1.5,79,28.9,23.5,999.6,0.01,,5,2934
7725,108,서울,2024-08-17 21:00,27.6,,0.1,81,29.8,24.0,1000.1,,,0,2597
7726,108,서울,2024-08-17 22:00,27.5,,1.5,83,30.4,24.3,1000.0,,,1,2310
7727,108,서울,2024-08-17 23:00,27.5,,1.2,85,31.1,24.7,1000.5,,,4,1898
7728,108,서울,2024-08-18 00:00,27.3,,1.5,83,30.0,24.1,1000.4,,,3,1706
7729,108,서울,2024-08-18 01:00,27.3,,1.2,84,30.4,24.3,1000.3,,,6,1640
7730,108,서울,2024-08-18 02:00,27.2,,2.3,85,30.6,24.4,1000.6,,,1,1800
7731,108,서울,2024-08-18 03:00,27.1,,2.1,84,30.0,24.1,1000.4,,,2,2645
7732,108,서울,2024-08-18 04:00,27.1,0.0,1.6,83,29.7,23.9,1000.4,,,4,2330
7733,108,서울,2024-08-18 05:00,27.1,,2.2,83,29.7,23.9,1000.3,,,10,2759
7734,108,서울,2024-08-18 06:00,27.0,,2.2,84,29.8,24.0,1000.3,0.0,,7,2876
7735,108,서울,2024-08-18 07:00,27.3,,2.4,83,30.0,24.1,1000.6,0.23,,8,3228
7736,108,서울,2024-08-18 08:00,27.7,,1.2,82,30.4,24.3,1000.7,0.43,,2,2786
7737,108,서울,2024-08-18 09:00,29.5,,2.0,73,30.0,24.1,1000.2,1.33,,1,3127
7738,108,서울,2024-08-18 10:00,30.2,,2.9,69,29.5,23.8,1000.3,1.47,,2,2959
7739,108,서울,2024-08-18 11:00,32.0,,2.2,63,29.8,24.0,999.9,2.8,,3,3352
7740,108,서울,2024-08-18 12:00,32.4,,1.8,61,29.7,23.9,999.3,2.38,,5,3295
7741,108,서울,2024-08-18 13:00,33.6,,2.1,56,29.1,23.6,998.8,2.94,,6,3169
7742,108,서울,2024-08-18 14:00,33.1,,3.0,62,31.3,24.8,998.3,1.49,,6,2932
7743,108,서울,2024-08-18 15:00,31.8,0.0,3.8,66,30.9,24.6,998.0,0.78,,8,2267
7744,108,서울,2024-08-18 16:00,31.3,0.0,2.7,73,33.2,25.8,997.6,1.52,,6,2831
7745,108,서울,2024-08-18 17:00,31.5,,2.5,66,30.4,24.3,997.5,1.4,,2,2891
7746,108,서울,2024-08-18 18:00,30.8,,2.3,71,31.5,24.9,997.4,0.5,,0,1516
7747,108,서울,2024-08-18 19:00,30.5,,1.9,71,30.9,24.6,997.8,0.34,,1,1574
7748,108,서울,2024-08-18 20:00,30.2,,1.0,73,31.3,24.8,998.4,0.03,,1,1630
7749,108,서울,2024-08-18 21:00,29.3,,2.0,70,28.4,23.2,999.0,,,3,3027
7750,108,서울,2024-08-18 22:00,28.4,,1.2,77,29.7,23.9,998.9,,,4,2606
7751,108,서울,2024-08-18 23:00,28.1,,1.6,78,29.5,23.8,999.0,,,2,2655
7752,108,서울,2024-08-19 00:00,27.8,,1.6,81,30.2,24.2,999.1,,,0,2359
7753,108,서울,2024-08-19 01:00,27.6,,1.4,82,30.2,24.2,998.9,,,3,2413
7754,108,서울,2024-08-19 02:00,27.5,,0.7,82,30.0,24.1,998.8,,,3,2263
7755,108,서울,2024-08-19 03:00,27.3,,1.4,83,30.0,24.1,998.6,,,3,1830
7756,108,서울,2024-08-19 04:00,27.0,,2.1,86,30.6,24.4,998.2,,,2,1865
7757,108,서울,2024-08-19 05:00,26.7,,1.4,86,30.0,24.1,998.2,,,1,1812
7758,108,서울,2024-08-19 06:00,26.4,,2.1,87,29.8,24.0,998.3,0.0,,0,1516
7759,108,서울,2024-08-19 07:00,26.7,,2.0,88,30.7,24.5,998.8,0.14,,7,1996
7760,108,서울,2024-08-19 08:00,28.2,,2.3,83,31.7,25.0,998.6,0.69,,0,2202
7761,108,서울,2024-08-19 09:00,29.5,,2.6,76,31.3,24.8,998.7,1.42,,1,1980
7762,108,서울,2024-08-19 10:00,30.8,,1.5,68,30.2,24.2,998.8,2.13,,2,2054
7763,108,서울,2024-08-19 11:00,32.3,,1.9,64,30.9,24.6,998.6,2.48,,2,2727
7764,108,서울,2024-08-19 12:00,33.5,,2.4,57,29.5,23.8,997.9,3.2,,3,2911
7765,108,서울,2024-08-19 13:00,34.6,,2.6,53,29.1,23.6,997.4,3.54,,4,2421
7766,108,서울,2024-08-19 14:00,35.2,,2.5,49,27.7,22.8,997.0,2.86,,6,2845
7767,108,서울,2024-08-19 15:00,34.4,,2.9,49,26.6,22.1,996.4,1.43,,7,2743
7768,108,서울,2024-08-19 16:00,34.4,,3.5,48,26.0,21.7,996.2,1.23,,6,3337
7769,108,서울,2024-08-19 17:00,33.6,,2.4,58,30.0,24.1,996.1,0.55,,5,2101
7770,108,서울,2024-08-19 18:00,30.8,0.0,5.0,62,27.4,22.6,996.9,0.19,,6,2065
7771,108,서울,2024-08-19 19:00,27.8,2.3,0.9,81,30.2,24.2,997.3,0.21,,3,1824
7772,108,서울,2024-08-19 20:00,27.7,,2.2,84,31.1,24.7,997.8,0.01,,0,1353
7773,108,서울,2024-08-19 21:00,27.9,,0.9,82,30.7,24.5,998.3,,,0,1363
7774,108,서울,2024-08-19 22:00,27.9,,0.9,82,30.7,24.5,998.8,,,0,1287
7775,108,서울,2024-08-19 23:00,27.9,,0.9,80,30.0,24.1,999.1,,,1,1547
7776,108,서울,2024-08-20 00:00,27.6,,0.4,82,30.2,24.2,999.1,,,0,1403
7777,108,서울,2024-08-20 01:00,27.5,,0.4,83,30.4,24.3,999.2,,,0,1308
7778,108,서울,2024-08-20 02:00,27.3,,1.7,82,29.7,23.9,999.2,,,1,1366
7779,108,서울,2024-08-20 03:00,27.2,,1.6,84,30.2,24.2,999.2,,,1,1200
7780,108,서울,2024-08-20 04:00,27.0,,1.8,85,30.2,24.2,999.2,,,0,1244
7781,108,서울,2024-08-20 05:00,27.1,,2.4,86,30.7,24.5,999.3,,,0,1236
7782,108,서울,2024-08-20 06:00,27.0,,2.5,83,29.5,23.8,999.2,0.0,,0,2275
7783,108,서울,2024-08-20 07:00,27.4,,2.5,82,29.8,24.0,998.9,0.19,,0,2231
7784,108,서울,2024-08-20 08:00,29.1,,2.2,76,30.6,24.4,999.0,0.74,,0,2285
7785,108,서울,2024-08-20 09:00,30.4,,2.4,72,31.1,24.7,999.7,1.34,,0,2136
7786,108,서울,2024-08-20 10:00,31.6,,2.5,67,31.1,24.7,999.9,1.81,,4,1995
7787,108,서울,2024-08-20 11:00,32.8,,3.1,63,31.3,24.8,999.5,2.44,,2,2463
7788,108,서울,2024-08-20 12:00,33.6,,2.5,60,31.1,24.7,999.0,2.6,,4,2250
7789,108,서울,2024-08-20 13:00,34.1,,1.8,58,30.9,24.6,998.4,2.08,,6,2128
7790,108,서울,2024-08-20 14:00,35.0,,2.3,56,31.5,24.9,998.1,2.55,,5,2685
7791,108,서울,2024-08-20 15:00,35.1,,2.0,55,30.9,24.6,997.8,1.85,,7,2045
7792,108,서울,2024-08-20 16:00,35.1,,2.5,55,30.9,24.6,997.4,1.53,,7,2428
7793,108,서울,2024-08-20 17:00,34.9,,1.8,56,31.3,24.8,997.3,0.9,,6,2762
7794,108,서울,2024-08-20 18:00,34.3,,2.8,56,30.2,24.2,997.1,0.7,,2,2894
7795,108,서울,2024-08-20 19:00,33.5,,2.8,60,30.9,24.6,996.9,0.34,,1,2632
7796,108,서울,2024-08-20 20:00,32.9,,3.0,62,30.9,24.6,997.7,0.02,,2,2919
7797,108,서울,2024-08-20 21:00,32.5,0.0,2.4,64,31.3,24.8,998.6,,,7,2869
7798,108,서울,2024-08-20 22:00,31.7,0.0,3.4,69,32.2,25.3,998.6,,,2,2156
7799,108,서울,2024-08-20 23:00,31.2,,2.8,71,32.2,25.3,998.5,,,2,2269
7800,108,서울,2024-08-21 00:00,30.8,,2.3,72,31.9,25.1,998.3,,,8,2471
7801,108,서울,2024-08-21 01:00,30.6,0.0,2.3,73,31.9,25.1,998.1,,,7,2730
7802,108,서울,2024-08-21 02:00,28.8,1.7,2.2,83,32.8,25.6,998.4,,,9,1337
7803,108,서울,2024-08-21 03:00,28.1,5.1,2.4,89,33.8,26.1,997.4,,,8,1024
7804,108,서울,2024-08-21 04:00,27.5,0.4,4.8,90,33.0,25.7,996.7,,,8,1830
7805,108,서울,2024-08-21 05:00,27.3,0.1,2.4,91,32.8,25.6,996.3,,,8,1741
7806,108,서울,2024-08-21 06:00,27.1,6.4,2.6,93,33.2,25.8,996.0,0.0,,8,217
7807,108,서울,2024-08-21 07:00,26.9,4.9,2.4,93,32.8,25.6,996.1,0.0,,9,358
7808,108,서울,2024-08-21 08:00,27.1,8.1,3.0,94,33.6,26.0,996.5,0.01,,9,391
7809,108,서울,2024-08-21 09:00,27.0,13.3,3.0,94,33.4,25.9,996.9,0.02,,9,766
7810,108,서울,2024-08-21 10:00,27.2,1.1,3.8,93,33.4,25.9,997.2,0.1,,7,1976
7811,108,서울,2024-08-21 11:00,27.4,0.7,3.7,91,33.0,25.7,997.8,0.27,,8,3053
7812,108,서울,2024-08-21 12:00,27.9,0.3,3.2,91,34.0,26.2,997.6,0.6,,8,2133
7813,108,서울,2024-08-21 13:00,27.9,0.1,3.1,88,33.0,25.7,997.5,0.58,,7,2742
7814,108,서울,2024-08-21 14:00,28.3,0.0,3.5,85,32.6,25.5,997.0,0.58,,7,3538
7815,108,서울,2024-08-21 15:00,29.1,0.0,4.0,83,33.4,25.9,997.0,0.82,,5,2871
7816,108,서울,2024-08-21 16:00,29.6,,4.9,79,32.6,25.5,996.3,0.86,,8,2900
7817,108,서울,2024-08-21 17:00,29.7,,2.7,79,32.8,25.6,996.2,0.4,,8,2885
7818,108,서울,2024-08-21 18:00,29.7,,2.5,80,33.2,25.8,995.9,0.29,,9,2628
7819,108,서울,2024-08-21 19:00,29.8,,4.0,78,32.6,25.5,995.8,0.15,,9,2845
7820,108,서울,2024-08-21 20:00,29.6,,2.4,80,33.0,25.7,996.5,0.0,,7,2821
7821,108,서울,2024-08-21 21:00,29.5,,3.8,78,32.1,25.2,997.1,,,3,3083
7822,108,서울,2024-08-21 22:00,29.2,,3.4,78,31.5,24.9,997.6,,,2,3159
7823,108,서울,2024-08-21 23:00,29.0,,4.2,78,31.1,24.7,997.5,,,3,3082
7824,108,서울,2024-08-22 00:00,28.9,,3.2,79,31.3,24.8,997.6,,,5,2761
7825,108,서울,2024-08-22 01:00,28.7,,3.4,81,31.9,25.1,997.3,,,7,2740
7826,108,서울,2024-08-22 02:00,28.6,,2.8,81,31.7,25.0,996.5,,,6,2653
7827,108,서울,2024-08-22 03:00,28.4,,2.6,81,31.3,24.8,996.3,,,8,2776
7828,108,서울,2024-08-22 04:00,28.3,,1.7,82,31.5,24.9,995.8,,,9,2731
7829,108,서울,2024-08-22 05:00,28.2,,1.4,82,31.3,24.8,995.2,,,8,2947
7830,108,서울,2024-08-22 06:00,28.1,,2.3,84,31.9,25.1,995.0,0.0,,3,2935
7831,108,서울,2024-08-22 07:00,28.1,,1.4,83,31.5,24.9,994.8,0.2,,0,3150
7832,108,서울,2024-08-22 08:00,29.2,,1.7,78,31.5,24.9,994.8,0.77,,1,3235
7833,108,서울,2024-08-22 09:00,29.9,,2.9,74,31.1,24.7,993.9,0.99,,7,3386
7834,108,서울,2024-08-22 10:00,30.2,,3.5,72,30.7,24.5,993.7,0.7,,9,3211
7835,108,서울,2024-08-22 11:00,29.8,0.0,3.6,74,30.9,24.6,993.1,0.47,,8,3128
7836,108,서울,2024-08-22 12:00,30.2,,4.6,74,31.7,25.0,992.7,0.97,,9,3141
7837,108,서울,2024-08-22 13:00,30.3,0.0,4.0,73,31.5,24.9,991.9,0.51,,8,2935
7838,108,서울,2024-08-22 14:00,30.2,0.0,4.2,74,31.7,25.0,991.3,0.26,,8,3037
7839,108,서울,2024-08-22 15:00,29.5,0.0,5.9,80,32.8,25.6,991.5,0.37,,7,2686
7840,108,서울,2024-08-22 16:00,29.0,0.4,5.8,80,31.9,25.1,991.4,0.92,,7,1502
7841,108,서울,2024-08-22 17:00,28.5,0.1,4.4,83,32.2,25.3,991.8,0.54,,9,2709
7842,108,서울,2024-08-22 18:00,28.5,,4.0,80,31.1,24.7,992.0,0.51,,7,2882
7843,108,서울,2024-08-22 19:00,27.9,0.1,5.7,83,31.1,24.7,992.5,0.05,,7,2876
7844,108,서울,2024-08-22 20:00,27.7,,3.0,81,30.0,24.1,993.6,0.01,,6,3300
7845,108,서울,2024-08-22 21:00,27.3,0.0,3.0,83,30.0,24.1,994.8,,,9,2983
7846,108,서울,2024-08-22 22:00,27.2,,3.0,81,29.1,23.6,995.4,,,6,3214
7847,108,서울,2024-08-22 23:00,27.1,,2.3,81,28.9,23.5,995.9,,,3,2614
7848,108,서울,2024-08-23 00:00,27.1,,2.6,83,29.7,23.9,996.3,,,8,1807
7849,108,서울,2024-08-23 01:00,27.1,,3.7,82,29.3,23.7,996.5,,,3,1285
7850,108,서울,2024-08-23 02:00,27.0,,4.9,82,29.1,23.6,996.4,,,2,1216
7851,108,서울,2024-08-23 03:00,26.7,,2.3,82,28.6,23.3,996.7,,,7,1589
7852,108,서울,2024-08-23 04:00,26.7,,2.5,83,28.9,23.5,996.7,,,7,1556
7853,108,서울,2024-08-23 05:00,26.5,,2.5,86,29.7,23.9,996.6,,,9,1438
7854,108,서울,2024-08-23 06:00,26.4,,3.5,86,29.5,23.8,996.9,0.0,,9,1462
7855,108,서울,2024-08-23 07:00,26.4,0.0,3.3,87,29.8,24.0,997.4,0.05,,8,1354
7856,108,서울,2024-08-23 08:00,26.4,0.0,3.1,87,29.8,24.0,997.8,0.16,,7,1153
7857,108,서울,2024-08-23 09:00,27.0,,2.7,82,29.1,23.6,998.2,0.67,,8,1559
7858,108,서울,2024-08-23 10:00,28.3,,3.0,74,28.4,23.2,998.5,1.83,,3,2068
7859,108,서울,2024-08-23 11:00,29.4,,2.9,70,28.6,23.3,998.3,2.34,,2,1955
7860,108,서울,2024-08-23 12:00,30.3,,2.3,66,28.4,23.2,997.9,2.3,,6,1451
7861,108,서울,2024-08-23 13:00,30.7,,2.6,65,28.6,23.3,997.9,2.01,,5,1381
7862,108,서울,2024-08-23 14:00,31.0,,3.0,64,28.6,23.3,997.6,1.56,,6,1453
7863,108,서울,2024-08-23 15:00,31.3,,3.1,61,27.7,22.8,997.1,1.99,,6,1676
7864,108,서울,2024-08-23 16:00,31.8,,3.4,62,29.1,23.6,996.9,1.84,,4,1596
7865,108,서울,2024-08-23 17:00,31.6,,3.3,61,28.3,23.1,996.8,1.79,,2,1547
7866,108,서울,2024-08-23 18:00,30.7,,3.4,61,26.9,22.3,997.0,0.67,,2,1842
7867,108,서울,2024-08-23 19:00,29.6,,3.2,65,26.9,22.3,997.6,0.26,,1,1714
7868,108,서울,2024-08-23 20:00,28.7,,3.5,70,27.4,22.6,998.0,0.01,,0,1640
7869,108,서울,2024-08-23 21:00,28.0,,2.2,71,26.8,22.2,998.7,,,0,1541
7870,108,서울,2024-08-23 22:00,27.6,,1.5,75,27.6,22.7,999.1,,,0,1191
7871,108,서울,2024-08-23 23:00,27.2,,1.8,77,27.7,22.8,999.6,,,0,928
7872,108,서울,2024-08-24 00:00,27.0,,1.4,79,28.1,23.0,999.7,,,0,807
7873,108,서울,2024-08-24 01:00,26.6,,0.4,81,28.1,23.0,999.7,,,0,865
7874,108,서울,2024-08-24 02:00,26.2,,1.0,83,28.1,23.0,999.9,,,0,808
7875,108,서울,2024-08-24 03:00,25.9,,1.0,83,27.6,22.7,1000.1,,,0,671
7876,108,서울,2024-08-24 04:00,25.7,,0.7,85,27.9,22.9,1000.0,,,0,679
7877,108,서울,2024-08-24 05:00,25.5,,0.9,87,28.3,23.1,1000.0,,,0,554
7878,108,서울,2024-08-24 06:00,25.2,,1.5,87,27.7,22.8,1000.6,0.0,,0,489
7879,108,서울,2024-08-24 07:00,25.3,,0.9,88,28.3,23.1,1000.9,0.14,,2,513
7880,108,서울,2024-08-24 08:00,26.2,,1.5,87,29.5,23.8,1001.0,0.51,,1,504
7881,108,서울,2024-08-24 09:00,27.7,,0.9,81,30.0,24.1,1001.1,1.02,,3,584
7882,108,서울,2024-08-24 10:00,29.2,,1.3,76,30.7,24.5,1001.1,1.62,,4,749
7883,108,서울,2024-08-24 11:00,30.1,,1.8,68,28.9,23.5,1001.0,1.78,,5,1025
7884,108,서울,2024-08-24 12:00,29.0,0.7,2.9,76,30.4,24.3,1000.6,0.86,,9,425
7885,108,서울,2024-08-24 13:00,28.1,0.8,0.3,73,27.6,22.7,1000.3,0.9,,9,1513
7886,108,서울,2024-08-24 14:00,28.1,0.0,2.6,78,29.5,23.8,1000.3,0.63,,9,729
7887,108,서울,2024-08-24 15:00,29.1,0.5,0.3,78,31.3,24.8,999.4,1.04,,3,560
7888,108,서울,2024-08-24 16:00,30.1,,0.5,75,31.9,25.1,999.0,1.46,,6,711
7889,108,서울,2024-08-24 17:00,30.4,,2.4,68,29.5,23.8,998.6,1.26,,3,1067
7890,108,서울,2024-08-24 18:00,29.8,0.0,2.3,72,30.0,24.1,998.5,0.49,,6,1010
7891,108,서울,2024-08-24 19:00,29.3,0.0,2.7,75,30.6,24.4,998.6,0.32,,3,1129
7892,108,서울,2024-08-24 20:00,28.3,,2.7,72,27.6,22.7,999.0,0.01,,1,1447
7893,108,서울,2024-08-24 21:00,27.8,,1.5,73,27.2,22.5,999.6,,,0,1340
7894,108,서울,2024-08-24 22:00,27.3,,1.0,75,27.1,22.4,999.7,,,0,1193
7895,108,서울,2024-08-24 23:00,26.8,,0.4,76,26.8,22.2,999.7,,,0,1139
7896,108,서울,2024-08-25 00:00,26.5,,0.7,80,27.6,22.7,999.7,,,0,1077
7897,108,서울,2024-08-25 01:00,26.1,,0.0,80,26.9,22.3,999.8,,,3,1290
7898,108,서울,2024-08-25 02:00,25.9,,0.3,83,27.6,22.7,999.9,,,1,1126
7899,108,서울,2024-08-25 03:00,25.7,,1.1,83,27.2,22.5,999.8,,,0,1069
7900,108,서울,2024-08-25 04:00,25.5,,1.0,86,27.9,22.9,999.7,,,0,548
7901,108,서울,2024-08-25 05:00,25.2,,1.4,88,28.1,23.0,999.2,,,0,472
7902,108,서울,2024-08-25 06:00,25.0,,1.7,90,28.4,23.2,999.6,0.0,,0,392
7903,108,서울,2024-08-25 07:00,25.1,,1.6,90,28.6,23.3,1000.1,0.12,,0,462
7904,108,서울,2024-08-25 08:00,26.1,,1.5,89,30.0,24.1,1000.2,0.56,,0,540
7905,108,서울,2024-08-25 09:00,27.4,,1.5,84,30.6,24.4,1000.1,1.16,,1,555
7906,108,서울,2024-08-25 10:00,28.5,,1.2,77,29.8,24.0,1000.0,1.55,,4,749
7907,108,서울,2024-08-25 11:00,29.4,,0.7,74,30.2,24.2,999.8,1.34,,5,896
7908,108,서울,2024-08-25 12:00,30.7,,1.5,69,30.4,24.3,999.2,1.93,,6,1059
7909,108,서울,2024-08-25 13:00,31.5,,1.5,64,29.5,23.8,998.7,2.11,,7,1287
7910,108,서울,2024-08-25 14:00,31.5,,2.1,62,28.6,23.3,998.3,1.55,,7,1216
7911,108,서울,2024-08-25 15:00,31.7,,1.3,64,29.8,24.0,997.6,1.19,,6,1440
7912,108,서울,2024-08-25 16:00,32.6,,2.5,60,29.5,23.8,997.2,2.05,,6,1404
7913,108,서울,2024-08-25 17:00,31.8,,3.6,63,29.5,23.8,997.5,1.32,,6,1060
7914,108,서울,2024-08-25 18:00,30.9,,1.4,68,30.2,24.2,997.4,0.71,,2,951
7915,108,서울,2024-08-25 19:00,30.2,,1.1,69,29.5,23.8,997.4,0.22,,1,1013
7916,108,서울,2024-08-25 20:00,29.5,,1.1,74,30.4,24.3,997.8,0.01,,0,1070
7917,108,서울,2024-08-25 21:00,28.8,,2.7,74,29.1,23.6,998.4,,,0,1506
7918,108,서울,2024-08-25 22:00,28.3,,2.6,78,29.8,24.0,998.5,,,0,1287
7919,108,서울,2024-08-25 23:00,27.9,,0.9,81,30.4,24.3,998.4,,,1,1161
7920,108,서울,2024-08-26 00:00,27.6,,0.2,81,29.8,24.0,998.0,,,0,1130
7921,108,서울,2024-08-26 01:00,27.1,,0.3,81,28.9,23.5,997.6,,,1,1177
7922,108,서울,2024-08-26 02:00,26.8,,1.0,83,29.1,23.6,997.5,,,1,982
7923,108,서울,2024-08-26 03:00,26.6,,0.6,83,28.8,23.4,997.4,,,0,873
7924,108,서울,2024-08-26 04:00,26.3,,1.3,85,28.9,23.5,997.3,,,0,773
7925,108,서울,2024-08-26 05:00,26.0,,1.9,87,29.1,23.6,997.2,,,0,742
7926,108,서울,2024-08-26 06:00,25.7,,1.8,88,28.9,23.5,997.4,0.0,,0,659
7927,108,서울,2024-08-26 07:00,25.7,,1.8,88,28.9,23.5,997.7,0.1,,3,809
7928,108,서울,2024-08-26 08:00,26.7,,1.4,86,30.0,24.1,997.8,0.47,,0,953
7929,108,서울,2024-08-26 09:00,27.2,,2.0,83,29.8,24.0,997.8,0.62,,0,923
7930,108,서울,2024-08-26 10:00,27.8,,2.6,81,30.2,24.2,998.1,0.64,,0,983
7931,108,서울,2024-08-26 11:00,29.1,,2.0,75,30.2,24.2,997.9,1.61,,2,867
7932,108,서울,2024-08-26 12:00,29.7,,0.8,71,29.5,23.8,997.2,1.12,,2,1078
7933,108,서울,2024-08-26 13:00,29.9,,1.9,72,30.2,24.2,996.4,0.73,,2,988
7934,108,서울,2024-08-26 14:00,29.7,,1.9,70,29.1,23.6,995.9,0.48,,4,1232
7935,108,서울,2024-08-26 15:00,30.5,,1.4,69,30.0,24.1,995.7,1.13,,4,1223
7936,108,서울,2024-08-26 16:00,30.4,,1.2,68,29.5,23.8,996.0,0.84,,6,1213
7937,108,서울,2024-08-26 17:00,29.5,0.0,2.8,74,30.4,24.3,995.9,0.27,,5,1361
7938,108,서울,2024-08-26 18:00,29.3,,1.6,74,30.0,24.1,995.7,0.15,,1,1500
7939,108,서울,2024-08-26 19:00,28.3,,1.0,62,23.8,20.3,995.9,0.05,,8,2079
7940,108,서울,2024-08-26 20:00,28.1,,0.8,70,26.6,22.1,996.3,0.0,,10,1821
7941,108,서울,2024-08-26 21:00,28.1,,0.7,76,28.8,23.4,996.5,,,6,1557
7942,108,서울,2024-08-26 22:00,27.7,,1.7,75,27.7,22.8,996.4,,,10,1873
7943,108,서울,2024-08-26 23:00,27.5,,0.4,77,28.1,23.0,996.1,,,10,1678
7944,108,서울,2024-08-27 00:00,27.3,,1.2,78,28.3,23.1,996.1,,,6,1734
7945,108,서울,2024-08-27 01:00,27.0,,0.8,79,28.1,23.0,996.0,,,3,1744
7946,108,서울,2024-08-27 02:00,26.8,0.0,0.4,80,28.1,23.0,995.6,,,3,1673
7947,108,서울,2024-08-27 03:00,26.5,0.0,1.4,80,27.6,22.7,995.2,,,4,1707
7948,108,서울,2024-08-27 04:00,26.1,0.0,1.8,81,27.2,22.5,995.2,,,2,1823
7949,108,서울,2024-08-27 05:00,25.9,,1.1,78,26.0,21.7,995.2,,,2,2105
7950,108,서울,2024-08-27 06:00,25.5,,1.4,74,24.1,20.5,995.7,0.0,,3,2472
7951,108,서울,2024-08-27 07:00,25.3,0.0,1.8,73,23.5,20.1,996.1,0.02,,4,2557
7952,108,서울,2024-08-27 08:00,25.2,0.0,1.0,69,22.1,19.1,996.7,0.09,,4,2713
7953,108,서울,2024-08-27 09:00,25.0,0.0,2.7,78,24.6,20.8,997.2,0.2,,7,1877
7954,108,서울,2024-08-27 10:00,24.7,0.3,0.9,73,22.7,19.5,997.8,0.42,,8,3200
7955,108,서울,2024-08-27 11:00,25.2,,1.8,72,22.9,19.7,997.3,0.58,,10,2870
7956,108,서울,2024-08-27 12:00,25.6,,2.7,72,23.5,20.1,996.8,0.41,,2,2535
7957,108,서울,2024-08-27 13:00,26.0,,2.6,65,21.8,18.9,996.9,0.5,,10,2926
7958,108,서울,2024-08-27 14:00,27.4,,2.1,64,23.2,19.9,996.0,1.29,,0,3086
7959,108,서울,2024-08-27 15:00,28.2,,2.9,61,23.2,19.9,995.6,1.66,,0,3034
7960,108,서울,2024-08-27 16:00,29.4,,2.2,58,23.7,20.2,995.5,1.79,,0,2896
7961,108,서울,2024-08-27 17:00,30.1,,2.9,53,22.5,19.4,995.6,1.81,,2,3284
7962,108,서울,2024-08-27 18:00,29.6,,2.2,55,22.7,19.5,996.0,0.97,,0,3356
7963,108,서울,2024-08-27 19:00,28.4,,2.5,59,22.8,19.6,996.5,0.29,,0,3321
7964,108,서울,2024-08-27 20:00,27.1,,2.1,62,22.1,19.1,997.2,0.01,,0,3154
7965,108,서울,2024-08-27 21:00,26.3,,2.0,66,22.5,19.4,998.1,,,0,3093
7966,108,서울,2024-08-27 22:00,25.8,,1.9,67,22.1,19.1,998.4,,,0,2934
7967,108,서울,2024-08-27 23:00,25.4,,2.2,71,22.9,19.7,998.5,,,0,2938
7968,108,서울,2024-08-28 00:00,25.0,,2.6,72,22.7,19.5,998.4,,,0,2768
7969,108,서울,2024-08-28 01:00,24.7,,2.8,74,22.9,19.7,998.4,,,0,2976
7970,108,서울,2024-08-28 02:00,24.5,,3.1,74,22.7,19.5,998.3,,,0,2975
7971,108,서울,2024-08-28 03:00,24.1,,2.6,75,22.4,19.3,998.3,,,0,2809
7972,108,서울,2024-08-28 04:00,23.7,,2.6,75,21.8,18.9,998.3,,,0,2922
7973,108,서울,2024-08-28 05:00,23.3,,2.2,76,21.7,18.8,998.5,,,0,2882
7974,108,서울,2024-08-28 06:00,23.0,,2.0,77,21.6,18.7,998.9,0.0,,0,2939
7975,108,서울,2024-08-28 07:00,23.2,,2.8,76,21.6,18.7,999.2,0.19,,0,2756
7976,108,서울,2024-08-28 08:00,25.4,,3.9,69,22.2,19.2,999.5,0.83,,0,3211
7977,108,서울,2024-08-28 09:00,27.0,,3.6,66,23.4,20.0,999.8,1.6,,0,3009
7978,108,서울,2024-08-28 10:00,28.7,,3.6,60,23.5,20.1,999.9,2.24,,0,2866
7979,108,서울,2024-08-28 11:00,29.9,,3.5,56,23.5,20.1,999.5,2.83,,0,3034
7980,108,서울,2024-08-28 12:00,30.7,,3.2,54,23.8,20.3,999.0,3.2,,0,2730
7981,108,서울,2024-08-28 13:00,31.6,,2.9,54,25.0,21.1,998.5,3.3,,0,2878
7982,108,서울,2024-08-28 14:00,32.5,,2.0,51,24.9,21.0,997.8,3.2,,0,3364
7983,108,서울,2024-08-28 15:00,32.5,,2.2,50,24.4,20.7,997.2,2.03,,2,3494
7984,108,서울,2024-08-28 16:00,32.8,,2.6,46,22.8,19.6,997.0,2.25,,3,3455
7985,108,서울,2024-08-28 17:00,32.5,,2.1,48,23.4,20.0,997.0,1.39,,4,2892
7986,108,서울,2024-08-28 18:00,32.0,,3.3,52,24.7,20.9,997.1,0.68,,1,3590
7987,108,서울,2024-08-28 19:00,30.9,,2.6,53,23.7,20.2,997.4,0.24,,0,3101
7988,108,서울,2024-08-28 20:00,30.0,,2.9,56,23.7,20.2,997.7,0.0,,0,3083
7989,108,서울,2024-08-28 21:00,29.3,,3.0,59,24.0,20.4,998.2,,,0,3436
7990,108,서울,2024-08-28 22:00,28.5,,3.4,61,23.7,20.2,998.6,,,0,3650
7991,108,서울,2024-08-28 23:00,27.7,,3.1,63,23.4,20.0,998.4,,,0,3540
7992,108,서울,2024-08-29 00:00,26.9,,3.2,64,22.7,19.5,998.3,,,0,4028
7993,108,서울,2024-08-29 01:00,26.4,,3.3,64,22.0,19.0,998.3,,,0,4052
7994,108,서울,2024-08-29 02:00,25.8,,3.3,65,21.6,18.7,998.1,,,0,3543
7995,108,서울,2024-08-29 03:00,25.2,,2.7,67,21.4,18.6,998.2,,,0,3897
7996,108,서울,2024-08-29 04:00,24.5,,2.5,70,21.4,18.6,998.2,,,0,3505
7997,108,서울,2024-08-29 05:00,24.1,,2.0,71,21.3,18.5,998.2,,,0,3482
7998,108,서울,2024-08-29 06:00,23.6,,2.1,72,20.9,18.2,998.4,,,0,3339
7999,108,서울,2024-08-29 07:00,23.7,,2.7,74,21.6,18.7,998.7,0.2,,0,3464
8000,108,서울,2024-08-29 08:00,25.6,,2.9,66,21.6,18.7,998.6,0.83,,0,3180
8001,108,서울,2024-08-29 09:00,27.2,,2.8,61,22.0,19.0,998.5,1.62,,0,3323
8002,108,서울,2024-08-29 10:00,28.8,,3.4,57,22.5,19.4,998.4,2.26,,0,3208
8003,108,서울,2024-08-29 11:00,30.3,,3.0,56,24.1,20.5,997.7,2.85,,0,3503
8004,108,서울,2024-08-29 12:00,31.4,,2.8,54,24.7,20.9,997.2,3.19,,0,3982
8005,108,서울,2024-08-29 13:00,32.6,,2.9,53,26.0,21.7,996.4,3.33,,0,3590
8006,108,서울,2024-08-29 14:00,33.0,,3.8,51,25.6,21.5,995.8,3.05,,4,3574
8007,108,서울,2024-08-29 15:00,33.3,,3.3,52,26.6,22.1,995.4,2.51,,5,3032
8008,108,서울,2024-08-29 16:00,33.2,,3.5,50,25.3,21.3,995.1,2.12,,2,3418
8009,108,서울,2024-08-29 17:00,32.8,,3.3,51,25.3,21.3,995.1,1.71,,0,3562
8010,108,서울,2024-08-29 18:00,31.7,,3.6,55,25.6,21.5,995.4,0.91,,0,3970
8011,108,서울,2024-08-29 19:00,30.2,,3.7,57,24.4,20.7,995.7,0.27,,0,4014
8012,108,서울,2024-08-29 20:00,29.1,,3.4,61,24.6,20.8,995.9,0.01,,0,4234
8013,108,서울,2024-08-29 21:00,28.0,,4.8,62,23.4,20.0,996.2,,,0,4156
8014,108,서울,2024-08-29 22:00,27.6,,2.6,63,23.2,19.9,996.4,,,1,4033
8015,108,서울,2024-08-29 23:00,27.1,,3.0,64,22.8,19.6,996.2,,,1,3906
8016,108,서울,2024-08-30 00:00,26.7,,2.6,65,22.7,19.5,996.0,,,0,4037
8017,108,서울,2024-08-30 01:00,25.9,,1.7,68,22.7,19.5,995.8,,,1,3840
8018,108,서울,2024-08-30 02:00,25.4,,0.8,69,22.2,19.2,995.7,,,1,3595
8019,108,서울,2024-08-30 03:00,25.0,,1.0,70,22.1,19.1,995.6,,,1,3736
8020,108,서울,2024-08-30 04:00,24.7,,0.3,73,22.7,19.5,995.6,,,4,3937
8021,108,서울,2024-08-30 05:00,24.1,,2.2,74,22.1,19.1,995.6,,,0,3719
8022,108,서울,2024-08-30 06:00,23.8,,1.1,74,21.7,18.8,995.7,,,0,3635
8023,108,서울,2024-08-30 07:00,23.8,,2.2,75,22.0,19.0,996.2,0.19,,0,3652
8024,108,서울,2024-08-30 08:00,25.6,,2.2,71,23.2,19.9,996.1,0.82,,1,3482
8025,108,서울,2024-08-30 09:00,27.5,,2.2,66,24.1,20.5,996.2,1.37,,3,4276
8026,108,서울,2024-08-30 10:00,29.3,,1.2,63,25.6,21.5,996.3,2.13,,2,3317
8027,108,서울,2024-08-30 11:00,30.3,,3.7,59,25.3,21.3,995.9,2.82,,0,3868
8028,108,서울,2024-08-30 12:00,31.0,,3.8,55,24.6,20.8,995.3,3.2,,1,3592
8029,108,서울,2024-08-30 13:00,32.0,,2.7,54,25.6,21.5,994.8,3.32,,1,3925
8030,108,서울,2024-08-30 14:00,32.7,,2.4,52,25.6,21.5,994.2,3.18,,1,3489
8031,108,서울,2024-08-30 15:00,32.4,,2.8,51,24.7,20.9,993.9,2.27,,2,3916
8032,108,서울,2024-08-30 16:00,32.3,,3.6,49,23.7,20.2,993.8,2.26,,1,3202
8033,108,서울,2024-08-30 17:00,32.3,,3.5,47,22.7,19.5,993.6,1.74,,0,3851
8034,108,서울,2024-08-30 18:00,31.4,,3.2,50,22.9,19.7,993.6,0.96,,0,3165
8035,108,서울,2024-08-30 19:00,29.6,,3.1,65,26.9,22.3,994.1,0.26,,0,2928
8036,108,서울,2024-08-30 20:00,28.1,,3.1,70,26.6,22.1,994.5,0.01,,0,2619
8037,108,서울,2024-08-30 21:00,27.2,,3.0,71,25.5,21.4,994.8,,,0,2654
8038,108,서울,2024-08-30 22:00,26.8,,2.0,73,25.6,21.5,995.1,,,0,2548
8039,108,서울,2024-08-30 23:00,26.5,,2.1,73,25.2,21.2,995.4,,,0,2480
8040,108,서울,2024-08-31 00:00,26.0,,3.1,75,25.2,21.2,995.3,,,0,2413
8041,108,서울,2024-08-31 01:00,25.2,,2.9,76,24.3,20.6,995.3,,,0,2077
8042,108,서울,2024-08-31 02:00,24.7,,2.3,77,23.8,20.3,995.3,,,0,2126
8043,108,서울,2024-08-31 03:00,24.0,,1.9,79,23.5,20.1,995.5,,,0,2135
8044,108,서울,2024-08-31 04:00,23.5,,2.4,81,23.4,20.0,995.6,,,0,1973
8045,108,서울,2024-08-31 05:00,23.2,,1.8,81,22.9,19.7,995.9,,,0,1893
8046,108,서울,2024-08-31 06:00,22.8,,0.6,81,22.4,19.3,996.4,,,0,1964
8047,108,서울,2024-08-31 07:00,22.8,,2.2,81,22.4,19.3,997.0,0.16,,0,2014
8048,108,서울,2024-08-31 08:00,23.9,,1.4,77,22.8,19.6,997.4,0.74,,0,2134
8049,108,서울,2024-08-31 09:00,25.8,,1.3,74,24.6,20.8,997.2,1.52,,0,2246
8050,108,서울,2024-08-31 10:00,27.3,,1.8,65,23.5,20.1,997.4,2.19,,0,2064
8051,108,서울,2024-08-31 11:00,28.8,,1.2,61,24.1,20.5,997.4,2.78,,0,2227
8052,108,서울,2024-08-31 12:00,30.4,,1.5,59,25.5,21.4,996.7,2.8,,0,2093
8053,108,서울,2024-08-31 13:00,31.5,,2.4,57,26.3,21.9,996.2,3.0,,2,2091
8054,108,서울,2024-08-31 14:00,32.2,,2.6,49,23.5,20.1,995.7,3.2,,3,2130
8055,108,서울,2024-08-31 15:00,32.5,,2.8,45,22.0,19.0,995.2,2.72,,4,2089
8056,108,서울,2024-08-31 16:00,32.9,,2.5,41,20.4,17.8,995.2,2.34,,2,2857
8057,108,서울,2024-08-31 17:00,32.7,,2.4,43,21.2,18.4,995.1,1.61,,3,2487
8058,108,서울,2024-08-31 18:00,31.3,,3.4,50,22.8,19.6,995.5,0.87,,2,2536
8059,108,서울,2024-08-31 19:00,29.7,,2.5,53,22.0,19.0,995.7,0.22,,1,2552
8060,108,서울,2024-08-31 20:00,28.8,,2.2,56,22.1,19.1,996.3,0.0,,0,2582
8061,108,서울,2024-08-31 21:00,27.9,,1.4,66,24.7,20.9,996.8,,,0,2028
8062,108,서울,2024-08-31 22:00,27.4,,0.3,72,26.1,21.8,996.8,,,0,1636
8063,108,서울,2024-08-31 23:00,26.7,,1.6,70,24.4,20.7,997.2,,,0,1999
8064,108,서울,2024-09-01 00:00,26.3,,1.5,71,24.3,20.6,997.3,,,0,1917
8065,108,서울,2024-09-01 01:00,25.7,,1.3,74,24.4,20.7,997.2,,,0,1848
8066,108,서울,2024-09-01 02:00,25.3,,0.5,77,24.7,20.9,997.2,,,0,1613
8067,108,서울,2024-09-01 03:00,25.1,,0.7,81,25.8,21.6,997.4,,,3,1421
8068,108,서울,2024-09-01 04:00,24.8,,0.2,79,24.7,20.9,997.4,,,8,1445
8069,108,서울,2024-09-01 05:00,24.7,,1.4,82,25.5,21.4,997.4,,,8,1341
8070,108,서울,2024-09-01 06:00,24.6,,1.0,80,24.7,20.9,997.4,,,9,1569
8071,108,서울,2024-09-01 07:00,24.7,,1.3,80,24.9,21.0,997.5,0.04,,9,1407
8072,108,서울,2024-09-01 08:00,25.3,,1.3,81,26.0,21.7,997.7,0.24,,8,1181
8073,108,서울,2024-09-01 09:00,26.3,,2.3,77,26.3,21.9,997.6,0.85,,3,911
8074,108,서울,2024-09-01 10:00,27.9,,3.0,70,26.3,21.9,997.7,1.92,,4,912
8075,108,서울,2024-09-01 11:00,28.5,,3.1,62,24.1,20.5,997.9,1.97,,3,1544
8076,108,서울,2024-09-01 12:00,29.2,,3.4,54,21.8,18.9,997.6,2.21,,2,2078
8077,108,서울,2024-09-01 13:00,30.7,,3.3,51,22.4,19.3,997.2,3.38,,1,2484
8078,108,서울,2024-09-01 14:00,30.9,,2.9,48,21.4,18.6,996.8,3.11,,1,2743
8079,108,서울,2024-09-01 15:00,31.5,,2.6,44,20.2,17.7,996.3,2.83,,0,2650
8080,108,서울,2024-09-01 16:00,30.9,,3.1,41,18.3,16.1,996.1,2.09,,0,3102
8081,108,서울,2024-09-01 17:00,29.7,,3.0,44,18.3,16.1,996.0,0.91,,0,3268
8082,108,서울,2024-09-01 18:00,28.5,,2.4,55,21.3,18.5,995.9,0.38,,0,3641
8083,108,서울,2024-09-01 19:00,27.5,,2.5,51,18.6,16.4,995.9,0.12,,2,3227
8084,108,서울,2024-09-01 20:00,27.0,,2.8,53,18.8,16.5,996.9,0.0,,7,3334
8085,108,서울,2024-09-01 21:00,26.3,,2.2,62,21.2,18.4,997.4,,,2,3737
8086,108,서울,2024-09-01 22:00,25.9,,1.1,63,21.0,18.3,997.3,,,7,3686
8087,108,서울,2024-09-01 23:00,25.5,,0.5,65,21.2,18.4,997.4,,,6,3504
8088,108,서울,2024-09-02 00:00,24.9,,1.0,66,20.8,18.1,997.3,,,3,3406
8089,108,서울,2024-09-02 01:00,24.5,,1.6,67,20.5,17.9,997.2,,,5,3427
8090,108,서울,2024-09-02 02:00,24.4,,1.4,68,20.8,18.1,997.6,,,3,3539
8091,108,서울,2024-09-02 03:00,24.3,0.0,0.8,68,20.6,18.0,997.5,,,8,3625
8092,108,서울,2024-09-02 04:00,23.9,0.0,2.1,69,20.4,17.8,997.0,,,8,3428
8093,108,서울,2024-09-02 05:00,23.5,0.4,2.0,77,22.2,19.2,997.3,,,7,1410
8094,108,서울,2024-09-02 06:00,22.6,1.9,2.8,88,24.1,20.5,997.4,,,7,864
8095,108,서울,2024-09-02 07:00,22.3,0.4,2.3,86,23.1,19.8,997.9,0.0,,3,1685
8096,108,서울,2024-09-02 08:00,22.5,,1.9,84,22.8,19.6,997.9,0.09,,10,2142
8097,108,서울,2024-09-02 09:00,22.8,0.0,1.2,75,20.8,18.1,998.9,0.11,,7,2783
8098,108,서울,2024-09-02 10:00,23.3,0.0,1.5,69,19.6,17.2,999.5,0.28,,7,2778
8099,108,서울,2024-09-02 11:00,23.8,0.0,3.3,79,23.2,19.9,999.7,0.39,,7,1555
8100,108,서울,2024-09-02 12:00,24.0,0.0,3.6,78,23.2,19.9,999.6,0.56,,5,1901
8101,108,서울,2024-09-02 13:00,24.5,,2.9,75,22.9,19.7,999.4,0.68,,7,1799
8102,108,서울,2024-09-02 14:00,25.2,,2.4,73,23.4,20.0,999.1,0.77,,7,1955
8103,108,서울,2024-09-02 15:00,25.6,,2.6,71,23.2,19.9,999.1,0.93,,9,1922
8104,108,서울,2024-09-02 16:00,26.6,,3.2,68,23.7,20.2,998.8,0.89,,9,2071
8105,108,서울,2024-09-02 17:00,26.8,,3.2,68,23.8,20.3,998.9,0.6,,8,2242
8106,108,서울,2024-09-02 18:00,26.8,,2.8,69,24.3,20.6,999.2,0.38,,8,2148
8107,108,서울,2024-09-02 19:00,26.3,,3.5,71,24.3,20.6,999.5,0.14,,6,2656
8108,108,서울,2024-09-02 20:00,25.8,,3.7,71,23.5,20.1,1000.0,0.0,,5,3288
8109,108,서울,2024-09-02 21:00,25.5,,2.6,72,23.4,20.0,1000.8,,,6,3448
8110,108,서울,2024-09-02 22:00,25.2,,2.7,70,22.4,19.3,1001.3,,,6,4363
8111,108,서울,2024-09-02 23:00,24.8,,4.1,68,21.2,18.4,1001.6,,,4,4507
8112,108,서울,2024-09-03 00:00,24.4,,4.0,68,20.8,18.1,1001.9,,,3,4426
8113,108,서울,2024-09-03 01:00,24.2,,3.9,67,20.1,17.6,1002.0,,,5,4509
8114,108,서울,2024-09-03 02:00,23.7,,3.3,68,19.9,17.4,1001.8,,,1,4550
8115,108,서울,2024-09-03 03:00,23.5,,3.0,67,19.4,17.0,1002.0,,,6,4205
8116,108,서울,2024-09-03 04:00,23.5,,3.6,65,18.8,16.5,1002.1,,,8,3916
8117,108,서울,2024-09-03 05:00,23.5,,3.3,62,17.8,15.7,1002.4,,,7,3820
8118,108,서울,2024-09-03 06:00,23.3,,3.1,58,16.5,14.5,1002.8,,,6,4017
8119,108,서울,2024-09-03 07:00,23.2,,3.2,54,15.3,13.3,1002.9,0.09,,5,4457
8120,108,서울,2024-09-03 08:00,24.0,,3.5,53,15.8,13.8,1003.3,0.55,,4,4022
8121,108,서울,2024-09-03 09:00,25.6,,3.9,51,16.7,14.7,1003.6,1.26,,1,3993
8122,108,서울,2024-09-03 10:00,26.9,,3.6,49,17.3,15.2,1003.7,2.05,,1,3951
8123,108,서울,2024-09-03 11:00,27.9,,3.6,48,17.9,15.8,1003.4,2.69,,1,3518
8124,108,서울,2024-09-03 12:00,29.1,,3.6,48,19.2,16.9,1002.5,3.19,,1,4071
8125,108,서울,2024-09-03 13:00,30.1,,2.9,47,20.0,17.5,1001.9,3.22,,1,3541
8126,108,서울,2024-09-03 14:00,31.1,,1.6,47,21.2,18.4,1001.2,2.86,,2,3695
8127,108,서울,2024-09-03 15:00,31.9,,2.2,45,21.2,18.4,1000.5,2.78,,1,4087
8128,108,서울,2024-09-03 16:00,30.8,,1.0,48,21.3,18.5,1000.0,0.97,,1,3669
8129,108,서울,2024-09-03 17:00,30.9,,1.2,46,20.5,17.9,999.8,0.86,,3,2949
8130,108,서울,2024-09-03 18:00,30.0,,2.2,51,21.6,18.7,999.7,0.26,,6,3940
8131,108,서울,2024-09-03 19:00,29.0,,2.7,53,21.2,18.4,999.6,0.07,,3,3768
8132,108,서울,2024-09-03 20:00,28.1,,2.1,55,20.9,18.2,1000.2,,,1,3790
8133,108,서울,2024-09-03 21:00,27.1,,2.5,57,20.4,17.8,1000.5,,,0,3828
8134,108,서울,2024-09-03 22:00,26.3,,2.2,58,19.7,17.3,1000.6,,,1,4293
8135,108,서울,2024-09-03 23:00,25.9,,2.1,57,19.0,16.7,1000.7,,,1,4061
8136,108,서울,2024-09-04 00:00,25.4,,2.5,59,19.0,16.7,1000.8,,,0,3852
8137,108,서울,2024-09-04 01:00,24.8,,2.2,62,19.4,17.0,1000.8,,,2,4274
8138,108,서울,2024-09-04 02:00,24.4,,2.4,64,19.5,17.1,1000.9,,,4,4233
8139,108,서울,2024-09-04 03:00,24.4,,1.5,65,19.7,17.3,1000.6,,,2,3809
8140,108,서울,2024-09-04 04:00,24.0,,1.4,68,20.2,17.7,1000.3,,,5,4009
8141,108,서울,2024-09-04 05:00,23.6,,2.4,70,20.4,17.8,1000.3,,,3,3810
8142,108,서울,2024-09-04 06:00,23.2,,2.3,71,20.1,17.6,1001.0,,,3,3606
8143,108,서울,2024-09-04 07:00,23.4,,2.5,70,20.1,17.6,1001.1,0.07,,2,3387
8144,108,서울,2024-09-04 08:00,24.5,,1.8,68,20.8,18.1,1001.0,0.58,,0,4027
8145,108,서울,2024-09-04 09:00,26.1,,2.1,62,20.9,18.2,1001.3,1.46,,0,3500
8146,108,서울,2024-09-04 10:00,27.7,,2.4,56,20.8,18.1,1001.1,2.11,,0,3171
8147,108,서울,2024-09-04 11:00,29.1,,2.1,53,21.3,18.5,1000.5,2.69,,0,3196
8148,108,서울,2024-09-04 12:00,30.3,,2.6,50,21.6,18.7,999.8,3.05,,0,3292
8149,108,서울,2024-09-04 13:00,31.6,,2.7,47,21.8,18.9,999.0,3.19,,0,4061
8150,108,서울,2024-09-04 14:00,32.0,,2.4,45,21.3,18.5,998.2,3.07,,0,3776
8151,108,서울,2024-09-04 15:00,32.6,,2.0,46,22.5,19.4,997.4,2.7,,1,3267
8152,108,서울,2024-09-04 16:00,33.3,,2.7,45,22.9,19.7,997.1,2.0,,3,3343
8153,108,서울,2024-09-04 17:00,32.2,,2.5,47,22.5,19.4,996.9,1.0,,5,3358
8154,108,서울,2024-09-04 18:00,31.7,,2.7,55,25.6,21.5,996.7,0.86,,4,1997
8155,108,서울,2024-09-04 19:00,30.1,,1.4,59,25.0,21.1,997.1,0.21,,5,2324
8156,108,서울,2024-09-04 20:00,28.8,,2.8,64,25.3,21.3,997.6,,,1,2378
8157,108,서울,2024-09-04 21:00,28.0,,2.3,68,25.6,21.5,998.2,,,2,2009
8158,108,서울,2024-09-04 22:00,27.6,,1.8,72,26.4,22.0,998.5,,,7,1881
8159,108,서울,2024-09-04 23:00,27.2,,2.0,74,26.6,22.1,998.4,,,9,1678
8160,108,서울,2024-09-05 00:00,27.0,,0.9,74,26.3,21.9,998.3,,,9,1763
8161,108,서울,2024-09-05 01:00,26.8,,0.3,72,25.3,21.3,997.8,,,7,1897
8162,108,서울,2024-09-05 02:00,26.5,,0.6,74,25.5,21.4,997.5,,,3,1761
8163,108,서울,2024-09-05 03:00,26.4,,2.1,67,22.9,19.7,997.5,,,3,2707
8164,108,서울,2024-09-05 04:00,26.0,,1.4,70,23.4,20.0,997.1,,,8,2804
8165,108,서울,2024-09-05 05:00,26.1,,2.3,72,24.3,20.6,997.3,,,9,2710
8166,108,서울,2024-09-05 06:00,26.2,,3.1,76,25.8,21.6,997.2,,,9,2553
8167,108,서울,2024-09-05 07:00,26.3,,2.8,78,26.6,22.1,997.6,0.04,,9,2499
8168,108,서울,2024-09-05 08:00,26.7,,2.4,78,27.2,22.5,997.4,0.31,,6,2437
8169,108,서울,2024-09-05 09:00,27.5,,4.1,71,26.0,21.7,997.5,1.05,,5,3206
8170,108,서울,2024-09-05 10:00,28.1,,4.2,67,25.3,21.3,997.4,1.32,,6,2474
8171,108,서울,2024-09-05 11:00,28.6,,4.4,66,25.8,21.6,997.1,1.36,,7,2908
8172,108,서울,2024-09-05 12:00,26.6,0.3,3.4,81,28.1,23.0,997.1,0.5,,8,778
8173,108,서울,2024-09-05 13:00,26.1,1.1,2.7,87,29.3,23.7,996.7,0.3,,8,543
8174,108,서울,2024-09-05 14:00,26.1,2.5,3.3,90,30.4,24.3,996.4,0.58,,8,404
8175,108,서울,2024-09-05 15:00,25.9,2.8,2.9,89,29.7,23.9,996.0,0.47,,7,1317
8176,108,서울,2024-09-05 16:00,26.2,0.2,2.5,91,30.9,24.6,995.9,0.37,,8,1316
8177,108,서울,2024-09-05 17:00,26.2,,2.6,88,29.8,24.0,996.0,0.44,,7,1582
8178,108,서울,2024-09-05 18:00,26.2,,2.2,85,28.8,23.4,996.3,0.12,,7,1582
8179,108,서울,2024-09-05 19:00,25.7,,2.6,79,26.0,21.7,996.6,0.05,,4,2395
8180,108,서울,2024-09-05 20:00,25.6,,2.3,79,25.8,21.6,997.4,,,5,2484
8181,108,서울,2024-09-05 21:00,25.7,,1.7,80,26.3,21.9,998.0,,,8,2202
8182,108,서울,2024-09-05 22:00,25.7,,1.3,83,27.2,22.5,998.2,,,9,2061
8183,108,서울,2024-09-05 23:00,25.8,,1.5,85,28.1,23.0,998.0,,,9,1770
8184,108,서울,2024-09-06 00:00,25.7,0.0,1.6,84,27.6,22.7,998.2,,,9,1607
8185,108,서울,2024-09-06 01:00,25.5,0.0,1.4,85,27.6,22.7,998.4,,,8,1421
8186,108,서울,2024-09-06 02:00,25.3,0.0,1.3,85,27.2,22.5,998.6,,,8,1504
8187,108,서울,2024-09-06 03:00,25.1,0.0,1.6,88,27.9,22.9,998.7,,,8,955
8188,108,서울,2024-09-06 04:00,24.6,0.3,1.1,90,27.7,22.8,998.9,,,8,820
8189,108,서울,2024-09-06 05:00,24.1,0.1,1.9,89,26.6,22.1,999.4,,,8,618
8190,108,서울,2024-09-06 06:00,23.8,0.0,2.4,90,26.4,22.0,999.8,,,8,1404
8191,108,서울,2024-09-06 07:00,23.9,0.0,3.3,89,26.3,21.9,1000.2,0.01,,8,1787
8192,108,서울,2024-09-06 08:00,24.1,,3.2,85,25.5,21.4,1000.5,0.09,,9,2250
8193,108,서울,2024-09-06 09:00,24.6,,2.7,83,25.6,21.5,1001.3,0.28,,8,2116
8194,108,서울,2024-09-06 10:00,24.6,0.0,3.8,84,26.0,21.7,1001.8,0.33,,7,2306
8195,108,서울,2024-09-06 11:00,24.1,0.1,2.7,89,26.6,22.1,1002.1,0.32,,9,746
8196,108,서울,2024-09-06 12:00,23.5,0.1,3.5,86,24.9,21.0,1002.1,0.35,,7,962
8197,108,서울,2024-09-06 13:00,23.4,0.1,3.6,85,24.4,20.7,1001.9,0.59,,9,1115
8198,108,서울,2024-09-06 14:00,23.4,0.0,4.3,80,22.9,19.7,1001.7,0.38,,4,4298
8199,108,서울,2024-09-06 15:00,24.0,,3.7,74,22.0,19.0,1001.2,0.69,,6,3902
8200,108,서울,2024-09-06 16:00,24.4,,2.8,72,22.0,19.0,1001.4,0.65,,5,4369
8201,108,서울,2024-09-06 17:00,24.3,,3.0,70,21.2,18.4,1001.5,0.41,,9,3682
8202,108,서울,2024-09-06 18:00,24.1,,3.2,70,20.9,18.2,1001.7,0.28,,7,3630
8203,108,서울,2024-09-06 19:00,23.8,,3.2,70,20.5,17.9,1001.6,0.03,,10,3721
8204,108,서울,2024-09-06 20:00,23.7,,2.5,69,20.1,17.6,1002.2,,,9,3604
8205,108,서울,2024-09-06 21:00,23.7,,2.1,70,20.4,17.8,1002.8,,,8,3446
8206,108,서울,2024-09-06 22:00,23.5,0.0,2.9,72,20.8,18.1,1002.9,,,7,3660
8207,108,서울,2024-09-06 23:00,23.4,,2.5,72,20.6,18.0,1002.6,,,7,3685
8208,108,서울,2024-09-07 00:00,23.3,0.0,2.7,73,20.8,18.1,1002.6,,,8,3267
8209,108,서울,2024-09-07 01:00,23.1,0.0,2.2,74,20.9,18.2,1002.6,,,8,3586
8210,108,서울,2024-09-07 02:00,23.1,0.0,2.1,75,21.2,18.4,1002.6,,,8,3803
8211,108,서울,2024-09-07 03:00,23.1,,1.7,75,21.2,18.4,1002.7,,,9,3831
8212,108,서울,2024-09-07 04:00,23.1,,2.1,78,22.0,19.0,1002.8,,,9,3754
8213,108,서울,2024-09-07 05:00,23.0,,2.2,78,21.8,18.9,1002.9,,,9,3881
8214,108,서울,2024-09-07 06:00,23.0,,1.6,78,21.8,18.9,1003.2,,,7,4018
8215,108,서울,2024-09-07 07:00,22.9,,1.2,81,22.5,19.4,1003.6,0.08,,7,3661
8216,108,서울,2024-09-07 08:00,23.6,,1.8,79,22.9,19.7,1003.7,0.36,,7,3710
8217,108,서울,2024-09-07 09:00,25.0,,2.1,76,24.0,20.4,1003.8,1.06,,7,3350
8218,108,서울,2024-09-07 10:00,25.9,,0.8,74,24.7,20.9,1003.9,1.21,,7,2367
8219,108,서울,2024-09-07 11:00,27.7,,1.1,69,25.5,21.4,1003.8,2.08,,6,1818
8220,108,서울,2024-09-07 12:00,29.0,,1.2,61,24.4,20.7,1003.3,2.55,,4,2130
8221,108,서울,2024-09-07 13:00,30.1,,2.0,56,23.8,20.3,1002.9,2.94,,5,1828
8222,108,서울,2024-09-07 14:00,30.1,,1.9,56,23.8,20.3,1002.4,2.15,,5,1779
8223,108,서울,2024-09-07 15:00,31.0,,2.9,52,23.2,19.9,1002.1,2.45,,4,1795
8224,108,서울,2024-09-07 16:00,30.9,,2.9,54,24.1,20.5,1001.8,1.79,,2,1367
8225,108,서울,2024-09-07 17:00,30.8,,2.9,54,24.0,20.4,1002.0,1.35,,2,1716
8226,108,서울,2024-09-07 18:00,29.5,,2.6,60,24.7,20.9,1002.3,0.66,,0,1768
8227,108,서울,2024-09-07 19:00,28.1,,2.3,65,24.6,20.8,1002.5,0.13,,1,1735
8228,108,서울,2024-09-07 20:00,27.1,,1.0,67,24.0,20.4,1003.0,,,0,1644
8229,108,서울,2024-09-07 21:00,26.4,,1.0,69,23.7,20.2,1003.2,,,0,1615
8230,108,서울,2024-09-07 22:00,25.5,,1.9,72,23.4,20.0,1003.5,,,0,1547
8231,108,서울,2024-09-07 23:00,24.9,,2.2,80,25.2,21.2,1003.8,,,0,1252
8232,108,서울,2024-09-08 00:00,24.8,,0.2,80,25.0,21.1,1004.0,,,1,1559
8233,108,서울,2024-09-08 01:00,24.4,,0.2,81,24.7,20.9,1004.1,,,1,1412
8234,108,서울,2024-09-08 02:00,24.0,,0.3,83,24.7,20.9,1004.0,,,0,1362
8235,108,서울,2024-09-08 03:00,23.8,,1.1,84,24.7,20.9,1003.8,,,3,1247
8236,108,서울,2024-09-08 04:00,23.5,,1.4,83,24.0,20.4,1003.7,,,5,1160
8237,108,서울,2024-09-08 05:00,23.1,,1.4,85,24.0,20.4,1004.0,,,1,1141
8238,108,서울,2024-09-08 06:00,22.8,,1.5,86,23.8,20.3,1004.3,,,1,1058
8239,108,서울,2024-09-08 07:00,22.7,,1.1,87,24.0,20.4,1004.7,0.09,,1,1076
8240,108,서울,2024-09-08 08:00,23.9,,1.1,85,25.2,21.2,1004.7,0.57,,0,1304
8241,108,서울,2024-09-08 09:00,25.7,,1.2,76,25.0,21.1,1004.8,1.29,,0,1732
8242,108,서울,2024-09-08 10:00,27.3,,1.1,72,26.1,21.8,1004.6,1.8,,3,1590
8243,108,서울,2024-09-08 11:00,29.0,,1.9,63,25.2,21.2,1004.1,2.69,,5,2062
8244,108,서울,2024-09-08 12:00,30.1,,1.9,60,25.5,21.4,1003.4,2.68,,5,1736
8245,108,서울,2024-09-08 13:00,31.4,,2.6,55,25.2,21.2,1002.9,2.97,,5,2055
8246,108,서울,2024-09-08 14:00,31.2,,1.7,53,24.0,20.4,1002.4,2.16,,5,2363
8247,108,서울,2024-09-08 15:00,32.3,,1.9,49,23.7,20.2,1002.0,2.06,,5,2564
8248,108,서울,2024-09-08 16:00,32.4,,2.2,51,24.7,20.9,1001.8,2.04,,5,1880
8249,108,서울,2024-09-08 17:00,31.6,,2.3,56,26.0,21.7,1001.8,0.98,,5,1585
8250,108,서울,2024-09-08 18:00,30.0,,2.5,62,26.3,21.9,1002.0,0.56,,1,1649
8251,108,서울,2024-09-08 19:00,28.4,,3.0,68,26.3,21.9,1002.0,0.12,,2,1683
8252,108,서울,2024-09-08 20:00,27.7,,2.7,68,25.2,21.2,1002.6,,,5,1747
8253,108,서울,2024-09-08 21:00,27.2,,2.7,67,24.1,20.5,1002.8,,,1,1944
8254,108,서울,2024-09-08 22:00,26.6,,0.6,69,24.0,20.4,1003.0,,,3,1888
8255,108,서울,2024-09-08 23:00,26.3,,1.0,72,24.6,20.8,1002.9,,,5,1803
8256,108,서울,2024-09-09 00:00,25.7,,0.9,73,24.0,20.4,1002.8,,,0,1730
8257,108,서울,2024-09-09 01:00,25.4,,0.9,75,24.3,20.6,1002.6,,,1,1675
8258,108,서울,2024-09-09 02:00,25.1,,1.0,76,24.1,20.5,1002.8,,,0,1653
8259,108,서울,2024-09-09 03:00,24.7,,1.1,77,23.8,20.3,1002.9,,,1,1486
8260,108,서울,2024-09-09 04:00,24.2,,1.9,80,24.1,20.5,1002.8,,,3,1499
8261,108,서울,2024-09-09 05:00,24.1,,2.2,81,24.3,20.6,1003.0,,,5,1748
8262,108,서울,2024-09-09 06:00,24.2,,2.1,82,24.7,20.9,1003.2,,,5,1806
8263,108,서울,2024-09-09 07:00,24.6,,2.4,81,25.0,21.1,1003.7,0.07,,8,2242
8264,108,서울,2024-09-09 08:00,26.0,,2.1,78,26.1,21.8,1003.8,0.45,,1,2227
8265,108,서울,2024-09-09 09:00,27.9,,1.8,72,26.9,22.3,1003.8,1.35,,1,2485
8266,108,서울,2024-09-09 10:00,29.5,,2.1,68,27.9,22.9,1003.7,1.93,,2,1992
8267,108,서울,2024-09-09 11:00,30.2,,2.8,63,26.9,22.3,1003.4,2.02,,5,2231
8268,108,서울,2024-09-09 12:00,30.8,,1.2,63,27.9,22.9,1002.7,1.53,,6,2225
8269,108,서울,2024-09-09 13:00,32.2,,2.5,57,27.2,22.5,1002.2,1.91,,6,2977
8270,108,서울,2024-09-09 14:00,33.6,,2.2,54,28.1,23.0,1001.7,2.97,,6,2282
8271,108,서울,2024-09-09 15:00,33.5,,1.5,52,26.8,22.2,1001.5,2.07,,7,2106
8272,108,서울,2024-09-09 16:00,32.5,,2.1,58,28.3,23.1,1001.4,0.84,,6,1913
8273,108,서울,2024-09-09 17:00,31.7,,2.6,59,27.4,22.6,1001.4,0.7,,6,2016
8274,108,서울,2024-09-09 18:00,31.2,,2.7,61,27.6,22.7,1001.5,0.47,,1,1759
8275,108,서울,2024-09-09 19:00,30.0,,2.6,65,27.4,22.6,1001.8,0.07,,1,2063
8276,108,서울,2024-09-09 20:00,29.1,,2.5,68,27.2,22.5,1002.3,,,1,2104
8277,108,서울,2024-09-09 21:00,28.6,,2.8,70,27.2,22.5,1002.8,,,0,2117
8278,108,서울,2024-09-09 22:00,28.2,,0.3,70,26.8,22.2,1003.0,,,1,2109
8279,108,서울,2024-09-09 23:00,27.7,,0.8,72,26.6,22.1,1002.7,,,1,2065
8280,108,서울,2024-09-10 00:00,27.3,,0.8,75,27.1,22.4,1002.6,,,7,1895
8281,108,서울,2024-09-10 01:00,27.1,,1.7,76,27.1,22.4,1002.6,,,2,1675
8282,108,서울,2024-09-10 02:00,26.7,,2.0,78,27.2,22.5,1002.4,,,2,1585
8283,108,서울,2024-09-10 03:00,26.3,,1.4,79,26.9,22.3,1002.5,,,4,1487
8284,108,서울,2024-09-10 04:00,26.2,,1.5,80,27.1,22.4,1002.8,,,0,1495
8285,108,서울,2024-09-10 05:00,25.9,,1.6,82,27.2,22.5,1002.9,,,0,1644
8286,108,서울,2024-09-10 06:00,25.6,,1.6,83,27.1,22.4,1003.2,,,0,1545
8287,108,서울,2024-09-10 07:00,25.7,,1.1,83,27.2,22.5,1003.7,0.08,,0,1613
8288,108,서울,2024-09-10 08:00,27.0,,2.0,81,28.8,23.4,1003.7,0.52,,0,1759
8289,108,서울,2024-09-10 09:00,28.8,,1.8,75,29.7,23.9,1003.7,1.23,,0,1576
8290,108,서울,2024-09-10 10:00,30.1,,0.8,70,29.8,24.0,1003.7,1.69,,0,1885
8291,108,서울,2024-09-10 11:00,31.5,,1.4,63,28.9,23.5,1003.5,2.32,,2,1869
8292,108,서울,2024-09-10 12:00,32.6,,1.5,60,29.5,23.8,1003.0,2.45,,3,1800
8293,108,서울,2024-09-10 13:00,32.6,,2.2,58,28.4,23.2,1002.6,1.36,,4,1720
8294,108,서울,2024-09-10 14:00,32.5,,3.3,59,28.8,23.4,1002.4,1.22,,6,1530
8295,108,서울,2024-09-10 15:00,33.4,,2.8,54,27.7,22.8,1002.0,2.27,,3,1587
8296,108,서울,2024-09-10 16:00,33.8,,2.9,54,28.3,23.1,1001.8,1.95,,1,1810
8297,108,서울,2024-09-10 17:00,33.3,,2.9,52,26.6,22.1,1001.7,1.34,,1,2454
8298,108,서울,2024-09-10 18:00,32.2,,2.7,57,27.2,22.5,1002.1,0.66,,0,2257
8299,108,서울,2024-09-10 19:00,30.4,,3.4,60,26.0,21.7,1002.4,0.11,,1,2485
8300,108,서울,2024-09-10 20:00,29.6,,1.2,60,24.9,21.0,1003.0,,,1,2570
8301,108,서울,2024-09-10 21:00,28.9,,1.2,63,25.0,21.1,1003.9,,,0,2410
8302,108,서울,2024-09-10 22:00,28.7,,2.0,62,24.3,20.6,1004.0,,,0,2602
8303,108,서울,2024-09-10 23:00,28.2,,0.4,64,24.4,20.7,1004.3,,,0,2629
8304,108,서울,2024-09-11 00:00,27.7,,0.9,67,24.9,21.0,1004.3,,,0,2364
8305,108,서울,2024-09-11 01:00,27.1,,0.6,69,24.7,20.9,1004.1,,,0,2065
8306,108,서울,2024-09-11 02:00,26.8,,1.7,72,25.3,21.3,1004.2,,,0,1925
8307,108,서울,2024-09-11 03:00,26.4,,1.2,73,25.0,21.1,1004.8,,,1,1888
8308,108,서울,2024-09-11 04:00,26.1,,0.9,73,24.6,20.8,1005.1,,,1,1868
8309,108,서울,2024-09-11 05:00,25.7,,1.6,76,25.0,21.1,1005.3,,,0,1740
8310,108,서울,2024-09-11 06:00,25.5,,1.6,78,25.3,21.3,1005.7,,,1,1671
8311,108,서울,2024-09-11 07:00,25.7,,1.6,79,26.0,21.7,1006.1,0.05,,1,1639
8312,108,서울,2024-09-11 08:00,27.3,,2.3,75,27.1,22.4,1006.0,0.56,,0,1566
8313,108,서울,2024-09-11 09:00,29.3,,1.6,71,28.8,23.4,1006.1,1.32,,0,1806
8314,108,서울,2024-09-11 10:00,31.4,,1.8,63,28.9,23.5,1006.1,1.97,,0,1610
8315,108,서울,2024-09-11 11:00,32.5,,2.1,59,28.8,23.4,1006.0,2.01,,1,1507
8316,108,서울,2024-09-11 12:00,33.6,,2.2,55,28.6,23.3,1005.3,2.27,,4,1823
8317,108,서울,2024-09-11 13:00,34.5,,1.9,52,28.4,23.2,1004.6,2.45,,4,1893
8318,108,서울,2024-09-11 14:00,33.9,,1.7,51,26.9,22.3,1003.9,0.89,,8,2381
8319,108,서울,2024-09-11 15:00,32.8,0.0,2.2,58,28.8,23.4,1003.9,0.32,,9,1456
8320,108,서울,2024-09-11 16:00,31.6,0.0,2.6,64,29.7,23.9,1003.9,0.26,,8,1461
8321,108,서울,2024-09-11 17:00,29.7,,3.3,71,29.5,23.8,1004.3,0.23,,8,1598
8322,108,서울,2024-09-11 18:00,29.1,,3.4,73,29.3,23.7,1004.5,0.14,,8,1253
8323,108,서울,2024-09-11 19:00,28.8,,1.9,75,29.7,23.9,1004.9,0.02,,1,1039
8324,108,서울,2024-09-11 20:00,28.5,,2.0,77,29.8,24.0,1005.5,,,1,851
8325,108,서울,2024-09-11 21:00,28.3,,2.1,79,30.4,24.3,1006.1,,,7,836
8326,108,서울,2024-09-11 22:00,28.4,,1.8,78,30.0,24.1,1006.4,,,9,889
8327,108,서울,2024-09-11 23:00,27.9,0.0,2.5,80,30.0,24.1,1006.1,,,7,771
8328,108,서울,2024-09-12 00:00,27.1,0.4,1.0,85,30.4,24.3,1006.0,,,6,574
8329,108,서울,2024-09-12 01:00,26.7,0.1,1.8,88,30.7,24.5,1006.0,,,8,583
8330,108,서울,2024-09-12 02:00,26.2,4.9,1.6,91,30.9,24.6,1005.5,,,8,309
8331,108,서울,2024-09-12 03:00,26.0,1.2,2.3,92,30.7,24.5,1005.4,,,8,754
8332,108,서울,2024-09-12 04:00,26.0,1.2,1.2,93,31.1,24.7,1005.2,,,8,333
8333,108,서울,2024-09-12 05:00,25.8,1.9,1.7,93,30.7,24.5,1005.4,,,9,469
8334,108,서울,2024-09-12 06:00,25.3,7.8,2.3,94,30.2,24.2,1005.3,,,9,488
8335,108,서울,2024-09-12 07:00,25.3,7.0,0.2,94,30.2,24.2,1005.6,0.0,,9,409
8336,108,서울,2024-09-12 08:00,25.4,1.8,2.1,94,30.4,24.3,1005.7,0.06,,9,1996
8337,108,서울,2024-09-12 09:00,25.5,0.3,2.5,93,30.2,24.2,1005.7,0.2,,9,2474
8338,108,서울,2024-09-12 10:00,25.4,0.2,2.4,92,29.7,23.9,1005.8,0.2,,9,1957
8339,108,서울,2024-09-12 11:00,25.6,0.2,2.8,93,30.4,24.3,1005.6,0.41,,9,3291
8340,108,서울,2024-09-12 12:00,26.0,0.0,2.8,90,30.2,24.2,1005.0,0.63,,8,3899
8341,108,서울,2024-09-12 13:00,26.3,0.0,2.8,88,30.0,24.1,1004.7,0.59,,7,3501
8342,108,서울,2024-09-12 14:00,26.0,0.7,2.6,89,29.8,24.0,1004.4,0.53,,8,1286
8343,108,서울,2024-09-12 15:00,25.5,3.2,2.1,91,29.7,23.9,1004.0,0.25,,9,723
8344,108,서울,2024-09-12 16:00,25.3,2.0,2.2,92,29.5,23.8,1004.0,0.48,,9,2796
8345,108,서울,2024-09-12 17:00,25.3,0.1,2.2,91,29.3,23.7,1003.9,0.26,,9,3149
8346,108,서울,2024-09-12 18:00,25.2,0.1,2.4,91,29.1,23.6,1003.6,0.14,,9,3579
8347,108,서울,2024-09-12 19:00,25.1,0.0,2.1,91,28.9,23.5,1003.6,0.03,,9,3421
8348,108,서울,2024-09-12 20:00,25.0,0.0,2.1,91,28.8,23.4,1003.9,,,9,2397
8349,108,서울,2024-09-12 21:00,24.9,0.0,2.3,91,28.6,23.3,1004.0,,,7,3914
8350,108,서울,2024-09-12 22:00,24.8,,2.1,90,28.1,23.0,1003.8,,,10,3946
8351,108,서울,2024-09-12 23:00,24.8,0.0,2.4,90,28.1,23.0,1003.4,,,7,3838
8352,108,서울,2024-09-13 00:00,24.8,0.0,1.8,90,28.1,23.0,1003.0,,,6,3936
8353,108,서울,2024-09-13 01:00,24.6,,2.4,91,28.1,23.0,1002.3,,,1,3749
8354,108,서울,2024-09-13 02:00,24.5,0.2,2.6,92,28.3,23.1,1001.9,,,7,2421
8355,108,서울,2024-09-13 03:00,24.3,0.2,2.4,92,27.9,22.9,1001.4,,,7,2786
8356,108,서울,2024-09-13 04:00,24.3,0.0,2.2,93,28.1,23.0,1001.0,,,6,2548
8357,108,서울,2024-09-13 05:00,24.2,0.2,2.1,94,28.3,23.1,1000.6,,,7,1971
8358,108,서울,2024-09-13 06:00,24.2,0.0,2.0,94,28.3,23.1,1000.6,,,7,2052
8359,108,서울,2024-09-13 07:00,24.4,0.0,1.5,95,28.9,23.5,1000.8,0.02,,7,1771
8360,108,서울,2024-09-13 08:00,25.0,0.0,1.2,94,29.7,23.9,1000.6,0.28,,7,1887
8361,108,서울,2024-09-13 09:00,25.7,,1.1,92,30.2,24.2,1000.4,0.43,,4,1927
8362,108,서울,2024-09-13 10:00,26.7,,1.5,88,30.7,24.5,1000.2,0.68,,6,2392
8363,108,서울,2024-09-13 11:00,27.3,0.0,1.3,85,30.7,24.5,999.8,0.61,,8,2764
8364,108,서울,2024-09-13 12:00,27.5,0.3,1.4,87,31.9,25.1,998.9,0.68,,7,2101
8365,108,서울,2024-09-13 13:00,27.9,0.0,2.4,83,31.1,24.7,998.3,0.84,,9,1405
8366,108,서울,2024-09-13 14:00,27.3,0.5,3.3,86,31.1,24.7,997.9,0.51,,9,1485
8367,108,서울,2024-09-13 15:00,26.9,0.6,2.9,89,31.5,24.9,997.6,0.32,,8,918
8368,108,서울,2024-09-13 16:00,26.1,2.5,2.7,90,30.4,24.3,997.3,0.12,,8,952
8369,108,서울,2024-09-13 17:00,26.4,0.4,2.6,91,31.3,24.8,996.9,0.19,,8,1732
8370,108,서울,2024-09-13 18:00,26.7,0.0,2.0,91,31.9,25.1,996.7,0.16,,8,1905
8371,108,서울,2024-09-13 19:00,26.6,0.2,3.9,90,31.3,24.8,996.4,0.02,,8,1052
8372,108,서울,2024-09-13 20:00,26.2,0.0,3.0,90,30.6,24.4,996.6,,,8,2065
8373,108,서울,2024-09-13 21:00,26.1,0.3,1.8,92,30.9,24.6,996.9,,,9,1371
8374,108,서울,2024-09-13 22:00,26.0,1.8,2.2,94,31.5,24.9,997.0,,,9,1263
8375,108,서울,2024-09-13 23:00,26.1,0.3,3.3,95,32.1,25.2,996.9,,,8,1100
8376,108,서울,2024-09-14 00:00,26.1,0.1,2.7,94,31.7,25.0,996.5,,,8,665
8377,108,서울,2024-09-14 01:00,26.1,0.0,2.1,94,31.7,25.0,996.4,,,8,1175
8378,108,서울,2024-09-14 02:00,26.0,,1.7,93,31.1,24.7,995.9,,,5,1296
8379,108,서울,2024-09-14 03:00,25.8,,2.2,92,30.4,24.3,995.9,,,7,1639
8380,108,서울,2024-09-14 04:00,25.5,,2.1,92,29.8,24.0,995.8,,,8,2014
8381,108,서울,2024-09-14 05:00,25.5,,0.6,92,29.8,24.0,995.7,,,8,2369
8382,108,서울,2024-09-14 06:00,25.3,,1.2,92,29.5,23.8,996.1,,,7,1624
8383,108,서울,2024-09-14 07:00,25.2,,0.3,92,29.5,23.8,996.2,0.04,,7,3095
8384,108,서울,2024-09-14 08:00,25.5,,1.3,92,29.8,24.0,996.3,0.24,,4,2449
8385,108,서울,2024-09-14 09:00,27.1,,1.3,88,31.5,24.9,996.4,1.03,,7,2958
8386,108,서울,2024-09-14 10:00,27.9,,0.9,84,31.5,24.9,996.7,1.24,,7,2763
8387,108,서울,2024-09-14 11:00,29.4,,2.3,74,30.2,24.2,996.7,1.89,,8,3949
8388,108,서울,2024-09-14 12:00,29.9,,2.3,70,29.5,23.8,995.9,1.92,,9,3397
8389,108,서울,2024-09-14 13:00,29.1,,2.1,72,28.9,23.5,995.7,0.72,,9,3656
8390,108,서울,2024-09-14 14:00,30.2,,1.7,70,30.0,24.1,995.1,1.56,,2,3256
8391,108,서울,2024-09-14 15:00,31.3,,2.0,63,28.8,23.4,994.6,2.64,,2,4371
8392,108,서울,2024-09-14 16:00,31.7,,2.2,60,27.9,22.9,994.2,1.77,,3,4028
8393,108,서울,2024-09-14 17:00,31.1,,2.5,62,27.9,22.9,994.3,1.06,,7,3535
8394,108,서울,2024-09-14 18:00,30.3,,2.8,69,29.7,23.9,994.8,0.41,,3,3415
8395,108,서울,2024-09-14 19:00,29.0,,1.9,73,29.1,23.6,995.1,0.09,,2,3903
8396,108,서울,2024-09-14 20:00,28.1,,2.0,77,29.1,23.6,996.1,,,1,4211
8397,108,서울,2024-09-14 21:00,27.6,,1.9,82,30.2,24.2,996.5,,,0,3648
8398,108,서울,2024-09-14 22:00,27.2,,1.2,83,29.8,24.0,996.9,,,1,3419
8399,108,서울,2024-09-14 23:00,26.9,,0.5,83,29.3,23.7,996.9,,,1,2667
8400,108,서울,2024-09-15 00:00,26.5,,2.2,86,29.7,23.9,997.0,,,3,2153
8401,108,서울,2024-09-15 01:00,26.2,,0.7,87,29.5,23.8,996.9,,,0,1904
8402,108,서울,2024-09-15 02:00,26.0,,0.6,87,29.1,23.6,997.2,,,1,1837
8403,108,서울,2024-09-15 03:00,25.7,,1.1,88,28.9,23.5,997.0,,,2,1825
8404,108,서울,2024-09-15 04:00,25.4,,0.9,89,28.8,23.4,997.6,,,0,2129
8405,108,서울,2024-09-15 05:00,25.3,,0.5,90,28.9,23.5,997.9,,,0,2045
8406,108,서울,2024-09-15 06:00,25.0,,1.3,91,28.8,23.4,998.0,,,1,1789
8407,108,서울,2024-09-15 07:00,25.1,,1.2,92,29.3,23.7,998.6,0.06,,4,1906
8408,108,서울,2024-09-15 08:00,26.3,,2.4,90,30.7,24.5,998.9,0.47,,3,2293
8409,108,서울,2024-09-15 09:00,27.3,,2.1,84,30.4,24.3,999.2,0.92,,6,2790
8410,108,서울,2024-09-15 10:00,28.8,,2.5,79,31.1,24.7,999.5,1.4,,6,2527
8411,108,서울,2024-09-15 11:00,29.4,,2.9,75,30.6,24.4,999.6,1.76,,6,2939
8412,108,서울,2024-09-15 12:00,30.7,,2.9,68,30.0,24.1,999.1,2.19,,2,3655
8413,108,서울,2024-09-15 13:00,31.1,,3.2,65,29.3,23.7,998.8,3.04,,1,3623
8414,108,서울,2024-09-15 14:00,32.0,,3.7,62,29.3,23.7,998.6,2.85,,1,3122
8415,108,서울,2024-09-15 15:00,32.1,,3.7,62,29.5,23.8,998.7,2.39,,4,4277
8416,108,서울,2024-09-15 16:00,31.8,,3.9,60,28.1,23.0,998.8,1.96,,1,3836
8417,108,서울,2024-09-15 17:00,30.8,,3.6,60,26.6,22.1,999.4,1.33,,1,4222
8418,108,서울,2024-09-15 18:00,28.9,,4.0,62,24.6,20.8,1000.0,0.47,,2,4974
8419,108,서울,2024-09-15 19:00,27.7,,4.4,64,23.7,20.2,1000.6,0.05,,0,4861
8420,108,서울,2024-09-15 20:00,26.6,,4.3,65,22.5,19.4,1001.5,,,1,4752
8421,108,서울,2024-09-15 21:00,25.8,,4.1,66,21.8,18.9,1002.5,,,0,4829
8422,108,서울,2024-09-15 22:00,25.1,,4.1,67,21.3,18.5,1003.1,,,1,4957
8423,108,서울,2024-09-15 23:00,24.6,,4.6,68,20.9,18.2,1003.3,,,1,4934
8424,108,서울,2024-09-16 00:00,24.2,,4.7,68,20.5,17.9,1003.6,,,0,4830
8425,108,서울,2024-09-16 01:00,23.8,,3.8,69,20.2,17.7,1003.6,,,1,4849
8426,108,서울,2024-09-16 02:00,23.6,,3.8,70,20.4,17.8,1003.8,,,1,4872
8427,108,서울,2024-09-16 03:00,23.5,,3.6,70,20.2,17.7,1003.9,,,3,4911
8428,108,서울,2024-09-16 04:00,23.6,,4.1,71,20.6,18.0,1003.9,,,7,4875
8429,108,서울,2024-09-16 05:00,23.6,,4.4,70,20.4,17.8,1004.2,,,8,4919
8430,108,서울,2024-09-16 06:00,22.0,6.4,3.0,87,22.9,19.7,1005.0,,,9,429
8431,108,서울,2024-09-16 07:00,21.4,1.6,4.0,91,23.1,19.8,1005.3,0.01,,8,2814
8432,108,서울,2024-09-16 08:00,21.5,1.5,3.2,91,23.2,19.9,1005.3,0.11,,8,4687
8433,108,서울,2024-09-16 09:00,22.6,0.0,2.7,90,24.6,20.8,1005.7,0.49,,8,4706
8434,108,서울,2024-09-16 10:00,23.3,,2.5,84,24.0,20.4,1006.0,0.7,,7,4591
8435,108,서울,2024-09-16 11:00,26.1,,3.9,72,24.3,20.6,1005.8,2.51,,1,4272
8436,108,서울,2024-09-16 12:00,27.8,,4.0,68,25.3,21.3,1005.6,2.88,,1,4374
8437,108,서울,2024-09-16 13:00,28.8,,2.3,65,25.6,21.5,1005.5,2.52,,3,4774
8438,108,서울,2024-09-16 14:00,31.1,,1.4,61,27.4,22.6,1004.9,2.84,,1,3898
8439,108,서울,2024-09-16 15:00,32.2,,1.9,60,28.8,23.4,1004.6,2.57,,1,4635
8440,108,서울,2024-09-16 16:00,31.7,,2.5,61,28.4,23.2,1004.4,1.14,,1,4340
8441,108,서울,2024-09-16 17:00,31.5,,2.4,63,28.9,23.5,1004.5,0.82,,1,4319
8442,108,서울,2024-09-16 18:00,30.6,,2.2,65,28.4,23.2,1004.6,0.44,,1,4133
8443,108,서울,2024-09-16 19:00,29.4,,2.4,70,28.6,23.3,1004.8,0.06,,2,4566
8444,108,서울,2024-09-16 20:00,28.8,,1.6,72,28.4,23.2,1005.5,,,1,4520
8445,108,서울,2024-09-16 21:00,28.3,,1.9,74,28.4,23.2,1005.8,,,5,4209
8446,108,서울,2024-09-16 22:00,28.1,,1.4,76,28.8,23.4,1005.9,,,7,4499
8447,108,서울,2024-09-16 23:00,27.8,,1.7,77,28.6,23.3,1006.1,,,9,4399
8448,108,서울,2024-09-17 00:00,27.6,,1.0,78,28.8,23.4,1005.8,,,9,4103
8449,108,서울,2024-09-17 01:00,27.3,,1.4,79,28.6,23.3,1005.7,,,10,4077
8450,108,서울,2024-09-17 02:00,26.9,,1.7,81,28.6,23.3,1005.6,,,9,4145
8451,108,서울,2024-09-17 03:00,26.7,,0.8,82,28.6,23.3,1005.4,,,7,3843
8452,108,서울,2024-09-17 04:00,26.3,,1.3,83,28.3,23.1,1005.3,,,8,3832
8453,108,서울,2024-09-17 05:00,26.1,,1.7,85,28.6,23.3,1005.3,,,8,3980
8454,108,서울,2024-09-17 06:00,25.8,,0.9,85,28.1,23.0,1005.4,,,2,3773
8455,108,서울,2024-09-17 07:00,25.9,,1.4,86,28.6,23.3,1005.8,0.03,,2,4145
8456,108,서울,2024-09-17 08:00,26.3,,0.9,85,28.9,23.5,1006.0,0.18,,4,4324
8457,108,서울,2024-09-17 09:00,27.0,,1.6,83,29.5,23.8,1006.0,0.38,,6,4454
8458,108,서울,2024-09-17 10:00,28.2,,0.8,80,30.6,24.4,1006.1,0.93,,5,3754
8459,108,서울,2024-09-17 11:00,29.7,,1.1,73,30.4,24.3,1005.8,1.63,,4,3741
8460,108,서울,2024-09-17 12:00,31.7,,1.0,66,30.7,24.5,1005.1,2.96,,2,4390
8461,108,서울,2024-09-17 13:00,32.4,,2.1,63,30.6,24.4,1004.6,1.98,,3,4475
8462,108,서울,2024-09-17 14:00,33.1,,3.0,61,30.7,24.5,1004.0,2.47,,4,3776
8463,108,서울,2024-09-17 15:00,32.8,,2.1,64,31.7,25.0,1003.6,1.49,,6,3989
8464,108,서울,2024-09-17 16:00,32.0,,2.9,66,31.3,24.8,1003.3,1.26,,4,3684
8465,108,서울,2024-09-17 17:00,31.3,,3.2,68,30.9,24.6,1003.6,1.13,,3,3402
8466,108,서울,2024-09-17 18:00,29.6,,2.8,74,30.6,24.4,1003.7,0.15,,2,3598
8467,108,서울,2024-09-17 19:00,28.7,,2.6,78,30.6,24.4,1003.6,0.03,,3,3212
8468,108,서울,2024-09-17 20:00,28.3,,1.4,80,30.7,24.5,1004.0,,,6,3234
8469,108,서울,2024-09-17 21:00,28.2,,1.8,78,29.7,23.9,1004.4,,,7,3246
8470,108,서울,2024-09-17 22:00,27.9,,0.5,79,29.7,23.9,1003.9,,,3,3245
8471,108,서울,2024-09-17 23:00,27.5,,1.2,82,30.0,24.1,1003.7,,,1,3159
8472,108,서울,2024-09-18 00:00,27.1,,1.6,84,30.0,24.1,1003.7,,,7,2890
8473,108,서울,2024-09-18 01:00,26.9,,1.4,84,29.7,23.9,1003.5,,,4,2646
8474,108,서울,2024-09-18 02:00,26.8,,0.9,87,30.6,24.4,1003.4,,,1,2600
8475,108,서울,2024-09-18 03:00,26.7,,1.0,87,30.4,24.3,1003.3,,,7,2474
8476,108,서울,2024-09-18 04:00,26.6,,0.8,87,30.2,24.2,1003.3,,,8,2694
8477,108,서울,2024-09-18 05:00,26.5,,0.5,88,30.4,24.3,1003.5,,,8,2477
8478,108,서울,2024-09-18 06:00,26.5,,1.1,88,30.4,24.3,1003.7,,,9,2369
8479,108,서울,2024-09-18 07:00,26.7,,0.8,88,30.7,24.5,1003.8,0.04,,9,2470
8480,108,서울,2024-09-18 08:00,27.3,,0.8,87,31.5,24.9,1003.8,0.27,,9,2426
8481,108,서울,2024-09-18 09:00,28.0,,1.0,84,31.7,25.0,1004.1,0.66,,3,3028
8482,108,서울,2024-09-18 10:00,30.1,,0.8,76,32.2,25.3,1004.3,1.81,,2,3146
8483,108,서울,2024-09-18 11:00,31.5,,1.6,69,31.9,25.1,1003.8,2.45,,3,3107
8484,108,서울,2024-09-18 12:00,31.7,,1.4,69,32.2,25.3,1003.4,1.65,,4,2724
8485,108,서울,2024-09-18 13:00,32.4,,3.0,61,29.7,23.9,1002.8,2.42,,2,3064
8486,108,서울,2024-09-18 14:00,32.8,,2.9,63,31.3,24.8,1002.4,2.57,,3,3598
8487,108,서울,2024-09-18 15:00,32.9,,3.3,62,30.9,24.6,1002.0,2.17,,2,3170
8488,108,서울,2024-09-18 16:00,33.0,,2.9,63,31.7,25.0,1001.5,1.67,,2,2864
8489,108,서울,2024-09-18 17:00,33.1,,2.3,62,31.3,24.8,1001.6,1.38,,1,3774
8490,108,서울,2024-09-18 18:00,31.7,,1.7,66,30.7,24.5,1002.1,0.38,,3,3450
8491,108,서울,2024-09-18 19:00,30.7,,1.9,68,30.0,24.1,1002.6,0.06,,7,3788
8492,108,서울,2024-09-18 20:00,30.2,,1.0,71,30.4,24.3,1003.2,,,5,3582
8493,108,서울,2024-09-18 21:00,29.9,,0.8,73,30.7,24.5,1003.9,,,8,3319
8494,108,서울,2024-09-18 22:00,29.5,,1.1,75,30.7,24.5,1003.9,,,6,3357
8495,108,서울,2024-09-18 23:00,28.4,0.7,2.4,83,32.1,25.2,1004.0,,,7,2051
8496,108,서울,2024-09-19 00:00,27.9,,1.2,85,31.9,25.1,1003.8,,,2,2115
8497,108,서울,2024-09-19 01:00,27.4,,1.3,86,31.3,24.8,1004.1,,,7,2338
8498,108,서울,2024-09-19 02:00,26.8,,2.0,86,30.2,24.2,1004.0,,,1,3104
8499,108,서울,2024-09-19 03:00,26.3,,1.4,87,29.7,23.9,1004.0,,,9,3009
8500,108,서울,2024-09-19 04:00,26.1,,1.4,88,29.7,23.9,1004.0,,,9,3129
8501,108,서울,2024-09-19 05:00,25.9,,2.0,88,29.3,23.7,1004.0,,,9,3077
8502,108,서울,2024-09-19 06:00,25.8,,1.9,88,29.1,23.6,1004.3,,,2,3336
8503,108,서울,2024-09-19 07:00,25.7,,1.9,87,28.6,23.3,1004.7,0.01,,2,3373
8504,108,서울,2024-09-19 08:00,26.2,,1.8,87,29.5,23.8,1004.9,0.22,,4,3855
8505,108,서울,2024-09-19 09:00,27.2,,2.2,83,29.8,24.0,1005.0,0.7,,7,3491
8506,108,서울,2024-09-19 10:00,28.1,,1.5,79,30.0,24.1,1005.3,0.83,,7,2938
8507,108,서울,2024-09-19 11:00,29.5,,1.3,75,30.7,24.5,1004.6,1.38,,1,1571
8508,108,서울,2024-09-19 12:00,31.1,,1.0,71,32.1,25.2,1004.4,2.56,,2,1809
8509,108,서울,2024-09-19 13:00,31.3,,1.3,69,31.5,24.9,1003.9,1.41,,4,1608
8510,108,서울,2024-09-19 14:00,31.7,,2.2,67,31.3,24.8,1003.2,1.16,,3,2276
8511,108,서울,2024-09-19 15:00,32.3,,1.4,65,31.3,24.8,1002.6,1.24,,3,1793
8512,108,서울,2024-09-19 16:00,31.9,,2.4,66,31.1,24.7,1002.4,0.88,,3,1565
8513,108,서울,2024-09-19 17:00,31.9,,2.1,65,30.6,24.4,1002.3,0.67,,2,2331
8514,108,서울,2024-09-19 18:00,31.5,,1.7,67,30.9,24.6,1002.4,0.36,,1,2401
8515,108,서울,2024-09-19 19:00,30.6,,1.4,71,31.1,24.7,1002.7,0.05,,5,2330
8516,108,서울,2024-09-19 20:00,30.1,,1.7,74,31.5,24.9,1003.1,,,3,1958
8517,108,서울,2024-09-19 21:00,29.6,,1.1,77,31.9,25.1,1003.4,,,8,1649
8518,108,서울,2024-09-19 22:00,29.4,,0.8,79,32.2,25.3,1003.6,,,1,1569
8519,108,서울,2024-09-19 23:00,29.1,,0.9,80,32.1,25.2,1003.2,,,7,1669
8520,108,서울,2024-09-20 00:00,28.7,,1.6,81,31.9,25.1,1003.0,,,8,1247
8521,108,서울,2024-09-20 01:00,28.5,,1.3,82,31.9,25.1,1002.6,,,8,1395
8522,108,서울,2024-09-20 02:00,28.2,,1.7,83,31.7,25.0,1001.9,,,6,1235
8523,108,서울,2024-09-20 03:00,28.2,0.0,1.6,84,32.1,25.2,1002.6,,,6,1414
8524,108,서울,2024-09-20 04:00,26.0,5.1,0.9,90,30.2,24.2,1002.3,,,6,428
8525,108,서울,2024-09-20 05:00,25.8,2.0,1.6,91,30.2,24.2,1001.9,,,7,1258
8526,108,서울,2024-09-20 06:00,25.5,0.3,1.7,92,29.8,24.0,1001.7,,,8,1243
8527,108,서울,2024-09-20 07:00,25.6,0.1,1.9,93,30.4,24.3,1001.4,0.02,,7,1009
8528,108,서울,2024-09-20 08:00,25.8,,2.5,91,30.2,24.2,1001.1,0.25,,5,2602
8529,108,서울,2024-09-20 09:00,26.3,,2.3,90,30.7,24.5,1000.9,0.33,,8,3234
8530,108,서울,2024-09-20 10:00,27.2,,2.0,87,31.3,24.8,1001.2,0.78,,8,3606
8531,108,서울,2024-09-20 11:00,27.1,1.5,1.0,88,31.5,24.9,1000.8,0.36,,8,1245
8532,108,서울,2024-09-20 12:00,27.3,0.4,2.1,88,31.9,25.1,1000.2,0.38,,8,2713
8533,108,서울,2024-09-20 13:00,27.8,,3.4,82,30.6,24.4,999.2,0.97,,8,3995
8534,108,서울,2024-09-20 14:00,26.9,0.5,3.4,86,30.4,24.3,998.6,0.32,,9,1184
8535,108,서울,2024-09-20 15:00,26.0,3.4,2.6,92,30.7,24.5,998.4,0.08,,8,526
8536,108,서울,2024-09-20 16:00,25.8,4.7,1.2,92,30.4,24.3,997.7,0.04,,8,685
8537,108,서울,2024-09-20 17:00,25.8,4.0,2.0,94,31.1,24.7,998.0,0.03,,9,518
8538,108,서울,2024-09-20 18:00,25.8,4.6,2.3,95,31.5,24.9,997.6,0.01,,9,746
8539,108,서울,2024-09-20 19:00,26.0,3.2,0.2,94,31.5,24.9,997.4,0.01,,9,843
8540,108,서울,2024-09-20 20:00,25.9,2.7,1.9,95,31.7,25.0,997.4,,,9,2147
8541,108,서울,2024-09-20 21:00,23.3,0.3,6.7,82,23.4,20.0,998.2,,,8,2800
8542,108,서울,2024-09-20 22:00,20.2,1.9,3.7,91,21.4,18.6,998.6,,,9,1877
8543,108,서울,2024-09-20 23:00,18.6,14.4,5.6,95,20.2,17.7,998.6,,,9,238
8544,108,서울,2024-09-21 00:00,17.9,5.4,5.4,95,19.4,17.0,998.0,,,9,1841
8545,108,서울,2024-09-21 01:00,17.8,0.1,4.5,92,18.6,16.4,997.8,,,7,4963
8546,108,서울,2024-09-21 02:00,17.6,1.0,5.8,94,18.9,16.6,997.4,,,9,592
8547,108,서울,2024-09-21 03:00,17.4,1.5,6.6,93,18.4,16.2,996.8,,,7,4947
8548,108,서울,2024-09-21 04:00,17.7,0.0,4.7,90,18.2,16.0,996.4,,,8,3599
8549,108,서울,2024-09-21 05:00,17.4,2.1,4.3,95,18.8,16.5,996.9,,,9,1194
8550,108,서울,2024-09-21 06:00,17.3,1.7,4.8,97,19.1,16.8,996.9,,,9,592
8551,108,서울,2024-09-21 07:00,17.2,6.5,4.8,98,19.1,16.8,997.7,0.01,,9,376
8552,108,서울,2024-09-21 08:00,17.1,6.0,5.7,98,19.0,16.7,998.1,0.05,,9,412
8553,108,서울,2024-09-21 09:00,17.2,7.5,4.7,98,19.1,16.8,997.9,0.17,,8,2254
8554,108,서울,2024-09-21 10:00,17.8,0.6,5.6,94,19.1,16.8,998.3,0.45,,8,4846
8555,108,서울,2024-09-21 11:00,18.6,0.0,5.8,88,18.8,16.5,998.5,0.4,,8,4770
8556,108,서울,2024-09-21 12:00,20.2,,4.9,80,18.9,16.6,997.5,1.07,,8,4604
8557,108,서울,2024-09-21 13:00,21.1,,5.0,74,18.4,16.2,997.4,1.57,,9,4355
8558,108,서울,2024-09-21 14:00,21.6,,4.2,74,19.0,16.7,997.1,1.02,,8,4735
8559,108,서울,2024-09-21 15:00,21.7,,4.0,74,19.1,16.8,996.6,0.53,,9,4820
8560,108,서울,2024-09-21 16:00,21.9,,4.2,72,18.9,16.6,996.5,0.51,,8,4808
8561,108,서울,2024-09-21 17:00,21.8,,3.5,72,18.8,16.5,996.5,0.33,,8,4779
8562,108,서울,2024-09-21 18:00,21.5,,3.2,72,18.4,16.2,996.8,0.18,,8,4851
8563,108,서울,2024-09-21 19:00,20.7,,4.4,72,17.5,15.4,997.0,0.02,,9,4939
8564,108,서울,2024-09-21 20:00,20.3,,3.2,72,17.0,15.0,997.5,,,8,4781
8565,108,서울,2024-09-21 21:00,20.0,,3.5,71,16.5,14.5,998.0,,,7,4629
8566,108,서울,2024-09-21 22:00,19.7,,2.8,71,16.2,14.2,998.6,,,3,4939
8567,108,서울,2024-09-21 23:00,19.2,,2.5,72,16.0,14.0,999.0,,,4,4883
8568,108,서울,2024-09-22 00:00,18.8,,1.8,73,15.8,13.8,998.8,,,2,4955
8569,108,서울,2024-09-22 01:00,18.3,,0.6,76,15.9,13.9,998.9,,,2,4768
8570,108,서울,2024-09-22 02:00,17.9,,0.5,78,16.0,14.0,999.2,,,3,4871
8571,108,서울,2024-09-22 03:00,17.8,,0.6,79,16.1,14.1,999.6,,,2,4720
8572,108,서울,2024-09-22 04:00,17.3,,1.3,80,15.8,13.8,1000.1,,,3,4992
8573,108,서울,2024-09-22 05:00,17.1,,1.1,82,15.9,13.9,1000.5,,,3,4787
8574,108,서울,2024-09-22 06:00,17.1,,1.2,83,16.1,14.1,1000.9,,,4,4968
8575,108,서울,2024-09-22 07:00,17.2,,1.0,84,16.4,14.4,1001.7,0.07,,4,4653
8576,108,서울,2024-09-22 08:00,18.4,,1.9,80,16.8,14.8,1002.2,0.45,,7,4593
8577,108,서울,2024-09-22 09:00,20.5,,2.6,72,17.3,15.2,1002.5,1.11,,7,4536
8578,108,서울,2024-09-22 10:00,21.9,,3.4,67,17.5,15.4,1003.0,1.77,,8,4250
8579,108,서울,2024-09-22 11:00,23.5,,3.0,62,17.8,15.7,1003.0,2.58,,6,4322
8580,108,서울,2024-09-22 12:00,23.9,,3.3,60,17.7,15.6,1002.8,1.9,,6,4373
8581,108,서울,2024-09-22 13:00,25.1,,2.9,57,18.1,15.9,1002.2,2.95,,4,4258
8582,108,서울,2024-09-22 14:00,25.6,,3.0,54,17.6,15.5,1001.9,2.61,,7,4641
8583,108,서울,2024-09-22 15:00,26.1,,3.4,54,18.2,16.0,1001.8,2.52,,5,4675
8584,108,서울,2024-09-22 16:00,26.2,,4.5,57,19.4,17.0,1002.0,1.84,,6,4374
8585,108,서울,2024-09-22 17:00,25.6,,3.7,57,18.6,16.4,1002.2,1.22,,6,4639
8586,108,서울,2024-09-22 18:00,23.6,,3.2,58,16.8,14.8,1002.8,0.29,,6,4903
8587,108,서울,2024-09-22 19:00,22.2,,3.6,65,17.3,15.2,1003.4,0.03,,2,4751
8588,108,서울,2024-09-22 20:00,21.1,,4.0,66,16.4,14.4,1004.4,,,5,4873
8589,108,서울,2024-09-22 21:00,20.5,,3.8,65,15.6,13.6,1005.5,,,4,4991
8590,108,서울,2024-09-22 22:00,19.9,,3.8,66,15.3,13.3,1006.0,,,5,4969
8591,108,서울,2024-09-22 23:00,19.5,,4.5,67,15.2,13.2,1006.5,,,5,4805
8592,108,서울,2024-09-23 00:00,18.8,,4.0,68,14.7,12.7,1006.9,,,2,5000
8593,108,서울,2024-09-23 01:00,18.3,,3.9,68,14.2,12.2,1007.0,,,1,4922
8594,108,서울,2024-09-23 02:00,17.9,,3.2,70,14.3,12.3,1007.2,,,0,4856
8595,108,서울,2024-09-23 03:00,17.6,,3.9,68,13.7,11.6,1007.5,,,0,4777
8596,108,서울,2024-09-23 04:00,17.2,,2.9,69,13.5,11.4,1007.7,,,1,4952
8597,108,서울,2024-09-23 05:00,16.8,,2.8,71,13.6,11.5,1008.2,,,1,4696
8598,108,서울,2024-09-23 06:00,16.7,,3.5,71,13.5,11.4,1008.3,,,1,4695
8599,108,서울,2024-09-23 07:00,16.7,,3.5,72,13.7,11.6,1008.8,0.08,,0,4668
8600,108,서울,2024-09-23 08:00,18.2,,3.4,65,13.6,11.5,1009.0,0.62,,0,3984
8601,108,서울,2024-09-23 09:00,19.9,,4.0,59,13.7,11.6,1009.1,1.38,,0,4540
8602,108,서울,2024-09-23 10:00,21.3,,3.6,56,14.1,12.1,1009.2,2.08,,0,4487
8603,108,서울,2024-09-23 11:00,22.7,,2.8,55,15.1,13.1,1008.9,2.63,,0,4241
8604,108,서울,2024-09-23 12:00,23.9,,3.8,51,15.1,13.1,1008.1,2.98,,0,4249
8605,108,서울,2024-09-23 13:00,24.5,,3.4,48,14.7,12.7,1007.2,3.1,,0,4655
8606,108,서울,2024-09-23 14:00,25.2,,2.9,48,15.4,13.4,1006.4,2.96,,0,3904
8607,108,서울,2024-09-23 15:00,25.9,,3.0,45,15.0,13.0,1005.9,2.59,,0,4646
8608,108,서울,2024-09-23 16:00,25.9,,2.5,44,14.7,12.7,1005.8,2.01,,0,4675
8609,108,서울,2024-09-23 17:00,25.3,,2.7,43,13.8,11.8,1006.1,1.32,,1,4620
8610,108,서울,2024-09-23 18:00,24.0,,2.3,47,13.9,11.9,1006.2,0.53,,0,4529
8611,108,서울,2024-09-23 19:00,22.2,,2.1,53,14.1,12.1,1006.6,0.03,,1,4069
8612,108,서울,2024-09-23 20:00,21.0,,2.4,57,14.1,12.1,1007.0,,,2,4312
8613,108,서울,2024-09-23 21:00,20.2,,2.8,60,14.1,12.1,1007.5,,,0,4655
8614,108,서울,2024-09-23 22:00,19.5,,2.9,62,14.0,12.0,1007.7,,,1,4477
8615,108,서울,2024-09-23 23:00,18.8,,2.4,64,13.8,11.8,1007.7,,,1,4510
8616,108,서울,2024-09-24 00:00,18.5,,3.1,65,13.7,11.7,1007.8,,,0,4732
8617,108,서울,2024-09-24 01:00,18.0,,2.5,66,13.6,11.5,1007.9,,,4,4558
8618,108,서울,2024-09-24 02:00,17.5,,2.8,69,13.7,11.7,1007.6,,,5,4641
8619,108,서울,2024-09-24 03:00,16.9,,3.0,71,13.6,11.5,1007.6,,,0,4469
8620,108,서울,2024-09-24 04:00,16.5,,2.8,72,13.5,11.4,1007.4,,,0,4596
8621,108,서울,2024-09-24 05:00,16.1,,3.0,74,13.5,11.4,1007.4,,,0,4593
8622,108,서울,2024-09-24 06:00,15.8,,3.1,75,13.4,11.3,1007.4,,,0,4629
8623,108,서울,2024-09-24 07:00,15.7,,2.6,75,13.3,11.2,1007.8,0.04,,0,4389
8624,108,서울,2024-09-24 08:00,17.4,,2.6,70,13.8,11.8,1007.9,0.6,,0,4302
8625,108,서울,2024-09-24 09:00,19.4,,2.7,62,13.9,11.9,1007.8,1.38,,0,4354
8626,108,서울,2024-09-24 10:00,21.2,,2.2,57,14.3,12.3,1007.9,2.08,,0,4371
8627,108,서울,2024-09-24 11:00,22.9,,2.5,53,14.8,12.8,1007.3,2.64,,0,4455
8628,108,서울,2024-09-24 12:00,23.9,,2.6,48,14.2,12.2,1006.4,2.97,,0,4423
8629,108,서울,2024-09-24 13:00,25.0,,2.8,44,13.8,11.8,1005.7,3.09,,0,3885
8630,108,서울,2024-09-24 14:00,25.7,,2.2,42,13.8,11.8,1005.0,2.94,,0,4137
8631,108,서울,2024-09-24 15:00,26.6,,2.2,43,14.9,12.9,1004.3,2.56,,0,4264
8632,108,서울,2024-09-24 16:00,26.5,,2.1,41,14.1,12.1,1004.0,1.98,,0,3327
8633,108,서울,2024-09-24 17:00,26.3,,2.6,40,13.7,11.6,1004.1,1.26,,0,3671
8634,108,서울,2024-09-24 18:00,24.9,,1.9,44,13.8,11.8,1004.1,0.47,,0,4008
8635,108,서울,2024-09-24 19:00,23.3,,0.8,50,14.2,12.2,1004.4,0.02,,0,4132
8636,108,서울,2024-09-24 20:00,22.2,,1.7,52,13.8,11.8,1004.8,,,0,4025
8637,108,서울,2024-09-24 21:00,21.1,,1.6,55,13.7,11.6,1004.9,,,0,4416
8638,108,서울,2024-09-24 22:00,20.3,,1.8,59,14.0,12.0,1004.6,,,0,4239
8639,108,서울,2024-09-24 23:00,19.8,,1.6,62,14.3,12.3,1004.9,,,1,4390
8640,108,서울,2024-09-25 00:00,19.3,,1.4,65,14.5,12.5,1004.8,,,0,4160
8641,108,서울,2024-09-25 01:00,19.1,,1.4,67,14.8,12.8,1004.8,,,1,4278
8642,108,서울,2024-09-25 02:00,19.0,,1.2,68,14.9,12.9,1004.9,,,5,4143
8643,108,서울,2024-09-25 03:00,18.7,,1.6,71,15.3,13.3,1004.8,,,4,4113
8644,108,서울,2024-09-25 04:00,18.9,,1.4,71,15.5,13.5,1004.5,,,10,4154
8645,108,서울,2024-09-25 05:00,19.1,,2.6,71,15.7,13.7,1004.3,,,10,4270
8646,108,서울,2024-09-25 06:00,19.2,,3.0,73,16.2,14.2,1004.1,,,9,4462
8647,108,서울,2024-09-25 07:00,19.2,,2.1,74,16.4,14.4,1004.5,0.04,,7,4002
8648,108,서울,2024-09-25 08:00,20.5,,2.1,73,17.5,15.4,1004.6,0.49,,0,4333
8649,108,서울,2024-09-25 09:00,22.0,,1.9,69,18.2,16.0,1005.3,1.15,,1,4061
8650,108,서울,2024-09-25 10:00,22.8,,1.4,69,19.1,16.8,1005.5,0.93,,6,3359
8651,108,서울,2024-09-25 11:00,24.1,,2.2,67,20.0,17.5,1005.0,1.22,,1,3326
8652,108,서울,2024-09-25 12:00,26.2,,1.3,61,20.6,18.0,1004.3,2.65,,1,2999
8653,108,서울,2024-09-25 13:00,26.8,,1.3,57,20.0,17.5,1003.4,2.47,,2,3568
8654,108,서울,2024-09-25 14:00,26.3,,1.9,58,19.7,17.3,1002.9,0.99,,5,4031
8655,108,서울,2024-09-25 15:00,26.7,,1.9,57,19.9,17.4,1002.6,1.3,,6,3911
8656,108,서울,2024-09-25 16:00,27.0,,2.5,56,19.9,17.4,1002.2,1.06,,3,3623
8657,108,서울,2024-09-25 17:00,27.0,,1.8,56,19.9,17.4,1002.4,0.77,,2,3328
8658,108,서울,2024-09-25 18:00,26.2,,1.4,57,19.4,17.0,1002.6,0.42,,1,3936
8659,108,서울,2024-09-25 19:00,25.1,,1.3,62,19.6,17.2,1003.1,0.02,,6,3837
8660,108,서울,2024-09-25 20:00,24.4,,2.1,65,19.7,17.3,1003.1,,,6,3242
8661,108,서울,2024-09-25 21:00,24.0,,1.0,66,19.6,17.2,1003.4,,,2,3480
8662,108,서울,2024-09-25 22:00,23.8,,0.4,67,19.6,17.2,1003.5,,,8,3611
8663,108,서울,2024-09-25 23:00,23.5,0.0,0.7,70,20.2,17.7,1003.3,,,10,3349
8664,108,서울,2024-09-26 00:00,23.1,0.0,1.0,71,20.0,17.5,1003.3,,,10,3654
8665,108,서울,2024-09-26 01:00,22.6,0.1,1.6,75,20.5,17.9,1003.2,,,9,3286
8666,108,서울,2024-09-26 02:00,22.2,,1.1,77,20.5,17.9,1003.0,,,1,3222
8667,108,서울,2024-09-26 03:00,21.9,,1.5,78,20.4,17.8,1002.7,,,9,2927
8668,108,서울,2024-09-26 04:00,21.9,,1.1,79,20.6,18.0,1002.6,,,5,2962
8669,108,서울,2024-09-26 05:00,21.7,0.0,2.0,82,21.2,18.4,1002.4,,,3,2883
8670,108,서울,2024-09-26 06:00,21.4,1.0,1.2,85,21.6,18.7,1003.0,,,9,828
8671,108,서울,2024-09-26 07:00,21.2,0.1,0.3,86,21.6,18.7,1003.1,0.01,,6,1624
8672,108,서울,2024-09-26 08:00,21.5,0.0,1.9,87,22.2,19.2,1003.6,0.31,,8,1831
8673,108,서울,2024-09-26 09:00,22.0,,1.5,86,22.7,19.5,1003.7,0.57,,3,2420
8674,108,서울,2024-09-26 10:00,24.0,,1.9,78,23.2,19.9,1003.8,1.41,,1,3681
8675,108,서울,2024-09-26 11:00,24.9,,1.5,73,22.9,19.7,1003.5,1.87,,3,3263
8676,108,서울,2024-09-26 12:00,25.7,,1.8,67,22.1,19.1,1002.9,1.42,,7,2307
8677,108,서울,2024-09-26 13:00,26.2,,1.7,63,21.3,18.5,1002.2,1.81,,6,3019
8678,108,서울,2024-09-26 14:00,27.2,,1.6,62,22.2,19.2,1001.4,1.49,,3,2558
8679,108,서울,2024-09-26 15:00,27.9,,2.7,58,21.7,18.8,1001.0,1.97,,3,2872
8680,108,서울,2024-09-26 16:00,27.0,,3.3,61,21.7,18.8,1000.9,1.61,,3,3469
8681,108,서울,2024-09-26 17:00,26.7,,3.7,61,21.3,18.5,1001.0,1.07,,2,4182
8682,108,서울,2024-09-26 18:00,25.4,,2.3,68,22.0,19.0,1001.1,0.45,,1,4208
8683,108,서울,2024-09-26 19:00,24.2,,2.0,71,21.4,18.6,1001.5,0.02,,0,4252
8684,108,서울,2024-09-26 20:00,23.4,,0.8,74,21.2,18.4,1002.4,,,1,4138
8685,108,서울,2024-09-26 21:00,22.7,,1.4,76,20.9,18.2,1002.6,,,0,3674
8686,108,서울,2024-09-26 22:00,22.3,,0.9,80,21.4,18.6,1002.7,,,1,2834
8687,108,서울,2024-09-26 23:00,21.9,,1.0,82,21.4,18.6,1002.8,,,1,2601
8688,108,서울,2024-09-27 00:00,21.5,,0.3,83,21.2,18.4,1002.7,,,2,2543
8689,108,서울,2024-09-27 01:00,21.2,,0.9,86,21.6,18.7,1002.6,,,1,2387
8690,108,서울,2024-09-27 02:00,20.9,,1.6,87,21.4,18.6,1002.5,,,3,2233
8691,108,서울,2024-09-27 03:00,20.3,,1.7,87,20.6,18.0,1002.2,,,0,1944
8692,108,서울,2024-09-27 04:00,20.0,,2.2,89,20.8,18.1,1002.2,,,0,1550
8693,108,서울,2024-09-27 05:00,19.7,,1.1,89,20.4,17.8,1002.6,,,0,1576
8694,108,서울,2024-09-27 06:00,19.3,,1.5,90,20.1,17.6,1002.9,,,0,1577
8695,108,서울,2024-09-27 07:00,19.2,,1.7,89,19.7,17.3,1003.5,0.06,,0,1731
8696,108,서울,2024-09-27 08:00,20.1,,2.3,89,20.9,18.2,1003.9,0.45,,2,1721
8697,108,서울,2024-09-27 09:00,21.6,,2.0,82,21.0,18.3,1004.2,0.9,,1,2575
8698,108,서울,2024-09-27 10:00,22.8,,2.7,77,21.3,18.5,1004.3,1.47,,3,3107
8699,108,서울,2024-09-27 11:00,23.4,,2.6,72,20.6,18.0,1004.2,1.38,,5,2966
8700,108,서울,2024-09-27 12:00,24.8,,2.0,71,22.1,19.1,1003.8,2.12,,2,3440
8701,108,서울,2024-09-27 13:00,26.3,,2.5,62,21.2,18.4,1003.1,2.98,,3,4184
8702,108,서울,2024-09-27 14:00,26.7,,1.7,61,21.3,18.5,1002.6,2.16,,3,3653
8703,108,서울,2024-09-27 15:00,27.6,,2.1,55,20.2,17.7,1002.3,1.95,,3,3342
8704,108,서울,2024-09-27 16:00,27.9,,2.2,52,19.5,17.1,1002.2,1.59,,3,3763
8705,108,서울,2024-09-27 17:00,27.3,,2.7,53,19.1,16.8,1002.5,0.99,,2,4039
8706,108,서울,2024-09-27 18:00,25.6,,4.1,59,19.2,16.9,1003.1,0.38,,3,4325
8707,108,서울,2024-09-27 19:00,23.9,,4.1,65,19.2,16.9,1003.7,0.02,,0,4056
8708,108,서울,2024-09-27 20:00,22.8,,4.3,67,18.5,16.3,1004.4,,,0,4202
8709,108,서울,2024-09-27 21:00,22.0,,3.4,68,17.9,15.8,1005.1,,,0,4565
8710,108,서울,2024-09-27 22:00,21.4,,3.6,69,17.5,15.4,1005.1,,,0,4129
8711,108,서울,2024-09-27 23:00,20.9,,3.6,70,17.3,15.2,1005.4,,,0,4272
8712,108,서울,2024-09-28 00:00,20.7,,3.0,70,17.0,15.0,1005.4,,,2,4053
8713,108,서울,2024-09-28 01:00,20.6,,3.6,70,16.9,14.9,1005.6,,,3,3971
8714,108,서울,2024-09-28 02:00,20.3,,3.5,71,16.8,14.8,1005.9,,,3,3962
8715,108,서울,2024-09-28 03:00,20.2,,3.3,70,16.5,14.5,1005.9,,,3,3936
8716,108,서울,2024-09-28 04:00,19.9,,3.9,70,16.2,14.2,1006.1,,,2,3830
8717,108,서울,2024-09-28 05:00,20.0,,3.5,68,15.9,13.9,1006.6,,,2,3808
8718,108,서울,2024-09-28 06:00,19.3,,2.6,71,15.9,13.9,1007.3,,,3,4079
8719,108,서울,2024-09-28 07:00,19.4,,3.4,69,15.5,13.5,1007.7,0.03,,1,4241
8720,108,서울,2024-09-28 08:00,20.7,,3.2,66,16.1,14.1,1008.1,0.53,,1,4059
8721,108,서울,2024-09-28 09:00,22.3,,4.0,55,14.8,12.8,1008.3,1.15,,0,3974
8722,108,서울,2024-09-28 10:00,23.8,,4.3,53,15.6,13.6,1008.7,1.95,,1,3270
8723,108,서울,2024-09-28 11:00,25.2,,3.6,52,16.6,14.6,1008.4,2.6,,1,3587
8724,108,서울,2024-09-28 12:00,26.1,,3.8,51,17.2,15.1,1008.0,2.79,,2,4374
8725,108,서울,2024-09-28 13:00,27.1,,3.7,51,18.2,16.0,1007.5,2.81,,3,4752
8726,108,서울,2024-09-28 14:00,27.9,,3.0,50,18.8,16.5,1007.2,2.52,,6,3971
8727,108,서울,2024-09-28 15:00,27.0,,3.3,51,18.1,15.9,1007.2,1.2,,7,3751
8728,108,서울,2024-09-28 16:00,27.3,,3.0,51,18.4,16.2,1007.2,1.37,,8,4513
8729,108,서울,2024-09-28 17:00,26.8,,2.0,53,18.6,16.4,1007.4,0.66,,7,4182
8730,108,서울,2024-09-28 18:00,25.8,,3.5,55,18.2,16.0,1007.7,0.44,,6,4372
8731,108,서울,2024-09-28 19:00,24.6,,2.9,58,17.8,15.7,1008.1,0.02,,3,4418
8732,108,서울,2024-09-28 20:00,23.8,,3.4,58,17.0,15.0,1008.6,,,1,3963
8733,108,서울,2024-09-28 21:00,23.2,,3.7,58,16.4,14.4,1009.1,,,0,4480
8734,108,서울,2024-09-28 22:00,22.4,,3.1,59,15.9,13.9,1009.6,,,1,4565
8735,108,서울,2024-09-28 23:00,21.8,,2.8,61,15.9,13.9,1010.0,,,1,4258
8736,108,서울,2024-09-29 00:00,21.3,,2.7,63,15.9,13.9,1009.9,,,2,4088
8737,108,서울,2024-09-29 01:00,20.9,,3.0,64,15.8,13.8,1009.9,,,5,4134
8738,108,서울,2024-09-29 02:00,20.5,,3.4,64,15.4,13.4,1009.9,,,5,4435
8739,108,서울,2024-09-29 03:00,20.2,,2.9,66,15.6,13.6,1010.0,,,2,4396
8740,108,서울,2024-09-29 04:00,19.6,,2.7,68,15.5,13.5,1009.9,,,1,4000
8741,108,서울,2024-09-29 05:00,19.4,,2.7,68,15.3,13.3,1010.3,,,3,4267
8742,108,서울,2024-09-29 06:00,19.3,,2.7,68,15.2,13.2,1010.9,,,2,4530
8743,108,서울,2024-09-29 07:00,19.2,,2.4,68,15.1,13.1,1011.4,0.03,,3,4474
8744,108,서울,2024-09-29 08:00,19.7,,3.2,69,15.8,13.8,1011.2,0.28,,4,3770
8745,108,서울,2024-09-29 09:00,21.2,,3.9,66,16.5,14.5,1011.2,0.72,,3,3927
8746,108,서울,2024-09-29 10:00,23.6,,2.7,61,17.7,15.6,1010.8,1.71,,0,4199
8747,108,서울,2024-09-29 11:00,25.0,,3.8,57,17.9,15.8,1010.2,2.5,,0,4146
8748,108,서울,2024-09-29 12:00,26.8,,2.5,56,19.6,17.2,1009.8,2.81,,0,4961
8749,108,서울,2024-09-29 13:00,27.6,,3.3,53,19.5,17.1,1008.7,2.91,,0,4060
8750,108,서울,2024-09-29 14:00,28.5,,2.6,50,19.4,17.0,1007.9,2.76,,0,3751
8751,108,서울,2024-09-29 15:00,28.9,,2.3,48,19.0,16.7,1007.5,2.41,,1,3939
8752,108,서울,2024-09-29 16:00,27.8,,2.5,49,18.3,16.1,1007.2,1.25,,2,4450
8753,108,서울,2024-09-29 17:00,27.3,,2.1,54,19.5,17.1,1007.6,0.48,,4,4783
8754,108,서울,2024-09-29 18:00,26.3,,2.2,57,19.4,17.0,1007.7,0.19,,2,4500
8755,108,서울,2024-09-29 19:00,25.3,,2.2,59,19.0,16.7,1008.3,0.01,,2,4300
8756,108,서울,2024-09-29 20:00,24.5,,2.6,61,18.6,16.4,1008.7,,,1,4197
8757,108,서울,2024-09-29 21:00,23.5,,2.4,63,18.2,16.0,1009.0,,,1,4485
8758,108,서울,2024-09-29 22:00,22.8,,2.7,65,17.9,15.8,1009.1,,,1,4563
8759,108,서울,2024-09-29 23:00,22.1,,2.9,67,17.7,15.6,1008.9,,,1,4522
8760,108,서울,2024-09-30 00:00,21.6,,2.0,68,17.5,15.4,1008.6,,,0,4738
8761,108,서울,2024-09-30 01:00,21.0,,2.4,70,17.4,15.3,1008.6,,,1,4680
8762,108,서울,2024-09-30 02:00,20.4,,2.2,71,16.9,14.9,1008.6,,,1,4596
8763,108,서울,2024-09-30 03:00,19.8,,2.3,73,16.8,14.8,1008.4,,,0,4415
8764,108,서울,2024-09-30 04:00,19.3,,2.2,74,16.5,14.5,1008.3,,,0,4506
8765,108,서울,2024-09-30 05:00,18.9,,2.6,75,16.3,14.3,1008.0,,,0,4487
8766,108,서울,2024-09-30 06:00,18.5,,2.3,75,15.9,13.9,1007.9,,,0,4017
8767,108,서울,2024-09-30 07:00,18.5,,2.0,75,15.9,13.9,1007.9,0.06,,0,4185
8768,108,서울,2024-09-30 08:00,19.8,,2.0,70,16.1,14.1,1007.7,0.56,,0,5000
8769,108,서울,2024-09-30 09:00,21.7,,2.6,63,16.3,14.3,1007.5,1.26,,0,3254
8770,108,서울,2024-09-30 10:00,23.5,,1.8,56,16.2,14.2,1007.2,1.78,,0,4338
8771,108,서울,2024-09-30 11:00,24.5,,2.1,55,16.8,14.8,1006.6,1.56,,0,4101
8772,108,서울,2024-09-30 12:00,26.5,,2.2,48,16.5,14.5,1005.8,2.79,,3,4308
8773,108,서울,2024-09-30 13:00,27.9,,2.5,45,16.8,14.8,1004.9,2.9,,1,3751
8774,108,서울,2024-09-30 14:00,27.2,,2.0,48,17.3,15.2,1004.1,1.92,,5,4224
8775,108,서울,2024-09-30 15:00,28.1,,1.4,49,18.5,16.3,1003.4,1.33,,4,4420
8776,108,서울,2024-09-30 16:00,28.1,,3.0,48,18.2,16.0,1002.8,1.87,,4,3444
8777,108,서울,2024-09-30 17:00,26.3,,3.8,53,18.1,15.9,1002.6,0.52,,4,3100
8778,108,서울,2024-09-30 18:00,24.6,,2.8,58,17.8,15.7,1002.7,0.22,,2,4014
8779,108,서울,2024-09-30 19:00,23.6,,2.1,60,17.4,15.3,1002.7,0.0,,4,4212
8780,108,서울,2024-09-30 20:00,23.1,,1.9,63,17.7,15.6,1003.0,,,5,4129
8781,108,서울,2024-09-30 21:00,22.6,,2.4,66,18.1,15.9,1003.3,,,0,4002
8782,108,서울,2024-09-30 22:00,22.1,,1.3,69,18.3,16.1,1003.1,,,4,3749
8783,108,서울,2024-09-30 23:00,21.8,,0.4,70,18.2,16.0,1002.6,,,9,3742
8784,108,서울,2024-10-01 00:00,21.8,,0.9,72,18.8,16.5,1001.8,,,0,3917
8785,108,서울,2024-10-01 01:00,21.6,,1.2,74,19.0,16.7,1001.2,,,8,3493
8786,108,서울,2024-10-01 02:00,21.3,,0.2,75,18.9,16.6,1000.8,,,8,3305
8787,108,서울,2024-10-01 03:00,21.0,,0.6,77,19.1,16.8,1000.1,,,5,3505
8788,108,서울,2024-10-01 04:00,21.2,,1.2,76,19.0,16.7,999.3,,,0,3647
8789,108,서울,2024-10-01 05:00,21.0,,1.4,78,19.4,17.0,998.9,,,9,3561
8790,108,서울,2024-10-01 06:00,20.7,1.6,1.3,88,21.4,18.6,999.0,,,9,542
8791,108,서울,2024-10-01 07:00,20.5,0.5,2.6,87,20.9,18.2,999.3,0.0,,8,1923
8792,108,서울,2024-10-01 08:00,20.6,0.1,2.1,89,21.6,18.7,999.3,0.06,,8,2042
8793,108,서울,2024-10-01 09:00,20.5,0.0,2.7,88,21.2,18.4,999.7,0.15,,8,1101
8794,108,서울,2024-10-01 10:00,18.6,0.3,3.2,85,18.2,16.0,1000.5,0.23,,9,3896
8795,108,서울,2024-10-01 11:00,18.7,,4.4,79,16.9,14.9,1000.4,0.85,,6,4375
8796,108,서울,2024-10-01 12:00,18.8,,4.1,69,14.9,12.9,1001.1,1.03,,5,4449
8797,108,서울,2024-10-01 13:00,18.6,0.0,3.5,66,14.1,12.1,1000.9,0.76,,7,4074
8798,108,서울,2024-10-01 14:00,19.2,0.0,3.1,64,14.2,12.2,1000.4,1.25,,10,4072
8799,108,서울,2024-10-01 15:00,19.0,,3.9,54,11.8,9.4,1000.4,1.08,,9,4068
8800,108,서울,2024-10-01 16:00,19.6,,3.1,55,12.5,10.3,1000.3,1.01,,2,4476
8801,108,서울,2024-10-01 17:00,19.6,,3.7,43,9.7,6.6,1000.9,0.93,,0,4515
8802,108,서울,2024-10-01 18:00,18.3,,2.0,41,8.6,4.8,1001.8,0.37,,0,4852
8803,108,서울,2024-10-01 19:00,17.0,,3.2,45,8.7,4.9,1002.6,0.01,,1,4605
8804,108,서울,2024-10-01 20:00,15.9,,2.7,52,9.3,6.0,1003.3,,,1,4384
8805,108,서울,2024-10-01 21:00,15.1,,4.8,57,9.7,6.6,1004.4,,,0,4140
8806,108,서울,2024-10-01 22:00,14.4,,3.2,62,10.2,7.2,1005.1,,,0,4174
8807,108,서울,2024-10-01 23:00,14.0,,2.0,64,10.2,7.2,1005.2,,,0,3976
8808,108,서울,2024-10-02 00:00,13.3,,0.8,66,10.0,7.0,1005.4,,,0,4002
8809,108,서울,2024-10-02 01:00,12.8,,1.4,72,10.6,7.8,1004.9,,,3,3811
8810,108,서울,2024-10-02 02:00,12.5,,0.8,74,10.6,7.9,1005.5,,,4,4073
8811,108,서울,2024-10-02 03:00,12.6,,1.5,74,10.7,8.0,1005.7,,,0,3792
8812,108,서울,2024-10-02 04:00,12.3,,1.0,74,10.5,7.7,1005.9,,,0,3857
8813,108,서울,2024-10-02 05:00,12.3,,2.3,69,9.8,6.7,1006.3,,,0,3883
8814,108,서울,2024-10-02 06:00,12.1,,2.9,58,8.1,4.0,1006.5,,,0,4436
8815,108,서울,2024-10-02 07:00,11.7,,1.9,56,7.6,3.1,1007.4,0.02,,0,4491
8816,108,서울,2024-10-02 08:00,11.7,,2.1,60,8.2,4.1,1008.3,0.22,,0,4482
8817,108,서울,2024-10-02 09:00,13.2,,3.0,54,8.1,4.0,1008.5,0.94,,0,4653
8818,108,서울,2024-10-02 10:00,14.6,,4.6,52,8.6,4.8,1008.7,2.08,,0,4283
8819,108,서울,2024-10-02 11:00,16.2,,3.0,47,8.6,4.8,1009.0,2.61,,0,4524
8820,108,서울,2024-10-02 12:00,17.2,,3.7,42,8.2,4.1,1008.6,2.93,,0,4645
8821,108,서울,2024-10-02 13:00,18.1,,4.0,38,7.8,3.5,1008.0,3.03,,0,4151
8822,108,서울,2024-10-02 14:00,18.7,,3.6,34,7.3,2.4,1007.8,2.87,,0,4738
8823,108,서울,2024-10-02 15:00,19.2,,3.5,33,7.3,2.5,1007.5,2.49,,0,4109
8824,108,서울,2024-10-02 16:00,19.3,,3.6,33,7.4,2.6,1007.5,1.9,,0,4178
8825,108,서울,2024-10-02 17:00,18.9,,2.4,35,7.6,3.0,1008.0,1.18,,0,4544
8826,108,서울,2024-10-02 18:00,17.1,,3.6,37,7.2,2.2,1008.4,0.38,,0,4635
8827,108,서울,2024-10-02 19:00,16.3,,3.2,39,7.2,2.3,1009.2,0.01,,0,4497
8828,108,서울,2024-10-02 20:00,15.7,,3.4,37,6.6,1.0,1009.8,,,0,4521
8829,108,서울,2024-10-02 21:00,14.9,,2.3,39,6.6,1.0,1010.5,,,0,4265
8830,108,서울,2024-10-02 22:00,14.0,,0.8,42,6.7,1.2,1011.0,,,0,4134
8831,108,서울,2024-10-02 23:00,12.9,,1.7,48,7.1,2.1,1011.2,,,0,3817
8832,108,서울,2024-10-03 00:00,12.6,,0.7,53,7.7,3.2,1011.4,,,0,3838
8833,108,서울,2024-10-03 01:00,11.6,,2.1,55,7.5,2.8,1011.5,,,0,3696
8834,108,서울,2024-10-03 02:00,11.5,,1.4,57,7.7,3.2,1011.4,,,0,3952
8835,108,서울,2024-10-03 03:00,11.1,,1.7,60,7.9,3.6,1011.4,,,0,3934
8836,108,서울,2024-10-03 04:00,11.1,,1.6,64,8.4,4.5,1011.3,,,0,3930
8837,108,서울,2024-10-03 05:00,10.9,,1.8,68,8.8,5.2,1011.4,,,0,4432
8838,108,서울,2024-10-03 06:00,10.9,,1.6,72,9.3,6.0,1012.0,,,0,4320
8839,108,서울,2024-10-03 07:00,10.9,,1.0,73,9.5,6.2,1012.3,0.02,,0,4198
8840,108,서울,2024-10-03 08:00,12.5,,1.4,72,10.4,7.5,1012.3,0.52,,0,4050
8841,108,서울,2024-10-03 09:00,16.1,,2.4,62,11.3,8.8,1012.3,1.26,,0,3827
8842,108,서울,2024-10-03 10:00,18.3,,3.1,57,11.9,9.6,1012.3,1.98,,0,3994
8843,108,서울,2024-10-03 11:00,20.0,,3.4,49,11.4,8.9,1012.0,2.51,,0,4373
8844,108,서울,2024-10-03 12:00,21.1,,2.1,46,11.5,9.0,1011.5,2.83,,1,4395
8845,108,서울,2024-10-03 13:00,22.1,,2.5,41,10.9,8.2,1010.9,2.96,,1,4930
8846,108,서울,2024-10-03 14:00,21.4,,2.7,41,10.4,7.5,1010.4,1.61,,5,4224
8847,108,서울,2024-10-03 15:00,21.2,,2.0,41,10.3,7.4,1010.3,1.09,,5,4750
8848,108,서울,2024-10-03 16:00,20.7,,1.4,43,10.4,7.6,1010.3,0.47,,3,4682
8849,108,서울,2024-10-03 17:00,20.6,,1.3,45,10.9,8.2,1010.6,0.49,,4,4535
8850,108,서울,2024-10-03 18:00,19.5,,2.9,51,11.5,9.0,1010.7,0.14,,5,3998
8851,108,서울,2024-10-03 19:00,18.7,,3.0,57,12.2,9.9,1010.9,0.02,,4,4496
8852,108,서울,2024-10-03 20:00,17.7,,1.9,61,12.3,10.0,1011.5,,,1,3955
8853,108,서울,2024-10-03 21:00,16.6,,2.0,67,12.6,10.4,1011.7,,,0,3773
8854,108,서울,2024-10-03 22:00,15.9,,1.9,68,12.2,9.9,1011.9,,,0,3929
8855,108,서울,2024-10-03 23:00,15.3,,2.1,72,12.4,10.2,1012.0,,,0,4356
8856,108,서울,2024-10-04 00:00,14.6,,2.1,73,12.1,9.8,1012.1,,,0,3971
8857,108,서울,2024-10-04 01:00,14.1,,1.4,77,12.4,10.1,1012.0,,,0,3924
8858,108,서울,2024-10-04 02:00,13.7,,2.1,81,12.6,10.4,1012.5,,,0,3481
8859,108,서울,2024-10-04 03:00,13.3,,1.3,81,12.4,10.1,1012.8,,,0,4079
8860,108,서울,2024-10-04 04:00,13.2,,1.3,82,12.4,10.1,1013.3,,,0,4090
8861,108,서울,2024-10-04 05:00,12.7,,1.6,83,12.1,9.8,1013.6,,,0,4152
8862,108,서울,2024-10-04 06:00,12.3,,1.1,84,11.9,9.6,1014.0,,,0,3867
8863,108,서울,2024-10-04 07:00,11.9,,1.6,85,11.8,9.4,1014.2,0.02,,0,3053
8864,108,서울,2024-10-04 08:00,13.3,,2.5,81,12.4,10.1,1014.5,0.52,,0,3473
8865,108,서울,2024-10-04 09:00,15.9,,1.5,69,12.4,10.2,1014.6,1.27,,0,3970
8866,108,서울,2024-10-04 10:00,18.1,,1.3,63,13.0,10.9,1014.5,1.98,,0,3889
8867,108,서울,2024-10-04 11:00,20.2,,2.0,49,11.6,9.1,1014.5,2.51,,0,4522
8868,108,서울,2024-10-04 12:00,21.3,,1.5,45,11.3,8.8,1014.0,2.82,,0,4317
8869,108,서울,2024-10-04 13:00,22.4,,1.8,40,10.8,8.1,1013.1,2.9,,0,3817
8870,108,서울,2024-10-04 14:00,23.8,,2.6,39,11.5,9.0,1012.6,2.73,,0,3557
8871,108,서울,2024-10-04 15:00,24.0,,2.2,36,10.6,7.9,1012.3,2.35,,0,3997
8872,108,서울,2024-10-04 16:00,23.6,,1.7,36,10.4,7.6,1012.1,1.78,,0,4178
8873,108,서울,2024-10-04 17:00,23.0,,2.2,37,10.4,7.5,1012.1,1.07,,0,3915
8874,108,서울,2024-10-04 18:00,20.8,,2.0,42,10.3,7.4,1012.1,0.36,,0,4273
8875,108,서울,2024-10-04 19:00,19.6,,3.4,48,10.9,8.2,1012.5,0.01,,0,3965
8876,108,서울,2024-10-04 20:00,18.8,,2.8,51,11.0,8.4,1013.0,,,0,3824
8877,108,서울,2024-10-04 21:00,17.6,,1.8,57,11.4,8.9,1013.6,,,0,3669
8878,108,서울,2024-10-04 22:00,17.6,,2.2,58,11.6,9.2,1013.7,,,0,3716
8879,108,서울,2024-10-04 23:00,16.5,,0.7,61,11.4,8.9,1013.8,,,0,3582
8880,108,서울,2024-10-05 00:00,15.7,,0.8,66,11.7,9.3,1013.7,,,0,3314
8881,108,서울,2024-10-05 01:00,14.9,,2.0,67,11.3,8.8,1013.8,,,0,3317
8882,108,서울,2024-10-05 02:00,14.0,,1.8,73,11.6,9.2,1013.7,,,0,3174
8883,108,서울,2024-10-05 03:00,13.3,,1.9,75,11.4,8.9,1013.6,,,0,3120
8884,108,서울,2024-10-05 04:00,12.8,,1.3,77,11.3,8.8,1013.3,,,0,3250
8885,108,서울,2024-10-05 05:00,12.2,,2.3,78,11.0,8.4,1013.4,,,0,3037
8886,108,서울,2024-10-05 06:00,11.7,,2.3,81,11.1,8.5,1013.4,,,0,2766
8887,108,서울,2024-10-05 07:00,11.6,,2.1,82,11.2,8.6,1013.6,0.04,,0,2594
8888,108,서울,2024-10-05 08:00,12.7,,0.9,78,11.4,8.9,1013.9,0.36,,0,2689
8889,108,서울,2024-10-05 09:00,15.7,,1.8,67,11.9,9.5,1014.0,1.06,,0,3206
8890,108,서울,2024-10-05 10:00,17.6,,1.4,62,12.4,10.2,1014.1,1.49,,0,3237
8891,108,서울,2024-10-05 11:00,20.2,,1.7,53,12.5,10.3,1013.5,2.44,,0,4316
8892,108,서울,2024-10-05 12:00,21.6,,1.6,45,11.6,9.1,1013.0,2.61,,0,3840
8893,108,서울,2024-10-05 13:00,22.8,,1.1,42,11.6,9.2,1012.2,2.39,,0,3609
8894,108,서울,2024-10-05 14:00,23.6,,1.5,40,11.6,9.1,1011.4,2.36,,0,2923
8895,108,서울,2024-10-05 15:00,24.0,,2.5,41,12.2,9.9,1011.0,1.94,,0,3134
8896,108,서울,2024-10-05 16:00,23.9,,2.1,42,12.4,10.1,1011.2,1.58,,1,2792
8897,108,서울,2024-10-05 17:00,22.7,,2.1,44,12.1,9.8,1011.0,0.81,,0,3716
8898,108,서울,2024-10-05 18:00,20.8,,2.2,49,11.9,9.6,1011.2,0.22,,0,3620
8899,108,서울,2024-10-05 19:00,19.3,,0.4,53,11.8,9.4,1010.9,0.01,,2,3411
8900,108,서울,2024-10-05 20:00,17.9,,1.1,59,12.0,9.7,1011.5,,,2,3090
8901,108,서울,2024-10-05 21:00,17.1,,1.0,63,12.2,9.9,1011.7,,,0,2971
8902,108,서울,2024-10-05 22:00,16.4,,0.3,64,11.9,9.5,1011.8,,,1,2985
8903,108,서울,2024-10-05 23:00,15.9,,1.3,62,11.2,8.6,1012.0,,,0,3052
8904,108,서울,2024-10-06 00:00,15.4,,1.0,62,10.8,8.1,1011.8,,,0,3224
8905,108,서울,2024-10-06 01:00,14.7,,1.6,65,10.8,8.1,1011.5,,,0,3396
8906,108,서울,2024-10-06 02:00,13.9,,1.7,68,10.7,8.0,1011.4,,,1,3211
8907,108,서울,2024-10-06 03:00,13.6,,1.6,69,10.7,8.0,1011.2,,,0,3309
8908,108,서울,2024-10-06 04:00,13.1,,1.5,72,10.8,8.1,1010.7,,,0,3164
8909,108,서울,2024-10-06 05:00,12.5,,1.3,74,10.6,7.9,1010.8,,,0,3256
8910,108,서울,2024-10-06 06:00,12.4,,1.4,76,10.9,8.2,1011.0,,,0,3235
8911,108,서울,2024-10-06 07:00,12.7,,1.6,77,11.2,8.7,1011.0,0.01,,0,3218
8912,108,서울,2024-10-06 08:00,13.6,,0.5,75,11.6,9.2,1011.3,0.15,,4,3150
8913,108,서울,2024-10-06 09:00,14.6,,1.8,75,12.4,10.2,1011.8,0.31,,10,2862
8914,108,서울,2024-10-06 10:00,15.4,,0.6,72,12.5,10.3,1012.0,0.45,,10,3143
8915,108,서울,2024-10-06 11:00,16.2,,2.0,70,12.9,10.7,1011.5,0.46,,10,2685
8916,108,서울,2024-10-06 12:00,16.6,,2.6,69,12.9,10.8,1010.4,0.41,,4,3719
8917,108,서울,2024-10-06 13:00,16.9,,2.3,69,13.2,11.1,1009.3,0.39,,7,3270
8918,108,서울,2024-10-06 14:00,17.4,0.0,1.7,69,13.7,11.6,1008.8,0.57,,8,2794
8919,108,서울,2024-10-06 15:00,17.9,0.0,1.1,68,13.9,11.9,1009.0,0.46,,8,3166
8920,108,서울,2024-10-06 16:00,17.3,0.0,1.2,76,15.0,13.0,1009.6,0.27,,5,2137
8921,108,서울,2024-10-06 17:00,16.9,0.0,1.6,74,14.2,12.2,1009.6,0.12,,10,2433
8922,108,서울,2024-10-06 18:00,16.9,,1.3,77,14.8,12.8,1009.3,0.04,,10,2811
8923,108,서울,2024-10-06 19:00,16.6,,1.9,78,14.7,12.7,1009.0,0.01,,10,2556
8924,108,서울,2024-10-06 20:00,16.6,,1.1,79,14.9,12.9,1009.2,,,10,2117
8925,108,서울,2024-10-06 21:00,16.4,,0.7,78,14.5,12.5,1009.0,,,8,2415
8926,108,서울,2024-10-06 22:00,15.8,,1.6,73,13.0,10.9,1009.1,,,3,3261
8927,108,서울,2024-10-06 23:00,15.0,,0.5,75,12.7,10.5,1008.7,,,4,2916
8928,108,서울,2024-10-07 00:00,14.7,,1.1,76,12.7,10.5,1008.6,,,0,2830
8929,108,서울,2024-10-07 01:00,14.6,,1.2,78,12.9,10.7,1008.5,,,9,2785
8930,108,서울,2024-10-07 02:00,14.3,,1.4,77,12.5,10.3,1008.6,,,9,2728
8931,108,서울,2024-10-07 03:00,14.3,,0.8,76,12.4,10.1,1008.1,,,9,3147
8932,108,서울,2024-10-07 04:00,14.3,,0.7,78,12.7,10.5,1008.0,,,6,2664
8933,108,서울,2024-10-07 05:00,14.2,,0.6,81,13.0,10.9,1008.1,,,0,2613
8934,108,서울,2024-10-07 06:00,14.2,,0.3,81,13.0,10.9,1007.9,,,0,2421
8935,108,서울,2024-10-07 07:00,14.0,,1.5,83,13.2,11.1,1007.6,0.01,,0,2185
8936,108,서울,2024-10-07 08:00,14.3,,1.8,83,13.5,11.4,1007.9,0.13,,0,2011
8937,108,서울,2024-10-07 09:00,15.7,,0.0,81,14.4,12.4,1007.9,0.61,,3,1731
8938,108,서울,2024-10-07 10:00,17.7,,1.6,74,14.9,12.9,1007.6,1.2,,0,1464
8939,108,서울,2024-10-07 11:00,18.8,,2.4,69,14.9,12.9,1007.4,1.46,,0,1303
8940,108,서울,2024-10-07 12:00,19.4,,2.4,66,14.8,12.8,1007.2,1.37,,0,1562
8941,108,서울,2024-10-07 13:00,20.5,,1.7,61,14.7,12.7,1006.2,1.55,,0,1605
8942,108,서울,2024-10-07 14:00,20.3,,2.5,62,14.7,12.7,1005.4,1.1,,4,1603
8943,108,서울,2024-10-07 15:00,20.4,,2.7,59,14.1,12.1,1005.6,1.11,,3,1983
8944,108,서울,2024-10-07 16:00,19.6,,2.7,58,13.2,11.1,1005.5,0.47,,10,2485
8945,108,서울,2024-10-07 17:00,19.3,,1.7,66,14.7,12.7,1005.6,0.25,,9,1484
8946,108,서울,2024-10-07 18:00,18.7,,1.4,67,14.4,12.4,1005.8,0.07,,0,1554
8947,108,서울,2024-10-07 19:00,18.2,,1.1,70,14.6,12.6,1005.9,0.0,,9,1478
8948,108,서울,2024-10-07 20:00,17.6,,0.6,74,14.9,12.9,1006.2,,,8,1360
8949,108,서울,2024-10-07 21:00,16.9,,0.6,77,14.8,12.8,1006.6,,,0,1137
8950,108,서울,2024-10-07 22:00,16.4,,1.0,79,14.7,12.7,1006.6,,,1,1034
8951,108,서울,2024-10-07 23:00,15.9,,1.0,82,14.8,12.8,1006.7,,,0,812
8952,108,서울,2024-10-08 00:00,15.6,,0.9,84,14.8,12.8,1006.5,,,0,757
8953,108,서울,2024-10-08 01:00,15.1,,0.8,86,14.7,12.7,1006.3,,,0,757
8954,108,서울,2024-10-08 02:00,14.8,,0.8,87,14.6,12.6,1006.2,,,0,692
8955,108,서울,2024-10-08 03:00,14.4,,0.6,89,14.6,12.6,1006.2,,,0,601
8956,108,서울,2024-10-08 04:00,14.0,,1.5,89,14.2,12.2,1006.1,,,0,519
8957,108,서울,2024-10-08 05:00,13.5,,1.4,91,14.0,12.0,1006.3,,,0,472
8958,108,서울,2024-10-08 06:00,13.1,,1.9,91,13.7,11.6,1006.3,,,0,394
8959,108,서울,2024-10-08 07:00,12.8,,1.8,93,13.7,11.6,1006.5,0.01,,0,383
8960,108,서울,2024-10-08 08:00,13.3,,2.1,94,14.3,12.3,1007.0,0.33,,0,481
8961,108,서울,2024-10-08 09:00,15.1,,1.2,89,15.2,13.2,1007.4,0.91,,0,672
8962,108,서울,2024-10-08 10:00,17.2,,1.5,78,15.3,13.3,1007.3,1.66,,0,911
8963,108,서울,2024-10-08 11:00,19.5,,1.4,70,15.8,13.8,1007.0,2.21,,0,1124
8964,108,서울,2024-10-08 12:00,20.7,,1.4,62,15.1,13.1,1006.6,2.57,,2,1599
8965,108,서울,2024-10-08 13:00,22.2,,1.4,57,15.2,13.2,1005.8,2.2,,3,2022
8966,108,서울,2024-10-08 14:00,22.9,,1.5,54,15.0,13.0,1005.2,1.99,,6,2071
8967,108,서울,2024-10-08 15:00,23.8,,2.1,52,15.3,13.3,1004.9,1.51,,6,3302
8968,108,서울,2024-10-08 16:00,22.0,,2.9,57,15.0,13.0,1005.0,0.66,,7,3451
8969,108,서울,2024-10-08 17:00,21.3,,1.8,60,15.2,13.2,1005.1,0.37,,3,4100
8970,108,서울,2024-10-08 18:00,20.3,,1.9,64,15.2,13.2,1005.3,0.12,,2,3992
8971,108,서울,2024-10-08 19:00,19.0,,2.3,68,14.9,12.9,1005.9,0.0,,1,3536
8972,108,서울,2024-10-08 20:00,18.6,,3.2,69,14.7,12.7,1006.6,,,2,4731
8973,108,서울,2024-10-08 21:00,17.8,,3.1,71,14.4,12.4,1007.1,,,0,4827
8974,108,서울,2024-10-08 22:00,17.1,,2.5,71,13.7,11.7,1007.5,,,0,4829
8975,108,서울,2024-10-08 23:00,16.7,,2.4,71,13.5,11.4,1007.6,,,1,4833
8976,108,서울,2024-10-09 00:00,16.3,,2.8,73,13.5,11.4,1007.4,,,0,4641
8977,108,서울,2024-10-09 01:00,15.9,,2.4,74,13.3,11.2,1007.3,,,0,4371
8978,108,서울,2024-10-09 02:00,15.4,,2.8,76,13.2,11.1,1007.3,,,0,4493
8979,108,서울,2024-10-09 03:00,15.2,,2.6,77,13.2,11.1,1007.0,,,0,4038
8980,108,서울,2024-10-09 04:00,14.8,,2.1,78,13.0,10.9,1006.9,,,0,3999
8981,108,서울,2024-10-09 05:00,14.4,,2.0,80,13.0,10.9,1007.1,,,0,4094
8982,108,서울,2024-10-09 06:00,14.1,,2.0,82,13.1,11.0,1007.3,,,0,3932
8983,108,서울,2024-10-09 07:00,13.9,,1.3,83,13.1,11.0,1007.7,0.01,,1,3640
8984,108,서울,2024-10-09 08:00,14.9,,2.9,81,13.7,11.6,1007.6,0.36,,0,3401
8985,108,서울,2024-10-09 09:00,17.4,,2.5,71,14.0,12.0,1007.6,1.13,,0,3820
8986,108,서울,2024-10-09 10:00,19.3,,2.8,63,14.0,12.0,1007.5,1.83,,0,3227
8987,108,서울,2024-10-09 11:00,21.2,,3.1,59,14.8,12.8,1006.9,2.31,,0,3916
8988,108,서울,2024-10-09 12:00,22.4,,2.4,51,13.7,11.7,1006.3,2.62,,0,3941
8989,108,서울,2024-10-09 13:00,23.1,,2.7,49,13.7,11.7,1005.4,2.43,,3,4065
8990,108,서울,2024-10-09 14:00,24.3,,2.2,46,13.9,11.9,1004.6,2.41,,3,3861
8991,108,서울,2024-10-09 15:00,23.6,,1.8,46,13.3,11.2,1004.3,1.29,,5,4131
8992,108,서울,2024-10-09 16:00,23.5,,2.5,46,13.3,11.2,1003.9,1.33,,3,4013
8993,108,서울,2024-10-09 17:00,22.9,,1.5,50,13.9,11.9,1003.8,0.67,,3,4130
8994,108,서울,2024-10-09 18:00,21.9,,1.4,51,13.3,11.2,1003.9,0.22,,2,4226
8995,108,서울,2024-10-09 19:00,20.0,,2.4,58,13.5,11.4,1004.0,0.0,,1,3863
8996,108,서울,2024-10-09 20:00,19.2,,1.8,62,13.7,11.7,1004.4,,,4,3791
8997,108,서울,2024-10-09 21:00,18.4,,1.8,65,13.7,11.6,1004.5,,,7,3534
8998,108,서울,2024-10-09 22:00,18.2,,2.5,68,14.1,12.1,1004.7,,,1,3817
8999,108,서울,2024-10-09 23:00,17.9,,2.5,69,14.1,12.1,1004.7,,,0,3636
9000,108,서울,2024-10-10 00:00,17.7,,2.6,70,14.1,12.1,1004.4,,,1,3775
9001,108,서울,2024-10-10 01:00,17.2,,2.4,71,13.8,11.8,1004.2,,,5,3802
9002,108,서울,2024-10-10 02:00,16.6,,2.6,74,13.9,11.9,1004.4,,,2,3880
9003,108,서울,2024-10-10 03:00,16.3,,2.2,75,13.8,11.8,1004.5,,,4,3785
9004,108,서울,2024-10-10 04:00,16.2,,1.8,75,13.7,11.7,1004.1,,,3,3473
9005,108,서울,2024-10-10 05:00,15.9,,2.1,76,13.7,11.6,1004.3,,,5,3373
9006,108,서울,2024-10-10 06:00,15.5,,1.9,77,13.5,11.4,1004.6,,,2,3475
9007,108,서울,2024-10-10 07:00,15.4,,2.6,77,13.4,11.3,1004.8,0.02,,3,3183
9008,108,서울,2024-10-10 08:00,15.9,,2.6,76,13.7,11.6,1005.1,0.19,,8,3008
9009,108,서울,2024-10-10 09:00,17.1,,2.6,72,14.0,12.0,1005.4,0.59,,1,3249
9010,108,서울,2024-10-10 10:00,19.2,,1.7,63,13.9,11.9,1005.5,1.56,,3,3387
9011,108,서울,2024-10-10 11:00,19.8,,1.4,58,13.3,11.2,1005.3,1.55,,7,3601
9012,108,서울,2024-10-10 12:00,20.7,,1.5,57,13.8,11.8,1004.8,1.62,,7,3671
9013,108,서울,2024-10-10 13:00,21.7,0.0,1.4,57,14.8,12.8,1004.0,1.47,,3,2905
9014,108,서울,2024-10-10 14:00,23.1,,1.7,50,14.1,12.1,1003.2,2.7,,4,3470
9015,108,서울,2024-10-10 15:00,23.2,,1.9,50,14.1,12.1,1002.9,1.6,,5,2712
9016,108,서울,2024-10-10 16:00,23.7,,1.5,48,14.0,12.0,1002.9,1.57,,3,2907
9017,108,서울,2024-10-10 17:00,23.4,,1.6,49,14.0,12.0,1003.1,0.92,,4,2693
9018,108,서울,2024-10-10 18:00,21.8,,1.9,54,14.0,12.0,1003.5,0.12,,6,3307
9019,108,서울,2024-10-10 19:00,20.8,,2.3,59,14.4,12.4,1003.9,0.0,,4,2499
9020,108,서울,2024-10-10 20:00,19.9,,2.2,65,15.1,13.1,1004.5,,,4,1967
9021,108,서울,2024-10-10 21:00,19.1,,2.5,69,15.2,13.2,1004.9,,,2,1917
9022,108,서울,2024-10-10 22:00,18.4,,0.2,71,15.0,13.0,1005.1,,,2,1782
9023,108,서울,2024-10-10 23:00,17.6,,1.7,73,14.6,12.6,1005.2,,,0,2088
9024,108,서울,2024-10-11 00:00,17.0,,1.4,76,14.7,12.7,1005.1,,,0,2049
9025,108,서울,2024-10-11 01:00,16.4,,1.6,78,14.5,12.5,1005.5,,,0,1811
9026,108,서울,2024-10-11 02:00,15.9,,1.6,82,14.8,12.8,1005.6,,,0,1729
9027,108,서울,2024-10-11 03:00,15.2,,1.9,83,14.3,12.3,1005.7,,,0,1488
9028,108,서울,2024-10-11 04:00,15.0,,1.3,85,14.4,12.4,1005.9,,,0,1511
9029,108,서울,2024-10-11 05:00,14.6,,1.8,86,14.2,12.2,1006.2,,,0,1556
9030,108,서울,2024-10-11 06:00,14.1,,1.6,86,13.7,11.7,1006.6,,,0,1325
9031,108,서울,2024-10-11 07:00,14.0,,1.3,89,14.2,12.2,1006.9,0.01,,0,1240
9032,108,서울,2024-10-11 08:00,14.5,,2.1,89,14.7,12.7,1007.5,0.37,,0,1238
9033,108,서울,2024-10-11 09:00,16.8,,2.2,81,15.5,13.5,1007.8,0.99,,0,1603
9034,108,서울,2024-10-11 10:00,18.9,,1.8,72,15.7,13.7,1008.2,1.66,,0,1904
9035,108,서울,2024-10-11 11:00,21.0,,1.2,66,16.3,14.3,1008.0,2.16,,1,1430
9036,108,서울,2024-10-11 12:00,22.7,,1.9,58,16.0,14.0,1007.9,2.17,,2,1615
9037,108,서울,2024-10-11 13:00,23.8,,2.4,45,13.2,11.1,1007.3,2.61,,3,1663
9038,108,서울,2024-10-11 14:00,23.7,,2.4,48,14.0,12.0,1006.6,1.44,,3,1257
9039,108,서울,2024-10-11 15:00,24.3,,3.0,48,14.5,12.5,1006.2,2.05,,3,1186
9040,108,서울,2024-10-11 16:00,24.2,,2.2,44,13.2,11.1,1006.5,1.52,,2,1280
9041,108,서울,2024-10-11 17:00,22.9,,3.1,46,12.8,10.6,1006.9,0.88,,0,1593
9042,108,서울,2024-10-11 18:00,21.0,,2.6,50,12.4,10.1,1007.3,0.19,,0,1560
9043,108,서울,2024-10-11 19:00,19.7,,2.5,59,13.5,11.4,1008.1,0.0,,0,1212
9044,108,서울,2024-10-11 20:00,18.8,,1.7,65,14.0,12.0,1008.8,,,0,899
9045,108,서울,2024-10-11 21:00,17.9,,1.4,68,13.9,11.9,1009.2,,,0,878
9046,108,서울,2024-10-11 22:00,17.2,,1.3,70,13.7,11.6,1009.9,,,0,907
9047,108,서울,2024-10-11 23:00,16.7,,1.5,73,13.8,11.8,1010.4,,,0,927
9048,108,서울,2024-10-12 00:00,16.5,,1.3,76,14.2,12.2,1010.5,,,0,1008
9049,108,서울,2024-10-12 01:00,16.0,,0.4,77,13.9,11.9,1010.6,,,0,1061
9050,108,서울,2024-10-12 02:00,15.6,,0.6,77,13.6,11.5,1010.8,,,0,1002
9051,108,서울,2024-10-12 03:00,15.0,,1.3,81,13.7,11.7,1010.8,,,0,827
9052,108,서울,2024-10-12 04:00,14.6,,1.1,82,13.6,11.5,1011.1,,,0,683
9053,108,서울,2024-10-12 05:00,14.1,,1.7,84,13.5,11.4,1011.4,,,0,572
9054,108,서울,2024-10-12 06:00,13.9,,1.5,85,13.5,11.4,1012.0,,,0,577
9055,108,서울,2024-10-12 07:00,13.4,,1.6,87,13.3,11.2,1012.5,0.01,,0,517
9056,108,서울,2024-10-12 08:00,13.8,,1.6,88,13.8,11.8,1013.2,0.37,,0,651
9057,108,서울,2024-10-12 09:00,16.2,,2.0,82,15.1,13.1,1013.5,1.04,,0,642
9058,108,서울,2024-10-12 10:00,18.9,,0.8,68,14.8,12.8,1013.5,1.79,,0,783
9059,108,서울,2024-10-12 11:00,21.2,,2.2,51,12.8,10.6,1013.1,2.25,,0,1183
9060,108,서울,2024-10-12 12:00,22.3,,1.9,45,12.0,9.7,1012.7,2.57,,0,2044
9061,108,서울,2024-10-12 13:00,23.4,,2.1,34,9.7,6.6,1012.1,2.72,,0,3016
9062,108,서울,2024-10-12 14:00,23.9,,1.7,29,8.5,4.7,1011.7,2.56,,0,3606
9063,108,서울,2024-10-12 15:00,24.0,,2.3,30,8.9,5.3,1011.5,2.18,,0,3167
9064,108,서울,2024-10-12 16:00,24.3,,2.4,26,7.8,3.5,1011.5,1.6,,0,3202
9065,108,서울,2024-10-12 17:00,23.4,,2.2,30,8.6,4.8,1011.5,0.88,,0,3536
9066,108,서울,2024-10-12 18:00,21.3,,1.4,36,9.1,5.6,1011.7,0.22,,0,3196
9067,108,서울,2024-10-12 19:00,19.7,,1.6,51,11.6,9.2,1012.2,,,0,2918
9068,108,서울,2024-10-12 20:00,18.7,,0.6,52,11.2,8.6,1012.8,,,0,2779
9069,108,서울,2024-10-12 21:00,17.8,,0.8,59,11.9,9.6,1013.1,,,0,2402
9070,108,서울,2024-10-12 22:00,16.8,,0.2,63,12.0,9.7,1013.2,,,0,2270
9071,108,서울,2024-10-12 23:00,16.4,,0.5,63,11.7,9.3,1013.5,,,0,2395
9072,108,서울,2024-10-13 00:00,15.7,,1.3,67,11.9,9.5,1013.3,,,0,2480
9073,108,서울,2024-10-13 01:00,15.1,,1.6,72,12.3,10.0,1013.2,,,0,2212
9074,108,서울,2024-10-13 02:00,14.8,,1.7,75,12.6,10.4,1013.3,,,0,1951
9075,108,서울,2024-10-13 03:00,14.1,,1.6,78,12.5,10.3,1013.2,,,0,1815
9076,108,서울,2024-10-13 04:00,13.5,,2.0,81,12.4,10.2,1013.0,,,0,1641
9077,108,서울,2024-10-13 05:00,13.2,,1.6,81,12.3,10.0,1013.0,,,0,1682
9078,108,서울,2024-10-13 06:00,12.8,,1.7,84,12.4,10.1,1013.3,,,0,1680
9079,108,서울,2024-10-13 07:00,12.8,,2.1,85,12.5,10.3,1013.4,0.01,,0,1673
9080,108,서울,2024-10-13 08:00,14.2,,2.0,83,13.4,11.3,1013.8,0.41,,0,1895
9081,108,서울,2024-10-13 09:00,16.6,,2.2,75,14.1,12.1,1013.8,1.09,,0,2243
9082,108,서울,2024-10-13 10:00,19.0,,2.1,65,14.2,12.2,1013.9,1.79,,0,2506
9083,108,서울,2024-10-13 11:00,20.9,,2.2,58,14.3,12.3,1013.6,2.14,,0,2324
9084,108,서울,2024-10-13 12:00,21.8,,2.2,57,14.8,12.8,1013.1,1.56,,0,2737
9085,108,서울,2024-10-13 13:00,22.1,,2.1,54,14.3,12.3,1012.7,1.35,,0,2637
9086,108,서울,2024-10-13 14:00,22.1,,2.6,51,13.5,11.4,1012.3,1.1,,0,2523
9087,108,서울,2024-10-13 15:00,22.4,,1.9,50,13.5,11.4,1011.7,0.86,,0,2618
9088,108,서울,2024-10-13 16:00,22.4,,1.8,50,13.5,11.4,1011.5,0.65,,5,3071
9089,108,서울,2024-10-13 17:00,21.7,,1.9,51,13.2,11.1,1011.6,0.35,,8,3000
9090,108,서울,2024-10-13 18:00,20.8,,2.0,57,13.9,11.9,1011.7,0.12,,9,2857
9091,108,서울,2024-10-13 19:00,20.0,,1.5,60,13.9,11.9,1011.7,,,10,2760
9092,108,서울,2024-10-13 20:00,19.4,,2.1,65,14.6,12.6,1012.0,,,10,2464
9093,108,서울,2024-10-13 21:00,19.2,,2.5,66,14.6,12.6,1011.9,,,9,2386
9094,108,서울,2024-10-13 22:00,19.0,,2.5,67,14.7,12.7,1011.7,,,10,2654
9095,108,서울,2024-10-13 23:00,18.7,,2.3,68,14.6,12.6,1011.9,,,10,2715
9096,108,서울,2024-10-14 00:00,18.4,,1.7,69,14.6,12.6,1011.7,,,9,2684
9097,108,서울,2024-10-14 01:00,18.2,,1.9,70,14.6,12.6,1011.5,,,8,2899
9098,108,서울,2024-10-14 02:00,17.9,,2.2,72,14.7,12.7,1011.5,,,9,2699
9099,108,서울,2024-10-14 03:00,17.7,,2.1,74,14.9,12.9,1011.1,,,8,2883
9100,108,서울,2024-10-14 04:00,17.6,,1.5,74,14.9,12.9,1010.5,,,9,2832
9101,108,서울,2024-10-14 05:00,17.6,,1.6,73,14.6,12.6,1010.4,,,9,3059
9102,108,서울,2024-10-14 06:00,17.6,,1.8,73,14.6,12.6,1010.2,,,10,3286
9103,108,서울,2024-10-14 07:00,17.6,,2.7,72,14.4,12.4,1009.9,0.0,,10,3322
9104,108,서울,2024-10-14 08:00,17.8,,1.6,71,14.4,12.4,1010.1,0.09,,10,3365
9105,108,서울,2024-10-14 09:00,18.6,,2.1,70,15.0,13.0,1010.2,0.38,,8,3535
9106,108,서울,2024-10-14 10:00,19.3,,1.9,69,15.4,13.4,1009.9,0.52,,8,3320
9107,108,서울,2024-10-14 11:00,20.1,,2.0,67,15.7,13.7,1009.6,0.64,,8,3474
9108,108,서울,2024-10-14 12:00,20.2,,1.9,67,15.8,13.8,1009.2,0.47,,10,2912
9109,108,서울,2024-10-14 13:00,20.5,0.0,2.0,69,16.6,14.6,1008.4,0.51,,10,2905
9110,108,서울,2024-10-14 14:00,21.2,0.0,1.5,68,17.0,15.0,1007.9,0.78,,8,2710
9111,108,서울,2024-10-14 15:00,21.5,,1.6,60,15.4,13.4,1007.5,0.72,,4,3489
9112,108,서울,2024-10-14 16:00,21.2,,2.1,59,14.8,12.8,1006.9,0.35,,4,3779
9113,108,서울,2024-10-14 17:00,20.8,,1.7,65,15.9,13.9,1007.2,0.22,,8,3234
9114,108,서울,2024-10-14 18:00,20.4,0.0,1.8,67,16.0,14.0,1006.8,0.03,,8,3612
9115,108,서울,2024-10-14 19:00,20.1,,1.2,68,16.0,14.0,1007.1,,,2,3025
9116,108,서울,2024-10-14 20:00,19.7,,1.9,72,16.5,14.5,1007.5,,,7,2711
9117,108,서울,2024-10-14 21:00,19.6,,1.2,73,16.6,14.6,1007.3,,,8,2640
9118,108,서울,2024-10-14 22:00,19.1,,2.6,75,16.5,14.5,1006.8,,,5,2597
9119,108,서울,2024-10-14 23:00,18.8,,1.9,77,16.6,14.6,1006.8,,,3,2692
9120,108,서울,2024-10-15 00:00,18.8,,1.8,78,16.8,14.8,1006.6,,,8,2706
9121,108,서울,2024-10-15 01:00,18.8,,2.2,78,16.8,14.8,1006.3,,,9,2718
9122,108,서울,2024-10-15 02:00,18.7,0.0,2.1,79,16.9,14.9,1006.2,,,8,2508
9123,108,서울,2024-10-15 03:00,18.4,0.0,2.1,82,17.3,15.2,1005.5,,,8,1633
9124,108,서울,2024-10-15 04:00,17.9,0.4,1.9,87,17.7,15.6,1005.4,,,8,1316
9125,108,서울,2024-10-15 05:00,17.8,0.0,2.2,89,18.1,15.9,1005.4,,,8,1193
9126,108,서울,2024-10-15 06:00,17.7,0.0,1.3,89,17.9,15.8,1005.5,,,8,1250
9127,108,서울,2024-10-15 07:00,17.6,,2.5,89,17.8,15.7,1005.5,0.01,,8,1221
9128,108,서울,2024-10-15 08:00,18.1,,1.7,88,18.2,16.0,1006.1,0.2,,7,1593
9129,108,서울,2024-10-15 09:00,18.4,0.0,2.0,87,18.3,16.1,1006.7,0.2,,8,789
9130,108,서울,2024-10-15 10:00,18.9,0.1,1.8,88,19.1,16.8,1006.8,0.42,,8,1058
9131,108,서울,2024-10-15 11:00,19.6,0.0,1.5,84,19.1,16.8,1007.0,0.52,,7,1071
9132,108,서울,2024-10-15 12:00,20.5,,2.3,81,19.5,17.1,1006.6,0.76,,7,1243
9133,108,서울,2024-10-15 13:00,21.1,,1.7,79,19.7,17.3,1006.6,0.77,,7,1547
9134,108,서울,2024-10-15 14:00,21.3,,2.0,79,20.0,17.5,1006.4,0.43,,8,1352
9135,108,서울,2024-10-15 15:00,21.7,,1.8,79,20.4,17.8,1006.1,0.69,,6,1148
9136,108,서울,2024-10-15 16:00,20.8,0.0,2.8,82,20.1,17.6,1006.7,0.29,,8,700
9137,108,서울,2024-10-15 17:00,20.6,,1.9,80,19.4,17.0,1007.2,0.22,,8,1467
9138,108,서울,2024-10-15 18:00,20.3,,2.0,82,19.5,17.1,1007.7,0.08,,8,1165
9139,108,서울,2024-10-15 19:00,19.9,,1.5,85,19.6,17.2,1008.3,,,3,964
9140,108,서울,2024-10-15 20:00,19.3,,1.2,86,19.1,16.8,1008.8,,,0,791
9141,108,서울,2024-10-15 21:00,18.7,,1.2,89,19.1,16.8,1009.1,,,0,650
9142,108,서울,2024-10-15 22:00,18.3,,1.3,90,18.9,16.6,1009.4,,,0,550
9143,108,서울,2024-10-15 23:00,18.1,,2.3,91,18.9,16.6,1009.7,,,1,634
9144,108,서울,2024-10-16 00:00,17.7,,2.2,91,18.4,16.2,1009.8,,,0,676
9145,108,서울,2024-10-16 01:00,17.3,,0.5,90,17.7,15.6,1010.0,,,1,772
9146,108,서울,2024-10-16 02:00,16.9,,1.6,92,17.6,15.5,1010.5,,,0,619
9147,108,서울,2024-10-16 03:00,16.4,,1.0,92,17.0,15.0,1010.7,,,0,559
9148,108,서울,2024-10-16 04:00,16.0,,0.4,93,16.8,14.8,1011.0,,,0,556
9149,108,서울,2024-10-16 05:00,15.4,,0.0,91,15.9,13.9,1011.3,,,0,476
9150,108,서울,2024-10-16 06:00,14.8,,1.5,93,15.6,13.6,1011.7,,,0,453
9151,108,서울,2024-10-16 07:00,14.6,,1.2,95,15.8,13.8,1012.1,0.0,,10,165
9152,108,서울,2024-10-16 08:00,15.0,,1.7,96,16.3,14.3,1012.6,0.06,,10,221
9153,108,서울,2024-10-16 09:00,15.5,,2.6,95,16.6,14.6,1013.2,0.19,,10,308
9154,108,서울,2024-10-16 10:00,16.2,,2.0,93,17.0,15.0,1013.5,0.35,,10,391
9155,108,서울,2024-10-16 11:00,18.2,,1.8,83,17.3,15.2,1013.0,1.44,,0,663
9156,108,서울,2024-10-16 12:00,20.8,,1.6,67,16.4,14.4,1012.6,2.57,,1,1137
9157,108,서울,2024-10-16 13:00,22.4,,1.9,54,14.6,12.6,1011.8,2.61,,0,1565
9158,108,서울,2024-10-16 14:00,23.7,,2.3,52,15.2,13.2,1011.1,2.44,,0,1279
9159,108,서울,2024-10-16 15:00,24.0,,2.0,55,16.3,14.3,1011.2,1.99,,0,1014
9160,108,서울,2024-10-16 16:00,23.8,,1.7,53,15.6,13.6,1011.1,1.35,,0,956
9161,108,서울,2024-10-16 17:00,22.9,,1.3,53,14.8,12.8,1010.9,0.69,,0,1067
9162,108,서울,2024-10-16 18:00,20.8,,1.3,62,15.2,13.2,1011.1,0.15,,0,845
9163,108,서울,2024-10-16 19:00,19.5,,1.2,66,14.9,12.9,1011.8,,,0,804
9164,108,서울,2024-10-16 20:00,18.5,,1.7,69,14.6,12.6,1012.2,,,0,843
9165,108,서울,2024-10-16 21:00,17.7,,0.1,73,14.7,12.7,1012.8,,,0,836
9166,108,서울,2024-10-16 22:00,16.9,,1.6,76,14.6,12.6,1012.8,,,1,853
9167,108,서울,2024-10-16 23:00,16.3,,1.1,77,14.2,12.2,1012.8,,,1,831
9168,108,서울,2024-10-17 00:00,15.7,,1.2,78,13.8,11.8,1012.5,,,0,884
9169,108,서울,2024-10-17 01:00,15.3,,1.5,81,14.0,12.0,1012.7,,,1,827
9170,108,서울,2024-10-17 02:00,14.7,,1.9,82,13.7,11.6,1012.8,,,1,796
9171,108,서울,2024-10-17 03:00,14.2,,1.9,84,13.6,11.5,1012.5,,,0,718
9172,108,서울,2024-10-17 04:00,13.9,,1.6,86,13.6,11.5,1012.4,,,0,725
9173,108,서울,2024-10-17 05:00,13.9,,2.0,85,13.5,11.4,1012.4,,,0,923
9174,108,서울,2024-10-17 06:00,13.9,,1.7,85,13.5,11.4,1012.6,,,0,898
9175,108,서울,2024-10-17 07:00,13.9,,1.7,86,13.6,11.5,1013.1,0.0,,0,874
9176,108,서울,2024-10-17 08:00,14.1,,2.0,86,13.7,11.7,1013.2,0.13,,0,903
9177,108,서울,2024-10-17 09:00,15.2,,1.5,82,14.1,12.1,1013.6,0.4,,0,977
9178,108,서울,2024-10-17 10:00,17.1,,1.8,75,14.6,12.6,1013.4,0.91,,0,1045
9179,108,서울,2024-10-17 11:00,20.0,,1.7,68,15.9,13.9,1013.3,2.0,,0,1323
9180,108,서울,2024-10-17 12:00,22.5,,1.7,62,16.8,14.8,1012.6,2.39,,0,1472
9181,108,서울,2024-10-17 13:00,23.7,,2.0,55,16.1,14.1,1011.5,2.47,,0,1593
9182,108,서울,2024-10-17 14:00,25.0,,1.6,51,16.1,14.1,1011.1,2.29,,0,1644
9183,108,서울,2024-10-17 15:00,25.4,,2.3,48,15.5,13.5,1010.4,1.94,,0,1899
9184,108,서울,2024-10-17 16:00,25.6,,1.6,50,16.3,14.3,1010.2,1.36,,0,1711
9185,108,서울,2024-10-17 17:00,24.8,,2.1,48,15.0,13.0,1009.7,0.69,,0,2057
9186,108,서울,2024-10-17 18:00,22.4,,2.0,56,15.1,13.1,1009.2,0.12,,0,2113
9187,108,서울,2024-10-17 19:00,20.9,,2.1,61,15.0,13.0,1009.3,,,0,2147
9188,108,서울,2024-10-17 20:00,20.0,,2.2,66,15.4,13.4,1009.4,,,0,1836
9189,108,서울,2024-10-17 21:00,19.7,,0.8,69,15.8,13.8,1010.1,,,0,1906
9190,108,서울,2024-10-17 22:00,19.0,,2.0,73,16.0,14.0,1010.2,,,0,1634
9191,108,서울,2024-10-17 23:00,18.6,,1.3,74,15.8,13.8,1010.0,,,0,1666
9192,108,서울,2024-10-18 00:00,18.3,,2.2,77,16.1,14.1,1009.5,,,0,1626
9193,108,서울,2024-10-18 01:00,18.0,,2.9,79,16.2,14.2,1008.7,,,2,1605
9194,108,서울,2024-10-18 02:00,18.1,,1.7,78,16.1,14.1,1009.4,,,8,1706
9195,108,서울,2024-10-18 03:00,17.9,,1.8,78,16.0,14.0,1008.9,,,8,1723
9196,108,서울,2024-10-18 04:00,17.9,,2.4,78,16.0,14.0,1008.1,,,9,1973
9197,108,서울,2024-10-18 05:00,17.9,,1.9,77,15.8,13.8,1007.8,,,10,2279
9198,108,서울,2024-10-18 06:00,18.0,0.0,2.6,76,15.6,13.6,1007.5,,,3,2305
9199,108,서울,2024-10-18 07:00,18.0,0.0,3.0,76,15.6,13.6,1007.0,0.0,,5,2412
9200,108,서울,2024-10-18 08:00,18.3,0.0,2.8,75,15.7,13.7,1007.0,0.12,,6,2441
9201,108,서울,2024-10-18 09:00,18.7,0.0,3.1,75,16.1,14.1,1006.8,0.21,,7,2378
9202,108,서울,2024-10-18 10:00,18.7,0.2,3.0,80,17.2,15.1,1006.4,0.24,,8,1487
9203,108,서울,2024-10-18 11:00,18.5,0.3,3.1,82,17.4,15.3,1004.8,0.24,,8,1982
9204,108,서울,2024-10-18 12:00,18.4,0.1,2.7,84,17.7,15.6,1003.9,0.27,,8,1180
9205,108,서울,2024-10-18 13:00,17.6,6.9,1.5,89,17.8,15.7,1003.4,0.12,,7,327
9206,108,서울,2024-10-18 14:00,16.8,11.0,4.4,94,17.9,15.8,1000.4,0.08,,9,321
9207,108,서울,2024-10-18 15:00,16.6,12.2,3.0,96,18.1,15.9,999.5,0.04,,8,219
9208,108,서울,2024-10-18 16:00,16.7,16.1,1.6,96,18.2,16.0,999.9,0.06,,9,617
9209,108,서울,2024-10-18 17:00,17.1,0.3,2.3,96,18.6,16.4,999.7,0.12,,8,2325
9210,108,서울,2024-10-18 18:00,17.0,,1.9,94,18.2,16.0,999.8,0.04,,8,1289
9211,108,서울,2024-10-18 19:00,16.7,,1.9,93,17.6,15.5,1000.1,,,10,1483
9212,108,서울,2024-10-18 20:00,16.2,0.0,2.4,93,17.0,15.0,1000.2,,,8,2462
9213,108,서울,2024-10-18 21:00,16.3,0.0,2.3,93,17.2,15.1,1000.0,,,8,2165
9214,108,서울,2024-10-18 22:00,16.5,0.0,1.2,93,17.4,15.3,1000.3,,,9,1876
9215,108,서울,2024-10-18 23:00,16.8,0.0,0.7,94,17.9,15.8,1000.3,,,7,1156
9216,108,서울,2024-10-19 00:00,16.6,,2.1,93,17.5,15.4,999.4,,,6,1733
9217,108,서울,2024-10-19 01:00,16.6,,0.6,92,17.3,15.2,999.6,,,10,2617
9218,108,서울,2024-10-19 02:00,16.8,0.0,2.8,95,18.1,15.9,1000.4,,,7,1200
9219,108,서울,2024-10-19 03:00,16.1,0.9,2.3,95,17.3,15.2,1000.5,,,7,476
9220,108,서울,2024-10-19 04:00,16.0,0.1,0.8,94,17.0,15.0,1001.0,,,6,2601
9221,108,서울,2024-10-19 05:00,15.9,,0.8,92,16.5,14.5,1001.5,,,9,3797
9222,108,서울,2024-10-19 06:00,15.9,,0.9,92,16.5,14.5,1002.2,,,9,3547
9223,108,서울,2024-10-19 07:00,15.7,,1.8,91,16.2,14.2,1003.1,0.01,,2,3917
9224,108,서울,2024-10-19 08:00,15.6,,3.5,92,16.2,14.2,1004.5,0.12,,6,3707
9225,108,서울,2024-10-19 09:00,15.8,,1.8,90,16.1,14.1,1005.5,0.28,,6,3469
9226,108,서울,2024-10-19 10:00,18.0,,1.5,82,16.8,14.8,1005.8,1.51,,1,4160
9227,108,서울,2024-10-19 11:00,19.7,,1.7,73,16.7,14.7,1005.9,1.57,,6,3834
9228,108,서울,2024-10-19 12:00,20.8,,3.4,68,16.6,14.6,1006.5,1.74,,8,4703
9229,108,서울,2024-10-19 13:00,20.5,,3.3,68,16.3,14.3,1006.5,0.8,,9,4271
9230,108,서울,2024-10-19 14:00,20.2,,4.7,68,16.0,14.0,1007.2,0.9,,9,4468
9231,108,서울,2024-10-19 15:00,20.2,,3.6,66,15.6,13.6,1007.8,0.67,,8,4515
9232,108,서울,2024-10-19 16:00,19.7,,3.2,67,15.3,13.3,1009.0,0.4,,8,4828
9233,108,서울,2024-10-19 17:00,18.9,,3.6,61,13.3,11.2,1010.2,0.14,,8,4996
9234,108,서울,2024-10-19 18:00,17.5,,5.6,61,12.1,9.8,1011.8,0.05,,8,4885
9235,108,서울,2024-10-19 19:00,16.2,,4.8,63,11.6,9.1,1013.4,,,7,4923
9236,108,서울,2024-10-19 20:00,15.1,,5.7,63,10.7,8.0,1014.7,,,6,4989
9237,108,서울,2024-10-19 21:00,14.1,,5.4,64,10.2,7.3,1015.6,,,3,4882
9238,108,서울,2024-10-19 22:00,13.3,,6.6,63,9.5,6.3,1016.3,,,0,4874
9239,108,서울,2024-10-19 23:00,12.7,,5.2,64,9.3,6.0,1016.9,,,0,4866
9240,108,서울,2024-10-20 00:00,12.4,,5.2,64,9.2,5.7,1017.7,,,1,4886
9241,108,서울,2024-10-20 01:00,11.9,,5.3,63,8.7,5.0,1018.5,,,0,4744
9242,108,서울,2024-10-20 02:00,11.7,,4.5,64,8.8,5.1,1019.3,,,0,4584
9243,108,서울,2024-10-20 03:00,11.3,,3.5,65,8.7,4.9,1019.3,,,0,4402
9244,108,서울,2024-10-20 04:00,11.2,,3.8,64,8.5,4.6,1019.7,,,0,4531
9245,108,서울,2024-10-20 05:00,10.9,,3.7,65,8.4,4.5,1019.9,,,0,4777
9246,108,서울,2024-10-20 06:00,10.8,,3.8,63,8.1,4.0,1020.5,,,0,4203
9247,108,서울,2024-10-20 07:00,10.6,,3.5,63,8.0,3.8,1020.8,0.01,,0,3816
9248,108,서울,2024-10-20 08:00,11.2,,3.7,62,8.2,4.1,1021.6,0.35,,0,4408
9249,108,서울,2024-10-20 09:00,12.8,,4.6,54,8.0,3.7,1022.3,1.01,,0,3750
9250,108,서울,2024-10-20 10:00,14.3,,4.6,53,8.6,4.8,1021.7,1.74,,0,3813
9251,108,서울,2024-10-20 11:00,15.3,,4.3,48,8.3,4.3,1021.4,2.28,,0,3511
9252,108,서울,2024-10-20 12:00,16.1,,4.3,46,8.4,4.4,1020.9,2.59,,0,4482
9253,108,서울,2024-10-20 13:00,16.7,,3.9,44,8.3,4.3,1020.2,2.68,,0,4298
9254,108,서울,2024-10-20 14:00,17.4,,3.8,45,8.9,5.3,1019.7,2.49,,0,3859
9255,108,서울,2024-10-20 15:00,17.7,,3.4,46,9.3,5.9,1019.2,1.99,,0,4577
9256,108,서울,2024-10-20 16:00,17.5,,2.6,45,9.0,5.4,1018.7,1.44,,0,4062
9257,108,서울,2024-10-20 17:00,16.7,,3.0,45,8.5,4.6,1018.2,0.78,,0,4485
9258,108,서울,2024-10-20 18:00,15.3,,2.4,51,8.8,5.2,1018.3,0.11,,0,4379
9259,108,서울,2024-10-20 19:00,14.2,,3.9,53,8.5,4.7,1019.0,,,1,4502
9260,108,서울,2024-10-20 20:00,13.4,,3.6,55,8.4,4.5,1019.0,,,1,4364
9261,108,서울,2024-10-20 21:00,12.6,,3.0,58,8.4,4.5,1019.2,,,0,4421
9262,108,서울,2024-10-20 22:00,11.7,,3.0,62,8.5,4.6,1018.9,,,1,4317
9263,108,서울,2024-10-20 23:00,11.2,,2.7,63,8.4,4.4,1019.1,,,1,4270
9264,108,서울,2024-10-21 00:00,10.8,,3.4,65,8.4,4.4,1017.9,,,0,4146
9265,108,서울,2024-10-21 01:00,10.2,,2.3,67,8.3,4.3,1018.2,,,1,4488
9266,108,서울,2024-10-21 02:00,10.0,,2.3,68,8.3,4.3,1017.5,,,1,4327
9267,108,서울,2024-10-21 03:00,9.8,,3.1,69,8.3,4.3,1017.2,,,0,4341
9268,108,서울,2024-10-21 04:00,10.1,,3.9,70,8.6,4.8,1016.4,,,0,4369
9269,108,서울,2024-10-21 05:00,10.1,,3.2,69,8.5,4.6,1015.5,,,0,4448
9270,108,서울,2024-10-21 06:00,10.2,,3.1,70,8.7,4.9,1014.7,,,5,4200
9271,108,서울,2024-10-21 07:00,10.5,,3.3,70,8.8,5.2,1015.1,0.01,,8,4243
9272,108,서울,2024-10-21 08:00,11.3,,3.5,69,9.2,5.8,1014.9,0.21,,8,4376
9273,108,서울,2024-10-21 09:00,12.1,,2.7,67,9.4,6.1,1015.7,0.36,,10,4223
9274,108,서울,2024-10-21 10:00,13.1,0.0,2.8,67,10.1,7.1,1015.3,0.45,,8,4428
9275,108,서울,2024-10-21 11:00,15.3,,2.7,61,10.6,7.8,1014.6,1.36,,8,3566
9276,108,서울,2024-10-21 12:00,16.4,,2.4,59,10.9,8.3,1013.8,1.52,,9,3922
9277,108,서울,2024-10-21 13:00,17.3,,1.6,58,11.4,8.9,1013.2,1.3,,9,3994
9278,108,서울,2024-10-21 14:00,18.5,,2.1,56,11.9,9.5,1012.4,1.51,,8,3666
9279,108,서울,2024-10-21 15:00,19.1,,1.6,54,11.9,9.5,1012.0,1.19,,9,3808
9280,108,서울,2024-10-21 16:00,19.0,,2.0,54,11.8,9.4,1011.6,0.68,,9,3779
9281,108,서울,2024-10-21 17:00,18.5,,2.1,59,12.5,10.3,1011.3,0.28,,10,3648
9282,108,서울,2024-10-21 18:00,17.6,,1.8,63,12.6,10.4,1011.5,0.05,,10,3557
9283,108,서울,2024-10-21 19:00,17.3,,1.7,66,12.9,10.8,1012.2,,,4,3652
9284,108,서울,2024-10-21 20:00,17.1,0.0,1.6,69,13.4,11.3,1012.0,,,7,2865
9285,108,서울,2024-10-21 21:00,16.7,0.0,1.5,73,13.8,11.8,1012.3,,,8,3573
9286,108,서울,2024-10-21 22:00,16.6,0.0,1.6,73,13.7,11.7,1012.0,,,3,3525
9287,108,서울,2024-10-21 23:00,16.4,,2.1,76,14.1,12.1,1011.9,,,8,3332
9288,108,서울,2024-10-22 00:00,16.2,0.0,2.2,76,13.9,11.9,1011.0,,,7,3274
9289,108,서울,2024-10-22 01:00,16.0,,2.1,75,13.6,11.5,1009.8,,,0,3245
9290,108,서울,2024-10-22 02:00,16.0,0.0,1.4,72,13.0,10.9,1010.3,,,8,2656
9291,108,서울,2024-10-22 03:00,15.8,0.0,1.8,77,13.7,11.7,1010.1,,,8,2400
9292,108,서울,2024-10-22 04:00,15.4,0.2,2.1,82,14.3,12.3,1009.3,,,8,2698
9293,108,서울,2024-10-22 05:00,15.3,0.0,1.7,80,13.8,11.8,1008.5,,,8,2822
9294,108,서울,2024-10-22 06:00,15.2,0.0,1.9,82,14.1,12.1,1007.8,,,7,2883
9295,108,서울,2024-10-22 07:00,14.9,0.1,2.3,85,14.3,12.3,1007.6,0.0,,8,2395
9296,108,서울,2024-10-22 08:00,15.0,0.0,2.9,87,14.8,12.8,1007.3,0.06,,7,2575
9297,108,서울,2024-10-22 09:00,15.0,0.7,2.8,90,15.3,13.3,1006.7,0.12,,7,1009
9298,108,서울,2024-10-22 10:00,15.1,0.3,3.2,91,15.6,13.6,1006.3,0.15,,7,2056
9299,108,서울,2024-10-22 11:00,15.3,1.0,2.2,93,16.1,14.1,1005.6,0.16,,8,459
9300,108,서울,2024-10-22 12:00,15.5,0.5,2.4,94,16.5,14.5,1004.5,0.26,,8,1199
9301,108,서울,2024-10-22 13:00,15.4,1.1,2.4,94,16.4,14.4,1004.1,0.18,,7,418
9302,108,서울,2024-10-22 14:00,15.7,0.8,1.8,94,16.7,14.7,1002.4,0.17,,9,1625
9303,108,서울,2024-10-22 15:00,15.7,1.1,1.1,95,16.8,14.8,1002.2,0.08,,8,786
9304,108,서울,2024-10-22 16:00,15.8,0.4,1.2,94,16.8,14.8,1001.9,0.05,,9,286
9305,108,서울,2024-10-22 17:00,15.9,0.4,0.5,95,17.0,15.0,1001.3,0.03,,8,578
9306,108,서울,2024-10-22 18:00,15.9,2.9,1.1,96,17.3,15.2,1000.7,0.01,,9,298
9307,108,서울,2024-10-22 19:00,16.0,1.4,0.9,96,17.4,15.3,1000.5,,,8,222
9308,108,서울,2024-10-22 20:00,15.9,1.8,1.3,96,17.3,15.2,1000.1,,,9,357
9309,108,서울,2024-10-22 21:00,15.9,2.8,1.0,96,17.3,15.2,999.5,,,9,330
9310,108,서울,2024-10-22 22:00,16.6,2.0,3.4,98,18.4,16.2,999.3,,,9,355
9311,108,서울,2024-10-22 23:00,15.9,1.6,3.3,96,17.3,15.2,999.5,,,9,506
9312,108,서울,2024-10-23 00:00,15.2,1.5,3.4,96,16.5,14.5,999.4,,,9,295
9313,108,서울,2024-10-23 01:00,14.8,1.1,3.6,93,15.6,13.6,999.8,,,9,979
9314,108,서울,2024-10-23 02:00,14.4,0.2,4.1,89,14.6,12.6,1000.0,,,8,2262
9315,108,서울,2024-10-23 03:00,13.6,0.0,5.0,88,13.7,11.6,1000.5,,,8,3141
9316,108,서울,2024-10-23 04:00,12.5,0.9,4.7,92,13.3,11.2,1000.8,,,8,1638
9317,108,서울,2024-10-23 05:00,11.9,0.0,3.0,89,12.4,10.1,1000.9,,,8,3877
9318,108,서울,2024-10-23 06:00,11.5,0.0,2.5,91,12.3,10.0,1001.4,,,8,1489
9319,108,서울,2024-10-23 07:00,11.5,0.1,4.6,80,10.8,8.1,1002.2,0.01,,9,4408
9320,108,서울,2024-10-23 08:00,11.7,,4.5,77,10.5,7.7,1003.0,0.07,,9,4296
9321,108,서울,2024-10-23 09:00,12.5,,6.6,70,10.1,7.1,1003.9,0.73,,7,3752
9322,108,서울,2024-10-23 10:00,12.5,,4.6,69,9.9,6.9,1005.1,0.9,,6,3972
9323,108,서울,2024-10-23 11:00,13.0,,5.3,68,10.2,7.2,1005.6,0.71,,7,3922
9324,108,서울,2024-10-23 12:00,13.9,,5.0,66,10.4,7.6,1005.6,1.48,,5,4479
9325,108,서울,2024-10-23 13:00,14.9,,4.2,64,10.8,8.1,1005.4,1.8,,4,3974
9326,108,서울,2024-10-23 14:00,15.0,,3.7,63,10.7,8.0,1005.5,1.67,,6,3740
9327,108,서울,2024-10-23 15:00,15.0,,3.9,65,11.0,8.4,1006.3,1.13,,7,2947
9328,108,서울,2024-10-23 16:00,15.0,,2.8,64,10.9,8.2,1006.7,0.81,,7,3782
9329,108,서울,2024-10-23 17:00,14.4,,3.0,65,10.6,7.8,1007.3,0.4,,6,3120
9330,108,서울,2024-10-23 18:00,13.7,,2.6,67,10.4,7.6,1007.5,0.05,,6,3226
9331,108,서울,2024-10-23 19:00,13.1,,2.5,71,10.6,7.9,1008.3,,,6,2907
9332,108,서울,2024-10-23 20:00,12.9,,2.4,73,10.8,8.1,1008.5,,,6,2627
9333,108,서울,2024-10-23 21:00,11.7,,2.9,73,10.0,7.0,1009.1,,,2,2613
9334,108,서울,2024-10-23 22:00,11.0,,2.6,76,9.9,6.9,1009.6,,,0,2574
9335,108,서울,2024-10-23 23:00,10.3,,1.5,80,9.9,6.9,1009.9,,,0,2268
9336,108,서울,2024-10-24 00:00,9.4,,2.1,82,9.6,6.4,1010.3,,,0,2100
9337,108,서울,2024-10-24 01:00,8.9,,1.8,86,9.7,6.6,1010.6,,,0,1897
9338,108,서울,2024-10-24 02:00,8.5,,0.1,85,9.4,6.1,1011.0,,,0,2156
9339,108,서울,2024-10-24 03:00,8.0,,1.1,87,9.3,5.9,1010.8,,,0,1929
9340,108,서울,2024-10-24 04:00,8.0,,2.3,89,9.5,6.2,1010.9,,,0,1978
9341,108,서울,2024-10-24 05:00,7.5,,1.4,87,9.0,5.4,1010.9,,,0,1763
9342,108,서울,2024-10-24 06:00,7.2,,0.7,90,9.1,5.6,1011.2,,,0,1626
9343,108,서울,2024-10-24 07:00,7.1,,1.2,88,8.8,5.2,1011.5,0.0,,0,1850
9344,108,서울,2024-10-24 08:00,7.4,,1.6,90,9.2,5.8,1012.0,0.28,,0,1765
9345,108,서울,2024-10-24 09:00,9.7,,1.1,83,9.9,6.9,1012.6,0.91,,0,1829
9346,108,서울,2024-10-24 10:00,12.2,,1.5,73,10.3,7.4,1012.9,1.6,,0,1891
9347,108,서울,2024-10-24 11:00,14.4,,2.2,58,9.5,6.2,1012.8,2.11,,0,3259
9348,108,서울,2024-10-24 12:00,15.9,,3.3,57,10.2,7.3,1012.3,2.42,,0,3060
9349,108,서울,2024-10-24 13:00,17.3,,2.8,54,10.6,7.8,1011.5,2.48,,0,2754
9350,108,서울,2024-10-24 14:00,17.8,,3.0,52,10.6,7.8,1010.9,2.31,,0,2135
9351,108,서울,2024-10-24 15:00,18.3,,4.3,50,10.4,7.6,1010.6,1.89,,0,1735
9352,108,서울,2024-10-24 16:00,18.1,,2.5,52,10.7,8.0,1011.1,1.31,,0,1933
9353,108,서울,2024-10-24 17:00,17.2,,3.0,51,9.9,6.9,1011.0,0.62,,0,1910
9354,108,서울,2024-10-24 18:00,15.9,,2.4,55,9.9,6.8,1011.7,0.1,,0,1912
9355,108,서울,2024-10-24 19:00,14.9,,1.8,60,10.1,7.1,1012.2,,,0,1714
9356,108,서울,2024-10-24 20:00,14.0,,0.9,66,10.5,7.7,1012.5,,,0,1426
9357,108,서울,2024-10-24 21:00,13.2,,1.3,71,10.7,8.0,1012.9,,,0,1316
9358,108,서울,2024-10-24 22:00,12.5,,1.1,74,10.6,7.9,1013.6,,,0,1253
9359,108,서울,2024-10-24 23:00,11.9,,0.6,75,10.4,7.6,1014.0,,,0,1240
9360,108,서울,2024-10-25 00:00,11.5,,1.1,78,10.5,7.7,1014.3,,,0,1231
9361,108,서울,2024-10-25 01:00,10.8,,1.9,83,10.7,8.0,1014.5,,,0,978
9362,108,서울,2024-10-25 02:00,10.2,,1.8,84,10.4,7.6,1014.3,,,0,974
9363,108,서울,2024-10-25 03:00,10.0,,1.9,86,10.5,7.7,1014.5,,,0,853
9364,108,서울,2024-10-25 04:00,9.8,,1.8,88,10.6,7.9,1014.4,,,0,887
9365,108,서울,2024-10-25 05:00,9.6,,1.5,89,10.6,7.8,1014.8,,,0,915
9366,108,서울,2024-10-25 06:00,9.2,,2.0,89,10.3,7.4,1015.2,,,0,799
9367,108,서울,2024-10-25 07:00,8.8,,1.9,89,10.0,7.0,1014.8,0.0,,0,916
9368,108,서울,2024-10-25 08:00,9.5,,1.6,90,10.6,7.9,1015.6,0.27,,0,1228
9369,108,서울,2024-10-25 09:00,12.3,,1.9,78,11.1,8.5,1015.9,0.93,,0,1527
9370,108,서울,2024-10-25 10:00,14.7,,2.1,64,10.6,7.9,1015.9,1.63,,0,2860
9371,108,서울,2024-10-25 11:00,17.0,,2.7,54,10.4,7.6,1015.5,2.16,,0,3538
9372,108,서울,2024-10-25 12:00,18.7,,2.7,48,10.3,7.4,1015.0,2.43,,0,3853
9373,108,서울,2024-10-25 13:00,20.2,,2.4,40,9.4,6.1,1014.0,2.54,,0,3837
9374,108,서울,2024-10-25 14:00,21.4,,1.8,36,9.1,5.6,1013.3,2.25,,0,4299
9375,108,서울,2024-10-25 15:00,21.3,,0.8,35,8.8,5.2,1013.2,1.3,,0,4053
9376,108,서울,2024-10-25 16:00,21.0,,1.3,37,9.2,5.7,1013.4,0.94,,0,4208
9377,108,서울,2024-10-25 17:00,19.7,,0.8,45,10.3,7.4,1013.6,0.38,,0,4170
9378,108,서울,2024-10-25 18:00,18.1,,0.9,51,10.5,7.7,1013.6,0.05,,0,3671
9379,108,서울,2024-10-25 19:00,17.0,,0.9,55,10.6,7.8,1013.8,,,4,3153
9380,108,서울,2024-10-25 20:00,15.9,,1.5,54,9.7,6.5,1013.4,,,8,3098
9381,108,서울,2024-10-25 21:00,15.5,,1.3,57,10.0,7.0,1013.3,,,0,2955
9382,108,서울,2024-10-25 22:00,15.0,,1.8,61,10.4,7.5,1013.6,,,8,2909
9383,108,서울,2024-10-25 23:00,14.3,,1.6,67,10.9,8.2,1013.4,,,6,3064
9384,108,서울,2024-10-26 00:00,13.8,,0.9,69,10.9,8.2,1013.3,,,0,3067
9385,108,서울,2024-10-26 01:00,13.4,,1.4,73,11.2,8.6,1013.4,,,7,2500
9386,108,서울,2024-10-26 02:00,12.8,,1.3,76,11.2,8.6,1013.2,,,4,2356
9387,108,서울,2024-10-26 03:00,12.2,,1.8,79,11.2,8.6,1012.9,,,0,2290
9388,108,서울,2024-10-26 04:00,11.8,,1.8,80,11.0,8.4,1012.3,,,0,2471
9389,108,서울,2024-10-26 05:00,11.6,,1.9,81,11.0,8.4,1012.4,,,0,2428
9390,108,서울,2024-10-26 06:00,11.0,,1.8,85,11.1,8.5,1012.5,,,0,2105
9391,108,서울,2024-10-26 07:00,10.8,,1.6,84,10.8,8.1,1012.4,0.0,,0,2415
9392,108,서울,2024-10-26 08:00,11.4,,1.5,85,11.4,8.9,1012.4,0.25,,0,2351
9393,108,서울,2024-10-26 09:00,14.2,,2.5,75,12.1,9.8,1012.3,0.92,,0,2804
9394,108,서울,2024-10-26 10:00,16.6,,2.1,69,12.9,10.8,1011.6,1.6,,0,2677
9395,108,서울,2024-10-26 11:00,19.3,,1.7,61,13.6,11.5,1011.2,2.1,,0,2952
9396,108,서울,2024-10-26 12:00,20.9,,2.2,57,14.0,12.0,1010.6,2.39,,0,3919
9397,108,서울,2024-10-26 13:00,21.8,,3.0,53,13.7,11.7,1009.4,2.48,,0,4067
9398,108,서울,2024-10-26 14:00,23.0,,3.0,47,13.1,11.0,1008.2,2.34,,0,4545
9399,108,서울,2024-10-26 15:00,23.5,,1.5,46,13.3,11.2,1007.8,1.93,,0,4436
9400,108,서울,2024-10-26 16:00,24.0,,2.4,46,13.7,11.6,1008.4,1.32,,0,4434
9401,108,서울,2024-10-26 17:00,22.6,,2.6,51,13.9,11.9,1007.8,0.62,,0,4332
9402,108,서울,2024-10-26 18:00,21.0,,1.2,56,13.8,11.8,1008.2,0.09,,0,3677
9403,108,서울,2024-10-26 19:00,19.5,,0.6,65,14.7,12.7,1008.5,,,0,2912
9404,108,서울,2024-10-26 20:00,18.4,,1.5,68,14.3,12.3,1008.2,,,2,2626
9405,108,서울,2024-10-26 21:00,17.4,,1.9,71,14.0,12.0,1008.1,,,0,2627
9406,108,서울,2024-10-26 22:00,16.8,,1.8,73,13.9,11.9,1008.6,,,2,2173
9407,108,서울,2024-10-26 23:00,16.6,,2.0,76,14.3,12.3,1008.5,,,4,2771
9408,108,서울,2024-10-27 00:00,16.1,,1.5,77,14.0,12.0,1007.8,,,0,3029
9409,108,서울,2024-10-27 01:00,15.9,,1.6,78,14.0,12.0,1007.9,,,7,2734
9410,108,서울,2024-10-27 02:00,15.4,,2.0,79,13.7,11.7,1007.3,,,9,2952
9411,108,서울,2024-10-27 03:00,15.4,,1.8,80,13.9,11.9,1006.3,,,0,2808
9412,108,서울,2024-10-27 04:00,15.1,,1.4,80,13.7,11.6,1005.9,,,0,3045
9413,108,서울,2024-10-27 05:00,15.0,,1.0,81,13.7,11.7,1005.8,,,0,3378
9414,108,서울,2024-10-27 06:00,14.7,,1.3,82,13.7,11.6,1005.7,,,0,3166
9415,108,서울,2024-10-27 07:00,14.4,,1.9,83,13.6,11.5,1005.0,0.0,,0,2923
9416,108,서울,2024-10-27 08:00,14.5,,1.9,85,14.0,12.0,1004.2,0.12,,0,2925
9417,108,서울,2024-10-27 09:00,15.5,,1.5,82,14.4,12.4,1004.7,0.38,,6,2963
9418,108,서울,2024-10-27 10:00,17.1,,1.3,76,14.8,12.8,1004.3,0.85,,2,3101
9419,108,서울,2024-10-27 11:00,17.5,,1.5,75,15.0,13.0,1003.9,0.53,,6,2113
9420,108,서울,2024-10-27 12:00,18.3,,2.7,71,14.9,12.9,1003.2,0.94,,7,2309
9421,108,서울,2024-10-27 13:00,18.6,,2.5,70,15.0,13.0,1002.6,0.95,,4,2211
9422,108,서울,2024-10-27 14:00,18.3,,2.5,69,14.5,12.5,1002.1,0.66,,3,2017
9423,108,서울,2024-10-27 15:00,17.8,0.0,1.9,72,14.6,12.6,1001.3,0.4,,5,1699
9424,108,서울,2024-10-27 16:00,17.6,,1.6,72,14.4,12.4,1001.8,0.32,,10,1787
9425,108,서울,2024-10-27 17:00,17.1,,2.0,75,14.6,12.6,1001.6,0.09,,10,1712
9426,108,서울,2024-10-27 18:00,16.6,,2.1,79,14.9,12.9,1001.6,0.03,,5,1185
9427,108,서울,2024-10-27 19:00,16.1,,2.7,81,14.8,12.8,1002.3,,,8,1027
9428,108,서울,2024-10-27 20:00,15.7,,2.4,82,14.6,12.6,1003.0,,,8,972
9429,108,서울,2024-10-27 21:00,15.4,,1.0,82,14.3,12.3,1002.5,,,0,881
9430,108,서울,2024-10-27 22:00,14.9,,0.2,84,14.2,12.2,1002.6,,,7,861
9431,108,서울,2024-10-27 23:00,14.5,,0.7,86,14.1,12.1,1002.6,,,7,665
9432,108,서울,2024-10-28 00:00,14.0,,0.1,87,13.8,11.8,1002.3,,,0,586
9433,108,서울,2024-10-28 01:00,13.6,,1.6,90,13.9,11.9,1002.2,,,0,526
9434,108,서울,2024-10-28 02:00,13.2,,0.1,91,13.7,11.7,1002.5,,,0,520
9435,108,서울,2024-10-28 03:00,12.7,,0.0,91,13.3,11.2,1002.4,,,0,483
9436,108,서울,2024-10-28 04:00,12.5,,0.7,93,13.4,11.3,1002.1,,,0,419
9437,108,서울,2024-10-28 05:00,12.4,,1.3,93,13.3,11.2,1002.9,,,9,416
9438,108,서울,2024-10-28 06:00,12.7,,1.5,94,13.7,11.7,1003.2,,,10,321
9439,108,서울,2024-10-28 07:00,12.9,,2.3,94,13.9,11.9,1003.4,0.0,,10,315
9440,108,서울,2024-10-28 08:00,13.1,,2.0,93,13.9,11.9,1004.2,0.06,,10,382
9441,108,서울,2024-10-28 09:00,13.6,,2.6,91,14.1,12.1,1004.7,0.27,,10,485
9442,108,서울,2024-10-28 10:00,14.4,,1.9,86,14.0,12.0,1005.0,0.7,,8,702
9443,108,서울,2024-10-28 11:00,16.0,,1.6,79,14.3,12.3,1005.1,1.4,,8,1001
9444,108,서울,2024-10-28 12:00,17.0,,2.6,74,14.3,12.3,1005.1,1.26,,9,1538
9445,108,서울,2024-10-28 13:00,18.7,,2.3,69,14.8,12.8,1003.9,1.74,,2,1588
9446,108,서울,2024-10-28 14:00,19.4,,1.7,65,14.6,12.6,1003.5,1.6,,5,2503
9447,108,서울,2024-10-28 15:00,20.1,,1.7,64,15.0,13.0,1003.4,1.15,,7,3154
9448,108,서울,2024-10-28 16:00,19.6,,3.1,62,14.1,12.1,1003.6,0.51,,9,4233
9449,108,서울,2024-10-28 17:00,19.0,,3.0,63,13.7,11.7,1003.9,0.21,,7,4437
9450,108,서울,2024-10-28 18:00,18.4,,2.5,62,13.0,10.9,1004.6,0.02,,8,4915
9451,108,서울,2024-10-28 19:00,17.7,0.0,3.8,62,12.5,10.3,1005.4,,,6,4856
9452,108,서울,2024-10-28 20:00,16.9,,3.9,64,12.3,10.0,1005.9,,,1,4907
9453,108,서울,2024-10-28 21:00,16.0,,3.7,65,11.8,9.4,1006.8,,,7,4921
9454,108,서울,2024-10-28 22:00,15.7,,3.6,64,11.3,8.8,1007.5,,,7,4969
9455,108,서울,2024-10-28 23:00,15.4,,2.6,65,11.3,8.8,1007.8,,,10,4918
9456,108,서울,2024-10-29 00:00,15.1,,3.5,66,11.2,8.7,1007.9,,,8,4956
9457,108,서울,2024-10-29 01:00,14.7,,2.4,67,11.2,8.6,1008.0,,,8,4976
9458,108,서울,2024-10-29 02:00,14.5,,3.1,68,11.2,8.6,1008.1,,,7,4977
9459,108,서울,2024-10-29 03:00,14.1,,4.5,68,10.9,8.2,1007.8,,,7,4809
9460,108,서울,2024-10-29 04:00,13.8,,3.3,69,10.9,8.2,1007.4,,,8,4293
9461,108,서울,2024-10-29 05:00,13.5,,2.3,70,10.8,8.1,1007.5,,,7,4590
9462,108,서울,2024-10-29 06:00,13.5,,3.6,68,10.5,7.7,1007.5,,,8,4371
9463,108,서울,2024-10-29 07:00,13.6,,3.0,66,10.2,7.3,1007.7,0.0,,8,4341
9464,108,서울,2024-10-29 08:00,13.7,,2.6,65,10.2,7.2,1008.3,0.1,,6,4147
9465,108,서울,2024-10-29 09:00,14.2,,2.7,63,10.2,7.2,1009.0,0.31,,2,4216
9466,108,서울,2024-10-29 10:00,15.4,,2.8,58,10.1,7.1,1009.0,0.91,,3,4323
9467,108,서울,2024-10-29 11:00,15.6,0.0,1.1,58,10.2,7.3,1008.9,0.58,,6,3714
9468,108,서울,2024-10-29 12:00,15.8,0.0,2.4,57,10.2,7.2,1008.4,0.52,,4,4456
9469,108,서울,2024-10-29 13:00,16.9,,2.5,53,10.2,7.2,1007.8,1.06,,5,3923
9470,108,서울,2024-10-29 14:00,17.6,,2.0,49,9.8,6.7,1007.3,1.07,,1,3788
9471,108,서울,2024-10-29 15:00,18.1,,2.6,51,10.5,7.7,1007.1,0.9,,6,4522
9472,108,서울,2024-10-29 16:00,18.0,,1.5,52,10.6,7.9,1007.4,0.55,,3,4045
9473,108,서울,2024-10-29 17:00,17.0,0.0,1.9,63,12.1,9.8,1007.2,0.19,,6,4038
9474,108,서울,2024-10-29 18:00,16.3,,1.4,64,11.8,9.4,1007.3,0.03,,4,3780
9475,108,서울,2024-10-29 19:00,15.3,,0.7,66,11.4,8.9,1007.9,,,4,3614
9476,108,서울,2024-10-29 20:00,15.1,,1.0,70,11.9,9.6,1008.6,,,7,3098
9477,108,서울,2024-10-29 21:00,14.6,,1.8,71,11.7,9.3,1008.5,,,3,3201
9478,108,서울,2024-10-29 22:00,13.9,,1.3,74,11.7,9.3,1009.2,,,1,2807
9479,108,서울,2024-10-29 23:00,13.9,,0.8,73,11.6,9.1,1009.0,,,1,3460
9480,108,서울,2024-10-30 00:00,13.7,,1.8,75,11.7,9.3,1009.1,,,0,3069
9481,108,서울,2024-10-30 01:00,13.2,,1.3,78,11.8,9.4,1009.7,,,0,2968
9482,108,서울,2024-10-30 02:00,13.0,,0.7,79,11.8,9.4,1010.1,,,0,2826
9483,108,서울,2024-10-30 03:00,12.7,,1.0,80,11.7,9.3,1010.3,,,6,3082
9484,108,서울,2024-10-30 04:00,12.6,,0.1,81,11.8,9.4,1010.5,,,3,2826
9485,108,서울,2024-10-30 05:00,12.3,,0.3,83,11.8,9.4,1011.0,,,0,2498
9486,108,서울,2024-10-30 06:00,11.8,,0.6,85,11.7,9.3,1011.3,,,0,2287
9487,108,서울,2024-10-30 07:00,11.5,,0.5,88,11.9,9.5,1011.9,0.0,,0,2058
9488,108,서울,2024-10-30 08:00,11.6,,1.3,89,12.1,9.8,1012.2,0.19,,0,1649
9489,108,서울,2024-10-30 09:00,13.2,,1.2,84,12.7,10.5,1012.8,0.77,,0,1427
9490,108,서울,2024-10-30 10:00,15.9,,0.9,73,13.1,11.0,1012.6,1.46,,0,1505
9491,108,서울,2024-10-30 11:00,18.0,,1.3,63,12.9,10.8,1013.0,1.98,,1,1664
9492,108,서울,2024-10-30 12:00,19.9,,1.2,60,13.8,11.8,1012.6,2.24,,0,1705
9493,108,서울,2024-10-30 13:00,20.6,,2.6,53,12.8,10.6,1011.7,2.33,,0,1709
9494,108,서울,2024-10-30 14:00,21.3,,2.6,49,12.4,10.1,1011.0,2.2,,0,1906
9495,108,서울,2024-10-30 15:00,21.2,,2.4,47,11.8,9.4,1010.5,1.79,,0,2048
9496,108,서울,2024-10-30 16:00,20.8,,2.5,47,11.5,9.0,1010.9,1.21,,0,1985
9497,108,서울,2024-10-30 17:00,19.4,,2.7,50,11.2,8.6,1011.3,0.52,,0,2226
9498,108,서울,2024-10-30 18:00,17.8,,2.8,60,12.2,9.9,1011.8,0.06,,0,2188
9499,108,서울,2024-10-30 19:00,16.9,,3.1,67,12.9,10.7,1012.7,,,0,1770
9500,108,서울,2024-10-30 20:00,16.2,,3.7,72,13.2,11.1,1012.8,,,1,1580
9501,108,서울,2024-10-30 21:00,15.5,,1.0,73,12.8,10.6,1012.7,,,0,1555
9502,108,서울,2024-10-30 22:00,15.0,,0.3,75,12.7,10.5,1012.8,,,7,1447
9503,108,서울,2024-10-30 23:00,14.2,,1.3,79,12.8,10.6,1013.0,,,2,1320
9504,108,서울,2024-10-31 00:00,13.7,,1.1,81,12.6,10.4,1013.2,,,0,1163
9505,108,서울,2024-10-31 01:00,13.0,,2.0,85,12.7,10.5,1013.1,,,0,1007
9506,108,서울,2024-10-31 02:00,12.4,,1.9,86,12.4,10.1,1013.3,,,0,958
9507,108,서울,2024-10-31 03:00,12.0,,1.7,86,12.0,9.7,1013.3,,,0,1205
9508,108,서울,2024-10-31 04:00,11.8,,1.9,84,11.6,9.1,1012.7,,,0,1541
9509,108,서울,2024-10-31 05:00,11.6,,1.7,83,11.3,8.8,1013.1,,,0,1614
9510,108,서울,2024-10-31 06:00,11.4,,1.1,85,11.4,8.9,1013.4,,,0,1473
9511,108,서울,2024-10-31 07:00,11.2,,1.9,86,11.4,8.9,1013.6,0.0,,0,1298
9512,108,서울,2024-10-31 08:00,11.3,,1.6,86,11.5,9.0,1014.0,0.21,,0,1493
9513,108,서울,2024-10-31 09:00,13.5,,2.1,78,12.0,9.7,1014.3,0.81,,0,1672
9514,108,서울,2024-10-31 10:00,16.1,,2.2,70,12.8,10.6,1013.9,1.48,,0,1573
9515,108,서울,2024-10-31 11:00,18.4,,1.2,61,12.9,10.7,1013.3,2.07,,2,1907
9516,108,서울,2024-10-31 12:00,19.7,,1.8,53,12.1,9.8,1013.1,1.89,,0,2498
9517,108,서울,2024-10-31 13:00,21.0,,1.3,48,11.9,9.5,1012.1,2.32,,0,2135
9518,108,서울,2024-10-31 14:00,22.0,,1.6,44,11.6,9.1,1011.1,2.16,,0,2733
9519,108,서울,2024-10-31 15:00,22.3,,1.6,43,11.6,9.1,1011.2,1.73,,0,2114
9520,108,서울,2024-10-31 16:00,22.2,,0.9,44,11.7,9.3,1010.9,1.16,,0,2180
9521,108,서울,2024-10-31 17:00,21.0,,1.1,46,11.4,8.9,1010.7,0.5,,0,2177
9522,108,서울,2024-10-31 18:00,18.7,,0.8,56,12.0,9.7,1010.7,0.05,,0,2099
9523,108,서울,2024-10-31 19:00,17.2,,1.5,60,11.7,9.3,1011.1,,,0,1995
9524,108,서울,2024-10-31 20:00,16.6,,2.0,63,11.9,9.5,1011.6,,,0,1429
9525,108,서울,2024-10-31 21:00,15.8,,0.8,67,11.9,9.6,1011.7,,,0,1328
9526,108,서울,2024-10-31 22:00,14.9,,0.2,71,11.9,9.6,1011.9,,,0,1307
9527,108,서울,2024-10-31 23:00,14.4,,1.5,70,11.4,8.9,1012.3,,,0,1593
