,question,answer
0,What’s the Sunset hours traffic like in GangNam?,"The requested Sunset hours congestion in GangNam is 16:00 - 0.64, 17:00 - 1.35, 18:00 - 1.43, 19:00 - 0.59, 20:00 - 0.14. mean congestion is 0.83. This time frame is crowded, so we recommend visiting during a different time."
1,What’s the people flow in MyeongDong around Peak travel time?,"The requested Peak travel time congestion in MyeongDong is 7:00 - 1.03, 8:00 - 1.33, 9:00 - 0.75, 16:00 - 1.2, 17:00 - 0.86, 18:00 - 0.86, 19:00 - 1.37, 20:00 - 1.0. mean congestion is 1.05. This time frame is crowded, so we recommend visiting during a different time."
2,What’s the Pre-dawn traffic like in GangNam?,"The requested Pre-dawn congestion in GangNam is 5:00 - 0.65, 6:00 - 1.43. mean congestion is 1.04. This time frame is crowded, so we recommend visiting during a different time."
3,What’s the Late afternoon traffic like in HongDea?,"The requested Late afternoon congestion in HongDea is 13:00 - 0.49, 14:00 - 0.06, 15:00 - 0.02. mean congestion is 0.19. This time frame is smooth, so there is no issue with visiting."
4,What’s the foot traffic in MyeongDong during Sunset hours?,"The requested Sunset hours congestion in MyeongDong is 16:00 - 0.62, 17:00 - 0.91, 18:00 - 0.86, 19:00 - 1.4, 20:00 - 0.8. mean congestion is 0.92. This time frame is crowded, so we recommend visiting during a different time."
5,How are the crowds in HongDea at Early bird hours?,"The requested Early bird hours congestion in HongDea is 7:00 - 0.29, 8:00 - 0.96, 9:00 - 0.88. mean congestion is 0.71. This time frame usually has moderate congestion, so you may occasionally experience some inconvenience while moving."
6,What’s the population density in MyeongDong around Evening rush?,"The requested Evening rush congestion in MyeongDong is 16:00 - 1.11, 17:00 - 0.54, 18:00 - 1.09, 19:00 - 0.59, 20:00 - 0.42. mean congestion is 0.75. This time frame usually has moderate congestion, so you may occasionally experience some inconvenience while moving."
7,How full does HongDea get during Dinner time?,"The requested Dinner time congestion in HongDea is 16:00 - 0.81, 17:00 - 0.27, 18:00 - 0.54, 19:00 - 0.65, 20:00 - 0.01. mean congestion is 0.46. This time frame is smooth, so there is no issue with visiting."
8,What’s the population density in MyeongDong around Peak travel time?,"The requested Peak travel time congestion in MyeongDong is 7:00 - 1.33, 8:00 - 1.31, 9:00 - 0.9, 16:00 - 0.79, 17:00 - 0.72, 18:00 - 0.12, 19:00 - 1.38, 20:00 - 0.78. mean congestion is 0.92. This time frame is crowded, so we recommend visiting during a different time."
9,What’s the Late afternoon traffic like in MyeongDong?,"The requested Late afternoon congestion in MyeongDong is 13:00 - 0.7, 14:00 - 0.66, 15:00 - 1.5. mean congestion is 0.95. This time frame is crowded, so we recommend visiting during a different time."
10,What’s the foot traffic in HongDea during Peak travel time?,"The requested Peak travel time congestion in HongDea is 7:00 - 0.18, 8:00 - 0.95, 9:00 - 1.37, 16:00 - 1.12, 17:00 - 0.36, 18:00 - 0.44, 19:00 - 0.92, 20:00 - 0.69. mean congestion is 0.75. This time frame usually has moderate congestion, so you may occasionally experience some inconvenience while moving."
11,Is HongDea packed around Golden hour?,"The requested Golden hour congestion in HongDea is 7:00 - 0.4, 8:00 - 1.31, 9:00 - 0.63, 16:00 - 0.97, 17:00 - 1.28, 18:00 - 1.08, 19:00 - 0.39, 20:00 - 0.59. mean congestion is 0.83. This time frame is crowded, so we recommend visiting during a different time."
12,Is MyeongDong busy around Pre-dawn?,"The requested Pre-dawn congestion in MyeongDong is 5:00 - 0.59, 6:00 - 0.85. mean congestion is 0.72. This time frame usually has moderate congestion, so you may occasionally experience some inconvenience while moving."
13,How heavy is the crowd in HongDea around Lunch hour?,"The requested Lunch hour congestion in HongDea is 13:00 - 0.54, 14:00 - 1.13, 15:00 - 0.05. mean congestion is 0.57. This time frame usually has moderate congestion, so you may occasionally experience some inconvenience while moving."
14,How full does MyeongDong get during Evening commute?,"The requested Evening commute congestion in MyeongDong is 16:00 - 0.17, 17:00 - 0.33, 18:00 - 0.11, 19:00 - 1.2, 20:00 - 1.29. mean congestion is 0.62. This time frame usually has moderate congestion, so you may occasionally experience some inconvenience while moving."
15,What’s the crowd situation in GangNam at Lunchtime?,"The requested Lunchtime congestion in GangNam is 13:00 - 1.19, 14:00 - 0.18, 15:00 - 0.13. mean congestion is 0.5. This time frame usually has moderate congestion, so you may occasionally experience some inconvenience while moving."
16,How crowded is GangNam usually at Lunch hour?,"The requested Lunch hour congestion in GangNam is 13:00 - 0.95, 14:00 - 0.61, 15:00 - 1.38. mean congestion is 0.98. This time frame is crowded, so we recommend visiting during a different time."
17,What’s the congestion like in GangNam at Peak travel time?,"The requested Peak travel time congestion in GangNam is 7:00 - 0.42, 8:00 - 0.21, 9:00 - 1.34, 16:00 - 0.36, 17:00 - 0.51, 18:00 - 0.72, 19:00 - 0.16, 20:00 - 1.2. mean congestion is 0.62. This time frame usually has moderate congestion, so you may occasionally experience some inconvenience while moving."
18,Is GangNam busy around Early bird hours?,"The requested Early bird hours congestion in GangNam is 7:00 - 0.02, 8:00 - 1.12, 9:00 - 0.1. mean congestion is 0.41. This time frame is smooth, so there is no issue with visiting."
19,How full does MyeongDong get during Midday?,"The requested Midday congestion in MyeongDong is 13:00 - 1.18, 14:00 - 0.83, 15:00 - 0.61. mean congestion is 0.87. This time frame is crowded, so we recommend visiting during a different time."
20,How busy is MyeongDong around Peak travel time?,"The requested Peak travel time congestion in MyeongDong is 7:00 - 1.28, 8:00 - 0.59, 9:00 - 1.05, 16:00 - 0.48, 17:00 - 0.19, 18:00 - 0.71, 19:00 - 0.78, 20:00 - 1.43. mean congestion is 0.81. This time frame is crowded, so we recommend visiting during a different time."
21,What’s the population density in HongDea around Noon hour?,"The requested Noon hour congestion in HongDea is 13:00 - 0.87, 14:00 - 0.59, 15:00 - 0.64. mean congestion is 0.7. This time frame usually has moderate congestion, so you may occasionally experience some inconvenience while moving."
22,How crowded is MyeongDong usually at Golden hour?,"The requested Golden hour congestion in MyeongDong is 7:00 - 1.17, 8:00 - 0.85, 9:00 - 1.1, 16:00 - 1.1, 17:00 - 1.09, 18:00 - 0.07, 19:00 - 1.07, 20:00 - 0.52. mean congestion is 0.87. This time frame is crowded, so we recommend visiting during a different time."
23,How packed does GangNam get around Mid-morning hours?,"The requested Mid-morning hours congestion in GangNam is 10:00 - 0.62, 11:00 - 0.57, 12:00 - 0.45. mean congestion is 0.55. This time frame usually has moderate congestion, so you may occasionally experience some inconvenience while moving."
24,What are the crowds like in HongDea during Lunch hour?,"The requested Lunch hour congestion in HongDea is 13:00 - 1.15, 14:00 - 0.77, 15:00 - 0.45. mean congestion is 0.79. This time frame usually has moderate congestion, so you may occasionally experience some inconvenience while moving."
25,What’s the crowd flow like in HongDea during Morning rush hour?,"The requested Morning rush hour congestion in HongDea is 7:00 - 0.48, 8:00 - 1.28, 9:00 - 0.62. mean congestion is 0.79. This time frame usually has moderate congestion, so you may occasionally experience some inconvenience while moving."
26,How full does HongDea get during Dinnertime bustle?,"The requested Dinnertime bustle congestion in HongDea is 16:00 - 0.35, 17:00 - 0.69, 18:00 - 0.85, 19:00 - 1.29, 20:00 - 0.4. mean congestion is 0.72. This time frame usually has moderate congestion, so you may occasionally experience some inconvenience while moving."
27,How dense is the crowd in GangNam around Sunset hours?,"The requested Sunset hours congestion in GangNam is 16:00 - 0.78, 17:00 - 1.08, 18:00 - 1.1, 19:00 - 1.43, 20:00 - 1.13. mean congestion is 1.1. This time frame is crowded, so we recommend visiting during a different time."
28,What’s the crowd flow like in MyeongDong during Peak travel time?,"The requested Peak travel time congestion in MyeongDong is 7:00 - 0.8, 8:00 - 1.28, 9:00 - 1.39, 16:00 - 0.55, 17:00 - 0.3, 18:00 - 0.09, 19:00 - 0.54, 20:00 - 0.53. mean congestion is 0.68. This time frame usually has moderate congestion, so you may occasionally experience some inconvenience while moving."
29,What’s the Dinner time traffic like in MyeongDong?,"The requested Dinner time congestion in MyeongDong is 16:00 - 0.59, 17:00 - 0.57, 18:00 - 0.87, 19:00 - 0.71, 20:00 - 0.74. mean congestion is 0.7. This time frame usually has moderate congestion, so you may occasionally experience some inconvenience while moving."
30,What’s the Peak travel time traffic like in GangNam?,"The requested Peak travel time congestion in GangNam is 7:00 - 1.3, 8:00 - 1.32, 9:00 - 0.8, 16:00 - 1.43, 17:00 - 1.18, 18:00 - 1.48, 19:00 - 0.19, 20:00 - 1.4. mean congestion is 1.14. This time frame is crowded, so we recommend visiting during a different time."
31,Is HongDea packed around Sunset hours?,"The requested Sunset hours congestion in HongDea is 16:00 - 0.94, 17:00 - 0.19, 18:00 - 1.15, 19:00 - 0.71, 20:00 - 0.64. mean congestion is 0.73. This time frame usually has moderate congestion, so you may occasionally experience some inconvenience while moving."
32,How crowded is MyeongDong usually at Pre-dawn?,"The requested Pre-dawn congestion in MyeongDong is 5:00 - 0.48, 6:00 - 1.46. mean congestion is 0.97. This time frame is crowded, so we recommend visiting during a different time."
33,How crowded is GangNam usually at Pre-dawn?,"The requested Pre-dawn congestion in GangNam is 5:00 - 0.53, 6:00 - 0.06. mean congestion is 0.3. This time frame is smooth, so there is no issue with visiting."
34,How crowded is MyeongDong around Peak travel time?,"The requested Peak travel time congestion in MyeongDong is 7:00 - 0.73, 8:00 - 1.3, 9:00 - 1.38, 16:00 - 1.46, 17:00 - 0.83, 18:00 - 0.12, 19:00 - 0.03, 20:00 - 0.46. mean congestion is 0.79. This time frame usually has moderate congestion, so you may occasionally experience some inconvenience while moving."
35,How heavy is the crowd in MyeongDong around Commuter time?,"The requested Commuter time congestion in MyeongDong is 7:00 - 1.25, 8:00 - 1.31, 9:00 - 0.5, 16:00 - 0.04, 17:00 - 1.41, 18:00 - 1.18, 19:00 - 1.3, 20:00 - 0.38. mean congestion is 0.92. This time frame is crowded, so we recommend visiting during a different time."
36,What’s the foot traffic in GangNam during Lunchtime?,"The requested Lunchtime congestion in GangNam is 13:00 - 0.11, 14:00 - 1.05, 15:00 - 0.67. mean congestion is 0.61. This time frame usually has moderate congestion, so you may occasionally experience some inconvenience while moving."
37,How crowded is MyeongDong usually at Commuter time?,"The requested Commuter time congestion in MyeongDong is 7:00 - 0.92, 8:00 - 0.21, 9:00 - 1.34, 16:00 - 1.5, 17:00 - 0.17, 18:00 - 0.32, 19:00 - 0.49, 20:00 - 0.45. mean congestion is 0.68. This time frame usually has moderate congestion, so you may occasionally experience some inconvenience while moving."
38,How are the crowds in GangNam at Mid-morning hours?,"The requested Mid-morning hours congestion in GangNam is 10:00 - 0.98, 11:00 - 0.91, 12:00 - 0.43. mean congestion is 0.77. This time frame usually has moderate congestion, so you may occasionally experience some inconvenience while moving."
39,What’s the people flow in MyeongDong around Breakfast time?,"The requested Breakfast time congestion in MyeongDong is 7:00 - 0.7, 8:00 - 0.82, 9:00 - 0.25. mean congestion is 0.59. This time frame usually has moderate congestion, so you may occasionally experience some inconvenience while moving."
40,How full does GangNam get during Morning rush hour?,"The requested Morning rush hour congestion in GangNam is 7:00 - 0.1, 8:00 - 0.3, 9:00 - 0.44. mean congestion is 0.28. This time frame is smooth, so there is no issue with visiting."
41,What’s the foot traffic in GangNam during Golden hour?,"The requested Golden hour congestion in GangNam is 7:00 - 0.78, 8:00 - 0.36, 9:00 - 0.91, 16:00 - 0.92, 17:00 - 0.52, 18:00 - 0.99, 19:00 - 0.26, 20:00 - 0.18. mean congestion is 0.62. This time frame usually has moderate congestion, so you may occasionally experience some inconvenience while moving."
42,What’s the population density in GangNam around Brunch hour?,"The requested Brunch hour congestion in GangNam is 10:00 - 0.44, 11:00 - 1.39, 12:00 - 0.69. mean congestion is 0.84. This time frame is crowded, so we recommend visiting during a different time."
43,How much foot traffic does HongDea have at Noon hour?,"The requested Noon hour congestion in HongDea is 13:00 - 1.19, 14:00 - 0.14, 15:00 - 0.46. mean congestion is 0.6. This time frame usually has moderate congestion, so you may occasionally experience some inconvenience while moving."
44,What’s the people flow in MyeongDong around Twilight commute?,"The requested Twilight commute congestion in MyeongDong is 16:00 - 0.38, 17:00 - 1.38, 18:00 - 0.24, 19:00 - 0.02, 20:00 - 1.38. mean congestion is 0.68. This time frame usually has moderate congestion, so you may occasionally experience some inconvenience while moving."
45,What’s the people flow in MyeongDong around Sunset hours?,"The requested Sunset hours congestion in MyeongDong is 16:00 - 0.21, 17:00 - 0.53, 18:00 - 1.43, 19:00 - 0.98, 20:00 - 0.91. mean congestion is 0.81. This time frame is crowded, so we recommend visiting during a different time."
46,Is HongDea busy around Lunchtime?,"The requested Lunchtime congestion in HongDea is 13:00 - 1.1, 14:00 - 1.48, 15:00 - 0.62. mean congestion is 1.07. This time frame is crowded, so we recommend visiting during a different time."
47,How much foot traffic does GangNam have at Lunchtime rush?,"The requested Lunchtime rush congestion in GangNam is 13:00 - 0.53, 14:00 - 0.96, 15:00 - 1.45. mean congestion is 0.98. This time frame is crowded, so we recommend visiting during a different time."
48,How busy is GangNam around Pre-dawn?,"The requested Pre-dawn congestion in GangNam is 5:00 - 0.35, 6:00 - 1.16. mean congestion is 0.75. This time frame usually has moderate congestion, so you may occasionally experience some inconvenience while moving."
49,What’s the crowd level in GangNam during Morning rush hour?,"The requested Morning rush hour congestion in GangNam is 7:00 - 0.6, 8:00 - 0.9, 9:00 - 1.14. mean congestion is 0.88. This time frame is crowded, so we recommend visiting during a different time."
50,How dense is the crowd in GangNam around Afternoon traffic?,"The requested Afternoon traffic congestion in GangNam is 16:00 - 0.99, 17:00 - 1.44, 18:00 - 0.59, 19:00 - 1.06, 20:00 - 0.81. mean congestion is 0.98. This time frame is crowded, so we recommend visiting during a different time."
51,What are the crowds like in GangNam during Golden hour?,"The requested Golden hour congestion in GangNam is 7:00 - 0.19, 8:00 - 0.07, 9:00 - 1.02, 16:00 - 1.02, 17:00 - 0.31, 18:00 - 1.07, 19:00 - 0.61, 20:00 - 0.11. mean congestion is 0.55. This time frame usually has moderate congestion, so you may occasionally experience some inconvenience while moving."
52,What are the crowds like in GangNam during Commuter time?,"The requested Commuter time congestion in GangNam is 7:00 - 0.49, 8:00 - 0.4, 9:00 - 0.98, 16:00 - 0.98, 17:00 - 0.44, 18:00 - 0.71, 19:00 - 1.44, 20:00 - 0.36. mean congestion is 0.72. This time frame usually has moderate congestion, so you may occasionally experience some inconvenience while moving."
53,What are the crowds like in MyeongDong during High traffic time?,"The requested High traffic time congestion in MyeongDong is 7:00 - 0.5, 8:00 - 0.22, 9:00 - 0.4, 16:00 - 0.51, 17:00 - 0.94, 18:00 - 1.29, 19:00 - 0.93, 20:00 - 1.4. mean congestion is 0.77. This time frame usually has moderate congestion, so you may occasionally experience some inconvenience while moving."
54,What’s the people flow in MyeongDong around Lunchtime rush?,"The requested Lunchtime rush congestion in MyeongDong is 13:00 - 0.73, 14:00 - 1.24, 15:00 - 0.84. mean congestion is 0.94. This time frame is crowded, so we recommend visiting during a different time."
55,How crowded is HongDea around Midday?,"The requested Midday congestion in HongDea is 13:00 - 1.1, 14:00 - 0.56, 15:00 - 1.28. mean congestion is 0.98. This time frame is crowded, so we recommend visiting during a different time."
56,Is MyeongDong busy around Pre-dawn?,"The requested Pre-dawn congestion in MyeongDong is 5:00 - 0.72, 6:00 - 1.41. mean congestion is 1.06. This time frame is crowded, so we recommend visiting during a different time."
57,Is HongDea packed around Daybreak?,"The requested Daybreak congestion in HongDea is 5:00 - 0.3, 6:00 - 0.03. mean congestion is 0.16. This time frame is smooth, so there is no issue with visiting."
58,How full does HongDea get during Pre-dawn?,"The requested Pre-dawn congestion in HongDea is 5:00 - 0.32, 6:00 - 1.5. mean congestion is 0.91. This time frame is crowded, so we recommend visiting during a different time."
59,Is HongDea busy around Early morning?,"The requested Early morning congestion in HongDea is 5:00 - 0.65, 6:00 - 0.88. mean congestion is 0.76. This time frame usually has moderate congestion, so you may occasionally experience some inconvenience while moving."
60,How packed does MyeongDong get around Afternoon peak?,"The requested Afternoon peak congestion in MyeongDong is 16:00 - 0.74, 17:00 - 1.41, 18:00 - 0.88, 19:00 - 1.12, 20:00 - 0.14. mean congestion is 0.86. This time frame is crowded, so we recommend visiting during a different time."
61,How are the crowds in HongDea at Commuter time?,"The requested Commuter time congestion in HongDea is 7:00 - 0.63, 8:00 - 1.1, 9:00 - 0.46, 16:00 - 1.25, 17:00 - 0.77, 18:00 - 0.66, 19:00 - 1.42, 20:00 - 1.07. mean congestion is 0.92. This time frame is crowded, so we recommend visiting during a different time."
62,What’s the crowd situation in GangNam at Commuter time?,"The requested Commuter time congestion in GangNam is 7:00 - 0.73, 8:00 - 0.33, 9:00 - 0.8, 16:00 - 0.02, 17:00 - 0.55, 18:00 - 0.14, 19:00 - 1.47, 20:00 - 0.47. mean congestion is 0.56. This time frame usually has moderate congestion, so you may occasionally experience some inconvenience while moving."
63,How crowded is HongDea around Sunset hours?,"The requested Sunset hours congestion in HongDea is 16:00 - 0.69, 17:00 - 0.95, 18:00 - 1.48, 19:00 - 1.45, 20:00 - 1.2. mean congestion is 1.15. This time frame is crowded, so we recommend visiting during a different time."
64,What’s the crowd flow like in GangNam during Mid-morning hours?,"The requested Mid-morning hours congestion in GangNam is 10:00 - 1.37, 11:00 - 0.2, 12:00 - 0.82. mean congestion is 0.8. This time frame is crowded, so we recommend visiting during a different time."
65,What’s the foot traffic in HongDea during Early bird hours?,"The requested Early bird hours congestion in HongDea is 7:00 - 0.84, 8:00 - 1.47, 9:00 - 0.8. mean congestion is 1.04. This time frame is crowded, so we recommend visiting during a different time."
66,How full does GangNam get during Noon hour?,"The requested Noon hour congestion in GangNam is 13:00 - 1.42, 14:00 - 0.23, 15:00 - 0.42. mean congestion is 0.69. This time frame usually has moderate congestion, so you may occasionally experience some inconvenience while moving."
67,How dense is the crowd in GangNam around Twilight commute?,"The requested Twilight commute congestion in GangNam is 16:00 - 1.34, 17:00 - 0.23, 18:00 - 1.13, 19:00 - 0.82, 20:00 - 0.22. mean congestion is 0.75. This time frame usually has moderate congestion, so you may occasionally experience some inconvenience while moving."
68,What’s the people flow in MyeongDong around Dinnertime bustle?,"The requested Dinnertime bustle congestion in MyeongDong is 16:00 - 0.86, 17:00 - 0.66, 18:00 - 1.2, 19:00 - 0.08, 20:00 - 1.38. mean congestion is 0.84. This time frame is crowded, so we recommend visiting during a different time."
69,What’s the crowd level in HongDea during Pre-dawn?,"The requested Pre-dawn congestion in HongDea is 5:00 - 0.09, 6:00 - 1.1. mean congestion is 0.6. This time frame usually has moderate congestion, so you may occasionally experience some inconvenience while moving."
70,What are the crowds like in MyeongDong during Evening rush?,"The requested Evening rush congestion in MyeongDong is 16:00 - 0.92, 17:00 - 1.12, 18:00 - 0.95, 19:00 - 0.59, 20:00 - 0.11. mean congestion is 0.74. This time frame usually has moderate congestion, so you may occasionally experience some inconvenience while moving."
71,What’s the population density in GangNam around Morning hustle?,"The requested Morning hustle congestion in GangNam is 7:00 - 0.19, 8:00 - 0.25, 9:00 - 0.81. mean congestion is 0.42. This time frame is smooth, so there is no issue with visiting."
72,What’s the crowd situation in HongDea at Evening rush?,"The requested Evening rush congestion in HongDea is 16:00 - 1.28, 17:00 - 0.98, 18:00 - 0.85, 19:00 - 0.14, 20:00 - 0.11. mean congestion is 0.67. This time frame usually has moderate congestion, so you may occasionally experience some inconvenience while moving."
73,How are the crowds in GangNam at Dinnertime bustle?,"The requested Dinnertime bustle congestion in GangNam is 16:00 - 0.81, 17:00 - 1.29, 18:00 - 1.33, 19:00 - 1.44, 20:00 - 1.36. mean congestion is 1.25. This time frame is crowded, so we recommend visiting during a different time."
74,How packed does MyeongDong get around Lunchtime rush?,"The requested Lunchtime rush congestion in MyeongDong is 13:00 - 0.88, 14:00 - 0.83, 15:00 - 0.19. mean congestion is 0.63. This time frame usually has moderate congestion, so you may occasionally experience some inconvenience while moving."
75,What’s the population density in HongDea around Dawn hours?,"The requested Dawn hours congestion in HongDea is 5:00 - 1.48, 6:00 - 0.68. mean congestion is 1.08. This time frame is crowded, so we recommend visiting during a different time."
76,What’s the congestion like in MyeongDong at Late afternoon?,"The requested Late afternoon congestion in MyeongDong is 13:00 - 1.35, 14:00 - 1.22, 15:00 - 1.13. mean congestion is 1.23. This time frame is crowded, so we recommend visiting during a different time."
77,What are the crowds like in GangNam during Golden hour?,"The requested Golden hour congestion in GangNam is 7:00 - 0.42, 8:00 - 1.22, 9:00 - 0.46, 16:00 - 0.76, 17:00 - 0.81, 18:00 - 0.2, 19:00 - 1.06, 20:00 - 0.26. mean congestion is 0.65. This time frame usually has moderate congestion, so you may occasionally experience some inconvenience while moving."
78,What’s the crowd level in MyeongDong during Pre-dawn?,"The requested Pre-dawn congestion in MyeongDong is 5:00 - 1.44, 6:00 - 1.34. mean congestion is 1.39. This time frame is crowded, so we recommend visiting during a different time."
79,How packed does MyeongDong get around Noon hour?,"The requested Noon hour congestion in MyeongDong is 13:00 - 1.23, 14:00 - 1.41, 15:00 - 0.9. mean congestion is 1.18. This time frame is crowded, so we recommend visiting during a different time."
80,How packed does GangNam get around Lunch hour?,"The requested Lunch hour congestion in GangNam is 13:00 - 0.59, 14:00 - 1.36, 15:00 - 0.63. mean congestion is 0.86. This time frame is crowded, so we recommend visiting during a different time."
81,What’s the crowd level in HongDea during Late afternoon?,"The requested Late afternoon congestion in HongDea is 13:00 - 1.39, 14:00 - 0.43, 15:00 - 1.24. mean congestion is 1.02. This time frame is crowded, so we recommend visiting during a different time."
82,What’s the Early morning traffic like in GangNam?,"The requested Early morning congestion in GangNam is 5:00 - 1.38, 6:00 - 0.46. mean congestion is 0.92. This time frame is crowded, so we recommend visiting during a different time."
83,What are the crowds like in MyeongDong during Noon hour?,"The requested Noon hour congestion in MyeongDong is 13:00 - 1.48, 14:00 - 1.07, 15:00 - 0.03. mean congestion is 0.86. This time frame is crowded, so we recommend visiting during a different time."
84,What’s the foot traffic in MyeongDong during Commuter time?,"The requested Commuter time congestion in MyeongDong is 7:00 - 0.98, 8:00 - 0.84, 9:00 - 0.15, 16:00 - 0.8, 17:00 - 1.15, 18:00 - 0.59, 19:00 - 1.22, 20:00 - 0.98. mean congestion is 0.84. This time frame is crowded, so we recommend visiting during a different time."
85,How are the crowds in GangNam at Pre-dawn?,"The requested Pre-dawn congestion in GangNam is 5:00 - 0.26, 6:00 - 1.0. mean congestion is 0.63. This time frame usually has moderate congestion, so you may occasionally experience some inconvenience while moving."
86,What’s the crowd level in HongDea during Afternoon peak?,"The requested Afternoon peak congestion in HongDea is 16:00 - 0.64, 17:00 - 0.54, 18:00 - 1.28, 19:00 - 1.03, 20:00 - 0.39. mean congestion is 0.78. This time frame usually has moderate congestion, so you may occasionally experience some inconvenience while moving."
87,What’s the crowd flow like in HongDea during Midday?,"The requested Midday congestion in HongDea is 13:00 - 0.5, 14:00 - 0.32, 15:00 - 0.1. mean congestion is 0.31. This time frame is smooth, so there is no issue with visiting."
88,How crowded is HongDea around Peak travel time?,"The requested Peak travel time congestion in HongDea is 7:00 - 1.29, 8:00 - 0.62, 9:00 - 1.23, 16:00 - 0.86, 17:00 - 1.14, 18:00 - 0.88, 19:00 - 0.8, 20:00 - 0.62. mean congestion is 0.93. This time frame is crowded, so we recommend visiting during a different time."
89,How are the crowds in MyeongDong at Commuter time?,"The requested Commuter time congestion in MyeongDong is 7:00 - 0.79, 8:00 - 0.18, 9:00 - 0.37, 16:00 - 0.84, 17:00 - 0.31, 18:00 - 0.69, 19:00 - 0.92, 20:00 - 1.03. mean congestion is 0.64. This time frame usually has moderate congestion, so you may occasionally experience some inconvenience while moving."
90,Is MyeongDong packed around Post-work rush?,"The requested Post-work rush congestion in MyeongDong is 16:00 - 1.02, 17:00 - 0.34, 18:00 - 0.06, 19:00 - 0.17, 20:00 - 0.96. mean congestion is 0.51. This time frame usually has moderate congestion, so you may occasionally experience some inconvenience while moving."
91,How crowded is HongDea usually at High traffic time?,"The requested High traffic time congestion in HongDea is 7:00 - 0.63, 8:00 - 0.29, 9:00 - 1.42, 16:00 - 0.33, 17:00 - 1.04, 18:00 - 0.97, 19:00 - 0.39, 20:00 - 0.84. mean congestion is 0.74. This time frame usually has moderate congestion, so you may occasionally experience some inconvenience while moving."
92,How heavy is the crowd in MyeongDong around Evening rush?,"The requested Evening rush congestion in MyeongDong is 16:00 - 0.92, 17:00 - 0.72, 18:00 - 0.03, 19:00 - 0.2, 20:00 - 0.89. mean congestion is 0.55. This time frame usually has moderate congestion, so you may occasionally experience some inconvenience while moving."
93,How dense is the crowd in MyeongDong around Afternoon peak?,"The requested Afternoon peak congestion in MyeongDong is 16:00 - 0.5, 17:00 - 0.16, 18:00 - 0.58, 19:00 - 1.3, 20:00 - 0.32. mean congestion is 0.57. This time frame usually has moderate congestion, so you may occasionally experience some inconvenience while moving."
94,What’s the people flow in HongDea around Post-work rush?,"The requested Post-work rush congestion in HongDea is 16:00 - 0.88, 17:00 - 0.55, 18:00 - 0.99, 19:00 - 0.18, 20:00 - 0.62. mean congestion is 0.64. This time frame usually has moderate congestion, so you may occasionally experience some inconvenience while moving."
95,How crowded is GangNam usually at Sunset hours?,"The requested Sunset hours congestion in GangNam is 16:00 - 0.44, 17:00 - 0.92, 18:00 - 0.62, 19:00 - 0.78, 20:00 - 0.66. mean congestion is 0.68. This time frame usually has moderate congestion, so you may occasionally experience some inconvenience while moving."
96,What’s the population density in GangNam around Late afternoon?,"The requested Late afternoon congestion in GangNam is 13:00 - 0.29, 14:00 - 1.2, 15:00 - 1.08. mean congestion is 0.86. This time frame is crowded, so we recommend visiting during a different time."
97,How packed does MyeongDong get around Afternoon traffic?,"The requested Afternoon traffic congestion in MyeongDong is 16:00 - 0.81, 17:00 - 1.24, 18:00 - 0.27, 19:00 - 1.29, 20:00 - 0.71. mean congestion is 0.86. This time frame is crowded, so we recommend visiting during a different time."
98,What’s the crowd situation in MyeongDong at Lunchtime?,"The requested Lunchtime congestion in MyeongDong is 13:00 - 0.24, 14:00 - 0.29, 15:00 - 0.05. mean congestion is 0.19. This time frame is smooth, so there is no issue with visiting."
99,What’s the congestion like in GangNam at Midday?,"The requested Midday congestion in GangNam is 13:00 - 0.92, 14:00 - 0.14, 15:00 - 0.61. mean congestion is 0.56. This time frame usually has moderate congestion, so you may occasionally experience some inconvenience while moving."
100,What’s the crowd flow like in HongDea during Lunchtime rush?,"The requested Lunchtime rush congestion in HongDea is 13:00 - 1.36, 14:00 - 1.48, 15:00 - 1.27. mean congestion is 1.37. This time frame is crowded, so we recommend visiting during a different time."
101,How full does GangNam get during Mid-morning hours?,"The requested Mid-morning hours congestion in GangNam is 10:00 - 1.38, 11:00 - 1.4, 12:00 - 0.34. mean congestion is 1.04. This time frame is crowded, so we recommend visiting during a different time."
102,What’s the crowd situation in GangNam at Daybreak?,"The requested Daybreak congestion in GangNam is 5:00 - 0.34, 6:00 - 0.45. mean congestion is 0.4. This time frame is smooth, so there is no issue with visiting."
103,Is MyeongDong busy around Evening rush?,"The requested Evening rush congestion in MyeongDong is 16:00 - 0.7, 17:00 - 1.31, 18:00 - 0.51, 19:00 - 0.87, 20:00 - 0.17. mean congestion is 0.71. This time frame usually has moderate congestion, so you may occasionally experience some inconvenience while moving."
104,How full does GangNam get during Evening rush?,"The requested Evening rush congestion in GangNam is 16:00 - 1.44, 17:00 - 0.79, 18:00 - 0.16, 19:00 - 1.48, 20:00 - 0.1. mean congestion is 0.79. This time frame usually has moderate congestion, so you may occasionally experience some inconvenience while moving."
105,What’s the foot traffic in GangNam during Morning hustle?,"The requested Morning hustle congestion in GangNam is 7:00 - 1.16, 8:00 - 0.55, 9:00 - 1.24. mean congestion is 0.98. This time frame is crowded, so we recommend visiting during a different time."
106,What’s the foot traffic in HongDea during Morning rush hour?,"The requested Morning rush hour congestion in HongDea is 7:00 - 1.02, 8:00 - 0.07, 9:00 - 1.37. mean congestion is 0.82. This time frame is crowded, so we recommend visiting during a different time."
107,Is GangNam packed around High traffic time?,"The requested High traffic time congestion in GangNam is 7:00 - 1.13, 8:00 - 0.39, 9:00 - 1.08, 16:00 - 1.01, 17:00 - 1.28, 18:00 - 0.17, 19:00 - 0.24, 20:00 - 0.7. mean congestion is 0.75. This time frame usually has moderate congestion, so you may occasionally experience some inconvenience while moving."
108,What’s the Mid-morning hours traffic like in GangNam?,"The requested Mid-morning hours congestion in GangNam is 10:00 - 0.67, 11:00 - 1.46, 12:00 - 0.63. mean congestion is 0.92. This time frame is crowded, so we recommend visiting during a different time."
109,What’s the crowd situation in HongDea at High traffic time?,"The requested High traffic time congestion in HongDea is 7:00 - 1.37, 8:00 - 0.11, 9:00 - 0.8, 16:00 - 0.28, 17:00 - 0.93, 18:00 - 0.57, 19:00 - 1.35, 20:00 - 0.31. mean congestion is 0.72. This time frame usually has moderate congestion, so you may occasionally experience some inconvenience while moving."
110,What’s the congestion like in MyeongDong at Early morning?,"The requested Early morning congestion in MyeongDong is 5:00 - 0.97, 6:00 - 1.1. mean congestion is 1.04. This time frame is crowded, so we recommend visiting during a different time."
111,How crowded is MyeongDong around Daybreak?,"The requested Daybreak congestion in MyeongDong is 5:00 - 0.72, 6:00 - 1.03. mean congestion is 0.88. This time frame is crowded, so we recommend visiting during a different time."
112,How much foot traffic does MyeongDong have at Evening rush?,"The requested Evening rush congestion in MyeongDong is 16:00 - 0.86, 17:00 - 0.91, 18:00 - 1.06, 19:00 - 0.1, 20:00 - 1.43. mean congestion is 0.87. This time frame is crowded, so we recommend visiting during a different time."
113,What’s the Early morning traffic like in GangNam?,"The requested Early morning congestion in GangNam is 5:00 - 1.35, 6:00 - 0.76. mean congestion is 1.06. This time frame is crowded, so we recommend visiting during a different time."
114,What’s the people flow in HongDea around Noon hour?,"The requested Noon hour congestion in HongDea is 13:00 - 0.5, 14:00 - 0.08, 15:00 - 1.32. mean congestion is 0.63. This time frame usually has moderate congestion, so you may occasionally experience some inconvenience while moving."
115,What’s the foot traffic in GangNam during Afternoon peak?,"The requested Afternoon peak congestion in GangNam is 16:00 - 0.49, 17:00 - 0.4, 18:00 - 0.09, 19:00 - 1.07, 20:00 - 0.98. mean congestion is 0.61. This time frame usually has moderate congestion, so you may occasionally experience some inconvenience while moving."
116,How full does HongDea get during Golden hour?,"The requested Golden hour congestion in HongDea is 7:00 - 0.93, 8:00 - 1.11, 9:00 - 1.2, 16:00 - 0.39, 17:00 - 0.45, 18:00 - 0.61, 19:00 - 1.31, 20:00 - 0.08. mean congestion is 0.76. This time frame usually has moderate congestion, so you may occasionally experience some inconvenience while moving."
117,How packed does GangNam get around Midday?,"The requested Midday congestion in GangNam is 13:00 - 0.55, 14:00 - 1.49, 15:00 - 0.06. mean congestion is 0.7. This time frame usually has moderate congestion, so you may occasionally experience some inconvenience while moving."
118,How busy is HongDea around Peak travel time?,"The requested Peak travel time congestion in HongDea is 7:00 - 0.21, 8:00 - 0.32, 9:00 - 0.26, 16:00 - 0.91, 17:00 - 0.21, 18:00 - 0.01, 19:00 - 1.48, 20:00 - 0.34. mean congestion is 0.47. This time frame is smooth, so there is no issue with visiting."
119,What’s the crowd flow like in GangNam during Twilight commute?,"The requested Twilight commute congestion in GangNam is 16:00 - 1.23, 17:00 - 0.17, 18:00 - 0.69, 19:00 - 0.73, 20:00 - 0.55. mean congestion is 0.67. This time frame usually has moderate congestion, so you may occasionally experience some inconvenience while moving."
120,Is HongDea busy around Early morning?,"The requested Early morning congestion in HongDea is 5:00 - 0.88, 6:00 - 0.57. mean congestion is 0.72. This time frame usually has moderate congestion, so you may occasionally experience some inconvenience while moving."
121,What’s the congestion like in HongDea at Lunch hour?,"The requested Lunch hour congestion in HongDea is 13:00 - 1.42, 14:00 - 0.18, 15:00 - 1.08. mean congestion is 0.89. This time frame is crowded, so we recommend visiting during a different time."
122,How busy is MyeongDong around Peak travel time?,"The requested Peak travel time congestion in MyeongDong is 7:00 - 0.07, 8:00 - 1.02, 9:00 - 1.36, 16:00 - 0.41, 17:00 - 0.47, 18:00 - 0.64, 19:00 - 0.2, 20:00 - 0.2. mean congestion is 0.55. This time frame usually has moderate congestion, so you may occasionally experience some inconvenience while moving."
123,What’s the crowd level in HongDea during Pre-dawn?,"The requested Pre-dawn congestion in HongDea is 5:00 - 0.09, 6:00 - 1.25. mean congestion is 0.67. This time frame usually has moderate congestion, so you may occasionally experience some inconvenience while moving."
124,How busy is MyeongDong around Mid-morning hours?,"The requested Mid-morning hours congestion in MyeongDong is 10:00 - 0.33, 11:00 - 1.43, 12:00 - 0.02. mean congestion is 0.59. This time frame usually has moderate congestion, so you may occasionally experience some inconvenience while moving."
125,How crowded is GangNam around Commuter time?,"The requested Commuter time congestion in GangNam is 7:00 - 0.19, 8:00 - 0.4, 9:00 - 1.39, 16:00 - 0.57, 17:00 - 0.43, 18:00 - 1.38, 19:00 - 0.24, 20:00 - 1.31. mean congestion is 0.74. This time frame usually has moderate congestion, so you may occasionally experience some inconvenience while moving."
126,How crowded is GangNam usually at Noon hour?,"The requested Noon hour congestion in GangNam is 13:00 - 0.78, 14:00 - 1.17, 15:00 - 0.41. mean congestion is 0.79. This time frame usually has moderate congestion, so you may occasionally experience some inconvenience while moving."
127,Is HongDea packed around Noon hour?,"The requested Noon hour congestion in HongDea is 13:00 - 0.19, 14:00 - 0.51, 15:00 - 0.3. mean congestion is 0.33. This time frame is smooth, so there is no issue with visiting."
128,What’s the crowd flow like in HongDea during Afternoon traffic?,"The requested Afternoon traffic congestion in HongDea is 16:00 - 0.73, 17:00 - 0.16, 18:00 - 0.89, 19:00 - 0.67, 20:00 - 0.9. mean congestion is 0.67. This time frame usually has moderate congestion, so you may occasionally experience some inconvenience while moving."
129,How full does GangNam get during Breakfast time?,"The requested Breakfast time congestion in GangNam is 7:00 - 0.04, 8:00 - 1.21, 9:00 - 0.75. mean congestion is 0.67. This time frame usually has moderate congestion, so you may occasionally experience some inconvenience while moving."
130,How crowded is HongDea usually at Afternoon peak?,"The requested Afternoon peak congestion in HongDea is 16:00 - 0.22, 17:00 - 0.41, 18:00 - 1.39, 19:00 - 0.11, 20:00 - 1.3. mean congestion is 0.69. This time frame usually has moderate congestion, so you may occasionally experience some inconvenience while moving."
131,How crowded is HongDea around Afternoon traffic?,"The requested Afternoon traffic congestion in HongDea is 16:00 - 1.19, 17:00 - 0.33, 18:00 - 0.9, 19:00 - 0.82, 20:00 - 0.49. mean congestion is 0.75. This time frame usually has moderate congestion, so you may occasionally experience some inconvenience while moving."
132,What are the crowds like in MyeongDong during Daybreak?,"The requested Daybreak congestion in MyeongDong is 5:00 - 0.3, 6:00 - 0.64. mean congestion is 0.47. This time frame is smooth, so there is no issue with visiting."
133,How crowded is HongDea around Dawn hours?,"The requested Dawn hours congestion in HongDea is 5:00 - 1.39, 6:00 - 0.74. mean congestion is 1.06. This time frame is crowded, so we recommend visiting during a different time."
134,How much foot traffic does GangNam have at Evening peak?,"The requested Evening peak congestion in GangNam is 16:00 - 0.37, 17:00 - 1.04, 18:00 - 0.62, 19:00 - 1.19, 20:00 - 0.13. mean congestion is 0.67. This time frame usually has moderate congestion, so you may occasionally experience some inconvenience while moving."
135,How heavy is the crowd in MyeongDong around Noon hour?,"The requested Noon hour congestion in MyeongDong is 13:00 - 0.87, 14:00 - 1.19, 15:00 - 0.04. mean congestion is 0.7. This time frame usually has moderate congestion, so you may occasionally experience some inconvenience while moving."
136,How packed does MyeongDong get around Early bird hours?,"The requested Early bird hours congestion in MyeongDong is 7:00 - 0.31, 8:00 - 0.41, 9:00 - 1.03. mean congestion is 0.58. This time frame usually has moderate congestion, so you may occasionally experience some inconvenience while moving."
137,What’s the congestion like in GangNam at Early morning?,"The requested Early morning congestion in GangNam is 5:00 - 0.42, 6:00 - 1.44. mean congestion is 0.93. This time frame is crowded, so we recommend visiting during a different time."
138,What’s the foot traffic in MyeongDong during Dinnertime bustle?,"The requested Dinnertime bustle congestion in MyeongDong is 16:00 - 0.83, 17:00 - 0.81, 18:00 - 0.28, 19:00 - 1.01, 20:00 - 0.88. mean congestion is 0.76. This time frame usually has moderate congestion, so you may occasionally experience some inconvenience while moving."
139,How heavy is the crowd in HongDea around Sunset hours?,"The requested Sunset hours congestion in HongDea is 16:00 - 0.22, 17:00 - 1.28, 18:00 - 0.28, 19:00 - 0.63, 20:00 - 1.26. mean congestion is 0.73. This time frame usually has moderate congestion, so you may occasionally experience some inconvenience while moving."
140,How are the crowds in MyeongDong at Commuter time?,"The requested Commuter time congestion in MyeongDong is 7:00 - 1.24, 8:00 - 0.25, 9:00 - 0.2, 16:00 - 0.48, 17:00 - 0.82, 18:00 - 0.28, 19:00 - 0.61, 20:00 - 0.72. mean congestion is 0.57. This time frame usually has moderate congestion, so you may occasionally experience some inconvenience while moving."
141,How crowded is HongDea around Lunchtime?,"The requested Lunchtime congestion in HongDea is 13:00 - 1.43, 14:00 - 0.02, 15:00 - 1.17. mean congestion is 0.87. This time frame is crowded, so we recommend visiting during a different time."
142,How dense is the crowd in MyeongDong around Twilight commute?,"The requested Twilight commute congestion in MyeongDong is 16:00 - 1.16, 17:00 - 0.69, 18:00 - 0.54, 19:00 - 0.67, 20:00 - 0.2. mean congestion is 0.65. This time frame usually has moderate congestion, so you may occasionally experience some inconvenience while moving."
143,What’s the population density in MyeongDong around Mid-morning hours?,"The requested Mid-morning hours congestion in MyeongDong is 10:00 - 0.02, 11:00 - 0.02, 12:00 - 0.35. mean congestion is 0.13. This time frame is smooth, so there is no issue with visiting."
144,What’s the congestion like in MyeongDong at Dawn hours?,"The requested Dawn hours congestion in MyeongDong is 5:00 - 0.24, 6:00 - 0.2. mean congestion is 0.22. This time frame is smooth, so there is no issue with visiting."
145,What’s the crowd flow like in MyeongDong during Afternoon traffic?,"The requested Afternoon traffic congestion in MyeongDong is 16:00 - 0.1, 17:00 - 0.63, 18:00 - 0.59, 19:00 - 1.45, 20:00 - 0.41. mean congestion is 0.64. This time frame usually has moderate congestion, so you may occasionally experience some inconvenience while moving."
146,How busy is HongDea around Pre-dawn?,"The requested Pre-dawn congestion in HongDea is 5:00 - 0.38, 6:00 - 0.07. mean congestion is 0.22. This time frame is smooth, so there is no issue with visiting."
147,How dense is the crowd in MyeongDong around Breakfast time?,"The requested Breakfast time congestion in MyeongDong is 7:00 - 0.02, 8:00 - 0.44, 9:00 - 0.14. mean congestion is 0.2. This time frame is smooth, so there is no issue with visiting."
148,What’s the crowd level in HongDea during Morning rush hour?,"The requested Morning rush hour congestion in HongDea is 7:00 - 0.08, 8:00 - 0.13, 9:00 - 0.44. mean congestion is 0.22. This time frame is smooth, so there is no issue with visiting."
149,How much foot traffic does GangNam have at Evening rush?,"The requested Evening rush congestion in GangNam is 16:00 - 0.68, 17:00 - 1.21, 18:00 - 0.84, 19:00 - 0.96, 20:00 - 0.57. mean congestion is 0.85. This time frame is crowded, so we recommend visiting during a different time."
150,What’s the foot traffic in GangNam during Dinnertime bustle?,"The requested Dinnertime bustle congestion in GangNam is 16:00 - 0.37, 17:00 - 0.34, 18:00 - 1.41, 19:00 - 0.89, 20:00 - 0.47. mean congestion is 0.7. This time frame usually has moderate congestion, so you may occasionally experience some inconvenience while moving."
151,What’s the people flow in HongDea around Commuter time?,"The requested Commuter time congestion in HongDea is 7:00 - 0.0, 8:00 - 0.05, 9:00 - 1.32, 16:00 - 0.12, 17:00 - 0.32, 18:00 - 1.36, 19:00 - 0.72, 20:00 - 1.25. mean congestion is 0.64. This time frame usually has moderate congestion, so you may occasionally experience some inconvenience while moving."
152,How crowded is HongDea usually at Afternoon traffic?,"The requested Afternoon traffic congestion in HongDea is 16:00 - 0.42, 17:00 - 0.13, 18:00 - 0.95, 19:00 - 0.15, 20:00 - 0.72. mean congestion is 0.47. This time frame is smooth, so there is no issue with visiting."
153,What’s the crowd situation in MyeongDong at Lunchtime rush?,"The requested Lunchtime rush congestion in MyeongDong is 13:00 - 1.16, 14:00 - 0.99, 15:00 - 0.26. mean congestion is 0.8. This time frame is crowded, so we recommend visiting during a different time."
154,What’s the foot traffic in GangNam during Early bird hours?,"The requested Early bird hours congestion in GangNam is 7:00 - 0.61, 8:00 - 1.29, 9:00 - 0.4. mean congestion is 0.77. This time frame usually has moderate congestion, so you may occasionally experience some inconvenience while moving."
155,How heavy is the crowd in HongDea around Evening rush?,"The requested Evening rush congestion in HongDea is 16:00 - 0.83, 17:00 - 0.76, 18:00 - 0.95, 19:00 - 0.42, 20:00 - 0.24. mean congestion is 0.64. This time frame usually has moderate congestion, so you may occasionally experience some inconvenience while moving."
156,What’s the crowd situation in GangNam at Lunchtime?,"The requested Lunchtime congestion in GangNam is 13:00 - 1.43, 14:00 - 1.39, 15:00 - 0.7. mean congestion is 1.17. This time frame is crowded, so we recommend visiting during a different time."
157,How dense is the crowd in GangNam around Late afternoon?,"The requested Late afternoon congestion in GangNam is 13:00 - 0.75, 14:00 - 1.12, 15:00 - 0.55. mean congestion is 0.81. This time frame is crowded, so we recommend visiting during a different time."
158,How are the crowds in HongDea at Evening rush?,"The requested Evening rush congestion in HongDea is 16:00 - 1.06, 17:00 - 0.88, 18:00 - 0.66, 19:00 - 1.26, 20:00 - 1.34. mean congestion is 1.04. This time frame is crowded, so we recommend visiting during a different time."
159,What’s the population density in MyeongDong around Evening rush?,"The requested Evening rush congestion in MyeongDong is 16:00 - 0.03, 17:00 - 0.43, 18:00 - 0.1, 19:00 - 0.21, 20:00 - 0.03. mean congestion is 0.16. This time frame is smooth, so there is no issue with visiting."
160,What’s the congestion like in MyeongDong at Lunchtime rush?,"The requested Lunchtime rush congestion in MyeongDong is 13:00 - 0.1, 14:00 - 0.3, 15:00 - 0.98. mean congestion is 0.46. This time frame is smooth, so there is no issue with visiting."
161,How busy is MyeongDong around Evening rush?,"The requested Evening rush congestion in MyeongDong is 16:00 - 0.0, 17:00 - 1.35, 18:00 - 0.92, 19:00 - 0.57, 20:00 - 0.83. mean congestion is 0.73. This time frame usually has moderate congestion, so you may occasionally experience some inconvenience while moving."
162,What’s the congestion like in GangNam at Afternoon peak?,"The requested Afternoon peak congestion in GangNam is 16:00 - 0.56, 17:00 - 1.46, 18:00 - 1.19, 19:00 - 1.33, 20:00 - 1.4. mean congestion is 1.19. This time frame is crowded, so we recommend visiting during a different time."
163,How full does HongDea get during Golden hour?,"The requested Golden hour congestion in HongDea is 7:00 - 1.43, 8:00 - 0.39, 9:00 - 0.02, 16:00 - 0.88, 17:00 - 0.49, 18:00 - 1.22, 19:00 - 0.59, 20:00 - 0.03. mean congestion is 0.63. This time frame usually has moderate congestion, so you may occasionally experience some inconvenience while moving."
164,What’s the congestion like in GangNam at Noon hour?,"The requested Noon hour congestion in GangNam is 13:00 - 0.66, 14:00 - 0.92, 15:00 - 0.78. mean congestion is 0.79. This time frame usually has moderate congestion, so you may occasionally experience some inconvenience while moving."
165,How full does HongDea get during Morning rush hour?,"The requested Morning rush hour congestion in HongDea is 7:00 - 0.02, 8:00 - 0.38, 9:00 - 0.51. mean congestion is 0.3. This time frame is smooth, so there is no issue with visiting."
166,How dense is the crowd in MyeongDong around Sunset hours?,"The requested Sunset hours congestion in MyeongDong is 16:00 - 0.32, 17:00 - 1.2, 18:00 - 0.17, 19:00 - 0.2, 20:00 - 0.16. mean congestion is 0.41. This time frame is smooth, so there is no issue with visiting."
167,What’s the foot traffic in MyeongDong during Mid-morning hours?,"The requested Mid-morning hours congestion in MyeongDong is 10:00 - 1.34, 11:00 - 0.38, 12:00 - 1.44. mean congestion is 1.05. This time frame is crowded, so we recommend visiting during a different time."
168,How are the crowds in HongDea at Evening rush?,"The requested Evening rush congestion in HongDea is 16:00 - 1.32, 17:00 - 1.13, 18:00 - 0.4, 19:00 - 1.38, 20:00 - 0.03. mean congestion is 0.85. This time frame is crowded, so we recommend visiting during a different time."
169,How heavy is the crowd in HongDea around Lunch hour?,"The requested Lunch hour congestion in HongDea is 13:00 - 1.24, 14:00 - 1.42, 15:00 - 0.26. mean congestion is 0.97. This time frame is crowded, so we recommend visiting during a different time."
170,How crowded is GangNam usually at Dinnertime bustle?,"The requested Dinnertime bustle congestion in GangNam is 16:00 - 0.47, 17:00 - 0.02, 18:00 - 0.65, 19:00 - 0.84, 20:00 - 0.53. mean congestion is 0.5. This time frame usually has moderate congestion, so you may occasionally experience some inconvenience while moving."
171,What’s the foot traffic in HongDea during Golden hour?,"The requested Golden hour congestion in HongDea is 7:00 - 0.59, 8:00 - 0.18, 9:00 - 0.5, 16:00 - 0.47, 17:00 - 0.28, 18:00 - 0.63, 19:00 - 0.66, 20:00 - 0.15. mean congestion is 0.43. This time frame is smooth, so there is no issue with visiting."
172,Is MyeongDong busy around Brunch hour?,"The requested Brunch hour congestion in MyeongDong is 10:00 - 1.36, 11:00 - 0.7, 12:00 - 0.76. mean congestion is 0.94. This time frame is crowded, so we recommend visiting during a different time."
173,How packed does MyeongDong get around Brunch hour?,"The requested Brunch hour congestion in MyeongDong is 10:00 - 0.75, 11:00 - 0.96, 12:00 - 0.5. mean congestion is 0.74. This time frame usually has moderate congestion, so you may occasionally experience some inconvenience while moving."
174,How crowded is HongDea around Commuter time?,"The requested Commuter time congestion in HongDea is 7:00 - 0.99, 8:00 - 0.05, 9:00 - 0.58, 16:00 - 0.29, 17:00 - 1.42, 18:00 - 0.74, 19:00 - 1.25, 20:00 - 0.84. mean congestion is 0.77. This time frame usually has moderate congestion, so you may occasionally experience some inconvenience while moving."
175,What’s the Evening peak traffic like in GangNam?,"The requested Evening peak congestion in GangNam is 16:00 - 1.14, 17:00 - 0.15, 18:00 - 1.25, 19:00 - 1.24, 20:00 - 1.47. mean congestion is 1.05. This time frame is crowded, so we recommend visiting during a different time."
176,How busy is MyeongDong around Morning rush hour?,"The requested Morning rush hour congestion in MyeongDong is 7:00 - 0.97, 8:00 - 1.25, 9:00 - 0.55. mean congestion is 0.92. This time frame is crowded, so we recommend visiting during a different time."
177,What’s the crowd level in HongDea during Dinner time?,"The requested Dinner time congestion in HongDea is 16:00 - 0.52, 17:00 - 1.24, 18:00 - 0.86, 19:00 - 0.43, 20:00 - 0.81. mean congestion is 0.77. This time frame usually has moderate congestion, so you may occasionally experience some inconvenience while moving."
178,What’s the crowd situation in MyeongDong at Lunchtime rush?,"The requested Lunchtime rush congestion in MyeongDong is 13:00 - 0.55, 14:00 - 1.03, 15:00 - 0.72. mean congestion is 0.77. This time frame usually has moderate congestion, so you may occasionally experience some inconvenience while moving."
179,What are the crowds like in GangNam during Post-work rush?,"The requested Post-work rush congestion in GangNam is 16:00 - 0.83, 17:00 - 0.18, 18:00 - 0.35, 19:00 - 0.6, 20:00 - 0.7. mean congestion is 0.53. This time frame usually has moderate congestion, so you may occasionally experience some inconvenience while moving."
180,What are the crowds like in MyeongDong during Lunchtime rush?,"The requested Lunchtime rush congestion in MyeongDong is 13:00 - 0.85, 14:00 - 0.44, 15:00 - 0.51. mean congestion is 0.6. This time frame usually has moderate congestion, so you may occasionally experience some inconvenience while moving."
181,How crowded is HongDea usually at Sunset hours?,"The requested Sunset hours congestion in HongDea is 16:00 - 0.24, 17:00 - 1.44, 18:00 - 0.77, 19:00 - 0.91, 20:00 - 0.96. mean congestion is 0.86. This time frame is crowded, so we recommend visiting during a different time."
182,What’s the crowd flow like in GangNam during Lunchtime rush?,"The requested Lunchtime rush congestion in GangNam is 13:00 - 0.08, 14:00 - 0.07, 15:00 - 1.44. mean congestion is 0.53. This time frame usually has moderate congestion, so you may occasionally experience some inconvenience while moving."
183,How full does MyeongDong get during Post-work rush?,"The requested Post-work rush congestion in MyeongDong is 16:00 - 0.1, 17:00 - 1.46, 18:00 - 1.03, 19:00 - 0.03, 20:00 - 0.72. mean congestion is 0.67. This time frame usually has moderate congestion, so you may occasionally experience some inconvenience while moving."
184,What’s the crowd level in GangNam during Golden hour?,"The requested Golden hour congestion in GangNam is 7:00 - 1.38, 8:00 - 1.14, 9:00 - 1.44, 16:00 - 0.41, 17:00 - 0.3, 18:00 - 0.59, 19:00 - 0.86, 20:00 - 1.21. mean congestion is 0.92. This time frame is crowded, so we recommend visiting during a different time."
185,Is GangNam packed around Daybreak?,"The requested Daybreak congestion in GangNam is 5:00 - 1.13, 6:00 - 0.13. mean congestion is 0.63. This time frame usually has moderate congestion, so you may occasionally experience some inconvenience while moving."
186,How heavy is the crowd in HongDea around Late afternoon?,"The requested Late afternoon congestion in HongDea is 13:00 - 1.12, 14:00 - 1.28, 15:00 - 0.96. mean congestion is 1.12. This time frame is crowded, so we recommend visiting during a different time."
187,What’s the people flow in MyeongDong around Afternoon traffic?,"The requested Afternoon traffic congestion in MyeongDong is 16:00 - 0.8, 17:00 - 0.59, 18:00 - 0.67, 19:00 - 1.25, 20:00 - 1.46. mean congestion is 0.95. This time frame is crowded, so we recommend visiting during a different time."
188,What’s the congestion like in MyeongDong at Post-work rush?,"The requested Post-work rush congestion in MyeongDong is 16:00 - 0.28, 17:00 - 1.19, 18:00 - 0.44, 19:00 - 0.52, 20:00 - 1.19. mean congestion is 0.72. This time frame usually has moderate congestion, so you may occasionally experience some inconvenience while moving."
189,How are the crowds in HongDea at Early bird hours?,"The requested Early bird hours congestion in HongDea is 7:00 - 0.06, 8:00 - 0.57, 9:00 - 1.39. mean congestion is 0.67. This time frame usually has moderate congestion, so you may occasionally experience some inconvenience while moving."
190,How full does GangNam get during Evening peak?,"The requested Evening peak congestion in GangNam is 16:00 - 0.71, 17:00 - 1.33, 18:00 - 1.43, 19:00 - 1.11, 20:00 - 1.18. mean congestion is 1.15. This time frame is crowded, so we recommend visiting during a different time."
191,How heavy is the crowd in GangNam around Morning hustle?,"The requested Morning hustle congestion in GangNam is 7:00 - 0.59, 8:00 - 0.78, 9:00 - 1.12. mean congestion is 0.83. This time frame is crowded, so we recommend visiting during a different time."
192,What’s the Morning hustle traffic like in HongDea?,"The requested Morning hustle congestion in HongDea is 7:00 - 0.65, 8:00 - 1.22, 9:00 - 0.73. mean congestion is 0.87. This time frame is crowded, so we recommend visiting during a different time."
193,How packed does GangNam get around Mid-morning hours?,"The requested Mid-morning hours congestion in GangNam is 10:00 - 1.12, 11:00 - 0.35, 12:00 - 0.47. mean congestion is 0.65. This time frame usually has moderate congestion, so you may occasionally experience some inconvenience while moving."
194,Is HongDea busy around Dawn hours?,"The requested Dawn hours congestion in HongDea is 5:00 - 0.34, 6:00 - 1.24. mean congestion is 0.79. This time frame usually has moderate congestion, so you may occasionally experience some inconvenience while moving."
195,How busy is GangNam around Post-work rush?,"The requested Post-work rush congestion in GangNam is 16:00 - 1.0, 17:00 - 0.96, 18:00 - 0.4, 19:00 - 0.37, 20:00 - 0.13. mean congestion is 0.57. This time frame usually has moderate congestion, so you may occasionally experience some inconvenience while moving."
196,How busy is HongDea around Afternoon peak?,"The requested Afternoon peak congestion in HongDea is 16:00 - 1.15, 17:00 - 0.02, 18:00 - 1.02, 19:00 - 1.13, 20:00 - 1.21. mean congestion is 0.91. This time frame is crowded, so we recommend visiting during a different time."
197,How packed does MyeongDong get around Evening commute?,"The requested Evening commute congestion in MyeongDong is 16:00 - 1.35, 17:00 - 0.36, 18:00 - 0.72, 19:00 - 1.04, 20:00 - 0.96. mean congestion is 0.89. This time frame is crowded, so we recommend visiting during a different time."
198,What’s the congestion like in MyeongDong at Dinnertime bustle?,"The requested Dinnertime bustle congestion in MyeongDong is 16:00 - 0.06, 17:00 - 1.34, 18:00 - 0.13, 19:00 - 0.02, 20:00 - 0.54. mean congestion is 0.42. This time frame is smooth, so there is no issue with visiting."
199,How dense is the crowd in GangNam around Afternoon peak?,"The requested Afternoon peak congestion in GangNam is 16:00 - 0.15, 17:00 - 0.13, 18:00 - 0.53, 19:00 - 1.36, 20:00 - 0.85. mean congestion is 0.6. This time frame usually has moderate congestion, so you may occasionally experience some inconvenience while moving."
200,What’s the population density in MyeongDong around Morning rush hour?,"The requested Morning rush hour congestion in MyeongDong is 7:00 - 0.17, 8:00 - 0.38, 9:00 - 0.24. mean congestion is 0.26. This time frame is smooth, so there is no issue with visiting."
201,How dense is the crowd in HongDea around Late afternoon?,"The requested Late afternoon congestion in HongDea is 13:00 - 0.24, 14:00 - 0.9, 15:00 - 0.96. mean congestion is 0.7. This time frame usually has moderate congestion, so you may occasionally experience some inconvenience while moving."
202,Is MyeongDong packed around Afternoon peak?,"The requested Afternoon peak congestion in MyeongDong is 16:00 - 0.03, 17:00 - 0.0, 18:00 - 0.47, 19:00 - 0.42, 20:00 - 0.48. mean congestion is 0.28. This time frame is smooth, so there is no issue with visiting."
203,What are the crowds like in GangNam during Brunch hour?,"The requested Brunch hour congestion in GangNam is 10:00 - 0.64, 11:00 - 0.81, 12:00 - 0.04. mean congestion is 0.5. This time frame usually has moderate congestion, so you may occasionally experience some inconvenience while moving."
204,What’s the crowd situation in GangNam at Evening peak?,"The requested Evening peak congestion in GangNam is 16:00 - 0.91, 17:00 - 0.98, 18:00 - 0.43, 19:00 - 1.31, 20:00 - 0.8. mean congestion is 0.89. This time frame is crowded, so we recommend visiting during a different time."
205,How heavy is the crowd in GangNam around Commuter time?,"The requested Commuter time congestion in GangNam is 7:00 - 0.25, 8:00 - 1.44, 9:00 - 0.4, 16:00 - 0.6, 17:00 - 1.02, 18:00 - 0.1, 19:00 - 1.47, 20:00 - 0.51. mean congestion is 0.72. This time frame usually has moderate congestion, so you may occasionally experience some inconvenience while moving."
206,How busy is GangNam around Twilight commute?,"The requested Twilight commute congestion in GangNam is 16:00 - 0.17, 17:00 - 0.62, 18:00 - 1.17, 19:00 - 0.7, 20:00 - 0.16. mean congestion is 0.56. This time frame usually has moderate congestion, so you may occasionally experience some inconvenience while moving."
207,What are the crowds like in GangNam during Afternoon traffic?,"The requested Afternoon traffic congestion in GangNam is 16:00 - 0.99, 17:00 - 1.25, 18:00 - 0.17, 19:00 - 0.05, 20:00 - 0.26. mean congestion is 0.54. This time frame usually has moderate congestion, so you may occasionally experience some inconvenience while moving."
208,What’s the crowd level in MyeongDong during Early bird hours?,"The requested Early bird hours congestion in MyeongDong is 7:00 - 0.21, 8:00 - 1.1, 9:00 - 0.4. mean congestion is 0.57. This time frame usually has moderate congestion, so you may occasionally experience some inconvenience while moving."
209,How crowded is GangNam around Mid-morning hours?,"The requested Mid-morning hours congestion in GangNam is 10:00 - 1.41, 11:00 - 1.37, 12:00 - 0.68. mean congestion is 1.15. This time frame is crowded, so we recommend visiting during a different time."
210,How busy is HongDea around Dawn hours?,"The requested Dawn hours congestion in HongDea is 5:00 - 0.0, 6:00 - 0.0. mean congestion is 0.0. This time frame is smooth, so there is no issue with visiting."
211,What’s the congestion like in MyeongDong at Twilight commute?,"The requested Twilight commute congestion in MyeongDong is 16:00 - 1.39, 17:00 - 0.2, 18:00 - 0.33, 19:00 - 0.09, 20:00 - 1.41. mean congestion is 0.68. This time frame usually has moderate congestion, so you may occasionally experience some inconvenience while moving."
212,How busy is GangNam around Early morning?,"The requested Early morning congestion in GangNam is 5:00 - 0.59, 6:00 - 0.49. mean congestion is 0.54. This time frame usually has moderate congestion, so you may occasionally experience some inconvenience while moving."
213,How crowded is GangNam usually at Noon hour?,"The requested Noon hour congestion in GangNam is 13:00 - 1.14, 14:00 - 1.06, 15:00 - 0.87. mean congestion is 1.02. This time frame is crowded, so we recommend visiting during a different time."
214,How crowded is HongDea usually at High traffic time?,"The requested High traffic time congestion in HongDea is 7:00 - 0.32, 8:00 - 0.76, 9:00 - 1.11, 16:00 - 0.18, 17:00 - 1.4, 18:00 - 0.76, 19:00 - 0.5, 20:00 - 0.97. mean congestion is 0.75. This time frame usually has moderate congestion, so you may occasionally experience some inconvenience while moving."
215,Is MyeongDong busy around Evening rush?,"The requested Evening rush congestion in MyeongDong is 16:00 - 0.61, 17:00 - 1.22, 18:00 - 0.81, 19:00 - 1.46, 20:00 - 0.05. mean congestion is 0.83. This time frame is crowded, so we recommend visiting during a different time."
216,How heavy is the crowd in HongDea around Late afternoon?,"The requested Late afternoon congestion in HongDea is 13:00 - 0.33, 14:00 - 0.51, 15:00 - 1.34. mean congestion is 0.73. This time frame usually has moderate congestion, so you may occasionally experience some inconvenience while moving."
217,Is HongDea busy around Lunchtime rush?,"The requested Lunchtime rush congestion in HongDea is 13:00 - 1.46, 14:00 - 0.85, 15:00 - 0.27. mean congestion is 0.86. This time frame is crowded, so we recommend visiting during a different time."
218,Is GangNam busy around Post-work rush?,"The requested Post-work rush congestion in GangNam is 16:00 - 0.09, 17:00 - 0.56, 18:00 - 0.78, 19:00 - 0.58, 20:00 - 0.52. mean congestion is 0.51. This time frame usually has moderate congestion, so you may occasionally experience some inconvenience while moving."
219,What’s the crowd flow like in MyeongDong during Peak travel time?,"The requested Peak travel time congestion in MyeongDong is 7:00 - 1.26, 8:00 - 0.46, 9:00 - 0.94, 16:00 - 0.89, 17:00 - 1.32, 18:00 - 0.39, 19:00 - 0.36, 20:00 - 0.49. mean congestion is 0.76. This time frame usually has moderate congestion, so you may occasionally experience some inconvenience while moving."
220,How crowded is HongDea around Lunch hour?,"The requested Lunch hour congestion in HongDea is 13:00 - 0.78, 14:00 - 0.93, 15:00 - 0.97. mean congestion is 0.89. This time frame is crowded, so we recommend visiting during a different time."
221,What’s the congestion like in HongDea at High traffic time?,"The requested High traffic time congestion in HongDea is 7:00 - 1.23, 8:00 - 0.01, 9:00 - 0.94, 16:00 - 1.48, 17:00 - 0.38, 18:00 - 1.12, 19:00 - 1.38, 20:00 - 0.68. mean congestion is 0.9. This time frame is crowded, so we recommend visiting during a different time."
222,What’s the Lunchtime traffic like in GangNam?,"The requested Lunchtime congestion in GangNam is 13:00 - 1.19, 14:00 - 1.47, 15:00 - 0.16. mean congestion is 0.94. This time frame is crowded, so we recommend visiting during a different time."
223,How packed does MyeongDong get around Pre-dawn?,"The requested Pre-dawn congestion in MyeongDong is 5:00 - 0.39, 6:00 - 0.27. mean congestion is 0.33. This time frame is smooth, so there is no issue with visiting."
224,What’s the population density in HongDea around Morning rush hour?,"The requested Morning rush hour congestion in HongDea is 7:00 - 1.3, 8:00 - 1.43, 9:00 - 0.93. mean congestion is 1.22. This time frame is crowded, so we recommend visiting during a different time."
225,How packed does GangNam get around Evening peak?,"The requested Evening peak congestion in GangNam is 16:00 - 1.1, 17:00 - 0.98, 18:00 - 1.27, 19:00 - 1.19, 20:00 - 0.95. mean congestion is 1.1. This time frame is crowded, so we recommend visiting during a different time."
226,What’s the foot traffic in HongDea during Peak travel time?,"The requested Peak travel time congestion in HongDea is 7:00 - 0.48, 8:00 - 0.25, 9:00 - 0.97, 16:00 - 0.34, 17:00 - 0.23, 18:00 - 0.11, 19:00 - 1.06, 20:00 - 0.83. mean congestion is 0.53. This time frame usually has moderate congestion, so you may occasionally experience some inconvenience while moving."
227,What’s the people flow in HongDea around Dinner time?,"The requested Dinner time congestion in HongDea is 16:00 - 0.55, 17:00 - 0.03, 18:00 - 0.63, 19:00 - 0.32, 20:00 - 0.66. mean congestion is 0.44. This time frame is smooth, so there is no issue with visiting."
228,What’s the crowd level in GangNam during Evening rush?,"The requested Evening rush congestion in GangNam is 16:00 - 0.69, 17:00 - 1.35, 18:00 - 0.35, 19:00 - 1.01, 20:00 - 0.48. mean congestion is 0.78. This time frame usually has moderate congestion, so you may occasionally experience some inconvenience while moving."
229,Is GangNam packed around Dinner time?,"The requested Dinner time congestion in GangNam is 16:00 - 0.85, 17:00 - 1.08, 18:00 - 1.07, 19:00 - 0.22, 20:00 - 0.57. mean congestion is 0.76. This time frame usually has moderate congestion, so you may occasionally experience some inconvenience while moving."
230,What’s the crowd situation in MyeongDong at Lunchtime rush?,"The requested Lunchtime rush congestion in MyeongDong is 13:00 - 0.86, 14:00 - 0.55, 15:00 - 1.06. mean congestion is 0.82. This time frame is crowded, so we recommend visiting during a different time."
231,How packed does GangNam get around Commuter time?,"The requested Commuter time congestion in GangNam is 7:00 - 1.42, 8:00 - 1.08, 9:00 - 1.46, 16:00 - 1.09, 17:00 - 0.27, 18:00 - 0.15, 19:00 - 1.24, 20:00 - 0.53. mean congestion is 0.9. This time frame is crowded, so we recommend visiting during a different time."
232,Is GangNam packed around Dinnertime bustle?,"The requested Dinnertime bustle congestion in GangNam is 16:00 - 0.17, 17:00 - 0.95, 18:00 - 0.86, 19:00 - 1.25, 20:00 - 0.59. mean congestion is 0.76. This time frame usually has moderate congestion, so you may occasionally experience some inconvenience while moving."
233,Is HongDea packed around High traffic time?,"The requested High traffic time congestion in HongDea is 7:00 - 0.46, 8:00 - 1.07, 9:00 - 1.03, 16:00 - 0.83, 17:00 - 0.87, 18:00 - 0.89, 19:00 - 1.47, 20:00 - 0.35. mean congestion is 0.87. This time frame is crowded, so we recommend visiting during a different time."
234,How full does HongDea get during Brunch hour?,"The requested Brunch hour congestion in HongDea is 10:00 - 0.21, 11:00 - 1.42, 12:00 - 0.73. mean congestion is 0.79. This time frame usually has moderate congestion, so you may occasionally experience some inconvenience while moving."
235,What’s the crowd level in GangNam during Breakfast time?,"The requested Breakfast time congestion in GangNam is 7:00 - 0.88, 8:00 - 0.03, 9:00 - 0.89. mean congestion is 0.6. This time frame usually has moderate congestion, so you may occasionally experience some inconvenience while moving."
236,What’s the crowd flow like in MyeongDong during Midday?,"The requested Midday congestion in MyeongDong is 13:00 - 0.11, 14:00 - 1.38, 15:00 - 0.35. mean congestion is 0.61. This time frame usually has moderate congestion, so you may occasionally experience some inconvenience while moving."
237,What’s the population density in HongDea around Morning hustle?,"The requested Morning hustle congestion in HongDea is 7:00 - 0.05, 8:00 - 1.39, 9:00 - 1.25. mean congestion is 0.9. This time frame is crowded, so we recommend visiting during a different time."
238,What’s the crowd situation in MyeongDong at Golden hour?,"The requested Golden hour congestion in MyeongDong is 7:00 - 0.36, 8:00 - 0.56, 9:00 - 0.28, 16:00 - 0.21, 17:00 - 1.32, 18:00 - 0.51, 19:00 - 0.81, 20:00 - 1.04. mean congestion is 0.64. This time frame usually has moderate congestion, so you may occasionally experience some inconvenience while moving."
239,What are the crowds like in MyeongDong during Peak travel time?,"The requested Peak travel time congestion in MyeongDong is 7:00 - 1.3, 8:00 - 0.13, 9:00 - 1.41, 16:00 - 1.27, 17:00 - 0.4, 18:00 - 0.25, 19:00 - 0.87, 20:00 - 0.42. mean congestion is 0.76. This time frame usually has moderate congestion, so you may occasionally experience some inconvenience while moving."
240,What’s the people flow in HongDea around Peak travel time?,"The requested Peak travel time congestion in HongDea is 7:00 - 1.4, 8:00 - 0.57, 9:00 - 0.48, 16:00 - 1.45, 17:00 - 0.66, 18:00 - 0.18, 19:00 - 0.56, 20:00 - 1.23. mean congestion is 0.82. This time frame is crowded, so we recommend visiting during a different time."
241,How busy is GangNam around Dinnertime bustle?,"The requested Dinnertime bustle congestion in GangNam is 16:00 - 1.11, 17:00 - 0.15, 18:00 - 0.34, 19:00 - 1.15, 20:00 - 0.3. mean congestion is 0.61. This time frame usually has moderate congestion, so you may occasionally experience some inconvenience while moving."
242,How crowded is MyeongDong usually at Morning hustle?,"The requested Morning hustle congestion in MyeongDong is 7:00 - 1.12, 8:00 - 1.0, 9:00 - 0.72. mean congestion is 0.95. This time frame is crowded, so we recommend visiting during a different time."
243,Is GangNam packed around Commuter time?,"The requested Commuter time congestion in GangNam is 7:00 - 0.33, 8:00 - 0.55, 9:00 - 1.13, 16:00 - 0.45, 17:00 - 1.14, 18:00 - 0.62, 19:00 - 1.32, 20:00 - 0.27. mean congestion is 0.73. This time frame usually has moderate congestion, so you may occasionally experience some inconvenience while moving."
244,How busy is GangNam around Dinnertime bustle?,"The requested Dinnertime bustle congestion in GangNam is 16:00 - 1.27, 17:00 - 0.18, 18:00 - 0.97, 19:00 - 1.33, 20:00 - 0.28. mean congestion is 0.81. This time frame is crowded, so we recommend visiting during a different time."
245,What are the crowds like in MyeongDong during Dinner time?,"The requested Dinner time congestion in MyeongDong is 16:00 - 1.18, 17:00 - 1.0, 18:00 - 0.82, 19:00 - 1.29, 20:00 - 1.21. mean congestion is 1.1. This time frame is crowded, so we recommend visiting during a different time."
246,How heavy is the crowd in MyeongDong around Morning rush hour?,"The requested Morning rush hour congestion in MyeongDong is 7:00 - 1.2, 8:00 - 0.26, 9:00 - 1.38. mean congestion is 0.95. This time frame is crowded, so we recommend visiting during a different time."
247,How packed does HongDea get around Evening rush?,"The requested Evening rush congestion in HongDea is 16:00 - 1.27, 17:00 - 1.29, 18:00 - 0.63, 19:00 - 0.97, 20:00 - 0.66. mean congestion is 0.96. This time frame is crowded, so we recommend visiting during a different time."
248,How busy is HongDea around Afternoon peak?,"The requested Afternoon peak congestion in HongDea is 16:00 - 0.33, 17:00 - 0.65, 18:00 - 0.11, 19:00 - 1.24, 20:00 - 0.02. mean congestion is 0.47. This time frame is smooth, so there is no issue with visiting."
249,Is MyeongDong busy around Mid-morning hours?,"The requested Mid-morning hours congestion in MyeongDong is 10:00 - 0.24, 11:00 - 1.21, 12:00 - 1.2. mean congestion is 0.88. This time frame is crowded, so we recommend visiting during a different time."
250,What’s the crowd flow like in MyeongDong during Morning rush hour?,"The requested Morning rush hour congestion in MyeongDong is 7:00 - 1.3, 8:00 - 0.62, 9:00 - 1.18. mean congestion is 1.03. This time frame is crowded, so we recommend visiting during a different time."
251,How full does HongDea get during Peak travel time?,"The requested Peak travel time congestion in HongDea is 7:00 - 0.84, 8:00 - 0.9, 9:00 - 0.95, 16:00 - 0.91, 17:00 - 0.24, 18:00 - 1.48, 19:00 - 1.45, 20:00 - 0.06. mean congestion is 0.85. This time frame is crowded, so we recommend visiting during a different time."
252,What’s the congestion like in MyeongDong at Lunch hour?,"The requested Lunch hour congestion in MyeongDong is 13:00 - 0.4, 14:00 - 0.64, 15:00 - 0.37. mean congestion is 0.47. This time frame is smooth, so there is no issue with visiting."
253,Is HongDea busy around Twilight commute?,"The requested Twilight commute congestion in HongDea is 16:00 - 0.06, 17:00 - 1.14, 18:00 - 1.26, 19:00 - 1.45, 20:00 - 1.24. mean congestion is 1.03. This time frame is crowded, so we recommend visiting during a different time."
254,What’s the population density in GangNam around Commuter time?,"The requested Commuter time congestion in GangNam is 7:00 - 1.33, 8:00 - 1.29, 9:00 - 0.04, 16:00 - 0.97, 17:00 - 1.38, 18:00 - 0.83, 19:00 - 0.29, 20:00 - 1.3. mean congestion is 0.93. This time frame is crowded, so we recommend visiting during a different time."
255,How packed does HongDea get around Early morning?,"The requested Early morning congestion in HongDea is 5:00 - 0.89, 6:00 - 0.26. mean congestion is 0.57. This time frame usually has moderate congestion, so you may occasionally experience some inconvenience while moving."
256,What’s the crowd level in HongDea during Evening peak?,"The requested Evening peak congestion in HongDea is 16:00 - 1.13, 17:00 - 0.16, 18:00 - 0.8, 19:00 - 0.57, 20:00 - 1.23. mean congestion is 0.78. This time frame usually has moderate congestion, so you may occasionally experience some inconvenience while moving."
257,How much foot traffic does MyeongDong have at Late afternoon?,"The requested Late afternoon congestion in MyeongDong is 13:00 - 0.89, 14:00 - 1.1, 15:00 - 0.71. mean congestion is 0.9. This time frame is crowded, so we recommend visiting during a different time."
258,How busy is HongDea around Brunch hour?,"The requested Brunch hour congestion in HongDea is 10:00 - 0.13, 11:00 - 1.07, 12:00 - 1.16. mean congestion is 0.79. This time frame usually has moderate congestion, so you may occasionally experience some inconvenience while moving."
259,What’s the congestion like in HongDea at Evening rush?,"The requested Evening rush congestion in HongDea is 16:00 - 0.02, 17:00 - 1.06, 18:00 - 0.84, 19:00 - 1.42, 20:00 - 1.01. mean congestion is 0.87. This time frame is crowded, so we recommend visiting during a different time."
260,What’s the crowd flow like in HongDea during Afternoon traffic?,"The requested Afternoon traffic congestion in HongDea is 16:00 - 0.56, 17:00 - 0.75, 18:00 - 0.06, 19:00 - 0.49, 20:00 - 0.98. mean congestion is 0.57. This time frame usually has moderate congestion, so you may occasionally experience some inconvenience while moving."
261,What’s the crowd situation in HongDea at Brunch hour?,"The requested Brunch hour congestion in HongDea is 10:00 - 0.06, 11:00 - 0.81, 12:00 - 1.18. mean congestion is 0.68. This time frame usually has moderate congestion, so you may occasionally experience some inconvenience while moving."
262,Is HongDea busy around Noon hour?,"The requested Noon hour congestion in HongDea is 13:00 - 0.88, 14:00 - 1.34, 15:00 - 0.79. mean congestion is 1.0. This time frame is crowded, so we recommend visiting during a different time."
263,What’s the people flow in HongDea around Lunchtime?,"The requested Lunchtime congestion in HongDea is 13:00 - 1.23, 14:00 - 0.04, 15:00 - 0.88. mean congestion is 0.72. This time frame usually has moderate congestion, so you may occasionally experience some inconvenience while moving."
264,What’s the Evening commute traffic like in HongDea?,"The requested Evening commute congestion in HongDea is 16:00 - 1.46, 17:00 - 0.54, 18:00 - 0.38, 19:00 - 1.44, 20:00 - 0.78. mean congestion is 0.92. This time frame is crowded, so we recommend visiting during a different time."
265,What’s the crowd flow like in GangNam during Lunchtime rush?,"The requested Lunchtime rush congestion in GangNam is 13:00 - 0.19, 14:00 - 1.07, 15:00 - 0.7. mean congestion is 0.65. This time frame usually has moderate congestion, so you may occasionally experience some inconvenience while moving."
266,What’s the Breakfast time traffic like in HongDea?,"The requested Breakfast time congestion in HongDea is 7:00 - 0.08, 8:00 - 1.48, 9:00 - 0.65. mean congestion is 0.74. This time frame usually has moderate congestion, so you may occasionally experience some inconvenience while moving."
267,How dense is the crowd in HongDea around Brunch hour?,"The requested Brunch hour congestion in HongDea is 10:00 - 0.95, 11:00 - 1.36, 12:00 - 1.16. mean congestion is 1.16. This time frame is crowded, so we recommend visiting during a different time."
268,What’s the crowd flow like in HongDea during Peak travel time?,"The requested Peak travel time congestion in HongDea is 7:00 - 0.09, 8:00 - 1.41, 9:00 - 1.32, 16:00 - 0.87, 17:00 - 0.39, 18:00 - 1.15, 19:00 - 1.17, 20:00 - 1.37. mean congestion is 0.97. This time frame is crowded, so we recommend visiting during a different time."
269,How much foot traffic does GangNam have at Evening peak?,"The requested Evening peak congestion in GangNam is 16:00 - 0.38, 17:00 - 0.88, 18:00 - 0.0, 19:00 - 0.44, 20:00 - 1.02. mean congestion is 0.54. This time frame usually has moderate congestion, so you may occasionally experience some inconvenience while moving."
270,What’s the Dinnertime bustle traffic like in HongDea?,"The requested Dinnertime bustle congestion in HongDea is 16:00 - 0.31, 17:00 - 0.05, 18:00 - 0.68, 19:00 - 1.08, 20:00 - 1.25. mean congestion is 0.67. This time frame usually has moderate congestion, so you may occasionally experience some inconvenience while moving."
271,How are the crowds in MyeongDong at Afternoon peak?,"The requested Afternoon peak congestion in MyeongDong is 16:00 - 0.75, 17:00 - 1.21, 18:00 - 1.46, 19:00 - 0.17, 20:00 - 1.12. mean congestion is 0.94. This time frame is crowded, so we recommend visiting during a different time."
272,How heavy is the crowd in HongDea around Mid-morning hours?,"The requested Mid-morning hours congestion in HongDea is 10:00 - 0.21, 11:00 - 0.45, 12:00 - 0.81. mean congestion is 0.49. This time frame is smooth, so there is no issue with visiting."
273,What’s the foot traffic in MyeongDong during Sunset hours?,"The requested Sunset hours congestion in MyeongDong is 16:00 - 1.33, 17:00 - 1.17, 18:00 - 0.57, 19:00 - 0.49, 20:00 - 0.03. mean congestion is 0.72. This time frame usually has moderate congestion, so you may occasionally experience some inconvenience while moving."
274,How busy is MyeongDong around Early morning?,"The requested Early morning congestion in MyeongDong is 5:00 - 1.37, 6:00 - 0.88. mean congestion is 1.12. This time frame is crowded, so we recommend visiting during a different time."
275,What’s the crowd flow like in MyeongDong during Peak travel time?,"The requested Peak travel time congestion in MyeongDong is 7:00 - 0.5, 8:00 - 0.45, 9:00 - 1.5, 16:00 - 1.22, 17:00 - 1.23, 18:00 - 0.24, 19:00 - 0.25, 20:00 - 0.92. mean congestion is 0.79. This time frame usually has moderate congestion, so you may occasionally experience some inconvenience while moving."
276,How full does HongDea get during Evening rush?,"The requested Evening rush congestion in HongDea is 16:00 - 1.0, 17:00 - 1.34, 18:00 - 0.68, 19:00 - 1.49, 20:00 - 0.22. mean congestion is 0.95. This time frame is crowded, so we recommend visiting during a different time."
277,What are the crowds like in HongDea during Twilight commute?,"The requested Twilight commute congestion in HongDea is 16:00 - 0.15, 17:00 - 0.54, 18:00 - 0.16, 19:00 - 0.17, 20:00 - 1.04. mean congestion is 0.41. This time frame is smooth, so there is no issue with visiting."
278,How crowded is MyeongDong usually at Morning rush hour?,"The requested Morning rush hour congestion in MyeongDong is 7:00 - 1.38, 8:00 - 1.19, 9:00 - 0.38. mean congestion is 0.98. This time frame is crowded, so we recommend visiting during a different time."
279,What’s the population density in GangNam around Evening commute?,"The requested Evening commute congestion in GangNam is 16:00 - 1.25, 17:00 - 0.55, 18:00 - 0.85, 19:00 - 1.21, 20:00 - 1.14. mean congestion is 1.0. This time frame is crowded, so we recommend visiting during a different time."
280,What’s the crowd level in HongDea during Evening peak?,"The requested Evening peak congestion in HongDea is 16:00 - 1.23, 17:00 - 0.09, 18:00 - 1.05, 19:00 - 0.14, 20:00 - 1.21. mean congestion is 0.74. This time frame usually has moderate congestion, so you may occasionally experience some inconvenience while moving."
281,How full does MyeongDong get during Early bird hours?,"The requested Early bird hours congestion in MyeongDong is 7:00 - 1.05, 8:00 - 1.27, 9:00 - 1.19. mean congestion is 1.17. This time frame is crowded, so we recommend visiting during a different time."
282,How full does MyeongDong get during Dawn hours?,"The requested Dawn hours congestion in MyeongDong is 5:00 - 0.28, 6:00 - 0.71. mean congestion is 0.5. This time frame usually has moderate congestion, so you may occasionally experience some inconvenience while moving."
283,What’s the crowd flow like in GangNam during Afternoon traffic?,"The requested Afternoon traffic congestion in GangNam is 16:00 - 0.17, 17:00 - 1.25, 18:00 - 0.74, 19:00 - 0.95, 20:00 - 0.12. mean congestion is 0.65. This time frame usually has moderate congestion, so you may occasionally experience some inconvenience while moving."
284,What’s the people flow in GangNam around Lunchtime rush?,"The requested Lunchtime rush congestion in GangNam is 13:00 - 0.41, 14:00 - 1.48, 15:00 - 1.49. mean congestion is 1.13. This time frame is crowded, so we recommend visiting during a different time."
285,How busy is GangNam around Sunset hours?,"The requested Sunset hours congestion in GangNam is 16:00 - 0.97, 17:00 - 1.18, 18:00 - 0.29, 19:00 - 0.05, 20:00 - 0.87. mean congestion is 0.67. This time frame usually has moderate congestion, so you may occasionally experience some inconvenience while moving."
286,What’s the crowd level in MyeongDong during Brunch hour?,"The requested Brunch hour congestion in MyeongDong is 10:00 - 1.48, 11:00 - 1.3, 12:00 - 0.55. mean congestion is 1.11. This time frame is crowded, so we recommend visiting during a different time."
287,What are the crowds like in GangNam during Lunchtime rush?,"The requested Lunchtime rush congestion in GangNam is 13:00 - 1.11, 14:00 - 0.36, 15:00 - 1.45. mean congestion is 0.97. This time frame is crowded, so we recommend visiting during a different time."
288,How crowded is GangNam around Dinnertime bustle?,"The requested Dinnertime bustle congestion in GangNam is 16:00 - 0.5, 17:00 - 0.19, 18:00 - 1.49, 19:00 - 0.06, 20:00 - 0.93. mean congestion is 0.63. This time frame usually has moderate congestion, so you may occasionally experience some inconvenience while moving."
289,How heavy is the crowd in GangNam around Morning hustle?,"The requested Morning hustle congestion in GangNam is 7:00 - 0.44, 8:00 - 0.47, 9:00 - 1.38. mean congestion is 0.76. This time frame usually has moderate congestion, so you may occasionally experience some inconvenience while moving."
290,How busy is HongDea around Breakfast time?,"The requested Breakfast time congestion in HongDea is 7:00 - 0.4, 8:00 - 1.35, 9:00 - 0.36. mean congestion is 0.7. This time frame usually has moderate congestion, so you may occasionally experience some inconvenience while moving."
291,What’s the population density in GangNam around Commuter time?,"The requested Commuter time congestion in GangNam is 7:00 - 0.04, 8:00 - 0.49, 9:00 - 1.25, 16:00 - 0.07, 17:00 - 0.56, 18:00 - 0.21, 19:00 - 0.78, 20:00 - 0.66. mean congestion is 0.51. This time frame usually has moderate congestion, so you may occasionally experience some inconvenience while moving."
292,How are the crowds in GangNam at Evening peak?,"The requested Evening peak congestion in GangNam is 16:00 - 0.68, 17:00 - 1.2, 18:00 - 0.36, 19:00 - 1.42, 20:00 - 1.47. mean congestion is 1.03. This time frame is crowded, so we recommend visiting during a different time."
293,How packed does GangNam get around Morning rush hour?,"The requested Morning rush hour congestion in GangNam is 7:00 - 0.74, 8:00 - 0.98, 9:00 - 1.15. mean congestion is 0.96. This time frame is crowded, so we recommend visiting during a different time."
294,How busy is MyeongDong around Mid-morning hours?,"The requested Mid-morning hours congestion in MyeongDong is 10:00 - 0.38, 11:00 - 0.75, 12:00 - 0.69. mean congestion is 0.61. This time frame usually has moderate congestion, so you may occasionally experience some inconvenience while moving."
295,How are the crowds in HongDea at Lunchtime?,"The requested Lunchtime congestion in HongDea is 13:00 - 1.12, 14:00 - 0.71, 15:00 - 0.61. mean congestion is 0.81. This time frame is crowded, so we recommend visiting during a different time."
296,What’s the population density in MyeongDong around Twilight commute?,"The requested Twilight commute congestion in MyeongDong is 16:00 - 1.48, 17:00 - 1.43, 18:00 - 1.25, 19:00 - 1.25, 20:00 - 0.7. mean congestion is 1.22. This time frame is crowded, so we recommend visiting during a different time."
297,How dense is the crowd in GangNam around Golden hour?,"The requested Golden hour congestion in GangNam is 7:00 - 0.14, 8:00 - 0.46, 9:00 - 1.37, 16:00 - 0.75, 17:00 - 0.66, 18:00 - 0.2, 19:00 - 0.77, 20:00 - 0.98. mean congestion is 0.67. This time frame usually has moderate congestion, so you may occasionally experience some inconvenience while moving."
298,How heavy is the crowd in MyeongDong around Daybreak?,"The requested Daybreak congestion in MyeongDong is 5:00 - 1.25, 6:00 - 0.08. mean congestion is 0.66. This time frame usually has moderate congestion, so you may occasionally experience some inconvenience while moving."
299,How full does MyeongDong get during Afternoon traffic?,"The requested Afternoon traffic congestion in MyeongDong is 16:00 - 0.89, 17:00 - 1.08, 18:00 - 0.41, 19:00 - 0.23, 20:00 - 0.35. mean congestion is 0.59. This time frame usually has moderate congestion, so you may occasionally experience some inconvenience while moving."
300,What’s the foot traffic in HongDea during Twilight commute?,"The requested Twilight commute congestion in HongDea is 16:00 - 0.44, 17:00 - 1.17, 18:00 - 0.58, 19:00 - 1.13, 20:00 - 1.32. mean congestion is 0.93. This time frame is crowded, so we recommend visiting during a different time."
301,How are the crowds in GangNam at Morning hustle?,"The requested Morning hustle congestion in GangNam is 7:00 - 0.84, 8:00 - 0.86, 9:00 - 0.51. mean congestion is 0.74. This time frame usually has moderate congestion, so you may occasionally experience some inconvenience while moving."
302,What’s the crowd flow like in GangNam during Evening peak?,"The requested Evening peak congestion in GangNam is 16:00 - 0.73, 17:00 - 0.0, 18:00 - 1.09, 19:00 - 0.57, 20:00 - 0.79. mean congestion is 0.64. This time frame usually has moderate congestion, so you may occasionally experience some inconvenience while moving."
303,What’s the crowd flow like in HongDea during Brunch hour?,"The requested Brunch hour congestion in HongDea is 10:00 - 1.16, 11:00 - 0.79, 12:00 - 0.75. mean congestion is 0.9. This time frame is crowded, so we recommend visiting during a different time."
304,What’s the congestion like in HongDea at Lunchtime?,"The requested Lunchtime congestion in HongDea is 13:00 - 0.05, 14:00 - 1.04, 15:00 - 0.09. mean congestion is 0.39. This time frame is smooth, so there is no issue with visiting."
305,What’s the foot traffic in MyeongDong during Commuter time?,"The requested Commuter time congestion in MyeongDong is 7:00 - 0.12, 8:00 - 0.01, 9:00 - 0.81, 16:00 - 0.34, 17:00 - 1.38, 18:00 - 1.1, 19:00 - 0.67, 20:00 - 1.44. mean congestion is 0.73. This time frame usually has moderate congestion, so you may occasionally experience some inconvenience while moving."
306,What’s the people flow in HongDea around Lunch hour?,"The requested Lunch hour congestion in HongDea is 13:00 - 1.11, 14:00 - 0.13, 15:00 - 0.76. mean congestion is 0.67. This time frame usually has moderate congestion, so you may occasionally experience some inconvenience while moving."
307,What’s the population density in MyeongDong around Evening peak?,"The requested Evening peak congestion in MyeongDong is 16:00 - 0.59, 17:00 - 0.82, 18:00 - 1.21, 19:00 - 1.25, 20:00 - 0.69. mean congestion is 0.91. This time frame is crowded, so we recommend visiting during a different time."
308,How crowded is GangNam around Afternoon traffic?,"The requested Afternoon traffic congestion in GangNam is 16:00 - 0.69, 17:00 - 0.48, 18:00 - 0.2, 19:00 - 0.98, 20:00 - 0.86. mean congestion is 0.64. This time frame usually has moderate congestion, so you may occasionally experience some inconvenience while moving."
309,How are the crowds in MyeongDong at Dawn hours?,"The requested Dawn hours congestion in MyeongDong is 5:00 - 0.65, 6:00 - 1.31. mean congestion is 0.98. This time frame is crowded, so we recommend visiting during a different time."
310,What’s the population density in HongDea around Peak travel time?,"The requested Peak travel time congestion in HongDea is 7:00 - 0.11, 8:00 - 0.02, 9:00 - 1.45, 16:00 - 1.01, 17:00 - 1.46, 18:00 - 0.06, 19:00 - 0.98, 20:00 - 1.22. mean congestion is 0.79. This time frame usually has moderate congestion, so you may occasionally experience some inconvenience while moving."
311,What’s the crowd flow like in GangNam during Post-work rush?,"The requested Post-work rush congestion in GangNam is 16:00 - 0.97, 17:00 - 0.31, 18:00 - 1.36, 19:00 - 1.01, 20:00 - 0.02. mean congestion is 0.73. This time frame usually has moderate congestion, so you may occasionally experience some inconvenience while moving."
312,What’s the congestion like in HongDea at High traffic time?,"The requested High traffic time congestion in HongDea is 7:00 - 1.27, 8:00 - 1.35, 9:00 - 0.24, 16:00 - 0.09, 17:00 - 0.38, 18:00 - 0.91, 19:00 - 0.88, 20:00 - 0.58. mean congestion is 0.71. This time frame usually has moderate congestion, so you may occasionally experience some inconvenience while moving."
313,How full does MyeongDong get during Early morning?,"The requested Early morning congestion in MyeongDong is 5:00 - 0.73, 6:00 - 1.33. mean congestion is 1.03. This time frame is crowded, so we recommend visiting during a different time."
314,What’s the congestion like in HongDea at Post-work rush?,"The requested Post-work rush congestion in HongDea is 16:00 - 0.46, 17:00 - 1.38, 18:00 - 0.94, 19:00 - 0.84, 20:00 - 0.33. mean congestion is 0.79. This time frame usually has moderate congestion, so you may occasionally experience some inconvenience while moving."
315,How are the crowds in GangNam at Peak travel time?,"The requested Peak travel time congestion in GangNam is 7:00 - 0.09, 8:00 - 0.05, 9:00 - 0.4, 16:00 - 0.66, 17:00 - 1.38, 18:00 - 0.29, 19:00 - 0.3, 20:00 - 0.95. mean congestion is 0.52. This time frame usually has moderate congestion, so you may occasionally experience some inconvenience while moving."
316,How busy is GangNam around Afternoon peak?,"The requested Afternoon peak congestion in GangNam is 16:00 - 0.81, 17:00 - 0.07, 18:00 - 0.72, 19:00 - 0.15, 20:00 - 1.28. mean congestion is 0.61. This time frame usually has moderate congestion, so you may occasionally experience some inconvenience while moving."
317,How much foot traffic does MyeongDong have at Dinner time?,"The requested Dinner time congestion in MyeongDong is 16:00 - 0.52, 17:00 - 0.24, 18:00 - 0.15, 19:00 - 0.24, 20:00 - 1.42. mean congestion is 0.51. This time frame usually has moderate congestion, so you may occasionally experience some inconvenience while moving."
318,How are the crowds in HongDea at Twilight commute?,"The requested Twilight commute congestion in HongDea is 16:00 - 0.75, 17:00 - 1.05, 18:00 - 0.8, 19:00 - 0.01, 20:00 - 0.77. mean congestion is 0.68. This time frame usually has moderate congestion, so you may occasionally experience some inconvenience while moving."
319,Is MyeongDong packed around Lunchtime rush?,"The requested Lunchtime rush congestion in MyeongDong is 13:00 - 1.39, 14:00 - 0.21, 15:00 - 1.09. mean congestion is 0.9. This time frame is crowded, so we recommend visiting during a different time."
320,What are the crowds like in HongDea during Lunchtime rush?,"The requested Lunchtime rush congestion in HongDea is 13:00 - 0.08, 14:00 - 1.24, 15:00 - 0.11. mean congestion is 0.48. This time frame is smooth, so there is no issue with visiting."
321,How packed does HongDea get around Commuter time?,"The requested Commuter time congestion in HongDea is 7:00 - 1.41, 8:00 - 0.41, 9:00 - 0.8, 16:00 - 1.47, 17:00 - 0.78, 18:00 - 0.89, 19:00 - 0.36, 20:00 - 0.53. mean congestion is 0.83. This time frame is crowded, so we recommend visiting during a different time."
322,What’s the foot traffic in HongDea during Morning rush hour?,"The requested Morning rush hour congestion in HongDea is 7:00 - 0.76, 8:00 - 0.27, 9:00 - 0.74. mean congestion is 0.59. This time frame usually has moderate congestion, so you may occasionally experience some inconvenience while moving."
323,What’s the Morning hustle traffic like in HongDea?,"The requested Morning hustle congestion in HongDea is 7:00 - 0.89, 8:00 - 1.2, 9:00 - 1.02. mean congestion is 1.04. This time frame is crowded, so we recommend visiting during a different time."
324,What’s the people flow in GangNam around Breakfast time?,"The requested Breakfast time congestion in GangNam is 7:00 - 0.49, 8:00 - 0.96, 9:00 - 1.13. mean congestion is 0.86. This time frame is crowded, so we recommend visiting during a different time."
325,How much foot traffic does HongDea have at Noon hour?,"The requested Noon hour congestion in HongDea is 13:00 - 0.88, 14:00 - 1.45, 15:00 - 0.34. mean congestion is 0.89. This time frame is crowded, so we recommend visiting during a different time."
326,How dense is the crowd in MyeongDong around Pre-dawn?,"The requested Pre-dawn congestion in MyeongDong is 5:00 - 0.08, 6:00 - 0.89. mean congestion is 0.48. This time frame is smooth, so there is no issue with visiting."
327,What’s the crowd level in HongDea during Twilight commute?,"The requested Twilight commute congestion in HongDea is 16:00 - 0.58, 17:00 - 0.68, 18:00 - 0.09, 19:00 - 0.46, 20:00 - 1.28. mean congestion is 0.62. This time frame usually has moderate congestion, so you may occasionally experience some inconvenience while moving."
328,What are the crowds like in MyeongDong during Breakfast time?,"The requested Breakfast time congestion in MyeongDong is 7:00 - 1.14, 8:00 - 1.01, 9:00 - 1.35. mean congestion is 1.17. This time frame is crowded, so we recommend visiting during a different time."
329,How heavy is the crowd in MyeongDong around Afternoon traffic?,"The requested Afternoon traffic congestion in MyeongDong is 16:00 - 1.4, 17:00 - 0.55, 18:00 - 1.06, 19:00 - 0.89, 20:00 - 0.41. mean congestion is 0.86. This time frame is crowded, so we recommend visiting during a different time."
330,How much foot traffic does MyeongDong have at Mid-morning hours?,"The requested Mid-morning hours congestion in MyeongDong is 10:00 - 0.64, 11:00 - 1.03, 12:00 - 0.06. mean congestion is 0.58. This time frame usually has moderate congestion, so you may occasionally experience some inconvenience while moving."
331,Is MyeongDong busy around Post-work rush?,"The requested Post-work rush congestion in MyeongDong is 16:00 - 0.43, 17:00 - 1.28, 18:00 - 1.32, 19:00 - 0.75, 20:00 - 1.36. mean congestion is 1.03. This time frame is crowded, so we recommend visiting during a different time."
332,What’s the congestion like in GangNam at Noon hour?,"The requested Noon hour congestion in GangNam is 13:00 - 0.19, 14:00 - 0.14, 15:00 - 0.18. mean congestion is 0.17. This time frame is smooth, so there is no issue with visiting."
333,What are the crowds like in MyeongDong during Morning hustle?,"The requested Morning hustle congestion in MyeongDong is 7:00 - 0.11, 8:00 - 1.16, 9:00 - 1.45. mean congestion is 0.91. This time frame is crowded, so we recommend visiting during a different time."
334,How are the crowds in GangNam at Sunset hours?,"The requested Sunset hours congestion in GangNam is 16:00 - 0.6, 17:00 - 0.05, 18:00 - 0.38, 19:00 - 0.24, 20:00 - 0.21. mean congestion is 0.3. This time frame is smooth, so there is no issue with visiting."
335,Is HongDea packed around Evening peak?,"The requested Evening peak congestion in HongDea is 16:00 - 0.78, 17:00 - 0.41, 18:00 - 0.4, 19:00 - 1.24, 20:00 - 1.25. mean congestion is 0.82. This time frame is crowded, so we recommend visiting during a different time."
336,How crowded is HongDea around Commuter time?,"The requested Commuter time congestion in HongDea is 7:00 - 0.59, 8:00 - 0.57, 9:00 - 1.21, 16:00 - 0.93, 17:00 - 1.2, 18:00 - 1.29, 19:00 - 1.42, 20:00 - 0.49. mean congestion is 0.96. This time frame is crowded, so we recommend visiting during a different time."
337,How are the crowds in GangNam at Early bird hours?,"The requested Early bird hours congestion in GangNam is 7:00 - 0.82, 8:00 - 0.45, 9:00 - 0.37. mean congestion is 0.55. This time frame usually has moderate congestion, so you may occasionally experience some inconvenience while moving."
338,What’s the people flow in MyeongDong around Sunset hours?,"The requested Sunset hours congestion in MyeongDong is 16:00 - 1.4, 17:00 - 0.66, 18:00 - 0.22, 19:00 - 1.0, 20:00 - 1.28. mean congestion is 0.91. This time frame is crowded, so we recommend visiting during a different time."
339,What’s the crowd situation in GangNam at Late afternoon?,"The requested Late afternoon congestion in GangNam is 13:00 - 0.23, 14:00 - 0.18, 15:00 - 1.42. mean congestion is 0.61. This time frame usually has moderate congestion, so you may occasionally experience some inconvenience while moving."
340,How dense is the crowd in GangNam around Evening peak?,"The requested Evening peak congestion in GangNam is 16:00 - 1.41, 17:00 - 0.89, 18:00 - 0.65, 19:00 - 1.46, 20:00 - 1.23. mean congestion is 1.13. This time frame is crowded, so we recommend visiting during a different time."
341,What are the crowds like in MyeongDong during Evening peak?,"The requested Evening peak congestion in MyeongDong is 16:00 - 1.42, 17:00 - 0.8, 18:00 - 0.57, 19:00 - 0.38, 20:00 - 1.27. mean congestion is 0.89. This time frame is crowded, so we recommend visiting during a different time."
342,How heavy is the crowd in MyeongDong around Commuter time?,"The requested Commuter time congestion in MyeongDong is 7:00 - 1.03, 8:00 - 0.34, 9:00 - 0.22, 16:00 - 1.39, 17:00 - 1.19, 18:00 - 1.4, 19:00 - 1.37, 20:00 - 0.18. mean congestion is 0.89. This time frame is crowded, so we recommend visiting during a different time."
343,How packed does HongDea get around Midday?,"The requested Midday congestion in HongDea is 13:00 - 0.53, 14:00 - 0.8, 15:00 - 0.89. mean congestion is 0.74. This time frame usually has moderate congestion, so you may occasionally experience some inconvenience while moving."
344,What’s the crowd flow like in HongDea during Peak travel time?,"The requested Peak travel time congestion in HongDea is 7:00 - 0.12, 8:00 - 0.67, 9:00 - 0.24, 16:00 - 0.98, 17:00 - 0.81, 18:00 - 1.46, 19:00 - 0.04, 20:00 - 0.17. mean congestion is 0.56. This time frame usually has moderate congestion, so you may occasionally experience some inconvenience while moving."
345,How crowded is MyeongDong around Commuter time?,"The requested Commuter time congestion in MyeongDong is 7:00 - 0.65, 8:00 - 0.54, 9:00 - 0.63, 16:00 - 0.92, 17:00 - 0.9, 18:00 - 1.11, 19:00 - 0.16, 20:00 - 1.44. mean congestion is 0.79. This time frame usually has moderate congestion, so you may occasionally experience some inconvenience while moving."
346,Is MyeongDong packed around Dawn hours?,"The requested Dawn hours congestion in MyeongDong is 5:00 - 0.41, 6:00 - 0.24. mean congestion is 0.32. This time frame is smooth, so there is no issue with visiting."
347,What’s the people flow in HongDea around Commuter time?,"The requested Commuter time congestion in HongDea is 7:00 - 1.31, 8:00 - 1.2, 9:00 - 0.62, 16:00 - 1.24, 17:00 - 0.99, 18:00 - 0.29, 19:00 - 0.43, 20:00 - 0.03. mean congestion is 0.76. This time frame usually has moderate congestion, so you may occasionally experience some inconvenience while moving."
348,How full does MyeongDong get during Commuter time?,"The requested Commuter time congestion in MyeongDong is 7:00 - 0.04, 8:00 - 0.48, 9:00 - 1.4, 16:00 - 0.63, 17:00 - 0.53, 18:00 - 0.94, 19:00 - 1.46, 20:00 - 1.2. mean congestion is 0.84. This time frame is crowded, so we recommend visiting during a different time."
349,Is GangNam busy around Morning rush hour?,"The requested Morning rush hour congestion in GangNam is 7:00 - 0.32, 8:00 - 1.12, 9:00 - 1.12. mean congestion is 0.85. This time frame is crowded, so we recommend visiting during a different time."
350,How full does MyeongDong get during Dinner time?,"The requested Dinner time congestion in MyeongDong is 16:00 - 0.16, 17:00 - 1.29, 18:00 - 0.44, 19:00 - 0.83, 20:00 - 0.85. mean congestion is 0.71. This time frame usually has moderate congestion, so you may occasionally experience some inconvenience while moving."
351,How packed does MyeongDong get around Morning rush hour?,"The requested Morning rush hour congestion in MyeongDong is 7:00 - 0.44, 8:00 - 1.06, 9:00 - 1.3. mean congestion is 0.93. This time frame is crowded, so we recommend visiting during a different time."
352,What’s the people flow in MyeongDong around Daybreak?,"The requested Daybreak congestion in MyeongDong is 5:00 - 0.59, 6:00 - 0.5. mean congestion is 0.54. This time frame usually has moderate congestion, so you may occasionally experience some inconvenience while moving."
353,How crowded is HongDea usually at Sunset hours?,"The requested Sunset hours congestion in HongDea is 16:00 - 0.06, 17:00 - 0.37, 18:00 - 1.41, 19:00 - 1.2, 20:00 - 0.03. mean congestion is 0.61. This time frame usually has moderate congestion, so you may occasionally experience some inconvenience while moving."
354,How full does GangNam get during Dinner time?,"The requested Dinner time congestion in GangNam is 16:00 - 0.11, 17:00 - 0.39, 18:00 - 0.59, 19:00 - 0.15, 20:00 - 0.58. mean congestion is 0.36. This time frame is smooth, so there is no issue with visiting."
355,How crowded is HongDea usually at Dawn hours?,"The requested Dawn hours congestion in HongDea is 5:00 - 1.15, 6:00 - 1.0. mean congestion is 1.08. This time frame is crowded, so we recommend visiting during a different time."
356,How much foot traffic does GangNam have at Early bird hours?,"The requested Early bird hours congestion in GangNam is 7:00 - 0.22, 8:00 - 1.44, 9:00 - 1.16. mean congestion is 0.94. This time frame is crowded, so we recommend visiting during a different time."
357,How are the crowds in MyeongDong at Lunchtime rush?,"The requested Lunchtime rush congestion in MyeongDong is 13:00 - 1.32, 14:00 - 0.42, 15:00 - 1.23. mean congestion is 0.99. This time frame is crowded, so we recommend visiting during a different time."
358,What’s the population density in GangNam around Noon hour?,"The requested Noon hour congestion in GangNam is 13:00 - 0.53, 14:00 - 0.83, 15:00 - 1.42. mean congestion is 0.93. This time frame is crowded, so we recommend visiting during a different time."
359,How heavy is the crowd in MyeongDong around Afternoon peak?,"The requested Afternoon peak congestion in MyeongDong is 16:00 - 1.4, 17:00 - 0.51, 18:00 - 0.77, 19:00 - 0.24, 20:00 - 1.19. mean congestion is 0.82. This time frame is crowded, so we recommend visiting during a different time."
360,What’s the congestion like in GangNam at Midday?,"The requested Midday congestion in GangNam is 13:00 - 0.16, 14:00 - 0.7, 15:00 - 0.05. mean congestion is 0.3. This time frame is smooth, so there is no issue with visiting."
361,How full does HongDea get during Late afternoon?,"The requested Late afternoon congestion in HongDea is 13:00 - 0.59, 14:00 - 0.49, 15:00 - 0.9. mean congestion is 0.66. This time frame usually has moderate congestion, so you may occasionally experience some inconvenience while moving."
362,What’s the congestion like in GangNam at Brunch hour?,"The requested Brunch hour congestion in GangNam is 10:00 - 1.2, 11:00 - 0.66, 12:00 - 1.36. mean congestion is 1.07. This time frame is crowded, so we recommend visiting during a different time."
363,How crowded is MyeongDong around Afternoon traffic?,"The requested Afternoon traffic congestion in MyeongDong is 16:00 - 0.66, 17:00 - 1.1, 18:00 - 0.67, 19:00 - 0.88, 20:00 - 0.33. mean congestion is 0.73. This time frame usually has moderate congestion, so you may occasionally experience some inconvenience while moving."
364,Is HongDea busy around Early morning?,"The requested Early morning congestion in HongDea is 5:00 - 0.73, 6:00 - 0.15. mean congestion is 0.44. This time frame is smooth, so there is no issue with visiting."
365,What’s the people flow in HongDea around Evening peak?,"The requested Evening peak congestion in HongDea is 16:00 - 0.87, 17:00 - 1.07, 18:00 - 1.49, 19:00 - 0.33, 20:00 - 1.39. mean congestion is 1.03. This time frame is crowded, so we recommend visiting during a different time."
366,How crowded is MyeongDong usually at Evening commute?,"The requested Evening commute congestion in MyeongDong is 16:00 - 0.64, 17:00 - 0.62, 18:00 - 1.08, 19:00 - 0.22, 20:00 - 1.08. mean congestion is 0.73. This time frame usually has moderate congestion, so you may occasionally experience some inconvenience while moving."
367,What’s the crowd level in MyeongDong during Breakfast time?,"The requested Breakfast time congestion in MyeongDong is 7:00 - 0.05, 8:00 - 0.41, 9:00 - 0.59. mean congestion is 0.35. This time frame is smooth, so there is no issue with visiting."
368,How crowded is MyeongDong usually at Pre-dawn?,"The requested Pre-dawn congestion in MyeongDong is 5:00 - 0.09, 6:00 - 1.31. mean congestion is 0.7. This time frame usually has moderate congestion, so you may occasionally experience some inconvenience while moving."
369,How busy is MyeongDong around Breakfast time?,"The requested Breakfast time congestion in MyeongDong is 7:00 - 0.77, 8:00 - 0.58, 9:00 - 0.41. mean congestion is 0.59. This time frame usually has moderate congestion, so you may occasionally experience some inconvenience while moving."
370,How packed does MyeongDong get around Breakfast time?,"The requested Breakfast time congestion in MyeongDong is 7:00 - 0.27, 8:00 - 0.94, 9:00 - 0.08. mean congestion is 0.43. This time frame is smooth, so there is no issue with visiting."
371,What’s the crowd flow like in MyeongDong during High traffic time?,"The requested High traffic time congestion in MyeongDong is 7:00 - 1.18, 8:00 - 1.11, 9:00 - 0.38, 16:00 - 0.2, 17:00 - 1.16, 18:00 - 0.66, 19:00 - 0.57, 20:00 - 1.49. mean congestion is 0.84. This time frame is crowded, so we recommend visiting during a different time."
372,What’s the crowd level in HongDea during Lunch hour?,"The requested Lunch hour congestion in HongDea is 13:00 - 0.33, 14:00 - 1.47, 15:00 - 0.53. mean congestion is 0.78. This time frame usually has moderate congestion, so you may occasionally experience some inconvenience while moving."
373,What’s the people flow in GangNam around Post-work rush?,"The requested Post-work rush congestion in GangNam is 16:00 - 1.33, 17:00 - 0.29, 18:00 - 1.14, 19:00 - 1.33, 20:00 - 0.95. mean congestion is 1.01. This time frame is crowded, so we recommend visiting during a different time."
374,What’s the Golden hour traffic like in GangNam?,"The requested Golden hour congestion in GangNam is 7:00 - 0.01, 8:00 - 1.16, 9:00 - 1.03, 16:00 - 0.65, 17:00 - 0.15, 18:00 - 1.33, 19:00 - 1.1, 20:00 - 1.23. mean congestion is 0.83. This time frame is crowded, so we recommend visiting during a different time."
375,How are the crowds in GangNam at Mid-morning hours?,"The requested Mid-morning hours congestion in GangNam is 10:00 - 0.19, 11:00 - 0.41, 12:00 - 0.02. mean congestion is 0.21. This time frame is smooth, so there is no issue with visiting."
376,How packed does HongDea get around Lunchtime?,"The requested Lunchtime congestion in HongDea is 13:00 - 0.2, 14:00 - 1.4, 15:00 - 0.08. mean congestion is 0.56. This time frame usually has moderate congestion, so you may occasionally experience some inconvenience while moving."
377,What’s the crowd flow like in GangNam during Post-work rush?,"The requested Post-work rush congestion in GangNam is 16:00 - 0.69, 17:00 - 1.44, 18:00 - 0.76, 19:00 - 0.23, 20:00 - 0.06. mean congestion is 0.64. This time frame usually has moderate congestion, so you may occasionally experience some inconvenience while moving."
378,How crowded is GangNam around Midday?,"The requested Midday congestion in GangNam is 13:00 - 0.76, 14:00 - 0.63, 15:00 - 0.47. mean congestion is 0.62. This time frame usually has moderate congestion, so you may occasionally experience some inconvenience while moving."
379,How dense is the crowd in MyeongDong around Morning rush hour?,"The requested Morning rush hour congestion in MyeongDong is 7:00 - 1.24, 8:00 - 0.96, 9:00 - 0.12. mean congestion is 0.77. This time frame usually has moderate congestion, so you may occasionally experience some inconvenience while moving."
380,How are the crowds in HongDea at Daybreak?,"The requested Daybreak congestion in HongDea is 5:00 - 0.78, 6:00 - 1.34. mean congestion is 1.06. This time frame is crowded, so we recommend visiting during a different time."
381,How packed does HongDea get around Morning rush hour?,"The requested Morning rush hour congestion in HongDea is 7:00 - 1.39, 8:00 - 0.43, 9:00 - 1.39. mean congestion is 1.07. This time frame is crowded, so we recommend visiting during a different time."
382,What’s the Twilight commute traffic like in GangNam?,"The requested Twilight commute congestion in GangNam is 16:00 - 0.59, 17:00 - 1.45, 18:00 - 0.34, 19:00 - 0.94, 20:00 - 0.33. mean congestion is 0.73. This time frame usually has moderate congestion, so you may occasionally experience some inconvenience while moving."
383,How busy is MyeongDong around High traffic time?,"The requested High traffic time congestion in MyeongDong is 7:00 - 0.47, 8:00 - 0.8, 9:00 - 1.28, 16:00 - 0.29, 17:00 - 0.24, 18:00 - 1.21, 19:00 - 1.27, 20:00 - 0.67. mean congestion is 0.78. This time frame usually has moderate congestion, so you may occasionally experience some inconvenience while moving."
384,What’s the congestion like in GangNam at Lunchtime?,"The requested Lunchtime congestion in GangNam is 13:00 - 0.63, 14:00 - 1.01, 15:00 - 1.47. mean congestion is 1.04. This time frame is crowded, so we recommend visiting during a different time."
385,How busy is HongDea around Midday?,"The requested Midday congestion in HongDea is 13:00 - 1.46, 14:00 - 1.47, 15:00 - 0.74. mean congestion is 1.22. This time frame is crowded, so we recommend visiting during a different time."
386,Is GangNam packed around Brunch hour?,"The requested Brunch hour congestion in GangNam is 10:00 - 0.7, 11:00 - 0.69, 12:00 - 0.04. mean congestion is 0.48. This time frame is smooth, so there is no issue with visiting."
387,Is GangNam packed around Evening rush?,"The requested Evening rush congestion in GangNam is 16:00 - 0.01, 17:00 - 1.47, 18:00 - 0.05, 19:00 - 1.41, 20:00 - 0.62. mean congestion is 0.71. This time frame usually has moderate congestion, so you may occasionally experience some inconvenience while moving."
388,What’s the people flow in GangNam around Evening rush?,"The requested Evening rush congestion in GangNam is 16:00 - 0.68, 17:00 - 1.4, 18:00 - 0.54, 19:00 - 0.09, 20:00 - 0.68. mean congestion is 0.68. This time frame usually has moderate congestion, so you may occasionally experience some inconvenience while moving."
389,What’s the foot traffic in HongDea during Morning hustle?,"The requested Morning hustle congestion in HongDea is 7:00 - 0.68, 8:00 - 0.87, 9:00 - 1.3. mean congestion is 0.95. This time frame is crowded, so we recommend visiting during a different time."
390,How crowded is GangNam usually at Late afternoon?,"The requested Late afternoon congestion in GangNam is 13:00 - 1.34, 14:00 - 0.21, 15:00 - 0.08. mean congestion is 0.54. This time frame usually has moderate congestion, so you may occasionally experience some inconvenience while moving."
391,What’s the foot traffic in GangNam during Evening rush?,"The requested Evening rush congestion in GangNam is 16:00 - 0.02, 17:00 - 0.29, 18:00 - 0.28, 19:00 - 0.82, 20:00 - 1.01. mean congestion is 0.48. This time frame is smooth, so there is no issue with visiting."
392,Is MyeongDong busy around Sunset hours?,"The requested Sunset hours congestion in MyeongDong is 16:00 - 0.3, 17:00 - 1.18, 18:00 - 0.65, 19:00 - 0.41, 20:00 - 0.91. mean congestion is 0.69. This time frame usually has moderate congestion, so you may occasionally experience some inconvenience while moving."
393,What’s the crowd flow like in MyeongDong during Afternoon traffic?,"The requested Afternoon traffic congestion in MyeongDong is 16:00 - 1.14, 17:00 - 1.09, 18:00 - 0.76, 19:00 - 0.21, 20:00 - 0.53. mean congestion is 0.75. This time frame usually has moderate congestion, so you may occasionally experience some inconvenience while moving."
394,What are the crowds like in HongDea during Early bird hours?,"The requested Early bird hours congestion in HongDea is 7:00 - 0.48, 8:00 - 0.44, 9:00 - 0.58. mean congestion is 0.5. This time frame usually has moderate congestion, so you may occasionally experience some inconvenience while moving."
395,How much foot traffic does MyeongDong have at Evening rush?,"The requested Evening rush congestion in MyeongDong is 16:00 - 0.86, 17:00 - 1.44, 18:00 - 0.21, 19:00 - 0.29, 20:00 - 0.33. mean congestion is 0.63. This time frame usually has moderate congestion, so you may occasionally experience some inconvenience while moving."
396,What’s the people flow in HongDea around Daybreak?,"The requested Daybreak congestion in HongDea is 5:00 - 0.36, 6:00 - 1.17. mean congestion is 0.76. This time frame usually has moderate congestion, so you may occasionally experience some inconvenience while moving."
397,How packed does MyeongDong get around Post-work rush?,"The requested Post-work rush congestion in MyeongDong is 16:00 - 1.29, 17:00 - 0.65, 18:00 - 0.71, 19:00 - 0.64, 20:00 - 0.16. mean congestion is 0.69. This time frame usually has moderate congestion, so you may occasionally experience some inconvenience while moving."
398,How are the crowds in HongDea at Golden hour?,"The requested Golden hour congestion in HongDea is 7:00 - 1.2, 8:00 - 0.91, 9:00 - 0.39, 16:00 - 0.24, 17:00 - 0.21, 18:00 - 1.47, 19:00 - 0.69, 20:00 - 1.05. mean congestion is 0.77. This time frame usually has moderate congestion, so you may occasionally experience some inconvenience while moving."
399,What’s the population density in MyeongDong around Noon hour?,"The requested Noon hour congestion in MyeongDong is 13:00 - 1.3, 14:00 - 1.12, 15:00 - 0.7. mean congestion is 1.04. This time frame is crowded, so we recommend visiting during a different time."
400,How busy is MyeongDong around Lunchtime rush?,"The requested Lunchtime rush congestion in MyeongDong is 13:00 - 0.12, 14:00 - 0.26, 15:00 - 0.97. mean congestion is 0.45. This time frame is smooth, so there is no issue with visiting."
401,Is MyeongDong busy around Afternoon traffic?,"The requested Afternoon traffic congestion in MyeongDong is 16:00 - 0.04, 17:00 - 0.58, 18:00 - 0.67, 19:00 - 1.03, 20:00 - 0.93. mean congestion is 0.65. This time frame usually has moderate congestion, so you may occasionally experience some inconvenience while moving."
402,Is HongDea busy around Evening commute?,"The requested Evening commute congestion in HongDea is 16:00 - 0.68, 17:00 - 0.76, 18:00 - 0.97, 19:00 - 0.57, 20:00 - 0.16. mean congestion is 0.63. This time frame usually has moderate congestion, so you may occasionally experience some inconvenience while moving."
403,What are the crowds like in HongDea during Early morning?,"The requested Early morning congestion in HongDea is 5:00 - 0.03, 6:00 - 0.54. mean congestion is 0.29. This time frame is smooth, so there is no issue with visiting."
404,Is GangNam packed around Early morning?,"The requested Early morning congestion in GangNam is 5:00 - 1.28, 6:00 - 1.06. mean congestion is 1.17. This time frame is crowded, so we recommend visiting during a different time."
405,Is HongDea busy around Twilight commute?,"The requested Twilight commute congestion in HongDea is 16:00 - 0.6, 17:00 - 1.25, 18:00 - 1.03, 19:00 - 0.06, 20:00 - 0.81. mean congestion is 0.75. This time frame usually has moderate congestion, so you may occasionally experience some inconvenience while moving."
406,What’s the congestion like in HongDea at Early bird hours?,"The requested Early bird hours congestion in HongDea is 7:00 - 0.07, 8:00 - 1.38, 9:00 - 1.22. mean congestion is 0.89. This time frame is crowded, so we recommend visiting during a different time."
407,What are the crowds like in MyeongDong during Lunchtime rush?,"The requested Lunchtime rush congestion in MyeongDong is 13:00 - 1.16, 14:00 - 0.0, 15:00 - 0.28. mean congestion is 0.48. This time frame is smooth, so there is no issue with visiting."
408,How much foot traffic does HongDea have at Lunch hour?,"The requested Lunch hour congestion in HongDea is 13:00 - 0.06, 14:00 - 0.92, 15:00 - 0.17. mean congestion is 0.38. This time frame is smooth, so there is no issue with visiting."
409,What’s the crowd level in HongDea during Midday?,"The requested Midday congestion in HongDea is 13:00 - 0.02, 14:00 - 0.77, 15:00 - 1.3. mean congestion is 0.7. This time frame usually has moderate congestion, so you may occasionally experience some inconvenience while moving."
410,How crowded is GangNam around Evening commute?,"The requested Evening commute congestion in GangNam is 16:00 - 1.1, 17:00 - 1.18, 18:00 - 0.71, 19:00 - 1.12, 20:00 - 0.79. mean congestion is 0.98. This time frame is crowded, so we recommend visiting during a different time."
411,How packed does GangNam get around Early morning?,"The requested Early morning congestion in GangNam is 5:00 - 0.02, 6:00 - 0.98. mean congestion is 0.5. This time frame usually has moderate congestion, so you may occasionally experience some inconvenience while moving."
412,What’s the population density in HongDea around Morning rush hour?,"The requested Morning rush hour congestion in HongDea is 7:00 - 0.73, 8:00 - 0.0, 9:00 - 0.05. mean congestion is 0.26. This time frame is smooth, so there is no issue with visiting."
413,Is HongDea packed around Midday?,"The requested Midday congestion in HongDea is 13:00 - 0.88, 14:00 - 0.27, 15:00 - 0.44. mean congestion is 0.53. This time frame usually has moderate congestion, so you may occasionally experience some inconvenience while moving."
414,What’s the Breakfast time traffic like in HongDea?,"The requested Breakfast time congestion in HongDea is 7:00 - 0.64, 8:00 - 1.06, 9:00 - 0.99. mean congestion is 0.9. This time frame is crowded, so we recommend visiting during a different time."
415,What’s the crowd situation in MyeongDong at Brunch hour?,"The requested Brunch hour congestion in MyeongDong is 10:00 - 1.36, 11:00 - 1.12, 12:00 - 0.42. mean congestion is 0.97. This time frame is crowded, so we recommend visiting during a different time."
416,What’s the Dawn hours traffic like in GangNam?,"The requested Dawn hours congestion in GangNam is 5:00 - 0.19, 6:00 - 0.86. mean congestion is 0.52. This time frame usually has moderate congestion, so you may occasionally experience some inconvenience while moving."
417,What’s the crowd level in GangNam during Evening rush?,"The requested Evening rush congestion in GangNam is 16:00 - 0.49, 17:00 - 0.33, 18:00 - 1.36, 19:00 - 0.41, 20:00 - 0.64. mean congestion is 0.65. This time frame usually has moderate congestion, so you may occasionally experience some inconvenience while moving."
418,How crowded is HongDea usually at Evening rush?,"The requested Evening rush congestion in HongDea is 16:00 - 0.75, 17:00 - 0.74, 18:00 - 0.02, 19:00 - 0.54, 20:00 - 0.7. mean congestion is 0.55. This time frame usually has moderate congestion, so you may occasionally experience some inconvenience while moving."
419,What’s the Lunchtime traffic like in GangNam?,"The requested Lunchtime congestion in GangNam is 13:00 - 0.51, 14:00 - 0.35, 15:00 - 1.43. mean congestion is 0.76. This time frame usually has moderate congestion, so you may occasionally experience some inconvenience while moving."
420,What’s the Morning rush hour traffic like in HongDea?,"The requested Morning rush hour congestion in HongDea is 7:00 - 1.04, 8:00 - 1.16, 9:00 - 0.56. mean congestion is 0.92. This time frame is crowded, so we recommend visiting during a different time."
421,How heavy is the crowd in HongDea around Morning hustle?,"The requested Morning hustle congestion in HongDea is 7:00 - 0.52, 8:00 - 0.53, 9:00 - 0.89. mean congestion is 0.65. This time frame usually has moderate congestion, so you may occasionally experience some inconvenience while moving."
422,What’s the Twilight commute traffic like in HongDea?,"The requested Twilight commute congestion in HongDea is 16:00 - 1.07, 17:00 - 0.46, 18:00 - 1.03, 19:00 - 1.24, 20:00 - 0.82. mean congestion is 0.92. This time frame is crowded, so we recommend visiting during a different time."
423,How heavy is the crowd in HongDea around Early morning?,"The requested Early morning congestion in HongDea is 5:00 - 0.61, 6:00 - 0.51. mean congestion is 0.56. This time frame usually has moderate congestion, so you may occasionally experience some inconvenience while moving."
424,How busy is MyeongDong around Golden hour?,"The requested Golden hour congestion in MyeongDong is 7:00 - 1.38, 8:00 - 1.04, 9:00 - 0.37, 16:00 - 0.68, 17:00 - 1.49, 18:00 - 0.65, 19:00 - 0.04, 20:00 - 0.6. mean congestion is 0.78. This time frame usually has moderate congestion, so you may occasionally experience some inconvenience while moving."
425,What’s the crowd situation in MyeongDong at Golden hour?,"The requested Golden hour congestion in MyeongDong is 7:00 - 0.7, 8:00 - 0.87, 9:00 - 1.3, 16:00 - 0.93, 17:00 - 0.11, 18:00 - 1.39, 19:00 - 0.67, 20:00 - 0.68. mean congestion is 0.83. This time frame is crowded, so we recommend visiting during a different time."
426,What’s the people flow in HongDea around Lunchtime?,"The requested Lunchtime congestion in HongDea is 13:00 - 0.59, 14:00 - 0.25, 15:00 - 0.32. mean congestion is 0.39. This time frame is smooth, so there is no issue with visiting."
427,What are the crowds like in GangNam during Dinner time?,"The requested Dinner time congestion in GangNam is 16:00 - 0.15, 17:00 - 1.24, 18:00 - 0.32, 19:00 - 0.25, 20:00 - 0.97. mean congestion is 0.59. This time frame usually has moderate congestion, so you may occasionally experience some inconvenience while moving."
428,How packed does MyeongDong get around Afternoon peak?,"The requested Afternoon peak congestion in MyeongDong is 16:00 - 1.37, 17:00 - 1.36, 18:00 - 0.77, 19:00 - 0.46, 20:00 - 0.2. mean congestion is 0.83. This time frame is crowded, so we recommend visiting during a different time."
429,How are the crowds in GangNam at Daybreak?,"The requested Daybreak congestion in GangNam is 5:00 - 1.22, 6:00 - 0.42. mean congestion is 0.82. This time frame is crowded, so we recommend visiting during a different time."
430,How dense is the crowd in MyeongDong around Dinner time?,"The requested Dinner time congestion in MyeongDong is 16:00 - 0.59, 17:00 - 0.78, 18:00 - 0.4, 19:00 - 0.41, 20:00 - 0.75. mean congestion is 0.59. This time frame usually has moderate congestion, so you may occasionally experience some inconvenience while moving."
431,What’s the population density in GangNam around Dawn hours?,"The requested Dawn hours congestion in GangNam is 5:00 - 0.44, 6:00 - 0.1. mean congestion is 0.27. This time frame is smooth, so there is no issue with visiting."
432,How heavy is the crowd in MyeongDong around Breakfast time?,"The requested Breakfast time congestion in MyeongDong is 7:00 - 1.42, 8:00 - 0.54, 9:00 - 0.62. mean congestion is 0.86. This time frame is crowded, so we recommend visiting during a different time."
433,What’s the population density in GangNam around Noon hour?,"The requested Noon hour congestion in GangNam is 13:00 - 0.05, 14:00 - 0.35, 15:00 - 0.41. mean congestion is 0.27. This time frame is smooth, so there is no issue with visiting."
434,How much foot traffic does GangNam have at Dawn hours?,"The requested Dawn hours congestion in GangNam is 5:00 - 1.45, 6:00 - 0.33. mean congestion is 0.89. This time frame is crowded, so we recommend visiting during a different time."
435,How crowded is GangNam around Early morning?,"The requested Early morning congestion in GangNam is 5:00 - 0.52, 6:00 - 1.42. mean congestion is 0.97. This time frame is crowded, so we recommend visiting during a different time."
436,What’s the people flow in MyeongDong around Daybreak?,"The requested Daybreak congestion in MyeongDong is 5:00 - 1.02, 6:00 - 0.53. mean congestion is 0.78. This time frame usually has moderate congestion, so you may occasionally experience some inconvenience while moving."
437,What are the crowds like in HongDea during Pre-dawn?,"The requested Pre-dawn congestion in HongDea is 5:00 - 0.83, 6:00 - 0.85. mean congestion is 0.84. This time frame is crowded, so we recommend visiting during a different time."
438,How heavy is the crowd in MyeongDong around Lunchtime?,"The requested Lunchtime congestion in MyeongDong is 13:00 - 0.43, 14:00 - 1.06, 15:00 - 0.67. mean congestion is 0.72. This time frame usually has moderate congestion, so you may occasionally experience some inconvenience while moving."
439,What’s the congestion like in GangNam at Early morning?,"The requested Early morning congestion in GangNam is 5:00 - 0.85, 6:00 - 0.51. mean congestion is 0.68. This time frame usually has moderate congestion, so you may occasionally experience some inconvenience while moving."
440,What’s the Breakfast time traffic like in HongDea?,"The requested Breakfast time congestion in HongDea is 7:00 - 0.41, 8:00 - 0.67, 9:00 - 0.56. mean congestion is 0.55. This time frame usually has moderate congestion, so you may occasionally experience some inconvenience while moving."
441,What’s the foot traffic in MyeongDong during Post-work rush?,"The requested Post-work rush congestion in MyeongDong is 16:00 - 0.29, 17:00 - 1.44, 18:00 - 0.28, 19:00 - 0.44, 20:00 - 0.11. mean congestion is 0.51. This time frame usually has moderate congestion, so you may occasionally experience some inconvenience while moving."
442,What’s the crowd flow like in HongDea during Dawn hours?,"The requested Dawn hours congestion in HongDea is 5:00 - 1.23, 6:00 - 0.87. mean congestion is 1.05. This time frame is crowded, so we recommend visiting during a different time."
443,How busy is GangNam around Pre-dawn?,"The requested Pre-dawn congestion in GangNam is 5:00 - 1.4, 6:00 - 0.15. mean congestion is 0.77. This time frame usually has moderate congestion, so you may occasionally experience some inconvenience while moving."
444,How heavy is the crowd in MyeongDong around Noon hour?,"The requested Noon hour congestion in MyeongDong is 13:00 - 0.41, 14:00 - 0.1, 15:00 - 0.29. mean congestion is 0.27. This time frame is smooth, so there is no issue with visiting."
445,How packed does GangNam get around Morning hustle?,"The requested Morning hustle congestion in GangNam is 7:00 - 1.39, 8:00 - 0.79, 9:00 - 0.96. mean congestion is 1.05. This time frame is crowded, so we recommend visiting during a different time."
446,What’s the foot traffic in HongDea during Evening peak?,"The requested Evening peak congestion in HongDea is 16:00 - 1.2, 17:00 - 0.8, 18:00 - 0.69, 19:00 - 0.71, 20:00 - 0.67. mean congestion is 0.81. This time frame is crowded, so we recommend visiting during a different time."
447,How are the crowds in GangNam at Twilight commute?,"The requested Twilight commute congestion in GangNam is 16:00 - 0.13, 17:00 - 1.12, 18:00 - 0.64, 19:00 - 0.11, 20:00 - 0.44. mean congestion is 0.49. This time frame is smooth, so there is no issue with visiting."
448,What’s the people flow in HongDea around Daybreak?,"The requested Daybreak congestion in HongDea is 5:00 - 1.49, 6:00 - 0.25. mean congestion is 0.87. This time frame is crowded, so we recommend visiting during a different time."
449,How crowded is HongDea around Daybreak?,"The requested Daybreak congestion in HongDea is 5:00 - 0.28, 6:00 - 0.98. mean congestion is 0.63. This time frame usually has moderate congestion, so you may occasionally experience some inconvenience while moving."
450,How much foot traffic does HongDea have at Afternoon traffic?,"The requested Afternoon traffic congestion in HongDea is 16:00 - 0.85, 17:00 - 0.21, 18:00 - 0.77, 19:00 - 0.63, 20:00 - 0.88. mean congestion is 0.67. This time frame usually has moderate congestion, so you may occasionally experience some inconvenience while moving."
451,Is MyeongDong packed around Midday?,"The requested Midday congestion in MyeongDong is 13:00 - 0.24, 14:00 - 0.75, 15:00 - 1.23. mean congestion is 0.74. This time frame usually has moderate congestion, so you may occasionally experience some inconvenience while moving."
452,How full does MyeongDong get during Lunchtime rush?,"The requested Lunchtime rush congestion in MyeongDong is 13:00 - 0.4, 14:00 - 1.28, 15:00 - 0.35. mean congestion is 0.68. This time frame usually has moderate congestion, so you may occasionally experience some inconvenience while moving."
453,How are the crowds in MyeongDong at Pre-dawn?,"The requested Pre-dawn congestion in MyeongDong is 5:00 - 0.93, 6:00 - 0.96. mean congestion is 0.94. This time frame is crowded, so we recommend visiting during a different time."
454,How dense is the crowd in HongDea around Evening rush?,"The requested Evening rush congestion in HongDea is 16:00 - 0.62, 17:00 - 0.69, 18:00 - 0.6, 19:00 - 1.05, 20:00 - 0.19. mean congestion is 0.63. This time frame usually has moderate congestion, so you may occasionally experience some inconvenience while moving."
455,What’s the population density in MyeongDong around Commuter time?,"The requested Commuter time congestion in MyeongDong is 7:00 - 0.89, 8:00 - 1.41, 9:00 - 1.32, 16:00 - 1.12, 17:00 - 1.23, 18:00 - 0.04, 19:00 - 0.92, 20:00 - 0.8. mean congestion is 0.97. This time frame is crowded, so we recommend visiting during a different time."
456,Is MyeongDong packed around Lunch hour?,"The requested Lunch hour congestion in MyeongDong is 13:00 - 0.65, 14:00 - 1.07, 15:00 - 1.1. mean congestion is 0.94. This time frame is crowded, so we recommend visiting during a different time."
457,What’s the congestion like in HongDea at Evening peak?,"The requested Evening peak congestion in HongDea is 16:00 - 0.31, 17:00 - 0.23, 18:00 - 0.01, 19:00 - 0.31, 20:00 - 0.81. mean congestion is 0.33. This time frame is smooth, so there is no issue with visiting."
458,What’s the crowd level in MyeongDong during Evening commute?,"The requested Evening commute congestion in MyeongDong is 16:00 - 1.22, 17:00 - 0.1, 18:00 - 0.4, 19:00 - 0.59, 20:00 - 1.1. mean congestion is 0.68. This time frame usually has moderate congestion, so you may occasionally experience some inconvenience while moving."
459,What’s the population density in MyeongDong around Evening peak?,"The requested Evening peak congestion in MyeongDong is 16:00 - 0.78, 17:00 - 0.04, 18:00 - 1.38, 19:00 - 0.35, 20:00 - 1.41. mean congestion is 0.79. This time frame usually has moderate congestion, so you may occasionally experience some inconvenience while moving."
460,What’s the crowd situation in HongDea at Early morning?,"The requested Early morning congestion in HongDea is 5:00 - 1.16, 6:00 - 0.11. mean congestion is 0.64. This time frame usually has moderate congestion, so you may occasionally experience some inconvenience while moving."
461,What’s the Mid-morning hours traffic like in GangNam?,"The requested Mid-morning hours congestion in GangNam is 10:00 - 0.14, 11:00 - 0.89, 12:00 - 0.09. mean congestion is 0.37. This time frame is smooth, so there is no issue with visiting."
462,What’s the congestion like in GangNam at Morning rush hour?,"The requested Morning rush hour congestion in GangNam is 7:00 - 0.19, 8:00 - 0.98, 9:00 - 0.1. mean congestion is 0.42. This time frame is smooth, so there is no issue with visiting."
463,What are the crowds like in MyeongDong during Afternoon traffic?,"The requested Afternoon traffic congestion in MyeongDong is 16:00 - 1.37, 17:00 - 0.93, 18:00 - 0.19, 19:00 - 0.31, 20:00 - 0.51. mean congestion is 0.66. This time frame usually has moderate congestion, so you may occasionally experience some inconvenience while moving."
464,Is HongDea busy around Late afternoon?,"The requested Late afternoon congestion in HongDea is 13:00 - 0.39, 14:00 - 0.63, 15:00 - 1.17. mean congestion is 0.73. This time frame usually has moderate congestion, so you may occasionally experience some inconvenience while moving."
465,What’s the crowd flow like in GangNam during Brunch hour?,"The requested Brunch hour congestion in GangNam is 10:00 - 1.33, 11:00 - 1.19, 12:00 - 0.71. mean congestion is 1.08. This time frame is crowded, so we recommend visiting during a different time."
466,How crowded is HongDea usually at Afternoon peak?,"The requested Afternoon peak congestion in HongDea is 16:00 - 1.44, 17:00 - 0.07, 18:00 - 1.16, 19:00 - 1.22, 20:00 - 0.51. mean congestion is 0.88. This time frame is crowded, so we recommend visiting during a different time."
467,How are the crowds in GangNam at High traffic time?,"The requested High traffic time congestion in GangNam is 7:00 - 0.66, 8:00 - 0.09, 9:00 - 0.88, 16:00 - 1.35, 17:00 - 1.25, 18:00 - 0.73, 19:00 - 1.03, 20:00 - 0.33. mean congestion is 0.79. This time frame usually has moderate congestion, so you may occasionally experience some inconvenience while moving."
468,Is HongDea busy around Lunchtime rush?,"The requested Lunchtime rush congestion in HongDea is 13:00 - 1.18, 14:00 - 1.42, 15:00 - 1.46. mean congestion is 1.35. This time frame is crowded, so we recommend visiting during a different time."
469,How busy is HongDea around Golden hour?,"The requested Golden hour congestion in HongDea is 7:00 - 1.03, 8:00 - 1.42, 9:00 - 0.77, 16:00 - 0.64, 17:00 - 0.82, 18:00 - 0.88, 19:00 - 0.13, 20:00 - 0.07. mean congestion is 0.72. This time frame usually has moderate congestion, so you may occasionally experience some inconvenience while moving."
470,Is MyeongDong busy around Pre-dawn?,"The requested Pre-dawn congestion in MyeongDong is 5:00 - 1.28, 6:00 - 0.74. mean congestion is 1.01. This time frame is crowded, so we recommend visiting during a different time."
471,How dense is the crowd in GangNam around Peak travel time?,"The requested Peak travel time congestion in GangNam is 7:00 - 0.24, 8:00 - 0.89, 9:00 - 0.67, 16:00 - 0.48, 17:00 - 1.27, 18:00 - 1.21, 19:00 - 0.17, 20:00 - 0.08. mean congestion is 0.63. This time frame usually has moderate congestion, so you may occasionally experience some inconvenience while moving."
472,How packed does MyeongDong get around Afternoon peak?,"The requested Afternoon peak congestion in MyeongDong is 16:00 - 0.62, 17:00 - 0.68, 18:00 - 0.67, 19:00 - 0.67, 20:00 - 1.2. mean congestion is 0.77. This time frame usually has moderate congestion, so you may occasionally experience some inconvenience while moving."
473,How packed does HongDea get around Golden hour?,"The requested Golden hour congestion in HongDea is 7:00 - 1.07, 8:00 - 1.39, 9:00 - 1.49, 16:00 - 0.1, 17:00 - 0.59, 18:00 - 1.16, 19:00 - 0.17, 20:00 - 0.54. mean congestion is 0.81. This time frame is crowded, so we recommend visiting during a different time."
474,How heavy is the crowd in HongDea around Commuter time?,"The requested Commuter time congestion in HongDea is 7:00 - 0.96, 8:00 - 1.26, 9:00 - 1.4, 16:00 - 1.2, 17:00 - 0.79, 18:00 - 0.44, 19:00 - 1.11, 20:00 - 1.06. mean congestion is 1.03. This time frame is crowded, so we recommend visiting during a different time."
475,What’s the foot traffic in GangNam during Twilight commute?,"The requested Twilight commute congestion in GangNam is 16:00 - 0.96, 17:00 - 1.05, 18:00 - 1.44, 19:00 - 0.85, 20:00 - 0.04. mean congestion is 0.87. This time frame is crowded, so we recommend visiting during a different time."
476,Is MyeongDong busy around Lunch hour?,"The requested Lunch hour congestion in MyeongDong is 13:00 - 0.3, 14:00 - 0.05, 15:00 - 1.26. mean congestion is 0.54. This time frame usually has moderate congestion, so you may occasionally experience some inconvenience while moving."
477,How crowded is HongDea around Early bird hours?,"The requested Early bird hours congestion in HongDea is 7:00 - 0.32, 8:00 - 0.83, 9:00 - 0.92. mean congestion is 0.69. This time frame usually has moderate congestion, so you may occasionally experience some inconvenience while moving."
478,Is MyeongDong packed around Lunchtime rush?,"The requested Lunchtime rush congestion in MyeongDong is 13:00 - 1.29, 14:00 - 1.07, 15:00 - 1.1. mean congestion is 1.15. This time frame is crowded, so we recommend visiting during a different time."
479,What’s the foot traffic in HongDea during Pre-dawn?,"The requested Pre-dawn congestion in HongDea is 5:00 - 0.05, 6:00 - 1.01. mean congestion is 0.53. This time frame usually has moderate congestion, so you may occasionally experience some inconvenience while moving."
480,How much foot traffic does MyeongDong have at Afternoon peak?,"The requested Afternoon peak congestion in MyeongDong is 16:00 - 0.95, 17:00 - 0.46, 18:00 - 0.35, 19:00 - 0.24, 20:00 - 1.29. mean congestion is 0.66. This time frame usually has moderate congestion, so you may occasionally experience some inconvenience while moving."
481,What’s the crowd level in GangNam during Late afternoon?,"The requested Late afternoon congestion in GangNam is 13:00 - 0.45, 14:00 - 0.35, 15:00 - 1.09. mean congestion is 0.63. This time frame usually has moderate congestion, so you may occasionally experience some inconvenience while moving."
482,What’s the people flow in MyeongDong around Late afternoon?,"The requested Late afternoon congestion in MyeongDong is 13:00 - 0.44, 14:00 - 1.33, 15:00 - 1.49. mean congestion is 1.09. This time frame is crowded, so we recommend visiting during a different time."
483,What’s the Post-work rush traffic like in MyeongDong?,"The requested Post-work rush congestion in MyeongDong is 16:00 - 1.39, 17:00 - 1.17, 18:00 - 0.62, 19:00 - 0.7, 20:00 - 0.51. mean congestion is 0.88. This time frame is crowded, so we recommend visiting during a different time."
484,What’s the Lunchtime traffic like in GangNam?,"The requested Lunchtime congestion in GangNam is 13:00 - 0.72, 14:00 - 0.17, 15:00 - 1.16. mean congestion is 0.68. This time frame usually has moderate congestion, so you may occasionally experience some inconvenience while moving."
485,What are the crowds like in GangNam during Dawn hours?,"The requested Dawn hours congestion in GangNam is 5:00 - 0.02, 6:00 - 0.01. mean congestion is 0.02. This time frame is smooth, so there is no issue with visiting."
486,How much foot traffic does HongDea have at Twilight commute?,"The requested Twilight commute congestion in HongDea is 16:00 - 1.07, 17:00 - 0.54, 18:00 - 0.9, 19:00 - 1.15, 20:00 - 0.73. mean congestion is 0.88. This time frame is crowded, so we recommend visiting during a different time."
487,What’s the Daybreak traffic like in MyeongDong?,"The requested Daybreak congestion in MyeongDong is 5:00 - 1.19, 6:00 - 1.04. mean congestion is 1.12. This time frame is crowded, so we recommend visiting during a different time."
488,What’s the foot traffic in GangNam during Brunch hour?,"The requested Brunch hour congestion in GangNam is 10:00 - 0.89, 11:00 - 0.24, 12:00 - 0.68. mean congestion is 0.6. This time frame usually has moderate congestion, so you may occasionally experience some inconvenience while moving."
489,What’s the population density in GangNam around Lunchtime?,"The requested Lunchtime congestion in GangNam is 13:00 - 0.55, 14:00 - 1.37, 15:00 - 0.83. mean congestion is 0.92. This time frame is crowded, so we recommend visiting during a different time."
490,How much foot traffic does GangNam have at Evening peak?,"The requested Evening peak congestion in GangNam is 16:00 - 0.11, 17:00 - 0.26, 18:00 - 1.08, 19:00 - 0.35, 20:00 - 0.83. mean congestion is 0.53. This time frame usually has moderate congestion, so you may occasionally experience some inconvenience while moving."
491,What’s the population density in GangNam around Brunch hour?,"The requested Brunch hour congestion in GangNam is 10:00 - 0.92, 11:00 - 0.33, 12:00 - 0.45. mean congestion is 0.57. This time frame usually has moderate congestion, so you may occasionally experience some inconvenience while moving."
492,How busy is GangNam around High traffic time?,"The requested High traffic time congestion in GangNam is 7:00 - 1.2, 8:00 - 0.28, 9:00 - 1.29, 16:00 - 0.43, 17:00 - 0.69, 18:00 - 0.76, 19:00 - 0.15, 20:00 - 0.25. mean congestion is 0.63. This time frame usually has moderate congestion, so you may occasionally experience some inconvenience while moving."
493,What’s the foot traffic in HongDea during Morning rush hour?,"The requested Morning rush hour congestion in HongDea is 7:00 - 0.07, 8:00 - 0.33, 9:00 - 1.09. mean congestion is 0.5. This time frame usually has moderate congestion, so you may occasionally experience some inconvenience while moving."
494,What’s the foot traffic in HongDea during Late afternoon?,"The requested Late afternoon congestion in HongDea is 13:00 - 1.0, 14:00 - 0.5, 15:00 - 0.61. mean congestion is 0.7. This time frame usually has moderate congestion, so you may occasionally experience some inconvenience while moving."
495,What’s the people flow in MyeongDong around Breakfast time?,"The requested Breakfast time congestion in MyeongDong is 7:00 - 0.6, 8:00 - 1.02, 9:00 - 0.76. mean congestion is 0.79. This time frame usually has moderate congestion, so you may occasionally experience some inconvenience while moving."
496,How much foot traffic does MyeongDong have at Daybreak?,"The requested Daybreak congestion in MyeongDong is 5:00 - 0.8, 6:00 - 0.54. mean congestion is 0.67. This time frame usually has moderate congestion, so you may occasionally experience some inconvenience while moving."
497,What’s the crowd level in HongDea during Commuter time?,"The requested Commuter time congestion in HongDea is 7:00 - 0.52, 8:00 - 0.29, 9:00 - 0.83, 16:00 - 1.38, 17:00 - 1.22, 18:00 - 0.57, 19:00 - 0.78, 20:00 - 1.49. mean congestion is 0.88. This time frame is crowded, so we recommend visiting during a different time."
498,What’s the Dinnertime bustle traffic like in HongDea?,"The requested Dinnertime bustle congestion in HongDea is 16:00 - 1.46, 17:00 - 1.17, 18:00 - 1.43, 19:00 - 0.1, 20:00 - 0.19. mean congestion is 0.87. This time frame is crowded, so we recommend visiting during a different time."
499,What’s the Midday traffic like in GangNam?,"The requested Midday congestion in GangNam is 13:00 - 1.06, 14:00 - 0.84, 15:00 - 1.46. mean congestion is 1.12. This time frame is crowded, so we recommend visiting during a different time."
