,question,answer
0,What’s the crowd flow like in Gangnam during Noon hour?,"The requested Noon hour congestion in Gangnam is 
상선 :12:00 - 119.2, 12:30 - 102.4, 13:00 - 71.0, 13:30 - 110.2, 14:00 - 114.3, 14:30 - 90.8. mean congestion is 101.3. This time period is crowded, so we recommend visiting during a different time.
하선 :12:00 - 16.8, 12:30 - 40.2, 13:00 - 79.6, 13:30 - 72.2, 14:00 - 4.2, 14:30 - 33.9. mean congestion is 41.2. This time period is not busy, so it's a good time to visit.
"
1,How crowded is Gangnam usually at Lunchtime rush?,"The requested Lunchtime rush congestion in Gangnam is 
내선 :12:00 - 74.6, 12:30 - 31.0, 13:00 - 117.3, 13:30 - 123.1, 14:00 - 79.6, 14:30 - 123.8. mean congestion is 91.6. This time period is crowded, so we recommend visiting during a different time.
외선 :12:00 - 48.8, 12:30 - 35.8, 13:00 - 72.7, 13:30 - 91.5, 14:00 - 78.1, 14:30 - 66.8. mean congestion is 65.6. During this time period, the congestion level is moderate, so you may occasionally experience some inconvenience when moving around.
"
2,How busy is Myeongdong around Midday?,"The requested Midday congestion in Myeongdong is 
내선 :12:00 - 7.0, 12:30 - 122.2, 13:00 - 24.8, 13:30 - 13.6, 14:00 - 29.7, 14:30 - 24.0. mean congestion is 36.9. This time period is not busy, so it's a good time to visit.
외선 :12:00 - 8.3, 12:30 - 5.9, 13:00 - 35.3, 13:30 - 110.0, 14:00 - 27.6, 14:30 - 99.5. mean congestion is 47.8. This time period is not busy, so it's a good time to visit.
"
3,Is Hongdea packed around Afternoon peak?,"The requested Afternoon peak congestion in Hongdea is 
상선 :17:00 - 102.6, 17:30 - 3.8, 18:00 - 65.9, 18:30 - 100.3, 19:00 - 93.4, 19:30 - 47.6. mean congestion is 68.9. During this time period, the congestion level is moderate, so you may occasionally experience some inconvenience when moving around.
하선 :17:00 - 4.9, 17:30 - 66.4, 18:00 - 129.8, 18:30 - 17.4, 19:00 - 103.3, 19:30 - 54.4. mean congestion is 62.7. During this time period, the congestion level is moderate, so you may occasionally experience some inconvenience when moving around.
"
4,How full does Hongdea get during Twilight commute?,"The requested Twilight commute congestion in Hongdea is 
내선 :17:00 - 58.5, 17:30 - 74.7, 18:00 - 96.3, 18:30 - 36.2, 19:00 - 16.7, 19:30 - 89.2. mean congestion is 61.9. During this time period, the congestion level is moderate, so you may occasionally experience some inconvenience when moving around.
외선 :17:00 - 57.6, 17:30 - 101.1, 18:00 - 58.8, 18:30 - 102.1, 19:00 - 103.1, 19:30 - 40.2. mean congestion is 77.2. During this time period, the congestion level is moderate, so you may occasionally experience some inconvenience when moving around.
"
5,How busy is Hongdea around Evening peak?,"The requested Evening peak congestion in Hongdea is 
내선 :17:00 - 114.9, 17:30 - 9.8, 18:00 - 82.0, 18:30 - 9.7, 19:00 - 60.6, 19:30 - 123.9. mean congestion is 66.8. During this time period, the congestion level is moderate, so you may occasionally experience some inconvenience when moving around.
외선 :17:00 - 99.0, 17:30 - 52.5, 18:00 - 129.2, 18:30 - 59.1, 19:00 - 11.8, 19:30 - 108.8. mean congestion is 76.7. During this time period, the congestion level is moderate, so you may occasionally experience some inconvenience when moving around.
"
6,How much foot traffic does Gangnam have at Lunchtime?,"The requested Lunchtime congestion in Gangnam is 
내선 :12:00 - 17.8, 12:30 - 109.0, 13:00 - 102.1, 13:30 - 129.4, 14:00 - 77.9, 14:30 - 48.6. mean congestion is 80.8. This time period is crowded, so we recommend visiting during a different time.
외선 :12:00 - 90.3, 12:30 - 23.2, 13:00 - 52.9, 13:30 - 87.9, 14:00 - 113.9, 14:30 - 61.4. mean congestion is 71.6. During this time period, the congestion level is moderate, so you may occasionally experience some inconvenience when moving around.
"
7,What’s the crowd flow like in Hongdea during Dinnertime bustle?,"The requested Dinnertime bustle congestion in Hongdea is 
내선 :17:00 - 118.9, 17:30 - 13.0, 18:00 - 124.7, 18:30 - 109.3, 19:00 - 108.8, 19:30 - 14.5. mean congestion is 81.5. This time period is crowded, so we recommend visiting during a different time.
외선 :17:00 - 36.4, 17:30 - 123.9, 18:00 - 88.5, 18:30 - 1.7, 19:00 - 46.6, 19:30 - 45.8. mean congestion is 57.2. During this time period, the congestion level is moderate, so you may occasionally experience some inconvenience when moving around.
"
8,Is Hongdea busy around Sunset hours?,"The requested Sunset hours congestion in Hongdea is 
내선 :17:00 - 12.2, 17:30 - 114.1, 18:00 - 14.9, 18:30 - 67.9, 19:00 - 61.3, 19:30 - 11.6. mean congestion is 47.0. This time period is not busy, so it's a good time to visit.
외선 :17:00 - 108.0, 17:30 - 56.1, 18:00 - 83.6, 18:30 - 37.5, 19:00 - 9.8, 19:30 - 123.9. mean congestion is 69.8. During this time period, the congestion level is moderate, so you may occasionally experience some inconvenience when moving around.
"
9,How crowded is Gangnam usually at Late afternoon?,"The requested Late afternoon congestion in Gangnam is 
내선 :12:00 - 32.0, 12:30 - 34.9, 13:00 - 43.3, 13:30 - 117.2, 14:00 - 96.0, 14:30 - 118.3. mean congestion is 73.6. During this time period, the congestion level is moderate, so you may occasionally experience some inconvenience when moving around.
외선 :12:00 - 33.1, 12:30 - 2.2, 13:00 - 69.5, 13:30 - 96.1, 14:00 - 60.4, 14:30 - 86.4. mean congestion is 58.0. During this time period, the congestion level is moderate, so you may occasionally experience some inconvenience when moving around.
"
10,What’s the crowd flow like in Gangnam during Morning hustle?,"The requested Morning hustle congestion in Gangnam is 
내선 :7:00 - 73.3, 7:30 - 115.2, 8:00 - 50.0, 8:30 - 12.4, 9:00 - 53.9, 9:30 - 77.6. mean congestion is 63.7. During this time period, the congestion level is moderate, so you may occasionally experience some inconvenience when moving around.
외선 :7:00 - 41.3, 7:30 - 75.4, 8:00 - 128.6, 8:30 - 22.7, 9:00 - 118.5, 9:30 - 112.4. mean congestion is 83.1. This time period is crowded, so we recommend visiting during a different time.
"
11,How packed does Myeongdong get around Post-work rush?,"The requested Post-work rush congestion in Myeongdong is 
내선 :17:00 - 87.9, 17:30 - 10.2, 18:00 - 26.4, 18:30 - 126.2, 19:00 - 70.7, 19:30 - 37.4. mean congestion is 59.8. During this time period, the congestion level is moderate, so you may occasionally experience some inconvenience when moving around.
외선 :17:00 - 86.7, 17:30 - 127.4, 18:00 - 85.7, 18:30 - 86.0, 19:00 - 78.3, 19:30 - 38.9. mean congestion is 83.8. This time period is crowded, so we recommend visiting during a different time.
"
12,What’s the foot traffic in Myeongdong during Morning hustle?,"The requested Morning hustle congestion in Myeongdong is 
상선 :7:00 - 61.8, 7:30 - 9.0, 8:00 - 58.0, 8:30 - 2.1, 9:00 - 96.5, 9:30 - 63.0. mean congestion is 48.4. This time period is not busy, so it's a good time to visit.
하선 :7:00 - 33.6, 7:30 - 37.1, 8:00 - 73.4, 8:30 - 61.7, 9:00 - 49.0, 9:30 - 77.3. mean congestion is 55.4. During this time period, the congestion level is moderate, so you may occasionally experience some inconvenience when moving around.
"
13,What’s the Early morning traffic like in Myeongdong?,"The requested Early morning congestion in Myeongdong is 
상선 :5:30 - 86.7, 6:00 - 28.9, 6:30 - 62.6. mean congestion is 59.4. During this time period, the congestion level is moderate, so you may occasionally experience some inconvenience when moving around.
하선 :5:30 - 7.5, 6:00 - 11.1, 6:30 - 4.4. mean congestion is 7.7. This time period is not busy, so it's a good time to visit.
"
14,How much foot traffic does Myeongdong have at Golden hour?,"The requested Golden hour congestion in Myeongdong is 
상선 :7:00 - 122.4, 7:30 - 41.5, 8:00 - 93.7, 8:30 - 110.7, 9:00 - 109.4, 9:30 - 72.5, 17:00 - 68.9, 17:30 - 34.0, 18:00 - 13.4, 18:30 - 66.9, 19:00 - 103.8, 19:30 - 51.0. mean congestion is 74.0. During this time period, the congestion level is moderate, so you may occasionally experience some inconvenience when moving around.
하선 :7:00 - 124.9, 7:30 - 85.9, 8:00 - 43.5, 8:30 - 99.6, 9:00 - 0.1, 9:30 - 63.8, 17:00 - 108.3, 17:30 - 58.9, 18:00 - 47.1, 18:30 - 76.3, 19:00 - 113.5, 19:30 - 97.1. mean congestion is 76.6. During this time period, the congestion level is moderate, so you may occasionally experience some inconvenience when moving around.
"
15,How busy is Gangnam around Late afternoon?,"The requested Late afternoon congestion in Gangnam is 
상선 :12:00 - 20.7, 12:30 - 102.2, 13:00 - 26.6, 13:30 - 53.2, 14:00 - 53.6, 14:30 - 108.2. mean congestion is 60.8. During this time period, the congestion level is moderate, so you may occasionally experience some inconvenience when moving around.
하선 :12:00 - 63.9, 12:30 - 111.6, 13:00 - 57.6, 13:30 - 2.1, 14:00 - 20.0, 14:30 - 19.4. mean congestion is 45.8. This time period is not busy, so it's a good time to visit.
"
16,How heavy is the crowd in Gangnam around Post-work rush?,"The requested Post-work rush congestion in Gangnam is 
내선 :17:00 - 13.4, 17:30 - 51.6, 18:00 - 26.9, 18:30 - 2.7, 19:00 - 46.8, 19:30 - 27.4. mean congestion is 28.1. This time period is not busy, so it's a good time to visit.
외선 :17:00 - 80.9, 17:30 - 117.0, 18:00 - 48.5, 18:30 - 77.9, 19:00 - 11.9, 19:30 - 46.8. mean congestion is 63.8. During this time period, the congestion level is moderate, so you may occasionally experience some inconvenience when moving around.
"
17,What’s the crowd flow like in Myeongdong during Lunchtime rush?,"The requested Lunchtime rush congestion in Myeongdong is 
내선 :12:00 - 15.6, 12:30 - 61.2, 13:00 - 7.5, 13:30 - 54.6, 14:00 - 98.9, 14:30 - 79.5. mean congestion is 52.9. During this time period, the congestion level is moderate, so you may occasionally experience some inconvenience when moving around.
외선 :12:00 - 76.8, 12:30 - 46.1, 13:00 - 37.9, 13:30 - 87.3, 14:00 - 95.6, 14:30 - 3.8. mean congestion is 57.9. During this time period, the congestion level is moderate, so you may occasionally experience some inconvenience when moving around.
"
18,How crowded is Hongdea around Breakfast time?,"The requested Breakfast time congestion in Hongdea is 
상선 :7:00 - 72.5, 7:30 - 7.1, 8:00 - 38.9, 8:30 - 38.2, 9:00 - 31.0, 9:30 - 36.1. mean congestion is 37.3. This time period is not busy, so it's a good time to visit.
하선 :7:00 - 101.5, 7:30 - 41.5, 8:00 - 9.1, 8:30 - 75.8, 9:00 - 3.8, 9:30 - 20.0. mean congestion is 41.9. This time period is not busy, so it's a good time to visit.
"
19,How dense is the crowd in Myeongdong around Late afternoon?,"The requested Late afternoon congestion in Myeongdong is 
내선 :12:00 - 2.7, 12:30 - 78.9, 13:00 - 53.1, 13:30 - 64.8, 14:00 - 20.7, 14:30 - 85.4. mean congestion is 50.9. During this time period, the congestion level is moderate, so you may occasionally experience some inconvenience when moving around.
외선 :12:00 - 38.6, 12:30 - 56.5, 13:00 - 63.7, 13:30 - 57.4, 14:00 - 101.4, 14:30 - 58.1. mean congestion is 62.6. During this time period, the congestion level is moderate, so you may occasionally experience some inconvenience when moving around.
"
20,What’s the foot traffic in Hongdea during Evening peak?,"The requested Evening peak congestion in Hongdea is 
상선 :17:00 - 6.7, 17:30 - 119.0, 18:00 - 90.0, 18:30 - 114.0, 19:00 - 5.6, 19:30 - 27.3. mean congestion is 60.4. During this time period, the congestion level is moderate, so you may occasionally experience some inconvenience when moving around.
하선 :17:00 - 7.7, 17:30 - 51.7, 18:00 - 56.1, 18:30 - 71.0, 19:00 - 72.5, 19:30 - 27.5. mean congestion is 47.8. This time period is not busy, so it's a good time to visit.
"
21,How heavy is the crowd in Myeongdong around Breakfast time?,"The requested Breakfast time congestion in Myeongdong is 
내선 :7:00 - 108.1, 7:30 - 81.0, 8:00 - 92.1, 8:30 - 67.1, 9:00 - 33.1, 9:30 - 91.0. mean congestion is 78.7. During this time period, the congestion level is moderate, so you may occasionally experience some inconvenience when moving around.
외선 :7:00 - 27.4, 7:30 - 31.9, 8:00 - 70.8, 8:30 - 110.2, 9:00 - 37.6, 9:30 - 96.8. mean congestion is 62.5. During this time period, the congestion level is moderate, so you may occasionally experience some inconvenience when moving around.
"
22,How are the crowds in Gangnam at Morning hustle?,"The requested Morning hustle congestion in Gangnam is 
상선 :7:00 - 11.3, 7:30 - 45.6, 8:00 - 5.6, 8:30 - 73.3, 9:00 - 122.3, 9:30 - 85.2. mean congestion is 57.2. During this time period, the congestion level is moderate, so you may occasionally experience some inconvenience when moving around.
하선 :7:00 - 107.7, 7:30 - 124.9, 8:00 - 61.5, 8:30 - 108.4, 9:00 - 104.6, 9:30 - 70.2. mean congestion is 96.2. This time period is crowded, so we recommend visiting during a different time.
"
23,How busy is Myeongdong around Late afternoon?,"The requested Late afternoon congestion in Myeongdong is 
내선 :12:00 - 69.5, 12:30 - 45.5, 13:00 - 49.7, 13:30 - 91.1, 14:00 - 28.5, 14:30 - 27.2. mean congestion is 51.9. During this time period, the congestion level is moderate, so you may occasionally experience some inconvenience when moving around.
외선 :12:00 - 11.6, 12:30 - 22.8, 13:00 - 127.3, 13:30 - 96.9, 14:00 - 92.8, 14:30 - 65.8. mean congestion is 69.5. During this time period, the congestion level is moderate, so you may occasionally experience some inconvenience when moving around.
"
24,How crowded is Hongdea around Late afternoon?,"The requested Late afternoon congestion in Hongdea is 
상선 :12:00 - 4.4, 12:30 - 32.7, 13:00 - 46.6, 13:30 - 71.4, 14:00 - 37.6, 14:30 - 110.8. mean congestion is 50.6. During this time period, the congestion level is moderate, so you may occasionally experience some inconvenience when moving around.
하선 :12:00 - 107.1, 12:30 - 89.8, 13:00 - 123.1, 13:30 - 7.0, 14:00 - 41.6, 14:30 - 91.5. mean congestion is 76.7. During this time period, the congestion level is moderate, so you may occasionally experience some inconvenience when moving around.
"
25,What’s the crowd situation in Hongdea at Brunch hour?,"The requested Brunch hour congestion in Hongdea is 
내선 :10:00 - 108.8, 10:30 - 118.4, 11:00 - 125.0, 11:30 - 93.2. mean congestion is 111.4. This time period is crowded, so we recommend visiting during a different time.
외선 :10:00 - 5.9, 10:30 - 25.6, 11:00 - 31.7, 11:30 - 53.6. mean congestion is 29.2. This time period is not busy, so it's a good time to visit.
"
26,What are the crowds like in Hongdea during Mid-morning hours?,"The requested Mid-morning hours congestion in Hongdea is 
내선 :10:00 - 108.1, 10:30 - 3.6, 11:00 - 49.8, 11:30 - 71.2. mean congestion is 58.2. During this time period, the congestion level is moderate, so you may occasionally experience some inconvenience when moving around.
외선 :10:00 - 74.5, 10:30 - 15.4, 11:00 - 75.3, 11:30 - 127.9. mean congestion is 73.3. During this time period, the congestion level is moderate, so you may occasionally experience some inconvenience when moving around.
"
27,What’s the crowd flow like in Myeongdong during Post-work rush?,"The requested Post-work rush congestion in Myeongdong is 
내선 :17:00 - 121.7, 17:30 - 101.7, 18:00 - 103.2, 18:30 - 98.1, 19:00 - 57.9, 19:30 - 83.3. mean congestion is 94.3. This time period is crowded, so we recommend visiting during a different time.
외선 :17:00 - 96.1, 17:30 - 115.3, 18:00 - 104.7, 18:30 - 119.9, 19:00 - 59.7, 19:30 - 83.8. mean congestion is 96.6. This time period is crowded, so we recommend visiting during a different time.
"
28,What’s the population density in Gangnam around Lunchtime?,"The requested Lunchtime congestion in Gangnam is 
상선 :12:00 - 114.5, 12:30 - 19.8, 13:00 - 3.3, 13:30 - 15.5, 14:00 - 116.5, 14:30 - 37.6. mean congestion is 51.2. During this time period, the congestion level is moderate, so you may occasionally experience some inconvenience when moving around.
하선 :12:00 - 33.7, 12:30 - 34.5, 13:00 - 0.9, 13:30 - 127.1, 14:00 - 128.7, 14:30 - 123.2. mean congestion is 74.7. During this time period, the congestion level is moderate, so you may occasionally experience some inconvenience when moving around.
"
29,How heavy is the crowd in Myeongdong around Evening peak?,"The requested Evening peak congestion in Myeongdong is 
내선 :17:00 - 59.7, 17:30 - 88.9, 18:00 - 11.3, 18:30 - 83.2, 19:00 - 103.5, 19:30 - 43.1. mean congestion is 65.0. During this time period, the congestion level is moderate, so you may occasionally experience some inconvenience when moving around.
외선 :17:00 - 63.5, 17:30 - 94.0, 18:00 - 100.9, 18:30 - 42.6, 19:00 - 94.1, 19:30 - 59.5. mean congestion is 75.8. During this time period, the congestion level is moderate, so you may occasionally experience some inconvenience when moving around.
"
30,What’s the Mid-morning hours traffic like in Myeongdong?,"The requested Mid-morning hours congestion in Myeongdong is 
상선 :10:00 - 81.8, 10:30 - 118.8, 11:00 - 9.9, 11:30 - 126.8. mean congestion is 84.3. This time period is crowded, so we recommend visiting during a different time.
하선 :10:00 - 29.7, 10:30 - 50.0, 11:00 - 90.7, 11:30 - 14.9. mean congestion is 46.3. This time period is not busy, so it's a good time to visit.
"
31,What’s the crowd situation in Hongdea at Peak travel time?,"The requested Peak travel time congestion in Hongdea is 
상선 :7:00 - 36.8, 7:30 - 100.9, 8:00 - 28.6, 8:30 - 8.9, 9:00 - 63.5, 9:30 - 44.5, 17:00 - 18.3, 17:30 - 122.8, 18:00 - 117.7, 18:30 - 37.5, 19:00 - 110.1, 19:30 - 60.0. mean congestion is 62.5. During this time period, the congestion level is moderate, so you may occasionally experience some inconvenience when moving around.
하선 :7:00 - 18.3, 7:30 - 25.9, 8:00 - 127.4, 8:30 - 40.1, 9:00 - 69.4, 9:30 - 33.9, 17:00 - 58.1, 17:30 - 48.0, 18:00 - 91.4, 18:30 - 69.4, 19:00 - 87.8, 19:30 - 29.3. mean congestion is 58.2. During this time period, the congestion level is moderate, so you may occasionally experience some inconvenience when moving around.
"
32,What’s the population density in Hongdea around High traffic time?,"The requested High traffic time congestion in Hongdea is 
내선 :7:00 - 41.2, 7:30 - 109.6, 8:00 - 19.5, 8:30 - 93.2, 9:00 - 82.3, 9:30 - 127.7, 17:00 - 42.8, 17:30 - 95.6, 18:00 - 93.4, 18:30 - 71.1, 19:00 - 81.9, 19:30 - 27.9. mean congestion is 73.8. During this time period, the congestion level is moderate, so you may occasionally experience some inconvenience when moving around.
외선 :7:00 - 86.4, 7:30 - 30.3, 8:00 - 97.4, 8:30 - 86.5, 9:00 - 49.6, 9:30 - 97.2, 17:00 - 87.0, 17:30 - 65.6, 18:00 - 71.8, 18:30 - 69.1, 19:00 - 104.1, 19:30 - 118.3. mean congestion is 80.3. This time period is crowded, so we recommend visiting during a different time.
"
33,What’s the congestion like in Hongdea at High traffic time?,"The requested High traffic time congestion in Hongdea is 
내선 :7:00 - 41.7, 7:30 - 119.3, 8:00 - 27.5, 8:30 - 92.5, 9:00 - 81.8, 9:30 - 27.0, 17:00 - 120.0, 17:30 - 4.3, 18:00 - 2.9, 18:30 - 115.9, 19:00 - 0.8, 19:30 - 118.9. mean congestion is 62.7. During this time period, the congestion level is moderate, so you may occasionally experience some inconvenience when moving around.
외선 :7:00 - 100.3, 7:30 - 23.1, 8:00 - 22.9, 8:30 - 11.6, 9:00 - 78.9, 9:30 - 72.0, 17:00 - 98.4, 17:30 - 19.8, 18:00 - 17.6, 18:30 - 60.0, 19:00 - 110.0, 19:30 - 92.9. mean congestion is 59.0. During this time period, the congestion level is moderate, so you may occasionally experience some inconvenience when moving around.
"
34,Is Myeongdong packed around Midday?,"The requested Midday congestion in Myeongdong is 
내선 :12:00 - 51.5, 12:30 - 102.4, 13:00 - 96.7, 13:30 - 103.4, 14:00 - 108.7, 14:30 - 125.6. mean congestion is 98.0. This time period is crowded, so we recommend visiting during a different time.
외선 :12:00 - 37.3, 12:30 - 129.7, 13:00 - 35.2, 13:30 - 128.1, 14:00 - 104.5, 14:30 - 84.7. mean congestion is 86.6. This time period is crowded, so we recommend visiting during a different time.
"
35,How dense is the crowd in Hongdea around Dawn hours?,"The requested Dawn hours congestion in Hongdea is 
상선 :5:30 - 52.0, 6:00 - 114.3, 6:30 - 35.4. mean congestion is 67.2. During this time period, the congestion level is moderate, so you may occasionally experience some inconvenience when moving around.
하선 :5:30 - 100.4, 6:00 - 48.5, 6:30 - 30.5. mean congestion is 59.8. During this time period, the congestion level is moderate, so you may occasionally experience some inconvenience when moving around.
"
36,How dense is the crowd in Myeongdong around Early bird hours?,"The requested Early bird hours congestion in Myeongdong is 
내선 :7:00 - 43.6, 7:30 - 83.2, 8:00 - 101.8, 8:30 - 119.4, 9:00 - 52.5, 9:30 - 10.7. mean congestion is 68.5. During this time period, the congestion level is moderate, so you may occasionally experience some inconvenience when moving around.
외선 :7:00 - 4.1, 7:30 - 125.1, 8:00 - 56.9, 8:30 - 23.0, 9:00 - 111.4, 9:30 - 48.0. mean congestion is 61.4. During this time period, the congestion level is moderate, so you may occasionally experience some inconvenience when moving around.
"
37,What’s the crowd flow like in Gangnam during Mid-morning hours?,"The requested Mid-morning hours congestion in Gangnam is 
상선 :10:00 - 65.6, 10:30 - 29.4, 11:00 - 86.1, 11:30 - 39.9. mean congestion is 55.2. During this time period, the congestion level is moderate, so you may occasionally experience some inconvenience when moving around.
하선 :10:00 - 64.5, 10:30 - 20.7, 11:00 - 50.7, 11:30 - 100.2. mean congestion is 59.0. During this time period, the congestion level is moderate, so you may occasionally experience some inconvenience when moving around.
"
38,What are the crowds like in Hongdea during Lunchtime rush?,"The requested Lunchtime rush congestion in Hongdea is 
내선 :12:00 - 121.5, 12:30 - 119.9, 13:00 - 109.5, 13:30 - 80.0, 14:00 - 44.1, 14:30 - 74.1. mean congestion is 91.5. This time period is crowded, so we recommend visiting during a different time.
외선 :12:00 - 63.0, 12:30 - 12.9, 13:00 - 103.1, 13:30 - 108.2, 14:00 - 9.9, 14:30 - 129.1. mean congestion is 71.0. During this time period, the congestion level is moderate, so you may occasionally experience some inconvenience when moving around.
"
39,What’s the congestion like in Hongdea at Pre-dawn?,"The requested Pre-dawn congestion in Hongdea is 
내선 :5:30 - 104.8, 6:00 - 26.8, 6:30 - 7.4. mean congestion is 46.3. This time period is not busy, so it's a good time to visit.
외선 :5:30 - 73.9, 6:00 - 43.8, 6:30 - 3.9. mean congestion is 40.5. This time period is not busy, so it's a good time to visit.
"
40,What’s the congestion like in Gangnam at High traffic time?,"The requested High traffic time congestion in Gangnam is 
내선 :7:00 - 8.3, 7:30 - 53.8, 8:00 - 95.4, 8:30 - 10.6, 9:00 - 62.1, 9:30 - 74.0, 17:00 - 52.1, 17:30 - 14.8, 18:00 - 0.7, 18:30 - 28.7, 19:00 - 42.1, 19:30 - 39.9. mean congestion is 40.2. This time period is not busy, so it's a good time to visit.
외선 :7:00 - 61.2, 7:30 - 53.4, 8:00 - 56.6, 8:30 - 79.3, 9:00 - 8.3, 9:30 - 107.9, 17:00 - 38.5, 17:30 - 21.8, 18:00 - 70.3, 18:30 - 22.6, 19:00 - 40.1, 19:30 - 83.5. mean congestion is 53.6. During this time period, the congestion level is moderate, so you may occasionally experience some inconvenience when moving around.
"
41,How packed does Myeongdong get around High traffic time?,"The requested High traffic time congestion in Myeongdong is 
내선 :7:00 - 103.3, 7:30 - 11.0, 8:00 - 85.8, 8:30 - 2.9, 9:00 - 109.8, 9:30 - 24.3, 17:00 - 28.5, 17:30 - 49.8, 18:00 - 36.1, 18:30 - 50.3, 19:00 - 73.9, 19:30 - 129.8. mean congestion is 58.8. During this time period, the congestion level is moderate, so you may occasionally experience some inconvenience when moving around.
외선 :7:00 - 90.3, 7:30 - 128.1, 8:00 - 86.9, 8:30 - 24.6, 9:00 - 100.5, 9:30 - 31.0, 17:00 - 37.9, 17:30 - 106.8, 18:00 - 86.4, 18:30 - 82.4, 19:00 - 20.3, 19:30 - 109.2. mean congestion is 75.4. During this time period, the congestion level is moderate, so you may occasionally experience some inconvenience when moving around.
"
42,What’s the congestion like in Myeongdong at Lunchtime rush?,"The requested Lunchtime rush congestion in Myeongdong is 
상선 :12:00 - 27.5, 12:30 - 87.4, 13:00 - 58.4, 13:30 - 97.1, 14:00 - 22.4, 14:30 - 125.9. mean congestion is 69.8. During this time period, the congestion level is moderate, so you may occasionally experience some inconvenience when moving around.
하선 :12:00 - 99.7, 12:30 - 11.4, 13:00 - 78.5, 13:30 - 88.8, 14:00 - 43.4, 14:30 - 119.2. mean congestion is 73.5. During this time period, the congestion level is moderate, so you may occasionally experience some inconvenience when moving around.
"
43,How much foot traffic does Myeongdong have at Dinner time?,"The requested Dinner time congestion in Myeongdong is 
상선 :17:00 - 102.8, 17:30 - 55.3, 18:00 - 118.7, 18:30 - 97.8, 19:00 - 29.3, 19:30 - 94.0. mean congestion is 83.0. This time period is crowded, so we recommend visiting during a different time.
하선 :17:00 - 15.9, 17:30 - 125.2, 18:00 - 49.0, 18:30 - 121.8, 19:00 - 99.9, 19:30 - 1.1. mean congestion is 68.8. During this time period, the congestion level is moderate, so you may occasionally experience some inconvenience when moving around.
"
44,How busy is Hongdea around Afternoon peak?,"The requested Afternoon peak congestion in Hongdea is 
상선 :17:00 - 129.5, 17:30 - 10.3, 18:00 - 29.7, 18:30 - 87.8, 19:00 - 52.2, 19:30 - 33.9. mean congestion is 57.2. During this time period, the congestion level is moderate, so you may occasionally experience some inconvenience when moving around.
하선 :17:00 - 29.9, 17:30 - 31.3, 18:00 - 126.2, 18:30 - 81.7, 19:00 - 32.3, 19:30 - 82.2. mean congestion is 63.9. During this time period, the congestion level is moderate, so you may occasionally experience some inconvenience when moving around.
"
45,How packed does Gangnam get around Noon hour?,"The requested Noon hour congestion in Gangnam is 
내선 :12:00 - 89.8, 12:30 - 60.3, 13:00 - 8.2, 13:30 - 16.0, 14:00 - 65.1, 14:30 - 80.2. mean congestion is 53.3. During this time period, the congestion level is moderate, so you may occasionally experience some inconvenience when moving around.
외선 :12:00 - 125.8, 12:30 - 43.7, 13:00 - 60.0, 13:30 - 13.2, 14:00 - 91.8, 14:30 - 81.3. mean congestion is 69.3. During this time period, the congestion level is moderate, so you may occasionally experience some inconvenience when moving around.
"
46,What are the crowds like in Myeongdong during Dinnertime bustle?,"The requested Dinnertime bustle congestion in Myeongdong is 
내선 :17:00 - 13.6, 17:30 - 124.5, 18:00 - 103.1, 18:30 - 36.9, 19:00 - 121.3, 19:30 - 32.5. mean congestion is 72.0. During this time period, the congestion level is moderate, so you may occasionally experience some inconvenience when moving around.
외선 :17:00 - 123.1, 17:30 - 102.4, 18:00 - 5.4, 18:30 - 36.1, 19:00 - 70.9, 19:30 - 95.2. mean congestion is 72.2. During this time period, the congestion level is moderate, so you may occasionally experience some inconvenience when moving around.
"
47,How much foot traffic does Hongdea have at Dinner time?,"The requested Dinner time congestion in Hongdea is 
상선 :17:00 - 55.9, 17:30 - 63.7, 18:00 - 63.1, 18:30 - 55.1, 19:00 - 59.4, 19:30 - 27.5. mean congestion is 54.1. During this time period, the congestion level is moderate, so you may occasionally experience some inconvenience when moving around.
하선 :17:00 - 10.8, 17:30 - 41.0, 18:00 - 23.1, 18:30 - 83.6, 19:00 - 124.6, 19:30 - 65.0. mean congestion is 58.0. During this time period, the congestion level is moderate, so you may occasionally experience some inconvenience when moving around.
"
48,How are the crowds in Hongdea at Midday?,"The requested Midday congestion in Hongdea is 
내선 :12:00 - 19.8, 12:30 - 82.6, 13:00 - 55.6, 13:30 - 14.0, 14:00 - 66.9, 14:30 - 71.1. mean congestion is 51.7. During this time period, the congestion level is moderate, so you may occasionally experience some inconvenience when moving around.
외선 :12:00 - 70.6, 12:30 - 78.5, 13:00 - 25.9, 13:30 - 114.8, 14:00 - 9.3, 14:30 - 101.5. mean congestion is 66.8. During this time period, the congestion level is moderate, so you may occasionally experience some inconvenience when moving around.
"
49,How heavy is the crowd in Hongdea around Lunchtime rush?,"The requested Lunchtime rush congestion in Hongdea is 
내선 :12:00 - 65.9, 12:30 - 63.9, 13:00 - 102.0, 13:30 - 127.1, 14:00 - 35.8, 14:30 - 4.9. mean congestion is 66.6. During this time period, the congestion level is moderate, so you may occasionally experience some inconvenience when moving around.
외선 :12:00 - 107.8, 12:30 - 34.3, 13:00 - 33.3, 13:30 - 42.0, 14:00 - 80.2, 14:30 - 81.7. mean congestion is 63.2. During this time period, the congestion level is moderate, so you may occasionally experience some inconvenience when moving around.
"
50,What are the crowds like in Gangnam during Evening rush?,"The requested Evening rush congestion in Gangnam is 
내선 :17:00 - 51.8, 17:30 - 80.7, 18:00 - 13.8, 18:30 - 76.4, 19:00 - 44.9, 19:30 - 2.5. mean congestion is 45.0. This time period is not busy, so it's a good time to visit.
외선 :17:00 - 114.2, 17:30 - 11.5, 18:00 - 10.4, 18:30 - 70.5, 19:00 - 21.5, 19:30 - 59.1. mean congestion is 47.9. This time period is not busy, so it's a good time to visit.
"
51,What are the crowds like in Hongdea during Noon hour?,"The requested Noon hour congestion in Hongdea is 
내선 :12:00 - 60.7, 12:30 - 82.5, 13:00 - 23.7, 13:30 - 80.2, 14:00 - 109.5, 14:30 - 34.8. mean congestion is 65.2. During this time period, the congestion level is moderate, so you may occasionally experience some inconvenience when moving around.
외선 :12:00 - 24.6, 12:30 - 58.6, 13:00 - 95.6, 13:30 - 25.1, 14:00 - 43.9, 14:30 - 3.7. mean congestion is 41.9. This time period is not busy, so it's a good time to visit.
"
52,What’s the congestion like in Hongdea at Late afternoon?,"The requested Late afternoon congestion in Hongdea is 
내선 :12:00 - 111.1, 12:30 - 125.9, 13:00 - 94.4, 13:30 - 43.7, 14:00 - 29.6, 14:30 - 47.7. mean congestion is 75.4. During this time period, the congestion level is moderate, so you may occasionally experience some inconvenience when moving around.
외선 :12:00 - 127.4, 12:30 - 129.0, 13:00 - 79.5, 13:30 - 4.9, 14:00 - 13.5, 14:30 - 18.6. mean congestion is 62.2. During this time period, the congestion level is moderate, so you may occasionally experience some inconvenience when moving around.
"
53,How packed does Gangnam get around Evening peak?,"The requested Evening peak congestion in Gangnam is 
내선 :17:00 - 0.7, 17:30 - 122.4, 18:00 - 2.7, 18:30 - 8.1, 19:00 - 20.3, 19:30 - 41.3. mean congestion is 32.6. This time period is not busy, so it's a good time to visit.
외선 :17:00 - 125.9, 17:30 - 124.2, 18:00 - 111.4, 18:30 - 42.0, 19:00 - 108.6, 19:30 - 52.9. mean congestion is 94.2. This time period is crowded, so we recommend visiting during a different time.
"
54,How busy is Hongdea around Evening rush?,"The requested Evening rush congestion in Hongdea is 
내선 :17:00 - 11.2, 17:30 - 86.1, 18:00 - 30.8, 18:30 - 22.9, 19:00 - 14.0, 19:30 - 45.8. mean congestion is 35.1. This time period is not busy, so it's a good time to visit.
외선 :17:00 - 122.6, 17:30 - 55.5, 18:00 - 84.5, 18:30 - 26.2, 19:00 - 4.5, 19:30 - 28.9. mean congestion is 53.7. During this time period, the congestion level is moderate, so you may occasionally experience some inconvenience when moving around.
"
55,What’s the people flow in Gangnam around Noon hour?,"The requested Noon hour congestion in Gangnam is 
내선 :12:00 - 87.7, 12:30 - 99.2, 13:00 - 40.2, 13:30 - 16.6, 14:00 - 6.0, 14:30 - 101.2. mean congestion is 58.5. During this time period, the congestion level is moderate, so you may occasionally experience some inconvenience when moving around.
외선 :12:00 - 112.2, 12:30 - 87.4, 13:00 - 9.3, 13:30 - 98.5, 14:00 - 45.0, 14:30 - 1.6. mean congestion is 59.0. During this time period, the congestion level is moderate, so you may occasionally experience some inconvenience when moving around.
"
56,What’s the foot traffic in Gangnam during Sunset hours?,"The requested Sunset hours congestion in Gangnam is 
내선 :17:00 - 76.3, 17:30 - 110.9, 18:00 - 99.8, 18:30 - 100.8, 19:00 - 72.0, 19:30 - 85.8. mean congestion is 90.9. This time period is crowded, so we recommend visiting during a different time.
외선 :17:00 - 24.1, 17:30 - 20.5, 18:00 - 1.1, 18:30 - 76.0, 19:00 - 5.3, 19:30 - 24.5. mean congestion is 25.2. This time period is not busy, so it's a good time to visit.
"
57,How crowded is Myeongdong usually at Evening peak?,"The requested Evening peak congestion in Myeongdong is 
내선 :17:00 - 118.8, 17:30 - 64.4, 18:00 - 49.3, 18:30 - 49.4, 19:00 - 55.7, 19:30 - 39.4. mean congestion is 62.8. During this time period, the congestion level is moderate, so you may occasionally experience some inconvenience when moving around.
외선 :17:00 - 12.8, 17:30 - 110.4, 18:00 - 53.7, 18:30 - 41.9, 19:00 - 83.0, 19:30 - 52.1. mean congestion is 59.0. During this time period, the congestion level is moderate, so you may occasionally experience some inconvenience when moving around.
"
58,What’s the crowd flow like in Myeongdong during Lunchtime rush?,"The requested Lunchtime rush congestion in Myeongdong is 
상선 :12:00 - 99.7, 12:30 - 21.9, 13:00 - 56.2, 13:30 - 23.2, 14:00 - 9.4, 14:30 - 84.2. mean congestion is 49.1. This time period is not busy, so it's a good time to visit.
하선 :12:00 - 77.7, 12:30 - 55.1, 13:00 - 99.2, 13:30 - 127.1, 14:00 - 50.3, 14:30 - 5.0. mean congestion is 69.1. During this time period, the congestion level is moderate, so you may occasionally experience some inconvenience when moving around.
"
59,How crowded is Gangnam around Midday?,"The requested Midday congestion in Gangnam is 
상선 :12:00 - 105.4, 12:30 - 45.8, 13:00 - 49.4, 13:30 - 86.2, 14:00 - 84.0, 14:30 - 50.8. mean congestion is 70.3. During this time period, the congestion level is moderate, so you may occasionally experience some inconvenience when moving around.
하선 :12:00 - 74.9, 12:30 - 76.4, 13:00 - 38.0, 13:30 - 115.0, 14:00 - 34.1, 14:30 - 20.2. mean congestion is 59.8. During this time period, the congestion level is moderate, so you may occasionally experience some inconvenience when moving around.
"
60,What’s the crowd situation in Gangnam at High traffic time?,"The requested High traffic time congestion in Gangnam is 
내선 :7:00 - 53.8, 7:30 - 27.3, 8:00 - 5.7, 8:30 - 75.0, 9:00 - 51.5, 9:30 - 125.3, 17:00 - 99.2, 17:30 - 56.4, 18:00 - 94.7, 18:30 - 114.8, 19:00 - 49.1, 19:30 - 125.2. mean congestion is 73.2. During this time period, the congestion level is moderate, so you may occasionally experience some inconvenience when moving around.
외선 :7:00 - 23.1, 7:30 - 97.8, 8:00 - 16.8, 8:30 - 108.7, 9:00 - 97.3, 9:30 - 42.8, 17:00 - 67.3, 17:30 - 99.1, 18:00 - 94.4, 18:30 - 116.1, 19:00 - 43.6, 19:30 - 113.3. mean congestion is 76.7. During this time period, the congestion level is moderate, so you may occasionally experience some inconvenience when moving around.
"
61,What’s the crowd level in Hongdea during Golden hour?,"The requested Golden hour congestion in Hongdea is 
내선 :7:00 - 97.9, 7:30 - 111.9, 8:00 - 54.7, 8:30 - 81.3, 9:00 - 101.3, 9:30 - 23.7, 17:00 - 56.1, 17:30 - 50.5, 18:00 - 2.6, 18:30 - 93.6, 19:00 - 20.7, 19:30 - 96.3. mean congestion is 65.9. During this time period, the congestion level is moderate, so you may occasionally experience some inconvenience when moving around.
외선 :7:00 - 71.9, 7:30 - 19.8, 8:00 - 63.5, 8:30 - 42.1, 9:00 - 13.3, 9:30 - 34.4, 17:00 - 5.2, 17:30 - 112.5, 18:00 - 112.5, 18:30 - 104.8, 19:00 - 80.4, 19:30 - 41.9. mean congestion is 58.5. During this time period, the congestion level is moderate, so you may occasionally experience some inconvenience when moving around.
"
62,How crowded is Gangnam usually at Early bird hours?,"The requested Early bird hours congestion in Gangnam is 
내선 :7:00 - 89.1, 7:30 - 57.7, 8:00 - 98.2, 8:30 - 52.9, 9:00 - 91.4, 9:30 - 61.7. mean congestion is 75.2. During this time period, the congestion level is moderate, so you may occasionally experience some inconvenience when moving around.
외선 :7:00 - 2.4, 7:30 - 62.6, 8:00 - 20.1, 8:30 - 37.4, 9:00 - 57.3, 9:30 - 64.6. mean congestion is 40.7. This time period is not busy, so it's a good time to visit.
"
63,How full does Gangnam get during Noon hour?,"The requested Noon hour congestion in Gangnam is 
내선 :12:00 - 91.3, 12:30 - 121.7, 13:00 - 43.1, 13:30 - 97.6, 14:00 - 94.9, 14:30 - 108.0. mean congestion is 92.8. This time period is crowded, so we recommend visiting during a different time.
외선 :12:00 - 59.3, 12:30 - 86.1, 13:00 - 43.0, 13:30 - 40.8, 14:00 - 118.7, 14:30 - 18.1. mean congestion is 61.0. During this time period, the congestion level is moderate, so you may occasionally experience some inconvenience when moving around.
"
64,How are the crowds in Gangnam at Daybreak?,"The requested Daybreak congestion in Gangnam is 
내선 :5:30 - 5.3, 6:00 - 107.8, 6:30 - 97.8. mean congestion is 70.3. During this time period, the congestion level is moderate, so you may occasionally experience some inconvenience when moving around.
외선 :5:30 - 92.2, 6:00 - 117.0, 6:30 - 118.6. mean congestion is 109.3. This time period is crowded, so we recommend visiting during a different time.
"
65,How much foot traffic does Myeongdong have at Mid-morning hours?,"The requested Mid-morning hours congestion in Myeongdong is 
내선 :10:00 - 54.8, 10:30 - 41.6, 11:00 - 48.3, 11:30 - 85.6. mean congestion is 57.6. During this time period, the congestion level is moderate, so you may occasionally experience some inconvenience when moving around.
외선 :10:00 - 39.5, 10:30 - 42.8, 11:00 - 49.7, 11:30 - 50.3. mean congestion is 45.6. This time period is not busy, so it's a good time to visit.
"
66,How much foot traffic does Hongdea have at Evening peak?,"The requested Evening peak congestion in Hongdea is 
상선 :17:00 - 73.6, 17:30 - 60.5, 18:00 - 65.1, 18:30 - 5.8, 19:00 - 34.1, 19:30 - 51.6. mean congestion is 48.4. This time period is not busy, so it's a good time to visit.
하선 :17:00 - 76.2, 17:30 - 122.4, 18:00 - 37.6, 18:30 - 13.4, 19:00 - 88.0, 19:30 - 84.4. mean congestion is 70.3. During this time period, the congestion level is moderate, so you may occasionally experience some inconvenience when moving around.
"
67,What are the crowds like in Myeongdong during Twilight commute?,"The requested Twilight commute congestion in Myeongdong is 
내선 :17:00 - 97.5, 17:30 - 68.7, 18:00 - 111.8, 18:30 - 33.0, 19:00 - 112.0, 19:30 - 126.5. mean congestion is 91.6. This time period is crowded, so we recommend visiting during a different time.
외선 :17:00 - 42.1, 17:30 - 46.9, 18:00 - 10.5, 18:30 - 28.6, 19:00 - 26.0, 19:30 - 21.1. mean congestion is 29.2. This time period is not busy, so it's a good time to visit.
"
68,How heavy is the crowd in Hongdea around Morning rush hour?,"The requested Morning rush hour congestion in Hongdea is 
상선 :7:00 - 124.2, 7:30 - 14.6, 8:00 - 125.4, 8:30 - 114.6, 9:00 - 58.4, 9:30 - 80.6. mean congestion is 86.3. This time period is crowded, so we recommend visiting during a different time.
하선 :7:00 - 38.7, 7:30 - 61.8, 8:00 - 53.2, 8:30 - 27.7, 9:00 - 43.5, 9:30 - 43.4. mean congestion is 44.7. This time period is not busy, so it's a good time to visit.
"
69,Is Myeongdong busy around Dinnertime bustle?,"The requested Dinnertime bustle congestion in Myeongdong is 
내선 :17:00 - 19.8, 17:30 - 42.8, 18:00 - 44.8, 18:30 - 88.3, 19:00 - 122.7, 19:30 - 12.7. mean congestion is 55.2. During this time period, the congestion level is moderate, so you may occasionally experience some inconvenience when moving around.
외선 :17:00 - 94.3, 17:30 - 104.5, 18:00 - 92.1, 18:30 - 115.8, 19:00 - 3.4, 19:30 - 96.3. mean congestion is 84.4. This time period is crowded, so we recommend visiting during a different time.
"
70,What’s the crowd flow like in Myeongdong during Dawn hours?,"The requested Dawn hours congestion in Myeongdong is 
상선 :5:30 - 32.0, 6:00 - 62.7, 6:30 - 22.8. mean congestion is 39.2. This time period is not busy, so it's a good time to visit.
하선 :5:30 - 95.5, 6:00 - 56.3, 6:30 - 56.0. mean congestion is 69.3. During this time period, the congestion level is moderate, so you may occasionally experience some inconvenience when moving around.
"
71,What’s the congestion like in Gangnam at Lunchtime rush?,"The requested Lunchtime rush congestion in Gangnam is 
상선 :12:00 - 51.2, 12:30 - 60.8, 13:00 - 85.4, 13:30 - 18.5, 14:00 - 99.9, 14:30 - 50.4. mean congestion is 61.0. During this time period, the congestion level is moderate, so you may occasionally experience some inconvenience when moving around.
하선 :12:00 - 109.6, 12:30 - 73.5, 13:00 - 97.5, 13:30 - 27.4, 14:00 - 76.9, 14:30 - 123.7. mean congestion is 84.8. This time period is crowded, so we recommend visiting during a different time.
"
72,How heavy is the crowd in Hongdea around Lunch hour?,"The requested Lunch hour congestion in Hongdea is 
내선 :12:00 - 127.7, 12:30 - 7.6, 13:00 - 62.5, 13:30 - 93.1, 14:00 - 17.1, 14:30 - 91.7. mean congestion is 66.6. During this time period, the congestion level is moderate, so you may occasionally experience some inconvenience when moving around.
외선 :12:00 - 72.3, 12:30 - 22.8, 13:00 - 106.9, 13:30 - 13.9, 14:00 - 22.0, 14:30 - 52.8. mean congestion is 48.4. This time period is not busy, so it's a good time to visit.
"
73,How are the crowds in Myeongdong at Early morning?,"The requested Early morning congestion in Myeongdong is 
내선 :5:30 - 95.7, 6:00 - 43.6, 6:30 - 78.6. mean congestion is 72.6. During this time period, the congestion level is moderate, so you may occasionally experience some inconvenience when moving around.
외선 :5:30 - 10.0, 6:00 - 18.4, 6:30 - 16.3. mean congestion is 14.9. This time period is not busy, so it's a good time to visit.
"
74,How dense is the crowd in Hongdea around Evening commute?,"The requested Evening commute congestion in Hongdea is 
상선 :17:00 - 104.8, 17:30 - 61.6, 18:00 - 106.0, 18:30 - 46.6, 19:00 - 30.3, 19:30 - 44.4. mean congestion is 65.6. During this time period, the congestion level is moderate, so you may occasionally experience some inconvenience when moving around.
하선 :17:00 - 43.8, 17:30 - 16.8, 18:00 - 97.8, 18:30 - 71.2, 19:00 - 128.6, 19:30 - 128.8. mean congestion is 81.2. This time period is crowded, so we recommend visiting during a different time.
"
75,How dense is the crowd in Hongdea around Lunchtime rush?,"The requested Lunchtime rush congestion in Hongdea is 
내선 :12:00 - 83.6, 12:30 - 94.8, 13:00 - 28.8, 13:30 - 62.9, 14:00 - 12.9, 14:30 - 88.7. mean congestion is 61.9. During this time period, the congestion level is moderate, so you may occasionally experience some inconvenience when moving around.
외선 :12:00 - 38.5, 12:30 - 129.0, 13:00 - 120.3, 13:30 - 16.4, 14:00 - 83.0, 14:30 - 117.7. mean congestion is 84.1. This time period is crowded, so we recommend visiting during a different time.
"
76,How full does Gangnam get during Midday?,"The requested Midday congestion in Gangnam is 
내선 :12:00 - 91.4, 12:30 - 97.1, 13:00 - 119.1, 13:30 - 99.3, 14:00 - 117.1, 14:30 - 1.7. mean congestion is 87.6. This time period is crowded, so we recommend visiting during a different time.
외선 :12:00 - 2.5, 12:30 - 2.4, 13:00 - 112.8, 13:30 - 49.3, 14:00 - 76.0, 14:30 - 113.4. mean congestion is 59.4. During this time period, the congestion level is moderate, so you may occasionally experience some inconvenience when moving around.
"
77,Is Hongdea busy around Morning rush hour?,"The requested Morning rush hour congestion in Hongdea is 
내선 :7:00 - 99.9, 7:30 - 102.7, 8:00 - 50.2, 8:30 - 68.9, 9:00 - 71.7, 9:30 - 36.8. mean congestion is 71.7. During this time period, the congestion level is moderate, so you may occasionally experience some inconvenience when moving around.
외선 :7:00 - 61.0, 7:30 - 91.6, 8:00 - 8.9, 8:30 - 31.9, 9:00 - 1.5, 9:30 - 81.3. mean congestion is 46.0. This time period is not busy, so it's a good time to visit.
"
78,How crowded is Gangnam usually at Daybreak?,"The requested Daybreak congestion in Gangnam is 
내선 :5:30 - 128.8, 6:00 - 14.9, 6:30 - 116.2. mean congestion is 86.6. This time period is crowded, so we recommend visiting during a different time.
외선 :5:30 - 7.6, 6:00 - 88.0, 6:30 - 7.4. mean congestion is 34.3. This time period is not busy, so it's a good time to visit.
"
79,What’s the congestion like in Myeongdong at Noon hour?,"The requested Noon hour congestion in Myeongdong is 
내선 :12:00 - 93.6, 12:30 - 95.9, 13:00 - 31.6, 13:30 - 116.9, 14:00 - 43.1, 14:30 - 28.8. mean congestion is 68.3. During this time period, the congestion level is moderate, so you may occasionally experience some inconvenience when moving around.
외선 :12:00 - 100.7, 12:30 - 24.0, 13:00 - 31.9, 13:30 - 72.7, 14:00 - 3.0, 14:30 - 41.9. mean congestion is 45.7. This time period is not busy, so it's a good time to visit.
"
80,What’s the population density in Gangnam around Early bird hours?,"The requested Early bird hours congestion in Gangnam is 
상선 :7:00 - 32.1, 7:30 - 99.9, 8:00 - 55.1, 8:30 - 100.9, 9:00 - 46.0, 9:30 - 28.6. mean congestion is 60.4. During this time period, the congestion level is moderate, so you may occasionally experience some inconvenience when moving around.
하선 :7:00 - 15.7, 7:30 - 81.9, 8:00 - 118.4, 8:30 - 8.4, 9:00 - 17.4, 9:30 - 120.8. mean congestion is 60.4. During this time period, the congestion level is moderate, so you may occasionally experience some inconvenience when moving around.
"
81,How dense is the crowd in Hongdea around Morning hustle?,"The requested Morning hustle congestion in Hongdea is 
내선 :7:00 - 76.3, 7:30 - 62.6, 8:00 - 59.6, 8:30 - 12.2, 9:00 - 73.2, 9:30 - 80.7. mean congestion is 60.8. During this time period, the congestion level is moderate, so you may occasionally experience some inconvenience when moving around.
외선 :7:00 - 45.8, 7:30 - 70.4, 8:00 - 0.0, 8:30 - 54.4, 9:00 - 127.9, 9:30 - 7.3. mean congestion is 51.0. During this time period, the congestion level is moderate, so you may occasionally experience some inconvenience when moving around.
"
82,How crowded is Myeongdong usually at Lunch hour?,"The requested Lunch hour congestion in Myeongdong is 
내선 :12:00 - 95.4, 12:30 - 120.4, 13:00 - 71.0, 13:30 - 32.9, 14:00 - 60.5, 14:30 - 97.4. mean congestion is 79.6. During this time period, the congestion level is moderate, so you may occasionally experience some inconvenience when moving around.
외선 :12:00 - 123.5, 12:30 - 97.6, 13:00 - 17.4, 13:30 - 39.4, 14:00 - 51.3, 14:30 - 117.1. mean congestion is 74.4. During this time period, the congestion level is moderate, so you may occasionally experience some inconvenience when moving around.
"
83,How much foot traffic does Hongdea have at Evening rush?,"The requested Evening rush congestion in Hongdea is 
상선 :17:00 - 2.8, 17:30 - 38.5, 18:00 - 12.6, 18:30 - 29.2, 19:00 - 47.6, 19:30 - 17.2. mean congestion is 24.6. This time period is not busy, so it's a good time to visit.
하선 :17:00 - 52.0, 17:30 - 3.0, 18:00 - 11.7, 18:30 - 5.8, 19:00 - 86.6, 19:30 - 10.8. mean congestion is 28.3. This time period is not busy, so it's a good time to visit.
"
84,How packed does Myeongdong get around Commuter time?,"The requested Commuter time congestion in Myeongdong is 
내선 :7:00 - 97.1, 7:30 - 24.8, 8:00 - 49.3, 8:30 - 77.0, 9:00 - 7.7, 9:30 - 123.8, 17:00 - 69.2, 17:30 - 123.5, 18:00 - 123.1, 18:30 - 96.0, 19:00 - 73.5, 19:30 - 118.4. mean congestion is 82.0. This time period is crowded, so we recommend visiting during a different time.
외선 :7:00 - 70.6, 7:30 - 59.5, 8:00 - 32.6, 8:30 - 3.3, 9:00 - 9.3, 9:30 - 62.2, 17:00 - 45.3, 17:30 - 123.2, 18:00 - 68.7, 18:30 - 103.1, 19:00 - 24.8, 19:30 - 58.0. mean congestion is 55.0. During this time period, the congestion level is moderate, so you may occasionally experience some inconvenience when moving around.
"
85,What are the crowds like in Gangnam during Lunch hour?,"The requested Lunch hour congestion in Gangnam is 
상선 :12:00 - 129.8, 12:30 - 115.5, 13:00 - 107.5, 13:30 - 112.3, 14:00 - 88.3, 14:30 - 83.3. mean congestion is 106.1. This time period is crowded, so we recommend visiting during a different time.
하선 :12:00 - 6.7, 12:30 - 18.1, 13:00 - 45.6, 13:30 - 124.8, 14:00 - 64.4, 14:30 - 58.8. mean congestion is 53.1. During this time period, the congestion level is moderate, so you may occasionally experience some inconvenience when moving around.
"
86,What’s the foot traffic in Gangnam during Midday?,"The requested Midday congestion in Gangnam is 
내선 :12:00 - 5.1, 12:30 - 96.7, 13:00 - 12.0, 13:30 - 12.5, 14:00 - 112.0, 14:30 - 121.0. mean congestion is 59.9. During this time period, the congestion level is moderate, so you may occasionally experience some inconvenience when moving around.
외선 :12:00 - 119.0, 12:30 - 25.2, 13:00 - 85.2, 13:30 - 48.0, 14:00 - 74.8, 14:30 - 94.1. mean congestion is 74.4. During this time period, the congestion level is moderate, so you may occasionally experience some inconvenience when moving around.
"
87,How much foot traffic does Hongdea have at Commuter time?,"The requested Commuter time congestion in Hongdea is 
내선 :7:00 - 72.8, 7:30 - 21.4, 8:00 - 97.9, 8:30 - 46.2, 9:00 - 114.5, 9:30 - 93.3, 17:00 - 124.0, 17:30 - 11.1, 18:00 - 5.0, 18:30 - 111.7, 19:00 - 102.7, 19:30 - 53.8. mean congestion is 71.2. During this time period, the congestion level is moderate, so you may occasionally experience some inconvenience when moving around.
외선 :7:00 - 101.9, 7:30 - 107.9, 8:00 - 115.1, 8:30 - 76.0, 9:00 - 109.1, 9:30 - 110.5, 17:00 - 18.8, 17:30 - 20.7, 18:00 - 72.3, 18:30 - 73.4, 19:00 - 69.5, 19:30 - 74.8. mean congestion is 79.2. During this time period, the congestion level is moderate, so you may occasionally experience some inconvenience when moving around.
"
88,What’s the people flow in Hongdea around Twilight commute?,"The requested Twilight commute congestion in Hongdea is 
내선 :17:00 - 47.9, 17:30 - 29.9, 18:00 - 117.2, 18:30 - 127.9, 19:00 - 59.3, 19:30 - 11.9. mean congestion is 65.7. During this time period, the congestion level is moderate, so you may occasionally experience some inconvenience when moving around.
외선 :17:00 - 119.7, 17:30 - 47.5, 18:00 - 76.9, 18:30 - 112.9, 19:00 - 4.2, 19:30 - 23.1. mean congestion is 64.0. During this time period, the congestion level is moderate, so you may occasionally experience some inconvenience when moving around.
"
89,What’s the Commuter time traffic like in Hongdea?,"The requested Commuter time congestion in Hongdea is 
내선 :7:00 - 93.1, 7:30 - 99.6, 8:00 - 68.3, 8:30 - 54.9, 9:00 - 96.5, 9:30 - 37.3, 17:00 - 128.2, 17:30 - 66.7, 18:00 - 94.0, 18:30 - 55.7, 19:00 - 74.0, 19:30 - 84.1. mean congestion is 79.4. During this time period, the congestion level is moderate, so you may occasionally experience some inconvenience when moving around.
외선 :7:00 - 4.5, 7:30 - 126.6, 8:00 - 44.3, 8:30 - 108.5, 9:00 - 33.1, 9:30 - 54.8, 17:00 - 65.8, 17:30 - 46.0, 18:00 - 42.1, 18:30 - 31.5, 19:00 - 27.1, 19:30 - 108.3. mean congestion is 57.7. During this time period, the congestion level is moderate, so you may occasionally experience some inconvenience when moving around.
"
90,How dense is the crowd in Myeongdong around Evening commute?,"The requested Evening commute congestion in Myeongdong is 
내선 :17:00 - 115.6, 17:30 - 54.2, 18:00 - 128.3, 18:30 - 92.2, 19:00 - 114.1, 19:30 - 124.1. mean congestion is 104.8. This time period is crowded, so we recommend visiting during a different time.
외선 :17:00 - 121.8, 17:30 - 65.8, 18:00 - 112.5, 18:30 - 55.4, 19:00 - 12.4, 19:30 - 114.5. mean congestion is 80.4. This time period is crowded, so we recommend visiting during a different time.
"
91,What’s the congestion like in Myeongdong at Pre-dawn?,"The requested Pre-dawn congestion in Myeongdong is 
상선 :5:30 - 55.6, 6:00 - 21.9, 6:30 - 101.7. mean congestion is 59.7. During this time period, the congestion level is moderate, so you may occasionally experience some inconvenience when moving around.
하선 :5:30 - 92.4, 6:00 - 85.8, 6:30 - 85.7. mean congestion is 88.0. This time period is crowded, so we recommend visiting during a different time.
"
92,How dense is the crowd in Gangnam around Dinner time?,"The requested Dinner time congestion in Gangnam is 
상선 :17:00 - 0.1, 17:30 - 18.8, 18:00 - 70.7, 18:30 - 23.3, 19:00 - 112.3, 19:30 - 17.9. mean congestion is 40.5. This time period is not busy, so it's a good time to visit.
하선 :17:00 - 108.3, 17:30 - 6.4, 18:00 - 115.7, 18:30 - 8.2, 19:00 - 31.5, 19:30 - 112.7. mean congestion is 63.8. During this time period, the congestion level is moderate, so you may occasionally experience some inconvenience when moving around.
"
93,What’s the crowd level in Gangnam during Peak travel time?,"The requested Peak travel time congestion in Gangnam is 
내선 :7:00 - 120.1, 7:30 - 106.1, 8:00 - 65.7, 8:30 - 40.1, 9:00 - 125.3, 9:30 - 68.6, 17:00 - 102.5, 17:30 - 5.5, 18:00 - 14.9, 18:30 - 124.5, 19:00 - 123.6, 19:30 - 69.2. mean congestion is 80.5. This time period is crowded, so we recommend visiting during a different time.
외선 :7:00 - 64.9, 7:30 - 127.9, 8:00 - 28.1, 8:30 - 58.2, 9:00 - 102.2, 9:30 - 127.4, 17:00 - 99.5, 17:30 - 118.1, 18:00 - 23.5, 18:30 - 26.2, 19:00 - 106.1, 19:30 - 32.5. mean congestion is 76.2. During this time period, the congestion level is moderate, so you may occasionally experience some inconvenience when moving around.
"
94,What’s the population density in Gangnam around Lunchtime?,"The requested Lunchtime congestion in Gangnam is 
내선 :12:00 - 47.5, 12:30 - 90.9, 13:00 - 9.9, 13:30 - 44.6, 14:00 - 119.1, 14:30 - 92.8. mean congestion is 67.5. During this time period, the congestion level is moderate, so you may occasionally experience some inconvenience when moving around.
외선 :12:00 - 4.6, 12:30 - 38.6, 13:00 - 19.0, 13:30 - 12.2, 14:00 - 67.0, 14:30 - 27.9. mean congestion is 28.2. This time period is not busy, so it's a good time to visit.
"
95,How heavy is the crowd in Myeongdong around Afternoon peak?,"The requested Afternoon peak congestion in Myeongdong is 
내선 :17:00 - 33.3, 17:30 - 40.6, 18:00 - 64.4, 18:30 - 92.6, 19:00 - 99.2, 19:30 - 63.2. mean congestion is 65.6. During this time period, the congestion level is moderate, so you may occasionally experience some inconvenience when moving around.
외선 :17:00 - 69.1, 17:30 - 124.9, 18:00 - 84.1, 18:30 - 82.5, 19:00 - 82.6, 19:30 - 42.8. mean congestion is 81.0. This time period is crowded, so we recommend visiting during a different time.
"
96,How full does Gangnam get during Sunset hours?,"The requested Sunset hours congestion in Gangnam is 
상선 :17:00 - 50.1, 17:30 - 30.9, 18:00 - 1.2, 18:30 - 46.9, 19:00 - 61.2, 19:30 - 112.3. mean congestion is 50.4. During this time period, the congestion level is moderate, so you may occasionally experience some inconvenience when moving around.
하선 :17:00 - 115.3, 17:30 - 87.5, 18:00 - 33.1, 18:30 - 124.2, 19:00 - 2.1, 19:30 - 39.1. mean congestion is 66.9. During this time period, the congestion level is moderate, so you may occasionally experience some inconvenience when moving around.
"
97,What’s the foot traffic in Myeongdong during Post-work rush?,"The requested Post-work rush congestion in Myeongdong is 
내선 :17:00 - 91.9, 17:30 - 31.3, 18:00 - 115.6, 18:30 - 102.7, 19:00 - 73.0, 19:30 - 7.9. mean congestion is 70.4. During this time period, the congestion level is moderate, so you may occasionally experience some inconvenience when moving around.
외선 :17:00 - 104.1, 17:30 - 110.6, 18:00 - 14.8, 18:30 - 0.3, 19:00 - 113.3, 19:30 - 6.4. mean congestion is 58.2. During this time period, the congestion level is moderate, so you may occasionally experience some inconvenience when moving around.
"
98,What’s the congestion like in Myeongdong at Peak travel time?,"The requested Peak travel time congestion in Myeongdong is 
상선 :7:00 - 91.8, 7:30 - 64.7, 8:00 - 116.5, 8:30 - 106.8, 9:00 - 0.8, 9:30 - 42.7, 17:00 - 85.3, 17:30 - 75.0, 18:00 - 16.5, 18:30 - 42.7, 19:00 - 93.7, 19:30 - 86.7. mean congestion is 68.6. During this time period, the congestion level is moderate, so you may occasionally experience some inconvenience when moving around.
하선 :7:00 - 127.0, 7:30 - 106.3, 8:00 - 13.6, 8:30 - 70.3, 9:00 - 76.3, 9:30 - 84.9, 17:00 - 49.5, 17:30 - 70.8, 18:00 - 52.7, 18:30 - 58.5, 19:00 - 31.7, 19:30 - 96.5. mean congestion is 69.8. During this time period, the congestion level is moderate, so you may occasionally experience some inconvenience when moving around.
"
99,What’s the crowd flow like in Myeongdong during Afternoon peak?,"The requested Afternoon peak congestion in Myeongdong is 
상선 :17:00 - 92.3, 17:30 - 5.7, 18:00 - 24.0, 18:30 - 26.5, 19:00 - 25.1, 19:30 - 35.6. mean congestion is 34.9. This time period is not busy, so it's a good time to visit.
하선 :17:00 - 123.1, 17:30 - 69.8, 18:00 - 95.7, 18:30 - 98.2, 19:00 - 81.8, 19:30 - 125.7. mean congestion is 99.0. This time period is crowded, so we recommend visiting during a different time.
"
100,What’s the crowd level in Myeongdong during Peak travel time?,"The requested Peak travel time congestion in Myeongdong is 
상선 :7:00 - 28.9, 7:30 - 89.6, 8:00 - 126.6, 8:30 - 67.9, 9:00 - 58.4, 9:30 - 58.3, 17:00 - 3.2, 17:30 - 31.1, 18:00 - 90.8, 18:30 - 23.3, 19:00 - 122.4, 19:30 - 52.3. mean congestion is 62.7. During this time period, the congestion level is moderate, so you may occasionally experience some inconvenience when moving around.
하선 :7:00 - 113.9, 7:30 - 6.9, 8:00 - 55.8, 8:30 - 1.1, 9:00 - 113.8, 9:30 - 87.8, 17:00 - 18.2, 17:30 - 72.0, 18:00 - 18.7, 18:30 - 33.4, 19:00 - 21.1, 19:30 - 119.3. mean congestion is 55.2. During this time period, the congestion level is moderate, so you may occasionally experience some inconvenience when moving around.
"
101,What’s the Early morning traffic like in Myeongdong?,"The requested Early morning congestion in Myeongdong is 
상선 :5:30 - 74.0, 6:00 - 65.1, 6:30 - 97.4. mean congestion is 78.8. During this time period, the congestion level is moderate, so you may occasionally experience some inconvenience when moving around.
하선 :5:30 - 48.4, 6:00 - 45.5, 6:30 - 42.2. mean congestion is 45.4. This time period is not busy, so it's a good time to visit.
"
102,How packed does Myeongdong get around Noon hour?,"The requested Noon hour congestion in Myeongdong is 
상선 :12:00 - 56.2, 12:30 - 9.9, 13:00 - 112.5, 13:30 - 30.0, 14:00 - 6.2, 14:30 - 67.4. mean congestion is 47.0. This time period is not busy, so it's a good time to visit.
하선 :12:00 - 128.9, 12:30 - 20.5, 13:00 - 17.4, 13:30 - 123.6, 14:00 - 61.3, 14:30 - 56.0. mean congestion is 68.0. During this time period, the congestion level is moderate, so you may occasionally experience some inconvenience when moving around.
"
103,What’s the foot traffic in Myeongdong during Evening rush?,"The requested Evening rush congestion in Myeongdong is 
상선 :17:00 - 117.3, 17:30 - 22.4, 18:00 - 75.0, 18:30 - 92.6, 19:00 - 64.7, 19:30 - 10.6. mean congestion is 63.8. During this time period, the congestion level is moderate, so you may occasionally experience some inconvenience when moving around.
하선 :17:00 - 73.1, 17:30 - 41.4, 18:00 - 18.0, 18:30 - 3.4, 19:00 - 7.1, 19:30 - 101.5. mean congestion is 40.8. This time period is not busy, so it's a good time to visit.
"
104,What’s the Dinner time traffic like in Gangnam?,"The requested Dinner time congestion in Gangnam is 
상선 :17:00 - 25.5, 17:30 - 94.9, 18:00 - 37.5, 18:30 - 9.8, 19:00 - 66.2, 19:30 - 15.4. mean congestion is 41.6. This time period is not busy, so it's a good time to visit.
하선 :17:00 - 28.0, 17:30 - 89.4, 18:00 - 18.3, 18:30 - 42.9, 19:00 - 57.6, 19:30 - 119.4. mean congestion is 59.3. During this time period, the congestion level is moderate, so you may occasionally experience some inconvenience when moving around.
"
105,What’s the crowd situation in Gangnam at Afternoon peak?,"The requested Afternoon peak congestion in Gangnam is 
내선 :17:00 - 60.6, 17:30 - 21.0, 18:00 - 104.8, 18:30 - 104.1, 19:00 - 128.7, 19:30 - 74.4. mean congestion is 82.3. This time period is crowded, so we recommend visiting during a different time.
외선 :17:00 - 21.4, 17:30 - 14.5, 18:00 - 2.8, 18:30 - 28.7, 19:00 - 127.4, 19:30 - 112.3. mean congestion is 51.2. During this time period, the congestion level is moderate, so you may occasionally experience some inconvenience when moving around.
"
106,How much foot traffic does Gangnam have at Early morning?,"The requested Early morning congestion in Gangnam is 
내선 :5:30 - 114.3, 6:00 - 100.1, 6:30 - 114.4. mean congestion is 109.6. This time period is crowded, so we recommend visiting during a different time.
외선 :5:30 - 93.5, 6:00 - 41.0, 6:30 - 69.8. mean congestion is 68.1. During this time period, the congestion level is moderate, so you may occasionally experience some inconvenience when moving around.
"
107,What’s the people flow in Gangnam around Peak travel time?,"The requested Peak travel time congestion in Gangnam is 
내선 :7:00 - 127.6, 7:30 - 43.8, 8:00 - 54.3, 8:30 - 75.8, 9:00 - 55.6, 9:30 - 26.8, 17:00 - 10.0, 17:30 - 31.9, 18:00 - 5.5, 18:30 - 4.5, 19:00 - 87.1, 19:30 - 108.8. mean congestion is 52.6. During this time period, the congestion level is moderate, so you may occasionally experience some inconvenience when moving around.
외선 :7:00 - 49.4, 7:30 - 91.4, 8:00 - 39.7, 8:30 - 51.1, 9:00 - 2.9, 9:30 - 122.8, 17:00 - 92.9, 17:30 - 69.8, 18:00 - 45.6, 18:30 - 69.6, 19:00 - 41.9, 19:30 - 121.1. mean congestion is 66.5. During this time period, the congestion level is moderate, so you may occasionally experience some inconvenience when moving around.
"
108,What’s the people flow in Gangnam around Evening rush?,"The requested Evening rush congestion in Gangnam is 
내선 :17:00 - 63.1, 17:30 - 35.4, 18:00 - 120.1, 18:30 - 32.2, 19:00 - 72.0, 19:30 - 65.8. mean congestion is 64.8. During this time period, the congestion level is moderate, so you may occasionally experience some inconvenience when moving around.
외선 :17:00 - 72.5, 17:30 - 120.8, 18:00 - 58.4, 18:30 - 55.0, 19:00 - 82.3, 19:30 - 16.9. mean congestion is 67.6. During this time period, the congestion level is moderate, so you may occasionally experience some inconvenience when moving around.
"
109,How much foot traffic does Hongdea have at Early morning?,"The requested Early morning congestion in Hongdea is 
내선 :5:30 - 78.8, 6:00 - 18.3, 6:30 - 59.7. mean congestion is 52.3. During this time period, the congestion level is moderate, so you may occasionally experience some inconvenience when moving around.
외선 :5:30 - 73.4, 6:00 - 121.8, 6:30 - 36.3. mean congestion is 77.2. During this time period, the congestion level is moderate, so you may occasionally experience some inconvenience when moving around.
"
110,How busy is Gangnam around Sunset hours?,"The requested Sunset hours congestion in Gangnam is 
내선 :17:00 - 102.6, 17:30 - 18.9, 18:00 - 114.4, 18:30 - 43.2, 19:00 - 62.6, 19:30 - 62.8. mean congestion is 67.4. During this time period, the congestion level is moderate, so you may occasionally experience some inconvenience when moving around.
외선 :17:00 - 26.8, 17:30 - 79.9, 18:00 - 87.4, 18:30 - 115.6, 19:00 - 79.9, 19:30 - 67.5. mean congestion is 76.2. During this time period, the congestion level is moderate, so you may occasionally experience some inconvenience when moving around.
"
111,How busy is Myeongdong around Lunchtime rush?,"The requested Lunchtime rush congestion in Myeongdong is 
내선 :12:00 - 120.7, 12:30 - 106.4, 13:00 - 44.1, 13:30 - 1.9, 14:00 - 93.9, 14:30 - 88.3. mean congestion is 75.9. During this time period, the congestion level is moderate, so you may occasionally experience some inconvenience when moving around.
외선 :12:00 - 116.1, 12:30 - 122.9, 13:00 - 32.3, 13:30 - 22.6, 14:00 - 0.8, 14:30 - 76.4. mean congestion is 61.8. During this time period, the congestion level is moderate, so you may occasionally experience some inconvenience when moving around.
"
112,Is Hongdea packed around Noon hour?,"The requested Noon hour congestion in Hongdea is 
상선 :12:00 - 96.9, 12:30 - 95.8, 13:00 - 123.4, 13:30 - 115.2, 14:00 - 101.1, 14:30 - 100.5. mean congestion is 105.5. This time period is crowded, so we recommend visiting during a different time.
하선 :12:00 - 105.7, 12:30 - 70.0, 13:00 - 18.7, 13:30 - 83.9, 14:00 - 45.6, 14:30 - 28.5. mean congestion is 58.7. During this time period, the congestion level is moderate, so you may occasionally experience some inconvenience when moving around.
"
113,What’s the crowd flow like in Myeongdong during Afternoon traffic?,"The requested Afternoon traffic congestion in Myeongdong is 
내선 :17:00 - 25.5, 17:30 - 87.5, 18:00 - 39.5, 18:30 - 93.7, 19:00 - 103.5, 19:30 - 70.2. mean congestion is 70.0. During this time period, the congestion level is moderate, so you may occasionally experience some inconvenience when moving around.
외선 :17:00 - 39.4, 17:30 - 11.2, 18:00 - 58.8, 18:30 - 129.8, 19:00 - 8.6, 19:30 - 105.1. mean congestion is 58.8. During this time period, the congestion level is moderate, so you may occasionally experience some inconvenience when moving around.
"
114,How dense is the crowd in Myeongdong around Daybreak?,"The requested Daybreak congestion in Myeongdong is 
상선 :5:30 - 26.8, 6:00 - 73.3, 6:30 - 53.5. mean congestion is 51.2. During this time period, the congestion level is moderate, so you may occasionally experience some inconvenience when moving around.
하선 :5:30 - 19.4, 6:00 - 59.6, 6:30 - 121.3. mean congestion is 66.8. During this time period, the congestion level is moderate, so you may occasionally experience some inconvenience when moving around.
"
115,How crowded is Myeongdong around Late afternoon?,"The requested Late afternoon congestion in Myeongdong is 
상선 :12:00 - 14.2, 12:30 - 109.4, 13:00 - 98.4, 13:30 - 90.2, 14:00 - 79.7, 14:30 - 13.5. mean congestion is 67.6. During this time period, the congestion level is moderate, so you may occasionally experience some inconvenience when moving around.
하선 :12:00 - 64.9, 12:30 - 102.2, 13:00 - 99.2, 13:30 - 95.1, 14:00 - 127.7, 14:30 - 44.2. mean congestion is 88.9. This time period is crowded, so we recommend visiting during a different time.
"
116,How are the crowds in Gangnam at Dinner time?,"The requested Dinner time congestion in Gangnam is 
상선 :17:00 - 98.3, 17:30 - 116.8, 18:00 - 94.5, 18:30 - 55.0, 19:00 - 28.0, 19:30 - 121.8. mean congestion is 85.7. This time period is crowded, so we recommend visiting during a different time.
하선 :17:00 - 94.8, 17:30 - 61.6, 18:00 - 10.0, 18:30 - 127.7, 19:00 - 8.7, 19:30 - 126.0. mean congestion is 71.5. During this time period, the congestion level is moderate, so you may occasionally experience some inconvenience when moving around.
"
117,How busy is Myeongdong around Brunch hour?,"The requested Brunch hour congestion in Myeongdong is 
내선 :10:00 - 28.0, 10:30 - 33.0, 11:00 - 50.6, 11:30 - 3.1. mean congestion is 28.7. This time period is not busy, so it's a good time to visit.
외선 :10:00 - 107.8, 10:30 - 89.5, 11:00 - 51.5, 11:30 - 74.5. mean congestion is 80.8. This time period is crowded, so we recommend visiting during a different time.
"
118,Is Hongdea busy around Commuter time?,"The requested Commuter time congestion in Hongdea is 
상선 :7:00 - 20.2, 7:30 - 9.1, 8:00 - 59.9, 8:30 - 109.4, 9:00 - 81.3, 9:30 - 95.6, 17:00 - 70.4, 17:30 - 87.4, 18:00 - 10.7, 18:30 - 92.4, 19:00 - 15.2, 19:30 - 0.6. mean congestion is 54.4. During this time period, the congestion level is moderate, so you may occasionally experience some inconvenience when moving around.
하선 :7:00 - 58.5, 7:30 - 46.0, 8:00 - 23.7, 8:30 - 38.8, 9:00 - 75.4, 9:30 - 63.6, 17:00 - 20.6, 17:30 - 41.5, 18:00 - 10.2, 18:30 - 28.0, 19:00 - 26.4, 19:30 - 62.8. mean congestion is 41.3. This time period is not busy, so it's a good time to visit.
"
119,What’s the Twilight commute traffic like in Hongdea?,"The requested Twilight commute congestion in Hongdea is 
내선 :17:00 - 0.8, 17:30 - 79.4, 18:00 - 83.0, 18:30 - 93.2, 19:00 - 107.1, 19:30 - 88.9. mean congestion is 75.4. During this time period, the congestion level is moderate, so you may occasionally experience some inconvenience when moving around.
외선 :17:00 - 21.6, 17:30 - 88.2, 18:00 - 43.2, 18:30 - 97.9, 19:00 - 14.4, 19:30 - 91.9. mean congestion is 59.5. During this time period, the congestion level is moderate, so you may occasionally experience some inconvenience when moving around.
"
120,What’s the foot traffic in Gangnam during Twilight commute?,"The requested Twilight commute congestion in Gangnam is 
내선 :17:00 - 124.8, 17:30 - 114.8, 18:00 - 15.8, 18:30 - 120.4, 19:00 - 43.0, 19:30 - 34.9. mean congestion is 75.6. During this time period, the congestion level is moderate, so you may occasionally experience some inconvenience when moving around.
외선 :17:00 - 65.2, 17:30 - 77.4, 18:00 - 43.7, 18:30 - 125.7, 19:00 - 3.2, 19:30 - 112.1. mean congestion is 71.2. During this time period, the congestion level is moderate, so you may occasionally experience some inconvenience when moving around.
"
121,What’s the crowd situation in Myeongdong at Morning rush hour?,"The requested Morning rush hour congestion in Myeongdong is 
내선 :7:00 - 37.6, 7:30 - 128.1, 8:00 - 58.9, 8:30 - 24.0, 9:00 - 109.3, 9:30 - 69.2. mean congestion is 71.2. During this time period, the congestion level is moderate, so you may occasionally experience some inconvenience when moving around.
외선 :7:00 - 51.6, 7:30 - 79.4, 8:00 - 85.6, 8:30 - 1.1, 9:00 - 17.7, 9:30 - 128.4. mean congestion is 60.6. During this time period, the congestion level is moderate, so you may occasionally experience some inconvenience when moving around.
"
122,How dense is the crowd in Myeongdong around Early morning?,"The requested Early morning congestion in Myeongdong is 
상선 :5:30 - 63.9, 6:00 - 26.5, 6:30 - 27.7. mean congestion is 39.4. This time period is not busy, so it's a good time to visit.
하선 :5:30 - 68.5, 6:00 - 114.4, 6:30 - 128.9. mean congestion is 103.9. This time period is crowded, so we recommend visiting during a different time.
"
123,How crowded is Gangnam around Evening peak?,"The requested Evening peak congestion in Gangnam is 
상선 :17:00 - 129.1, 17:30 - 72.7, 18:00 - 18.4, 18:30 - 4.9, 19:00 - 105.7, 19:30 - 71.5. mean congestion is 67.0. During this time period, the congestion level is moderate, so you may occasionally experience some inconvenience when moving around.
하선 :17:00 - 42.6, 17:30 - 68.0, 18:00 - 64.9, 18:30 - 111.8, 19:00 - 8.9, 19:30 - 50.3. mean congestion is 57.8. During this time period, the congestion level is moderate, so you may occasionally experience some inconvenience when moving around.
"
124,What’s the crowd situation in Gangnam at Lunchtime?,"The requested Lunchtime congestion in Gangnam is 
내선 :12:00 - 19.7, 12:30 - 36.4, 13:00 - 32.2, 13:30 - 97.4, 14:00 - 2.4, 14:30 - 47.3. mean congestion is 39.2. This time period is not busy, so it's a good time to visit.
외선 :12:00 - 71.1, 12:30 - 104.0, 13:00 - 35.3, 13:30 - 125.0, 14:00 - 19.7, 14:30 - 70.8. mean congestion is 71.0. During this time period, the congestion level is moderate, so you may occasionally experience some inconvenience when moving around.
"
125,How are the crowds in Hongdea at Sunset hours?,"The requested Sunset hours congestion in Hongdea is 
내선 :17:00 - 47.4, 17:30 - 37.0, 18:00 - 116.9, 18:30 - 76.0, 19:00 - 47.6, 19:30 - 53.3. mean congestion is 63.0. During this time period, the congestion level is moderate, so you may occasionally experience some inconvenience when moving around.
외선 :17:00 - 61.4, 17:30 - 111.2, 18:00 - 59.0, 18:30 - 98.7, 19:00 - 64.7, 19:30 - 86.5. mean congestion is 80.2. This time period is crowded, so we recommend visiting during a different time.
"
126,How packed does Myeongdong get around Late afternoon?,"The requested Late afternoon congestion in Myeongdong is 
내선 :12:00 - 49.2, 12:30 - 13.6, 13:00 - 127.0, 13:30 - 92.3, 14:00 - 75.2, 14:30 - 18.3. mean congestion is 62.6. During this time period, the congestion level is moderate, so you may occasionally experience some inconvenience when moving around.
외선 :12:00 - 109.3, 12:30 - 45.7, 13:00 - 31.1, 13:30 - 118.0, 14:00 - 43.0, 14:30 - 28.2. mean congestion is 62.6. During this time period, the congestion level is moderate, so you may occasionally experience some inconvenience when moving around.
"
127,How heavy is the crowd in Myeongdong around Commuter time?,"The requested Commuter time congestion in Myeongdong is 
상선 :7:00 - 113.0, 7:30 - 52.6, 8:00 - 48.2, 8:30 - 108.4, 9:00 - 81.5, 9:30 - 1.6, 17:00 - 12.3, 17:30 - 15.5, 18:00 - 32.2, 18:30 - 11.4, 19:00 - 87.7, 19:30 - 84.5. mean congestion is 54.1. During this time period, the congestion level is moderate, so you may occasionally experience some inconvenience when moving around.
하선 :7:00 - 116.7, 7:30 - 98.2, 8:00 - 58.7, 8:30 - 13.4, 9:00 - 81.0, 9:30 - 53.8, 17:00 - 11.4, 17:30 - 43.1, 18:00 - 87.9, 18:30 - 95.6, 19:00 - 89.7, 19:30 - 16.3. mean congestion is 63.8. During this time period, the congestion level is moderate, so you may occasionally experience some inconvenience when moving around.
"
128,What are the crowds like in Myeongdong during Commuter time?,"The requested Commuter time congestion in Myeongdong is 
상선 :7:00 - 5.5, 7:30 - 26.7, 8:00 - 102.8, 8:30 - 12.8, 9:00 - 63.1, 9:30 - 28.8, 17:00 - 129.3, 17:30 - 31.4, 18:00 - 94.4, 18:30 - 30.3, 19:00 - 8.9, 19:30 - 28.4. mean congestion is 46.9. This time period is not busy, so it's a good time to visit.
하선 :7:00 - 81.4, 7:30 - 51.7, 8:00 - 124.3, 8:30 - 82.8, 9:00 - 64.1, 9:30 - 27.8, 17:00 - 33.1, 17:30 - 1.1, 18:00 - 47.9, 18:30 - 43.8, 19:00 - 55.2, 19:30 - 32.0. mean congestion is 53.8. During this time period, the congestion level is moderate, so you may occasionally experience some inconvenience when moving around.
"
129,What’s the foot traffic in Hongdea during Afternoon traffic?,"The requested Afternoon traffic congestion in Hongdea is 
상선 :17:00 - 19.3, 17:30 - 32.0, 18:00 - 112.7, 18:30 - 58.9, 19:00 - 18.5, 19:30 - 116.9. mean congestion is 59.7. During this time period, the congestion level is moderate, so you may occasionally experience some inconvenience when moving around.
하선 :17:00 - 6.4, 17:30 - 107.9, 18:00 - 16.3, 18:30 - 79.8, 19:00 - 22.3, 19:30 - 44.7. mean congestion is 46.2. This time period is not busy, so it's a good time to visit.
"
130,How packed does Hongdea get around Pre-dawn?,"The requested Pre-dawn congestion in Hongdea is 
내선 :5:30 - 65.6, 6:00 - 61.4, 6:30 - 87.3. mean congestion is 71.4. During this time period, the congestion level is moderate, so you may occasionally experience some inconvenience when moving around.
외선 :5:30 - 82.0, 6:00 - 43.3, 6:30 - 73.6. mean congestion is 66.3. During this time period, the congestion level is moderate, so you may occasionally experience some inconvenience when moving around.
"
131,What are the crowds like in Myeongdong during Lunchtime rush?,"The requested Lunchtime rush congestion in Myeongdong is 
내선 :12:00 - 27.2, 12:30 - 97.7, 13:00 - 103.7, 13:30 - 62.3, 14:00 - 81.3, 14:30 - 23.1. mean congestion is 65.9. During this time period, the congestion level is moderate, so you may occasionally experience some inconvenience when moving around.
외선 :12:00 - 46.1, 12:30 - 23.4, 13:00 - 85.4, 13:30 - 41.7, 14:00 - 36.8, 14:30 - 44.5. mean congestion is 46.3. This time period is not busy, so it's a good time to visit.
"
132,What are the crowds like in Myeongdong during Dinnertime bustle?,"The requested Dinnertime bustle congestion in Myeongdong is 
상선 :17:00 - 53.1, 17:30 - 51.7, 18:00 - 123.4, 18:30 - 22.3, 19:00 - 125.9, 19:30 - 123.3. mean congestion is 83.3. This time period is crowded, so we recommend visiting during a different time.
하선 :17:00 - 19.4, 17:30 - 117.3, 18:00 - 9.9, 18:30 - 129.0, 19:00 - 36.3, 19:30 - 15.7. mean congestion is 54.6. During this time period, the congestion level is moderate, so you may occasionally experience some inconvenience when moving around.
"
133,How much foot traffic does Hongdea have at Lunchtime?,"The requested Lunchtime congestion in Hongdea is 
상선 :12:00 - 7.6, 12:30 - 34.1, 13:00 - 26.1, 13:30 - 67.3, 14:00 - 43.2, 14:30 - 8.6. mean congestion is 31.2. This time period is not busy, so it's a good time to visit.
하선 :12:00 - 42.8, 12:30 - 2.8, 13:00 - 23.3, 13:30 - 1.8, 14:00 - 96.9, 14:30 - 32.4. mean congestion is 33.3. This time period is not busy, so it's a good time to visit.
"
134,Is Myeongdong packed around Brunch hour?,"The requested Brunch hour congestion in Myeongdong is 
내선 :10:00 - 15.0, 10:30 - 109.1, 11:00 - 42.2, 11:30 - 27.1. mean congestion is 48.4. This time period is not busy, so it's a good time to visit.
외선 :10:00 - 67.9, 10:30 - 108.4, 11:00 - 74.4, 11:30 - 84.6. mean congestion is 83.8. This time period is crowded, so we recommend visiting during a different time.
"
135,What’s the crowd level in Gangnam during Post-work rush?,"The requested Post-work rush congestion in Gangnam is 
상선 :17:00 - 101.0, 17:30 - 69.3, 18:00 - 97.5, 18:30 - 46.5, 19:00 - 30.5, 19:30 - 34.5. mean congestion is 63.2. During this time period, the congestion level is moderate, so you may occasionally experience some inconvenience when moving around.
하선 :17:00 - 18.5, 17:30 - 116.0, 18:00 - 93.3, 18:30 - 69.3, 19:00 - 14.7, 19:30 - 14.8. mean congestion is 54.4. During this time period, the congestion level is moderate, so you may occasionally experience some inconvenience when moving around.
"
136,What’s the Post-work rush traffic like in Hongdea?,"The requested Post-work rush congestion in Hongdea is 
내선 :17:00 - 17.1, 17:30 - 23.4, 18:00 - 75.8, 18:30 - 63.6, 19:00 - 119.7, 19:30 - 50.2. mean congestion is 58.3. During this time period, the congestion level is moderate, so you may occasionally experience some inconvenience when moving around.
외선 :17:00 - 31.9, 17:30 - 59.1, 18:00 - 60.1, 18:30 - 55.8, 19:00 - 106.9, 19:30 - 66.9. mean congestion is 63.4. During this time period, the congestion level is moderate, so you may occasionally experience some inconvenience when moving around.
"
137,What’s the congestion like in Hongdea at Lunch hour?,"The requested Lunch hour congestion in Hongdea is 
내선 :12:00 - 90.3, 12:30 - 6.5, 13:00 - 71.3, 13:30 - 13.2, 14:00 - 50.2, 14:30 - 94.3. mean congestion is 54.3. During this time period, the congestion level is moderate, so you may occasionally experience some inconvenience when moving around.
외선 :12:00 - 11.4, 12:30 - 104.3, 13:00 - 17.8, 13:30 - 81.2, 14:00 - 111.7, 14:30 - 127.1. mean congestion is 75.6. During this time period, the congestion level is moderate, so you may occasionally experience some inconvenience when moving around.
"
138,What’s the foot traffic in Hongdea during Lunchtime rush?,"The requested Lunchtime rush congestion in Hongdea is 
내선 :12:00 - 129.0, 12:30 - 3.4, 13:00 - 40.7, 13:30 - 6.3, 14:00 - 17.3, 14:30 - 56.4. mean congestion is 42.2. This time period is not busy, so it's a good time to visit.
외선 :12:00 - 97.0, 12:30 - 34.9, 13:00 - 31.2, 13:30 - 87.4, 14:00 - 122.3, 14:30 - 7.0. mean congestion is 63.3. During this time period, the congestion level is moderate, so you may occasionally experience some inconvenience when moving around.
"
139,How packed does Hongdea get around Sunset hours?,"The requested Sunset hours congestion in Hongdea is 
내선 :17:00 - 9.8, 17:30 - 53.7, 18:00 - 92.1, 18:30 - 1.1, 19:00 - 7.9, 19:30 - 106.7. mean congestion is 45.2. This time period is not busy, so it's a good time to visit.
외선 :17:00 - 26.6, 17:30 - 11.3, 18:00 - 88.7, 18:30 - 59.6, 19:00 - 58.8, 19:30 - 15.1. mean congestion is 43.4. This time period is not busy, so it's a good time to visit.
"
140,Is Hongdea packed around Post-work rush?,"The requested Post-work rush congestion in Hongdea is 
내선 :17:00 - 95.1, 17:30 - 22.2, 18:00 - 15.9, 18:30 - 106.4, 19:00 - 59.1, 19:30 - 41.7. mean congestion is 56.7. During this time period, the congestion level is moderate, so you may occasionally experience some inconvenience when moving around.
외선 :17:00 - 87.2, 17:30 - 117.3, 18:00 - 89.7, 18:30 - 43.6, 19:00 - 23.0, 19:30 - 13.7. mean congestion is 62.4. During this time period, the congestion level is moderate, so you may occasionally experience some inconvenience when moving around.
"
141,How dense is the crowd in Hongdea around Morning rush hour?,"The requested Morning rush hour congestion in Hongdea is 
내선 :7:00 - 39.1, 7:30 - 75.6, 8:00 - 86.2, 8:30 - 117.2, 9:00 - 29.8, 9:30 - 109.7. mean congestion is 76.3. During this time period, the congestion level is moderate, so you may occasionally experience some inconvenience when moving around.
외선 :7:00 - 53.7, 7:30 - 52.7, 8:00 - 116.4, 8:30 - 73.5, 9:00 - 0.7, 9:30 - 118.7. mean congestion is 69.3. During this time period, the congestion level is moderate, so you may occasionally experience some inconvenience when moving around.
"
142,Is Gangnam busy around Mid-morning hours?,"The requested Mid-morning hours congestion in Gangnam is 
내선 :10:00 - 113.6, 10:30 - 67.5, 11:00 - 92.0, 11:30 - 116.1. mean congestion is 97.3. This time period is crowded, so we recommend visiting during a different time.
외선 :10:00 - 126.1, 10:30 - 108.8, 11:00 - 49.0, 11:30 - 63.7. mean congestion is 86.9. This time period is crowded, so we recommend visiting during a different time.
"
143,How full does Myeongdong get during Dinner time?,"The requested Dinner time congestion in Myeongdong is 
내선 :17:00 - 33.6, 17:30 - 9.4, 18:00 - 88.9, 18:30 - 44.6, 19:00 - 19.6, 19:30 - 3.1. mean congestion is 33.2. This time period is not busy, so it's a good time to visit.
외선 :17:00 - 25.0, 17:30 - 129.7, 18:00 - 81.3, 18:30 - 87.1, 19:00 - 12.2, 19:30 - 104.2. mean congestion is 73.2. During this time period, the congestion level is moderate, so you may occasionally experience some inconvenience when moving around.
"
144,Is Myeongdong packed around Daybreak?,"The requested Daybreak congestion in Myeongdong is 
상선 :5:30 - 116.4, 6:00 - 82.1, 6:30 - 49.6. mean congestion is 82.7. This time period is crowded, so we recommend visiting during a different time.
하선 :5:30 - 47.3, 6:00 - 14.8, 6:30 - 102.5. mean congestion is 54.9. During this time period, the congestion level is moderate, so you may occasionally experience some inconvenience when moving around.
"
145,Is Myeongdong packed around Dawn hours?,"The requested Dawn hours congestion in Myeongdong is 
상선 :5:30 - 119.2, 6:00 - 70.9, 6:30 - 120.2. mean congestion is 103.4. This time period is crowded, so we recommend visiting during a different time.
하선 :5:30 - 3.2, 6:00 - 47.7, 6:30 - 73.4. mean congestion is 41.4. This time period is not busy, so it's a good time to visit.
"
146,How packed does Gangnam get around Peak travel time?,"The requested Peak travel time congestion in Gangnam is 
상선 :7:00 - 19.6, 7:30 - 6.2, 8:00 - 129.6, 8:30 - 81.1, 9:00 - 126.2, 9:30 - 5.2, 17:00 - 50.5, 17:30 - 56.5, 18:00 - 42.3, 18:30 - 4.9, 19:00 - 115.3, 19:30 - 24.0. mean congestion is 55.1. During this time period, the congestion level is moderate, so you may occasionally experience some inconvenience when moving around.
하선 :7:00 - 81.7, 7:30 - 113.9, 8:00 - 16.0, 8:30 - 19.1, 9:00 - 74.6, 9:30 - 125.5, 17:00 - 128.2, 17:30 - 56.7, 18:00 - 53.4, 18:30 - 59.7, 19:00 - 97.9, 19:30 - 87.0. mean congestion is 76.1. During this time period, the congestion level is moderate, so you may occasionally experience some inconvenience when moving around.
"
147,How crowded is Hongdea usually at Twilight commute?,"The requested Twilight commute congestion in Hongdea is 
내선 :17:00 - 101.6, 17:30 - 108.1, 18:00 - 102.7, 18:30 - 29.3, 19:00 - 2.4, 19:30 - 117.8. mean congestion is 77.0. During this time period, the congestion level is moderate, so you may occasionally experience some inconvenience when moving around.
외선 :17:00 - 129.8, 17:30 - 108.4, 18:00 - 104.2, 18:30 - 34.3, 19:00 - 34.9, 19:30 - 59.8. mean congestion is 78.6. During this time period, the congestion level is moderate, so you may occasionally experience some inconvenience when moving around.
"
148,How packed does Myeongdong get around Evening peak?,"The requested Evening peak congestion in Myeongdong is 
내선 :17:00 - 49.6, 17:30 - 92.1, 18:00 - 100.4, 18:30 - 34.3, 19:00 - 28.8, 19:30 - 1.3. mean congestion is 51.1. During this time period, the congestion level is moderate, so you may occasionally experience some inconvenience when moving around.
외선 :17:00 - 53.6, 17:30 - 43.6, 18:00 - 96.6, 18:30 - 121.7, 19:00 - 0.0, 19:30 - 115.7. mean congestion is 71.9. During this time period, the congestion level is moderate, so you may occasionally experience some inconvenience when moving around.
"
149,How crowded is Myeongdong usually at Lunchtime rush?,"The requested Lunchtime rush congestion in Myeongdong is 
상선 :12:00 - 60.0, 12:30 - 34.1, 13:00 - 89.7, 13:30 - 122.3, 14:00 - 105.5, 14:30 - 28.4. mean congestion is 73.3. During this time period, the congestion level is moderate, so you may occasionally experience some inconvenience when moving around.
하선 :12:00 - 50.7, 12:30 - 44.3, 13:00 - 46.0, 13:30 - 77.1, 14:00 - 93.9, 14:30 - 41.9. mean congestion is 59.0. During this time period, the congestion level is moderate, so you may occasionally experience some inconvenience when moving around.
"
150,Is Gangnam packed around Twilight commute?,"The requested Twilight commute congestion in Gangnam is 
상선 :17:00 - 26.6, 17:30 - 38.9, 18:00 - 127.3, 18:30 - 22.0, 19:00 - 79.7, 19:30 - 13.8. mean congestion is 51.4. During this time period, the congestion level is moderate, so you may occasionally experience some inconvenience when moving around.
하선 :17:00 - 114.0, 17:30 - 75.8, 18:00 - 2.3, 18:30 - 64.0, 19:00 - 60.0, 19:30 - 23.9. mean congestion is 56.7. During this time period, the congestion level is moderate, so you may occasionally experience some inconvenience when moving around.
"
151,What’s the population density in Hongdea around Dinner time?,"The requested Dinner time congestion in Hongdea is 
내선 :17:00 - 20.7, 17:30 - 54.9, 18:00 - 104.3, 18:30 - 97.5, 19:00 - 0.3, 19:30 - 108.1. mean congestion is 64.3. During this time period, the congestion level is moderate, so you may occasionally experience some inconvenience when moving around.
외선 :17:00 - 107.2, 17:30 - 10.8, 18:00 - 84.3, 18:30 - 57.3, 19:00 - 112.7, 19:30 - 123.5. mean congestion is 82.6. This time period is crowded, so we recommend visiting during a different time.
"
152,What are the crowds like in Hongdea during Lunchtime rush?,"The requested Lunchtime rush congestion in Hongdea is 
내선 :12:00 - 94.8, 12:30 - 8.4, 13:00 - 47.4, 13:30 - 67.0, 14:00 - 91.1, 14:30 - 125.2. mean congestion is 72.3. During this time period, the congestion level is moderate, so you may occasionally experience some inconvenience when moving around.
외선 :12:00 - 101.3, 12:30 - 34.5, 13:00 - 80.9, 13:30 - 55.0, 14:00 - 45.2, 14:30 - 87.8. mean congestion is 67.4. During this time period, the congestion level is moderate, so you may occasionally experience some inconvenience when moving around.
"
153,What’s the congestion like in Hongdea at Afternoon peak?,"The requested Afternoon peak congestion in Hongdea is 
내선 :17:00 - 79.9, 17:30 - 103.1, 18:00 - 102.4, 18:30 - 129.8, 19:00 - 9.3, 19:30 - 20.8. mean congestion is 74.2. During this time period, the congestion level is moderate, so you may occasionally experience some inconvenience when moving around.
외선 :17:00 - 48.1, 17:30 - 77.2, 18:00 - 76.5, 18:30 - 86.9, 19:00 - 75.4, 19:30 - 106.6. mean congestion is 78.4. During this time period, the congestion level is moderate, so you may occasionally experience some inconvenience when moving around.
"
154,What’s the people flow in Hongdea around Commuter time?,"The requested Commuter time congestion in Hongdea is 
내선 :7:00 - 22.8, 7:30 - 41.5, 8:00 - 10.0, 8:30 - 97.4, 9:00 - 91.2, 9:30 - 36.8, 17:00 - 43.7, 17:30 - 55.6, 18:00 - 82.3, 18:30 - 99.7, 19:00 - 72.1, 19:30 - 96.1. mean congestion is 62.4. During this time period, the congestion level is moderate, so you may occasionally experience some inconvenience when moving around.
외선 :7:00 - 96.8, 7:30 - 109.8, 8:00 - 96.9, 8:30 - 125.1, 9:00 - 59.9, 9:30 - 81.9, 17:00 - 4.7, 17:30 - 79.5, 18:00 - 80.9, 18:30 - 19.0, 19:00 - 24.6, 19:30 - 64.1. mean congestion is 70.3. During this time period, the congestion level is moderate, so you may occasionally experience some inconvenience when moving around.
"
155,How crowded is Gangnam usually at Noon hour?,"The requested Noon hour congestion in Gangnam is 
내선 :12:00 - 66.8, 12:30 - 14.6, 13:00 - 33.3, 13:30 - 45.1, 14:00 - 100.1, 14:30 - 59.9. mean congestion is 53.3. During this time period, the congestion level is moderate, so you may occasionally experience some inconvenience when moving around.
외선 :12:00 - 104.9, 12:30 - 59.6, 13:00 - 124.9, 13:30 - 14.7, 14:00 - 94.6, 14:30 - 99.0. mean congestion is 82.9. This time period is crowded, so we recommend visiting during a different time.
"
156,What’s the crowd level in Gangnam during Morning rush hour?,"The requested Morning rush hour congestion in Gangnam is 
내선 :7:00 - 122.1, 7:30 - 88.1, 8:00 - 90.7, 8:30 - 13.3, 9:00 - 82.7, 9:30 - 1.6. mean congestion is 66.4. During this time period, the congestion level is moderate, so you may occasionally experience some inconvenience when moving around.
외선 :7:00 - 102.7, 7:30 - 90.3, 8:00 - 107.2, 8:30 - 118.8, 9:00 - 33.2, 9:30 - 46.3. mean congestion is 83.1. This time period is crowded, so we recommend visiting during a different time.
"
157,How dense is the crowd in Hongdea around Peak travel time?,"The requested Peak travel time congestion in Hongdea is 
내선 :7:00 - 23.9, 7:30 - 10.5, 8:00 - 91.4, 8:30 - 85.4, 9:00 - 1.2, 9:30 - 99.1, 17:00 - 62.8, 17:30 - 4.3, 18:00 - 12.6, 18:30 - 84.2, 19:00 - 78.7, 19:30 - 11.9. mean congestion is 47.2. This time period is not busy, so it's a good time to visit.
외선 :7:00 - 79.8, 7:30 - 22.8, 8:00 - 127.7, 8:30 - 88.5, 9:00 - 67.5, 9:30 - 43.8, 17:00 - 29.0, 17:30 - 7.2, 18:00 - 91.7, 18:30 - 6.7, 19:00 - 60.1, 19:30 - 40.2. mean congestion is 55.4. During this time period, the congestion level is moderate, so you may occasionally experience some inconvenience when moving around.
"
158,What’s the people flow in Myeongdong around Post-work rush?,"The requested Post-work rush congestion in Myeongdong is 
내선 :17:00 - 126.7, 17:30 - 11.2, 18:00 - 19.4, 18:30 - 97.2, 19:00 - 127.1, 19:30 - 116.9. mean congestion is 83.1. This time period is crowded, so we recommend visiting during a different time.
외선 :17:00 - 126.4, 17:30 - 33.0, 18:00 - 72.1, 18:30 - 23.5, 19:00 - 41.1, 19:30 - 111.0. mean congestion is 67.9. During this time period, the congestion level is moderate, so you may occasionally experience some inconvenience when moving around.
"
159,How heavy is the crowd in Hongdea around Early morning?,"The requested Early morning congestion in Hongdea is 
상선 :5:30 - 90.0, 6:00 - 121.8, 6:30 - 40.8. mean congestion is 84.2. This time period is crowded, so we recommend visiting during a different time.
하선 :5:30 - 95.4, 6:00 - 33.9, 6:30 - 83.6. mean congestion is 71.0. During this time period, the congestion level is moderate, so you may occasionally experience some inconvenience when moving around.
"
160,How dense is the crowd in Gangnam around Noon hour?,"The requested Noon hour congestion in Gangnam is 
내선 :12:00 - 14.2, 12:30 - 94.0, 13:00 - 119.0, 13:30 - 11.9, 14:00 - 57.7, 14:30 - 36.4. mean congestion is 55.5. During this time period, the congestion level is moderate, so you may occasionally experience some inconvenience when moving around.
외선 :12:00 - 73.6, 12:30 - 49.5, 13:00 - 29.2, 13:30 - 48.1, 14:00 - 45.0, 14:30 - 55.1. mean congestion is 50.1. During this time period, the congestion level is moderate, so you may occasionally experience some inconvenience when moving around.
"
161,Is Myeongdong packed around Early bird hours?,"The requested Early bird hours congestion in Myeongdong is 
내선 :7:00 - 14.4, 7:30 - 62.1, 8:00 - 90.7, 8:30 - 51.4, 9:00 - 93.4, 9:30 - 92.4. mean congestion is 67.4. During this time period, the congestion level is moderate, so you may occasionally experience some inconvenience when moving around.
외선 :7:00 - 10.3, 7:30 - 128.9, 8:00 - 71.9, 8:30 - 35.4, 9:00 - 66.8, 9:30 - 36.7. mean congestion is 58.3. During this time period, the congestion level is moderate, so you may occasionally experience some inconvenience when moving around.
"
162,How much foot traffic does Myeongdong have at Dinner time?,"The requested Dinner time congestion in Myeongdong is 
상선 :17:00 - 99.8, 17:30 - 56.3, 18:00 - 1.1, 18:30 - 106.0, 19:00 - 11.4, 19:30 - 99.3. mean congestion is 62.3. During this time period, the congestion level is moderate, so you may occasionally experience some inconvenience when moving around.
하선 :17:00 - 59.4, 17:30 - 13.2, 18:00 - 13.4, 18:30 - 83.9, 19:00 - 102.6, 19:30 - 4.6. mean congestion is 46.2. This time period is not busy, so it's a good time to visit.
"
163,What’s the congestion like in Hongdea at Evening peak?,"The requested Evening peak congestion in Hongdea is 
상선 :17:00 - 105.7, 17:30 - 127.2, 18:00 - 84.2, 18:30 - 26.4, 19:00 - 70.6, 19:30 - 5.5. mean congestion is 69.9. During this time period, the congestion level is moderate, so you may occasionally experience some inconvenience when moving around.
하선 :17:00 - 49.8, 17:30 - 60.5, 18:00 - 52.7, 18:30 - 7.6, 19:00 - 47.8, 19:30 - 59.8. mean congestion is 46.4. This time period is not busy, so it's a good time to visit.
"
164,How dense is the crowd in Myeongdong around Sunset hours?,"The requested Sunset hours congestion in Myeongdong is 
내선 :17:00 - 66.5, 17:30 - 25.9, 18:00 - 9.3, 18:30 - 98.1, 19:00 - 65.8, 19:30 - 92.4. mean congestion is 59.7. During this time period, the congestion level is moderate, so you may occasionally experience some inconvenience when moving around.
외선 :17:00 - 83.8, 17:30 - 17.8, 18:00 - 52.9, 18:30 - 122.2, 19:00 - 45.0, 19:30 - 20.9. mean congestion is 57.1. During this time period, the congestion level is moderate, so you may occasionally experience some inconvenience when moving around.
"
165,What are the crowds like in Gangnam during Late afternoon?,"The requested Late afternoon congestion in Gangnam is 
상선 :12:00 - 33.9, 12:30 - 129.9, 13:00 - 52.4, 13:30 - 88.7, 14:00 - 11.7, 14:30 - 42.0. mean congestion is 59.8. During this time period, the congestion level is moderate, so you may occasionally experience some inconvenience when moving around.
하선 :12:00 - 70.9, 12:30 - 125.1, 13:00 - 115.8, 13:30 - 29.4, 14:00 - 94.1, 14:30 - 119.6. mean congestion is 92.5. This time period is crowded, so we recommend visiting during a different time.
"
166,What’s the people flow in Hongdea around Lunchtime rush?,"The requested Lunchtime rush congestion in Hongdea is 
내선 :12:00 - 66.9, 12:30 - 108.8, 13:00 - 81.8, 13:30 - 20.7, 14:00 - 22.8, 14:30 - 46.4. mean congestion is 57.9. During this time period, the congestion level is moderate, so you may occasionally experience some inconvenience when moving around.
외선 :12:00 - 121.3, 12:30 - 76.4, 13:00 - 79.9, 13:30 - 107.9, 14:00 - 55.0, 14:30 - 59.6. mean congestion is 83.4. This time period is crowded, so we recommend visiting during a different time.
"
167,How packed does Gangnam get around Morning rush hour?,"The requested Morning rush hour congestion in Gangnam is 
내선 :7:00 - 65.3, 7:30 - 46.5, 8:00 - 90.8, 8:30 - 10.0, 9:00 - 37.7, 9:30 - 63.9. mean congestion is 52.4. During this time period, the congestion level is moderate, so you may occasionally experience some inconvenience when moving around.
외선 :7:00 - 27.6, 7:30 - 87.5, 8:00 - 25.8, 8:30 - 61.4, 9:00 - 18.3, 9:30 - 79.8. mean congestion is 50.1. During this time period, the congestion level is moderate, so you may occasionally experience some inconvenience when moving around.
"
168,How crowded is Gangnam usually at High traffic time?,"The requested High traffic time congestion in Gangnam is 
내선 :7:00 - 22.7, 7:30 - 44.6, 8:00 - 88.2, 8:30 - 112.2, 9:00 - 64.5, 9:30 - 27.0, 17:00 - 96.5, 17:30 - 105.4, 18:00 - 12.3, 18:30 - 0.3, 19:00 - 69.8, 19:30 - 100.9. mean congestion is 62.0. During this time period, the congestion level is moderate, so you may occasionally experience some inconvenience when moving around.
외선 :7:00 - 38.6, 7:30 - 77.7, 8:00 - 54.3, 8:30 - 119.5, 9:00 - 122.1, 9:30 - 55.6, 17:00 - 101.6, 17:30 - 129.2, 18:00 - 52.8, 18:30 - 44.7, 19:00 - 28.8, 19:30 - 35.7. mean congestion is 71.7. During this time period, the congestion level is moderate, so you may occasionally experience some inconvenience when moving around.
"
169,Is Hongdea busy around Post-work rush?,"The requested Post-work rush congestion in Hongdea is 
내선 :17:00 - 85.3, 17:30 - 6.1, 18:00 - 25.3, 18:30 - 100.4, 19:00 - 81.2, 19:30 - 42.0. mean congestion is 56.7. During this time period, the congestion level is moderate, so you may occasionally experience some inconvenience when moving around.
외선 :17:00 - 71.8, 17:30 - 4.6, 18:00 - 0.8, 18:30 - 103.2, 19:00 - 86.3, 19:30 - 42.9. mean congestion is 51.6. During this time period, the congestion level is moderate, so you may occasionally experience some inconvenience when moving around.
"
170,What’s the crowd situation in Hongdea at Peak travel time?,"The requested Peak travel time congestion in Hongdea is 
내선 :7:00 - 38.4, 7:30 - 47.8, 8:00 - 3.9, 8:30 - 64.5, 9:00 - 74.5, 9:30 - 46.7, 17:00 - 67.2, 17:30 - 62.7, 18:00 - 94.3, 18:30 - 25.6, 19:00 - 42.6, 19:30 - 9.9. mean congestion is 48.2. This time period is not busy, so it's a good time to visit.
외선 :7:00 - 44.9, 7:30 - 71.9, 8:00 - 58.3, 8:30 - 25.7, 9:00 - 105.7, 9:30 - 41.0, 17:00 - 81.2, 17:30 - 7.0, 18:00 - 57.5, 18:30 - 40.0, 19:00 - 19.6, 19:30 - 108.3. mean congestion is 55.1. During this time period, the congestion level is moderate, so you may occasionally experience some inconvenience when moving around.
"
171,What’s the congestion like in Myeongdong at Peak travel time?,"The requested Peak travel time congestion in Myeongdong is 
내선 :7:00 - 59.5, 7:30 - 121.9, 8:00 - 129.9, 8:30 - 118.4, 9:00 - 129.8, 9:30 - 79.7, 17:00 - 64.1, 17:30 - 27.7, 18:00 - 87.5, 18:30 - 92.6, 19:00 - 94.3, 19:30 - 121.1. mean congestion is 93.9. This time period is crowded, so we recommend visiting during a different time.
외선 :7:00 - 8.6, 7:30 - 121.4, 8:00 - 72.4, 8:30 - 79.5, 9:00 - 40.2, 9:30 - 13.9, 17:00 - 109.9, 17:30 - 37.6, 18:00 - 68.0, 18:30 - 100.4, 19:00 - 87.6, 19:30 - 76.9. mean congestion is 68.0. During this time period, the congestion level is moderate, so you may occasionally experience some inconvenience when moving around.
"
172,How crowded is Hongdea usually at Afternoon peak?,"The requested Afternoon peak congestion in Hongdea is 
상선 :17:00 - 72.8, 17:30 - 62.6, 18:00 - 50.4, 18:30 - 120.7, 19:00 - 106.8, 19:30 - 31.1. mean congestion is 74.1. During this time period, the congestion level is moderate, so you may occasionally experience some inconvenience when moving around.
하선 :17:00 - 73.4, 17:30 - 95.6, 18:00 - 16.1, 18:30 - 115.6, 19:00 - 17.6, 19:30 - 118.4. mean congestion is 72.8. During this time period, the congestion level is moderate, so you may occasionally experience some inconvenience when moving around.
"
173,What’s the people flow in Gangnam around Morning hustle?,"The requested Morning hustle congestion in Gangnam is 
내선 :7:00 - 87.5, 7:30 - 61.9, 8:00 - 102.6, 8:30 - 24.2, 9:00 - 95.7, 9:30 - 10.7. mean congestion is 63.8. During this time period, the congestion level is moderate, so you may occasionally experience some inconvenience when moving around.
외선 :7:00 - 62.3, 7:30 - 2.8, 8:00 - 114.0, 8:30 - 15.3, 9:00 - 73.9, 9:30 - 93.8. mean congestion is 60.4. During this time period, the congestion level is moderate, so you may occasionally experience some inconvenience when moving around.
"
174,How crowded is Hongdea around Afternoon peak?,"The requested Afternoon peak congestion in Hongdea is 
내선 :17:00 - 21.9, 17:30 - 101.4, 18:00 - 10.4, 18:30 - 34.3, 19:00 - 17.2, 19:30 - 39.6. mean congestion is 37.5. This time period is not busy, so it's a good time to visit.
외선 :17:00 - 112.0, 17:30 - 85.1, 18:00 - 82.1, 18:30 - 115.1, 19:00 - 126.4, 19:30 - 21.0. mean congestion is 90.3. This time period is crowded, so we recommend visiting during a different time.
"
175,How crowded is Hongdea usually at Sunset hours?,"The requested Sunset hours congestion in Hongdea is 
내선 :17:00 - 6.6, 17:30 - 50.9, 18:00 - 95.8, 18:30 - 98.4, 19:00 - 83.9, 19:30 - 82.4. mean congestion is 69.7. During this time period, the congestion level is moderate, so you may occasionally experience some inconvenience when moving around.
외선 :17:00 - 43.0, 17:30 - 85.7, 18:00 - 67.0, 18:30 - 82.7, 19:00 - 89.4, 19:30 - 90.8. mean congestion is 76.4. During this time period, the congestion level is moderate, so you may occasionally experience some inconvenience when moving around.
"
176,What’s the congestion like in Myeongdong at Mid-morning hours?,"The requested Mid-morning hours congestion in Myeongdong is 
내선 :10:00 - 99.4, 10:30 - 84.1, 11:00 - 108.9, 11:30 - 32.3. mean congestion is 81.2. This time period is crowded, so we recommend visiting during a different time.
외선 :10:00 - 24.4, 10:30 - 82.7, 11:00 - 75.0, 11:30 - 26.3. mean congestion is 52.1. During this time period, the congestion level is moderate, so you may occasionally experience some inconvenience when moving around.
"
177,What’s the population density in Myeongdong around Brunch hour?,"The requested Brunch hour congestion in Myeongdong is 
상선 :10:00 - 120.2, 10:30 - 76.8, 11:00 - 101.6, 11:30 - 117.1. mean congestion is 103.9. This time period is crowded, so we recommend visiting during a different time.
하선 :10:00 - 56.8, 10:30 - 35.4, 11:00 - 18.1, 11:30 - 59.9. mean congestion is 42.6. This time period is not busy, so it's a good time to visit.
"
178,Is Gangnam busy around Lunch hour?,"The requested Lunch hour congestion in Gangnam is 
상선 :12:00 - 24.6, 12:30 - 77.6, 13:00 - 112.3, 13:30 - 111.9, 14:00 - 86.9, 14:30 - 92.7. mean congestion is 84.3. This time period is crowded, so we recommend visiting during a different time.
하선 :12:00 - 16.6, 12:30 - 27.1, 13:00 - 49.5, 13:30 - 79.7, 14:00 - 78.5, 14:30 - 48.8. mean congestion is 50.0. During this time period, the congestion level is moderate, so you may occasionally experience some inconvenience when moving around.
"
179,How busy is Myeongdong around Afternoon traffic?,"The requested Afternoon traffic congestion in Myeongdong is 
내선 :17:00 - 59.3, 17:30 - 83.1, 18:00 - 122.2, 18:30 - 87.8, 19:00 - 7.2, 19:30 - 55.5. mean congestion is 69.2. During this time period, the congestion level is moderate, so you may occasionally experience some inconvenience when moving around.
외선 :17:00 - 69.0, 17:30 - 123.2, 18:00 - 129.9, 18:30 - 28.0, 19:00 - 32.0, 19:30 - 121.0. mean congestion is 83.9. This time period is crowded, so we recommend visiting during a different time.
"
180,What’s the crowd flow like in Hongdea during Commuter time?,"The requested Commuter time congestion in Hongdea is 
상선 :7:00 - 117.4, 7:30 - 121.6, 8:00 - 110.3, 8:30 - 33.6, 9:00 - 116.8, 9:30 - 80.9, 17:00 - 70.3, 17:30 - 50.6, 18:00 - 115.8, 18:30 - 59.0, 19:00 - 23.5, 19:30 - 2.8. mean congestion is 75.2. During this time period, the congestion level is moderate, so you may occasionally experience some inconvenience when moving around.
하선 :7:00 - 21.0, 7:30 - 24.7, 8:00 - 92.6, 8:30 - 120.8, 9:00 - 15.0, 9:30 - 61.0, 17:00 - 125.7, 17:30 - 106.9, 18:00 - 80.4, 18:30 - 99.3, 19:00 - 79.5, 19:30 - 66.7. mean congestion is 74.5. During this time period, the congestion level is moderate, so you may occasionally experience some inconvenience when moving around.
"
181,How dense is the crowd in Myeongdong around Early morning?,"The requested Early morning congestion in Myeongdong is 
내선 :5:30 - 113.6, 6:00 - 111.9, 6:30 - 80.9. mean congestion is 102.1. This time period is crowded, so we recommend visiting during a different time.
외선 :5:30 - 126.6, 6:00 - 106.1, 6:30 - 45.9. mean congestion is 92.9. This time period is crowded, so we recommend visiting during a different time.
"
182,What’s the people flow in Gangnam around Midday?,"The requested Midday congestion in Gangnam is 
상선 :12:00 - 51.6, 12:30 - 91.0, 13:00 - 100.1, 13:30 - 60.9, 14:00 - 31.4, 14:30 - 83.7. mean congestion is 69.8. During this time period, the congestion level is moderate, so you may occasionally experience some inconvenience when moving around.
하선 :12:00 - 42.1, 12:30 - 101.7, 13:00 - 23.4, 13:30 - 55.4, 14:00 - 33.8, 14:30 - 88.5. mean congestion is 57.5. During this time period, the congestion level is moderate, so you may occasionally experience some inconvenience when moving around.
"
183,What’s the crowd situation in Gangnam at Twilight commute?,"The requested Twilight commute congestion in Gangnam is 
내선 :17:00 - 88.9, 17:30 - 79.3, 18:00 - 23.9, 18:30 - 107.5, 19:00 - 25.3, 19:30 - 108.7. mean congestion is 72.3. During this time period, the congestion level is moderate, so you may occasionally experience some inconvenience when moving around.
외선 :17:00 - 43.0, 17:30 - 81.6, 18:00 - 10.8, 18:30 - 54.8, 19:00 - 65.4, 19:30 - 49.4. mean congestion is 50.8. During this time period, the congestion level is moderate, so you may occasionally experience some inconvenience when moving around.
"
184,What are the crowds like in Hongdea during Dinnertime bustle?,"The requested Dinnertime bustle congestion in Hongdea is 
내선 :17:00 - 113.9, 17:30 - 4.1, 18:00 - 9.7, 18:30 - 1.6, 19:00 - 60.6, 19:30 - 18.9. mean congestion is 34.8. This time period is not busy, so it's a good time to visit.
외선 :17:00 - 44.0, 17:30 - 115.6, 18:00 - 47.4, 18:30 - 25.2, 19:00 - 112.5, 19:30 - 21.4. mean congestion is 61.0. During this time period, the congestion level is moderate, so you may occasionally experience some inconvenience when moving around.
"
185,What are the crowds like in Myeongdong during Dinnertime bustle?,"The requested Dinnertime bustle congestion in Myeongdong is 
내선 :17:00 - 14.7, 17:30 - 0.2, 18:00 - 30.2, 18:30 - 70.7, 19:00 - 52.0, 19:30 - 87.1. mean congestion is 42.5. This time period is not busy, so it's a good time to visit.
외선 :17:00 - 110.5, 17:30 - 97.7, 18:00 - 80.7, 18:30 - 95.1, 19:00 - 4.4, 19:30 - 48.2. mean congestion is 72.8. During this time period, the congestion level is moderate, so you may occasionally experience some inconvenience when moving around.
"
186,How are the crowds in Hongdea at Lunchtime?,"The requested Lunchtime congestion in Hongdea is 
상선 :12:00 - 63.0, 12:30 - 102.6, 13:00 - 9.0, 13:30 - 8.3, 14:00 - 105.7, 14:30 - 65.9. mean congestion is 59.1. During this time period, the congestion level is moderate, so you may occasionally experience some inconvenience when moving around.
하선 :12:00 - 114.0, 12:30 - 126.7, 13:00 - 0.3, 13:30 - 34.1, 14:00 - 84.3, 14:30 - 124.6. mean congestion is 80.7. This time period is crowded, so we recommend visiting during a different time.
"
187,How crowded is Myeongdong around Lunchtime rush?,"The requested Lunchtime rush congestion in Myeongdong is 
내선 :12:00 - 20.7, 12:30 - 80.2, 13:00 - 117.5, 13:30 - 98.7, 14:00 - 47.9, 14:30 - 44.8. mean congestion is 68.3. During this time period, the congestion level is moderate, so you may occasionally experience some inconvenience when moving around.
외선 :12:00 - 110.7, 12:30 - 107.9, 13:00 - 99.5, 13:30 - 72.8, 14:00 - 127.5, 14:30 - 18.8. mean congestion is 89.5. This time period is crowded, so we recommend visiting during a different time.
"
188,What’s the Golden hour traffic like in Hongdea?,"The requested Golden hour congestion in Hongdea is 
상선 :7:00 - 32.0, 7:30 - 124.2, 8:00 - 8.5, 8:30 - 77.8, 9:00 - 53.2, 9:30 - 77.3, 17:00 - 9.9, 17:30 - 84.6, 18:00 - 28.4, 18:30 - 126.7, 19:00 - 16.2, 19:30 - 32.7. mean congestion is 56.0. During this time period, the congestion level is moderate, so you may occasionally experience some inconvenience when moving around.
하선 :7:00 - 78.3, 7:30 - 58.7, 8:00 - 3.6, 8:30 - 17.8, 9:00 - 57.1, 9:30 - 121.3, 17:00 - 88.5, 17:30 - 103.6, 18:00 - 67.0, 18:30 - 31.9, 19:00 - 94.3, 19:30 - 11.5. mean congestion is 61.1. During this time period, the congestion level is moderate, so you may occasionally experience some inconvenience when moving around.
"
189,What’s the foot traffic in Myeongdong during Lunch hour?,"The requested Lunch hour congestion in Myeongdong is 
내선 :12:00 - 40.1, 12:30 - 12.9, 13:00 - 76.7, 13:30 - 11.3, 14:00 - 103.5, 14:30 - 112.1. mean congestion is 59.4. During this time period, the congestion level is moderate, so you may occasionally experience some inconvenience when moving around.
외선 :12:00 - 115.1, 12:30 - 114.4, 13:00 - 101.8, 13:30 - 126.5, 14:00 - 44.3, 14:30 - 65.0. mean congestion is 94.5. This time period is crowded, so we recommend visiting during a different time.
"
190,How heavy is the crowd in Gangnam around Breakfast time?,"The requested Breakfast time congestion in Gangnam is 
상선 :7:00 - 87.8, 7:30 - 10.0, 8:00 - 41.5, 8:30 - 97.8, 9:00 - 7.6, 9:30 - 82.6. mean congestion is 54.6. During this time period, the congestion level is moderate, so you may occasionally experience some inconvenience when moving around.
하선 :7:00 - 112.5, 7:30 - 59.7, 8:00 - 119.1, 8:30 - 68.3, 9:00 - 36.6, 9:30 - 44.6. mean congestion is 73.5. During this time period, the congestion level is moderate, so you may occasionally experience some inconvenience when moving around.
"
191,What’s the Early morning traffic like in Gangnam?,"The requested Early morning congestion in Gangnam is 
내선 :5:30 - 115.2, 6:00 - 125.3, 6:30 - 41.6. mean congestion is 94.0. This time period is crowded, so we recommend visiting during a different time.
외선 :5:30 - 6.4, 6:00 - 24.1, 6:30 - 115.0. mean congestion is 48.5. This time period is not busy, so it's a good time to visit.
"
192,How crowded is Hongdea around Dinnertime bustle?,"The requested Dinnertime bustle congestion in Hongdea is 
내선 :17:00 - 43.8, 17:30 - 78.6, 18:00 - 1.9, 18:30 - 116.5, 19:00 - 23.4, 19:30 - 5.6. mean congestion is 45.0. This time period is not busy, so it's a good time to visit.
외선 :17:00 - 87.5, 17:30 - 102.1, 18:00 - 3.2, 18:30 - 111.7, 19:00 - 80.4, 19:30 - 10.0. mean congestion is 65.8. During this time period, the congestion level is moderate, so you may occasionally experience some inconvenience when moving around.
"
193,What’s the crowd situation in Myeongdong at Mid-morning hours?,"The requested Mid-morning hours congestion in Myeongdong is 
내선 :10:00 - 98.5, 10:30 - 98.1, 11:00 - 62.0, 11:30 - 125.4. mean congestion is 96.0. This time period is crowded, so we recommend visiting during a different time.
외선 :10:00 - 49.0, 10:30 - 76.9, 11:00 - 22.8, 11:30 - 121.3. mean congestion is 67.5. During this time period, the congestion level is moderate, so you may occasionally experience some inconvenience when moving around.
"
194,How dense is the crowd in Hongdea around Midday?,"The requested Midday congestion in Hongdea is 
상선 :12:00 - 79.1, 12:30 - 91.6, 13:00 - 120.9, 13:30 - 70.1, 14:00 - 126.9, 14:30 - 124.6. mean congestion is 102.2. This time period is crowded, so we recommend visiting during a different time.
하선 :12:00 - 42.7, 12:30 - 85.6, 13:00 - 66.0, 13:30 - 50.6, 14:00 - 26.4, 14:30 - 10.0. mean congestion is 46.9. This time period is not busy, so it's a good time to visit.
"
195,How packed does Hongdea get around Brunch hour?,"The requested Brunch hour congestion in Hongdea is 
내선 :10:00 - 38.9, 10:30 - 122.8, 11:00 - 91.2, 11:30 - 74.8. mean congestion is 81.9. This time period is crowded, so we recommend visiting during a different time.
외선 :10:00 - 3.5, 10:30 - 34.5, 11:00 - 95.5, 11:30 - 7.7. mean congestion is 35.3. This time period is not busy, so it's a good time to visit.
"
196,How packed does Myeongdong get around Mid-morning hours?,"The requested Mid-morning hours congestion in Myeongdong is 
내선 :10:00 - 84.8, 10:30 - 63.2, 11:00 - 104.4, 11:30 - 71.4. mean congestion is 81.0. This time period is crowded, so we recommend visiting during a different time.
외선 :10:00 - 92.1, 10:30 - 110.4, 11:00 - 23.0, 11:30 - 123.6. mean congestion is 87.3. This time period is crowded, so we recommend visiting during a different time.
"
197,How much foot traffic does Myeongdong have at Twilight commute?,"The requested Twilight commute congestion in Myeongdong is 
상선 :17:00 - 99.3, 17:30 - 29.7, 18:00 - 121.6, 18:30 - 79.7, 19:00 - 96.6, 19:30 - 6.1. mean congestion is 72.2. During this time period, the congestion level is moderate, so you may occasionally experience some inconvenience when moving around.
하선 :17:00 - 79.7, 17:30 - 125.3, 18:00 - 5.6, 18:30 - 50.4, 19:00 - 13.0, 19:30 - 80.7. mean congestion is 59.1. During this time period, the congestion level is moderate, so you may occasionally experience some inconvenience when moving around.
"
198,What’s the crowd flow like in Hongdea during Mid-morning hours?,"The requested Mid-morning hours congestion in Hongdea is 
상선 :10:00 - 16.1, 10:30 - 86.2, 11:00 - 80.5, 11:30 - 58.9. mean congestion is 60.4. During this time period, the congestion level is moderate, so you may occasionally experience some inconvenience when moving around.
하선 :10:00 - 16.1, 10:30 - 114.4, 11:00 - 0.3, 11:30 - 38.7. mean congestion is 42.4. This time period is not busy, so it's a good time to visit.
"
199,How crowded is Myeongdong around Lunchtime rush?,"The requested Lunchtime rush congestion in Myeongdong is 
내선 :12:00 - 35.1, 12:30 - 83.1, 13:00 - 54.8, 13:30 - 47.5, 14:00 - 108.4, 14:30 - 10.6. mean congestion is 56.6. During this time period, the congestion level is moderate, so you may occasionally experience some inconvenience when moving around.
외선 :12:00 - 7.8, 12:30 - 67.1, 13:00 - 17.5, 13:30 - 84.8, 14:00 - 71.2, 14:30 - 69.8. mean congestion is 53.0. During this time period, the congestion level is moderate, so you may occasionally experience some inconvenience when moving around.
"
200,Is Hongdea busy around Breakfast time?,"The requested Breakfast time congestion in Hongdea is 
상선 :7:00 - 66.8, 7:30 - 116.0, 8:00 - 87.6, 8:30 - 107.7, 9:00 - 128.5, 9:30 - 122.0. mean congestion is 104.8. This time period is crowded, so we recommend visiting during a different time.
하선 :7:00 - 96.1, 7:30 - 24.2, 8:00 - 15.6, 8:30 - 4.2, 9:00 - 127.0, 9:30 - 97.9. mean congestion is 60.8. During this time period, the congestion level is moderate, so you may occasionally experience some inconvenience when moving around.
"
201,How heavy is the crowd in Hongdea around Post-work rush?,"The requested Post-work rush congestion in Hongdea is 
내선 :17:00 - 113.1, 17:30 - 15.6, 18:00 - 116.4, 18:30 - 115.4, 19:00 - 79.7, 19:30 - 123.1. mean congestion is 93.9. This time period is crowded, so we recommend visiting during a different time.
외선 :17:00 - 35.4, 17:30 - 74.6, 18:00 - 29.2, 18:30 - 6.2, 19:00 - 81.1, 19:30 - 119.8. mean congestion is 57.7. During this time period, the congestion level is moderate, so you may occasionally experience some inconvenience when moving around.
"
202,Is Hongdea packed around Pre-dawn?,"The requested Pre-dawn congestion in Hongdea is 
내선 :5:30 - 57.5, 6:00 - 48.0, 6:30 - 87.0. mean congestion is 64.2. During this time period, the congestion level is moderate, so you may occasionally experience some inconvenience when moving around.
외선 :5:30 - 83.8, 6:00 - 43.2, 6:30 - 13.5. mean congestion is 46.8. This time period is not busy, so it's a good time to visit.
"
203,What’s the population density in Gangnam around Dinnertime bustle?,"The requested Dinnertime bustle congestion in Gangnam is 
내선 :17:00 - 9.7, 17:30 - 5.4, 18:00 - 48.9, 18:30 - 101.4, 19:00 - 42.5, 19:30 - 77.8. mean congestion is 47.6. This time period is not busy, so it's a good time to visit.
외선 :17:00 - 94.5, 17:30 - 96.7, 18:00 - 108.4, 18:30 - 114.5, 19:00 - 19.8, 19:30 - 39.4. mean congestion is 78.9. During this time period, the congestion level is moderate, so you may occasionally experience some inconvenience when moving around.
"
204,How packed does Gangnam get around Sunset hours?,"The requested Sunset hours congestion in Gangnam is 
내선 :17:00 - 81.3, 17:30 - 95.1, 18:00 - 120.0, 18:30 - 66.7, 19:00 - 40.7, 19:30 - 95.0. mean congestion is 83.1. This time period is crowded, so we recommend visiting during a different time.
외선 :17:00 - 27.9, 17:30 - 2.4, 18:00 - 70.5, 18:30 - 68.9, 19:00 - 76.6, 19:30 - 72.3. mean congestion is 53.1. During this time period, the congestion level is moderate, so you may occasionally experience some inconvenience when moving around.
"
205,What’s the Lunchtime rush traffic like in Gangnam?,"The requested Lunchtime rush congestion in Gangnam is 
내선 :12:00 - 2.4, 12:30 - 67.7, 13:00 - 75.3, 13:30 - 11.0, 14:00 - 23.5, 14:30 - 45.1. mean congestion is 37.5. This time period is not busy, so it's a good time to visit.
외선 :12:00 - 14.9, 12:30 - 17.7, 13:00 - 116.1, 13:30 - 90.7, 14:00 - 119.7, 14:30 - 53.2. mean congestion is 68.7. During this time period, the congestion level is moderate, so you may occasionally experience some inconvenience when moving around.
"
206,What’s the crowd flow like in Myeongdong during Morning hustle?,"The requested Morning hustle congestion in Myeongdong is 
내선 :7:00 - 17.5, 7:30 - 18.0, 8:00 - 26.2, 8:30 - 3.8, 9:00 - 62.8, 9:30 - 89.6. mean congestion is 36.3. This time period is not busy, so it's a good time to visit.
외선 :7:00 - 74.8, 7:30 - 125.3, 8:00 - 98.1, 8:30 - 79.6, 9:00 - 91.6, 9:30 - 53.9. mean congestion is 87.2. This time period is crowded, so we recommend visiting during a different time.
"
207,What are the crowds like in Gangnam during Early bird hours?,"The requested Early bird hours congestion in Gangnam is 
상선 :7:00 - 122.7, 7:30 - 67.6, 8:00 - 21.8, 8:30 - 105.4, 9:00 - 119.6, 9:30 - 46.8. mean congestion is 80.6. This time period is crowded, so we recommend visiting during a different time.
하선 :7:00 - 57.7, 7:30 - 59.2, 8:00 - 76.4, 8:30 - 75.1, 9:00 - 9.2, 9:30 - 45.9. mean congestion is 53.9. During this time period, the congestion level is moderate, so you may occasionally experience some inconvenience when moving around.
"
208,What’s the foot traffic in Gangnam during Midday?,"The requested Midday congestion in Gangnam is 
내선 :12:00 - 82.3, 12:30 - 46.4, 13:00 - 71.0, 13:30 - 125.8, 14:00 - 60.1, 14:30 - 119.9. mean congestion is 84.2. This time period is crowded, so we recommend visiting during a different time.
외선 :12:00 - 101.6, 12:30 - 64.3, 13:00 - 92.5, 13:30 - 15.0, 14:00 - 52.2, 14:30 - 4.1. mean congestion is 55.0. During this time period, the congestion level is moderate, so you may occasionally experience some inconvenience when moving around.
"
209,How crowded is Gangnam around Dinner time?,"The requested Dinner time congestion in Gangnam is 
내선 :17:00 - 31.2, 17:30 - 1.8, 18:00 - 86.4, 18:30 - 46.9, 19:00 - 79.3, 19:30 - 43.2. mean congestion is 48.1. This time period is not busy, so it's a good time to visit.
외선 :17:00 - 126.4, 17:30 - 106.9, 18:00 - 15.2, 18:30 - 112.0, 19:00 - 62.7, 19:30 - 34.0. mean congestion is 76.2. During this time period, the congestion level is moderate, so you may occasionally experience some inconvenience when moving around.
"
210,Is Myeongdong packed around Dinnertime bustle?,"The requested Dinnertime bustle congestion in Myeongdong is 
내선 :17:00 - 91.6, 17:30 - 108.0, 18:00 - 114.4, 18:30 - 93.6, 19:00 - 86.4, 19:30 - 85.9. mean congestion is 96.6. This time period is crowded, so we recommend visiting during a different time.
외선 :17:00 - 71.2, 17:30 - 18.1, 18:00 - 126.0, 18:30 - 118.7, 19:00 - 8.3, 19:30 - 9.2. mean congestion is 58.6. During this time period, the congestion level is moderate, so you may occasionally experience some inconvenience when moving around.
"
211,What’s the crowd level in Hongdea during Lunchtime?,"The requested Lunchtime congestion in Hongdea is 
상선 :12:00 - 88.9, 12:30 - 65.3, 13:00 - 21.0, 13:30 - 15.9, 14:00 - 59.3, 14:30 - 96.1. mean congestion is 57.8. During this time period, the congestion level is moderate, so you may occasionally experience some inconvenience when moving around.
하선 :12:00 - 64.5, 12:30 - 112.9, 13:00 - 10.6, 13:30 - 75.4, 14:00 - 13.5, 14:30 - 78.9. mean congestion is 59.3. During this time period, the congestion level is moderate, so you may occasionally experience some inconvenience when moving around.
"
212,What’s the crowd flow like in Hongdea during Pre-dawn?,"The requested Pre-dawn congestion in Hongdea is 
내선 :5:30 - 42.9, 6:00 - 7.6, 6:30 - 129.8. mean congestion is 60.1. During this time period, the congestion level is moderate, so you may occasionally experience some inconvenience when moving around.
외선 :5:30 - 126.1, 6:00 - 24.9, 6:30 - 0.8. mean congestion is 50.6. During this time period, the congestion level is moderate, so you may occasionally experience some inconvenience when moving around.
"
213,How packed does Myeongdong get around Afternoon traffic?,"The requested Afternoon traffic congestion in Myeongdong is 
내선 :17:00 - 39.3, 17:30 - 23.1, 18:00 - 56.5, 18:30 - 58.5, 19:00 - 61.7, 19:30 - 82.5. mean congestion is 53.6. During this time period, the congestion level is moderate, so you may occasionally experience some inconvenience when moving around.
외선 :17:00 - 118.1, 17:30 - 28.8, 18:00 - 98.7, 18:30 - 52.5, 19:00 - 106.3, 19:30 - 20.8. mean congestion is 70.9. During this time period, the congestion level is moderate, so you may occasionally experience some inconvenience when moving around.
"
214,How packed does Gangnam get around Lunchtime?,"The requested Lunchtime congestion in Gangnam is 
상선 :12:00 - 36.9, 12:30 - 111.4, 13:00 - 69.7, 13:30 - 4.7, 14:00 - 65.1, 14:30 - 5.2. mean congestion is 48.8. This time period is not busy, so it's a good time to visit.
하선 :12:00 - 20.9, 12:30 - 108.9, 13:00 - 39.4, 13:30 - 69.9, 14:00 - 7.8, 14:30 - 1.0. mean congestion is 41.3. This time period is not busy, so it's a good time to visit.
"
215,How heavy is the crowd in Myeongdong around Early morning?,"The requested Early morning congestion in Myeongdong is 
내선 :5:30 - 98.4, 6:00 - 120.4, 6:30 - 81.9. mean congestion is 100.2. This time period is crowded, so we recommend visiting during a different time.
외선 :5:30 - 53.5, 6:00 - 113.2, 6:30 - 36.8. mean congestion is 67.8. During this time period, the congestion level is moderate, so you may occasionally experience some inconvenience when moving around.
"
216,How dense is the crowd in Hongdea around Lunchtime rush?,"The requested Lunchtime rush congestion in Hongdea is 
상선 :12:00 - 70.4, 12:30 - 78.0, 13:00 - 98.1, 13:30 - 2.0, 14:00 - 124.3, 14:30 - 44.2. mean congestion is 69.5. During this time period, the congestion level is moderate, so you may occasionally experience some inconvenience when moving around.
하선 :12:00 - 13.8, 12:30 - 21.6, 13:00 - 24.8, 13:30 - 25.4, 14:00 - 30.3, 14:30 - 123.9. mean congestion is 40.0. This time period is not busy, so it's a good time to visit.
"
217,How full does Gangnam get during Evening peak?,"The requested Evening peak congestion in Gangnam is 
내선 :17:00 - 11.8, 17:30 - 19.4, 18:00 - 94.1, 18:30 - 23.7, 19:00 - 97.5, 19:30 - 101.9. mean congestion is 58.1. During this time period, the congestion level is moderate, so you may occasionally experience some inconvenience when moving around.
외선 :17:00 - 61.6, 17:30 - 89.1, 18:00 - 1.3, 18:30 - 95.7, 19:00 - 87.5, 19:30 - 112.4. mean congestion is 74.6. During this time period, the congestion level is moderate, so you may occasionally experience some inconvenience when moving around.
"
218,What’s the crowd situation in Hongdea at Dinnertime bustle?,"The requested Dinnertime bustle congestion in Hongdea is 
내선 :17:00 - 4.4, 17:30 - 78.3, 18:00 - 43.2, 18:30 - 1.1, 19:00 - 110.2, 19:30 - 104.5. mean congestion is 57.0. During this time period, the congestion level is moderate, so you may occasionally experience some inconvenience when moving around.
외선 :17:00 - 55.2, 17:30 - 62.2, 18:00 - 38.2, 18:30 - 56.0, 19:00 - 44.5, 19:30 - 14.7. mean congestion is 45.1. This time period is not busy, so it's a good time to visit.
"
219,What’s the Dinner time traffic like in Myeongdong?,"The requested Dinner time congestion in Myeongdong is 
내선 :17:00 - 77.2, 17:30 - 7.9, 18:00 - 125.8, 18:30 - 32.9, 19:00 - 121.1, 19:30 - 95.9. mean congestion is 76.8. During this time period, the congestion level is moderate, so you may occasionally experience some inconvenience when moving around.
외선 :17:00 - 28.8, 17:30 - 79.9, 18:00 - 97.6, 18:30 - 95.6, 19:00 - 58.0, 19:30 - 57.3. mean congestion is 69.5. During this time period, the congestion level is moderate, so you may occasionally experience some inconvenience when moving around.
"
220,What’s the population density in Gangnam around Breakfast time?,"The requested Breakfast time congestion in Gangnam is 
상선 :7:00 - 17.1, 7:30 - 89.8, 8:00 - 69.8, 8:30 - 85.4, 9:00 - 75.6, 9:30 - 3.6. mean congestion is 56.9. During this time period, the congestion level is moderate, so you may occasionally experience some inconvenience when moving around.
하선 :7:00 - 86.7, 7:30 - 10.7, 8:00 - 87.1, 8:30 - 4.4, 9:00 - 7.9, 9:30 - 31.8. mean congestion is 38.1. This time period is not busy, so it's a good time to visit.
"
221,How heavy is the crowd in Gangnam around Pre-dawn?,"The requested Pre-dawn congestion in Gangnam is 
내선 :5:30 - 21.5, 6:00 - 58.0, 6:30 - 29.8. mean congestion is 36.4. This time period is not busy, so it's a good time to visit.
외선 :5:30 - 40.7, 6:00 - 29.7, 6:30 - 52.4. mean congestion is 40.9. This time period is not busy, so it's a good time to visit.
"
222,What are the crowds like in Gangnam during Mid-morning hours?,"The requested Mid-morning hours congestion in Gangnam is 
내선 :10:00 - 3.3, 10:30 - 23.6, 11:00 - 69.0, 11:30 - 109.6. mean congestion is 51.4. During this time period, the congestion level is moderate, so you may occasionally experience some inconvenience when moving around.
외선 :10:00 - 124.5, 10:30 - 14.4, 11:00 - 81.2, 11:30 - 78.4. mean congestion is 74.6. During this time period, the congestion level is moderate, so you may occasionally experience some inconvenience when moving around.
"
223,What’s the foot traffic in Hongdea during Midday?,"The requested Midday congestion in Hongdea is 
내선 :12:00 - 2.3, 12:30 - 32.9, 13:00 - 72.3, 13:30 - 61.8, 14:00 - 104.5, 14:30 - 22.1. mean congestion is 49.3. This time period is not busy, so it's a good time to visit.
외선 :12:00 - 9.3, 12:30 - 62.7, 13:00 - 15.9, 13:30 - 109.5, 14:00 - 77.5, 14:30 - 8.2. mean congestion is 47.2. This time period is not busy, so it's a good time to visit.
"
224,What are the crowds like in Gangnam during Dinner time?,"The requested Dinner time congestion in Gangnam is 
내선 :17:00 - 104.1, 17:30 - 62.9, 18:00 - 9.1, 18:30 - 62.4, 19:00 - 90.2, 19:30 - 76.7. mean congestion is 67.6. During this time period, the congestion level is moderate, so you may occasionally experience some inconvenience when moving around.
외선 :17:00 - 32.4, 17:30 - 128.1, 18:00 - 87.4, 18:30 - 33.9, 19:00 - 97.6, 19:30 - 58.6. mean congestion is 73.0. During this time period, the congestion level is moderate, so you may occasionally experience some inconvenience when moving around.
"
225,What’s the foot traffic in Hongdea during Golden hour?,"The requested Golden hour congestion in Hongdea is 
내선 :7:00 - 122.0, 7:30 - 67.0, 8:00 - 49.4, 8:30 - 8.7, 9:00 - 21.4, 9:30 - 11.3, 17:00 - 74.7, 17:30 - 76.7, 18:00 - 66.5, 18:30 - 23.3, 19:00 - 86.5, 19:30 - 17.6. mean congestion is 52.1. During this time period, the congestion level is moderate, so you may occasionally experience some inconvenience when moving around.
외선 :7:00 - 88.1, 7:30 - 28.1, 8:00 - 77.6, 8:30 - 104.1, 9:00 - 12.5, 9:30 - 109.0, 17:00 - 26.0, 17:30 - 92.9, 18:00 - 42.4, 18:30 - 23.8, 19:00 - 2.7, 19:30 - 96.7. mean congestion is 58.7. During this time period, the congestion level is moderate, so you may occasionally experience some inconvenience when moving around.
"
226,How much foot traffic does Gangnam have at Brunch hour?,"The requested Brunch hour congestion in Gangnam is 
내선 :10:00 - 0.7, 10:30 - 98.4, 11:00 - 89.4, 11:30 - 40.9. mean congestion is 57.4. During this time period, the congestion level is moderate, so you may occasionally experience some inconvenience when moving around.
외선 :10:00 - 67.1, 10:30 - 57.1, 11:00 - 68.6, 11:30 - 0.1. mean congestion is 48.2. This time period is not busy, so it's a good time to visit.
"
227,How full does Gangnam get during Dinner time?,"The requested Dinner time congestion in Gangnam is 
내선 :17:00 - 101.3, 17:30 - 9.1, 18:00 - 109.3, 18:30 - 25.6, 19:00 - 101.1, 19:30 - 5.2. mean congestion is 58.6. During this time period, the congestion level is moderate, so you may occasionally experience some inconvenience when moving around.
외선 :17:00 - 31.3, 17:30 - 51.2, 18:00 - 94.3, 18:30 - 109.9, 19:00 - 58.6, 19:30 - 29.7. mean congestion is 62.5. During this time period, the congestion level is moderate, so you may occasionally experience some inconvenience when moving around.
"
228,How full does Myeongdong get during Midday?,"The requested Midday congestion in Myeongdong is 
내선 :12:00 - 39.1, 12:30 - 5.0, 13:00 - 84.3, 13:30 - 67.7, 14:00 - 72.5, 14:30 - 127.8. mean congestion is 66.1. During this time period, the congestion level is moderate, so you may occasionally experience some inconvenience when moving around.
외선 :12:00 - 128.6, 12:30 - 41.3, 13:00 - 126.6, 13:30 - 107.3, 14:00 - 4.6, 14:30 - 119.5. mean congestion is 88.0. This time period is crowded, so we recommend visiting during a different time.
"
229,How dense is the crowd in Hongdea around Dinnertime bustle?,"The requested Dinnertime bustle congestion in Hongdea is 
상선 :17:00 - 63.8, 17:30 - 89.8, 18:00 - 36.5, 18:30 - 42.4, 19:00 - 18.3, 19:30 - 118.1. mean congestion is 61.5. During this time period, the congestion level is moderate, so you may occasionally experience some inconvenience when moving around.
하선 :17:00 - 44.5, 17:30 - 92.2, 18:00 - 26.3, 18:30 - 98.1, 19:00 - 101.2, 19:30 - 92.4. mean congestion is 75.8. During this time period, the congestion level is moderate, so you may occasionally experience some inconvenience when moving around.
"
230,How heavy is the crowd in Gangnam around Mid-morning hours?,"The requested Mid-morning hours congestion in Gangnam is 
내선 :10:00 - 22.1, 10:30 - 35.4, 11:00 - 21.9, 11:30 - 49.9. mean congestion is 32.3. This time period is not busy, so it's a good time to visit.
외선 :10:00 - 42.6, 10:30 - 26.7, 11:00 - 61.1, 11:30 - 59.9. mean congestion is 47.6. This time period is not busy, so it's a good time to visit.
"
231,What’s the foot traffic in Myeongdong during Commuter time?,"The requested Commuter time congestion in Myeongdong is 
내선 :7:00 - 47.6, 7:30 - 121.1, 8:00 - 4.3, 8:30 - 78.4, 9:00 - 13.6, 9:30 - 48.3, 17:00 - 16.1, 17:30 - 123.2, 18:00 - 117.7, 18:30 - 98.8, 19:00 - 109.0, 19:30 - 115.9. mean congestion is 74.5. During this time period, the congestion level is moderate, so you may occasionally experience some inconvenience when moving around.
외선 :7:00 - 29.4, 7:30 - 68.5, 8:00 - 78.3, 8:30 - 113.8, 9:00 - 49.5, 9:30 - 62.6, 17:00 - 30.8, 17:30 - 85.1, 18:00 - 106.4, 18:30 - 20.9, 19:00 - 126.7, 19:30 - 45.8. mean congestion is 68.1. During this time period, the congestion level is moderate, so you may occasionally experience some inconvenience when moving around.
"
232,What’s the crowd flow like in Hongdea during Breakfast time?,"The requested Breakfast time congestion in Hongdea is 
상선 :7:00 - 76.6, 7:30 - 16.8, 8:00 - 66.1, 8:30 - 117.1, 9:00 - 33.6, 9:30 - 105.1. mean congestion is 69.2. During this time period, the congestion level is moderate, so you may occasionally experience some inconvenience when moving around.
하선 :7:00 - 9.3, 7:30 - 110.7, 8:00 - 51.0, 8:30 - 9.6, 9:00 - 8.7, 9:30 - 61.5. mean congestion is 41.8. This time period is not busy, so it's a good time to visit.
"
233,How busy is Gangnam around Midday?,"The requested Midday congestion in Gangnam is 
내선 :12:00 - 22.2, 12:30 - 38.4, 13:00 - 11.3, 13:30 - 4.6, 14:00 - 53.5, 14:30 - 114.9. mean congestion is 40.8. This time period is not busy, so it's a good time to visit.
외선 :12:00 - 44.9, 12:30 - 114.5, 13:00 - 81.4, 13:30 - 106.1, 14:00 - 125.0, 14:30 - 112.5. mean congestion is 97.4. This time period is crowded, so we recommend visiting during a different time.
"
234,How dense is the crowd in Hongdea around Evening peak?,"The requested Evening peak congestion in Hongdea is 
내선 :17:00 - 57.5, 17:30 - 34.6, 18:00 - 69.1, 18:30 - 128.1, 19:00 - 53.8, 19:30 - 86.3. mean congestion is 71.6. During this time period, the congestion level is moderate, so you may occasionally experience some inconvenience when moving around.
외선 :17:00 - 74.0, 17:30 - 100.0, 18:00 - 56.0, 18:30 - 102.1, 19:00 - 14.0, 19:30 - 109.9. mean congestion is 76.0. During this time period, the congestion level is moderate, so you may occasionally experience some inconvenience when moving around.
"
235,How heavy is the crowd in Gangnam around Lunch hour?,"The requested Lunch hour congestion in Gangnam is 
내선 :12:00 - 119.0, 12:30 - 114.8, 13:00 - 13.9, 13:30 - 122.5, 14:00 - 68.5, 14:30 - 40.3. mean congestion is 79.8. During this time period, the congestion level is moderate, so you may occasionally experience some inconvenience when moving around.
외선 :12:00 - 36.6, 12:30 - 92.2, 13:00 - 67.7, 13:30 - 74.7, 14:00 - 124.3, 14:30 - 37.2. mean congestion is 72.1. During this time period, the congestion level is moderate, so you may occasionally experience some inconvenience when moving around.
"
236,How packed does Hongdea get around Early bird hours?,"The requested Early bird hours congestion in Hongdea is 
내선 :7:00 - 87.0, 7:30 - 70.3, 8:00 - 66.0, 8:30 - 108.2, 9:00 - 107.1, 9:30 - 84.9. mean congestion is 87.2. This time period is crowded, so we recommend visiting during a different time.
외선 :7:00 - 7.4, 7:30 - 113.9, 8:00 - 59.4, 8:30 - 78.3, 9:00 - 59.1, 9:30 - 61.1. mean congestion is 63.2. During this time period, the congestion level is moderate, so you may occasionally experience some inconvenience when moving around.
"
237,How packed does Gangnam get around Peak travel time?,"The requested Peak travel time congestion in Gangnam is 
내선 :7:00 - 40.6, 7:30 - 20.8, 8:00 - 65.2, 8:30 - 20.5, 9:00 - 90.5, 9:30 - 83.7, 17:00 - 53.0, 17:30 - 96.3, 18:00 - 67.9, 18:30 - 126.0, 19:00 - 48.7, 19:30 - 40.4. mean congestion is 62.8. During this time period, the congestion level is moderate, so you may occasionally experience some inconvenience when moving around.
외선 :7:00 - 107.7, 7:30 - 61.1, 8:00 - 89.0, 8:30 - 4.7, 9:00 - 103.5, 9:30 - 85.2, 17:00 - 92.2, 17:30 - 108.3, 18:00 - 72.9, 18:30 - 44.0, 19:00 - 22.7, 19:30 - 8.8. mean congestion is 66.7. During this time period, the congestion level is moderate, so you may occasionally experience some inconvenience when moving around.
"
238,Is Gangnam packed around Lunchtime?,"The requested Lunchtime congestion in Gangnam is 
내선 :12:00 - 115.3, 12:30 - 23.9, 13:00 - 121.6, 13:30 - 11.5, 14:00 - 119.0, 14:30 - 123.4. mean congestion is 85.8. This time period is crowded, so we recommend visiting during a different time.
외선 :12:00 - 12.0, 12:30 - 51.9, 13:00 - 109.9, 13:30 - 129.5, 14:00 - 70.1, 14:30 - 109.7. mean congestion is 80.5. This time period is crowded, so we recommend visiting during a different time.
"
239,What’s the population density in Gangnam around Morning hustle?,"The requested Morning hustle congestion in Gangnam is 
내선 :7:00 - 43.8, 7:30 - 51.8, 8:00 - 1.6, 8:30 - 117.1, 9:00 - 56.2, 9:30 - 85.0. mean congestion is 59.2. During this time period, the congestion level is moderate, so you may occasionally experience some inconvenience when moving around.
외선 :7:00 - 55.5, 7:30 - 17.9, 8:00 - 45.2, 8:30 - 79.4, 9:00 - 8.8, 9:30 - 70.6. mean congestion is 46.2. This time period is not busy, so it's a good time to visit.
"
240,How dense is the crowd in Hongdea around Afternoon traffic?,"The requested Afternoon traffic congestion in Hongdea is 
내선 :17:00 - 64.3, 17:30 - 67.9, 18:00 - 88.5, 18:30 - 9.4, 19:00 - 28.6, 19:30 - 108.5. mean congestion is 61.2. During this time period, the congestion level is moderate, so you may occasionally experience some inconvenience when moving around.
외선 :17:00 - 3.0, 17:30 - 14.7, 18:00 - 117.1, 18:30 - 43.9, 19:00 - 51.5, 19:30 - 1.1. mean congestion is 38.6. This time period is not busy, so it's a good time to visit.
"
241,How much foot traffic does Myeongdong have at Mid-morning hours?,"The requested Mid-morning hours congestion in Myeongdong is 
내선 :10:00 - 82.2, 10:30 - 25.3, 11:00 - 84.2, 11:30 - 14.2. mean congestion is 51.5. During this time period, the congestion level is moderate, so you may occasionally experience some inconvenience when moving around.
외선 :10:00 - 84.2, 10:30 - 83.2, 11:00 - 65.0, 11:30 - 5.9. mean congestion is 59.6. During this time period, the congestion level is moderate, so you may occasionally experience some inconvenience when moving around.
"
242,What’s the population density in Myeongdong around Commuter time?,"The requested Commuter time congestion in Myeongdong is 
상선 :7:00 - 87.0, 7:30 - 19.0, 8:00 - 98.3, 8:30 - 46.8, 9:00 - 89.8, 9:30 - 101.1, 17:00 - 57.4, 17:30 - 85.8, 18:00 - 19.3, 18:30 - 26.4, 19:00 - 55.1, 19:30 - 85.7. mean congestion is 64.3. During this time period, the congestion level is moderate, so you may occasionally experience some inconvenience when moving around.
하선 :7:00 - 56.2, 7:30 - 42.2, 8:00 - 88.0, 8:30 - 15.4, 9:00 - 36.1, 9:30 - 76.1, 17:00 - 129.1, 17:30 - 89.1, 18:00 - 8.0, 18:30 - 128.6, 19:00 - 70.8, 19:30 - 23.3. mean congestion is 63.6. During this time period, the congestion level is moderate, so you may occasionally experience some inconvenience when moving around.
"
243,How are the crowds in Gangnam at Late afternoon?,"The requested Late afternoon congestion in Gangnam is 
상선 :12:00 - 60.8, 12:30 - 122.6, 13:00 - 82.2, 13:30 - 37.5, 14:00 - 120.9, 14:30 - 46.1. mean congestion is 78.4. During this time period, the congestion level is moderate, so you may occasionally experience some inconvenience when moving around.
하선 :12:00 - 88.8, 12:30 - 36.6, 13:00 - 47.1, 13:30 - 4.5, 14:00 - 20.1, 14:30 - 63.7. mean congestion is 43.5. This time period is not busy, so it's a good time to visit.
"
244,Is Myeongdong busy around Early bird hours?,"The requested Early bird hours congestion in Myeongdong is 
내선 :7:00 - 69.4, 7:30 - 95.2, 8:00 - 87.4, 8:30 - 98.5, 9:00 - 6.4, 9:30 - 61.5. mean congestion is 69.7. During this time period, the congestion level is moderate, so you may occasionally experience some inconvenience when moving around.
외선 :7:00 - 112.8, 7:30 - 125.4, 8:00 - 91.7, 8:30 - 54.3, 9:00 - 39.4, 9:30 - 105.2. mean congestion is 88.1. This time period is crowded, so we recommend visiting during a different time.
"
245,What’s the crowd situation in Gangnam at Dawn hours?,"The requested Dawn hours congestion in Gangnam is 
상선 :5:30 - 110.3, 6:00 - 115.7, 6:30 - 99.9. mean congestion is 108.6. This time period is crowded, so we recommend visiting during a different time.
하선 :5:30 - 62.1, 6:00 - 45.8, 6:30 - 76.9. mean congestion is 61.6. During this time period, the congestion level is moderate, so you may occasionally experience some inconvenience when moving around.
"
246,How crowded is Gangnam usually at Commuter time?,"The requested Commuter time congestion in Gangnam is 
내선 :7:00 - 45.9, 7:30 - 127.2, 8:00 - 113.5, 8:30 - 44.8, 9:00 - 111.4, 9:30 - 97.0, 17:00 - 6.5, 17:30 - 34.3, 18:00 - 41.9, 18:30 - 106.0, 19:00 - 127.5, 19:30 - 123.0. mean congestion is 81.6. This time period is crowded, so we recommend visiting during a different time.
외선 :7:00 - 0.2, 7:30 - 128.6, 8:00 - 122.9, 8:30 - 48.7, 9:00 - 46.4, 9:30 - 79.1, 17:00 - 111.2, 17:30 - 20.5, 18:00 - 92.0, 18:30 - 109.7, 19:00 - 46.7, 19:30 - 124.3. mean congestion is 77.5. During this time period, the congestion level is moderate, so you may occasionally experience some inconvenience when moving around.
"
247,What’s the population density in Gangnam around Twilight commute?,"The requested Twilight commute congestion in Gangnam is 
내선 :17:00 - 32.8, 17:30 - 10.2, 18:00 - 116.9, 18:30 - 42.8, 19:00 - 62.4, 19:30 - 80.3. mean congestion is 57.6. During this time period, the congestion level is moderate, so you may occasionally experience some inconvenience when moving around.
외선 :17:00 - 80.9, 17:30 - 2.6, 18:00 - 40.4, 18:30 - 115.2, 19:00 - 10.7, 19:30 - 15.9. mean congestion is 44.3. This time period is not busy, so it's a good time to visit.
"
248,How dense is the crowd in Myeongdong around Lunchtime?,"The requested Lunchtime congestion in Myeongdong is 
내선 :12:00 - 50.4, 12:30 - 73.3, 13:00 - 43.9, 13:30 - 74.5, 14:00 - 66.6, 14:30 - 80.5. mean congestion is 64.9. During this time period, the congestion level is moderate, so you may occasionally experience some inconvenience when moving around.
외선 :12:00 - 48.4, 12:30 - 26.3, 13:00 - 98.8, 13:30 - 32.7, 14:00 - 95.2, 14:30 - 7.8. mean congestion is 51.5. During this time period, the congestion level is moderate, so you may occasionally experience some inconvenience when moving around.
"
249,What’s the crowd situation in Myeongdong at Commuter time?,"The requested Commuter time congestion in Myeongdong is 
상선 :7:00 - 29.3, 7:30 - 36.0, 8:00 - 103.4, 8:30 - 92.7, 9:00 - 112.9, 9:30 - 39.1, 17:00 - 99.6, 17:30 - 103.4, 18:00 - 86.4, 18:30 - 31.9, 19:00 - 45.9, 19:30 - 112.1. mean congestion is 74.4. During this time period, the congestion level is moderate, so you may occasionally experience some inconvenience when moving around.
하선 :7:00 - 100.4, 7:30 - 101.7, 8:00 - 59.1, 8:30 - 72.4, 9:00 - 119.7, 9:30 - 35.6, 17:00 - 5.6, 17:30 - 59.5, 18:00 - 99.4, 18:30 - 18.5, 19:00 - 88.6, 19:30 - 16.0. mean congestion is 64.7. During this time period, the congestion level is moderate, so you may occasionally experience some inconvenience when moving around.
"
250,What’s the crowd level in Myeongdong during Lunchtime rush?,"The requested Lunchtime rush congestion in Myeongdong is 
상선 :12:00 - 0.3, 12:30 - 99.8, 13:00 - 91.8, 13:30 - 21.1, 14:00 - 7.5, 14:30 - 52.7. mean congestion is 45.5. This time period is not busy, so it's a good time to visit.
하선 :12:00 - 14.2, 12:30 - 125.4, 13:00 - 25.5, 13:30 - 24.7, 14:00 - 86.8, 14:30 - 20.6. mean congestion is 49.5. This time period is not busy, so it's a good time to visit.
"
251,How crowded is Gangnam around Midday?,"The requested Midday congestion in Gangnam is 
상선 :12:00 - 50.3, 12:30 - 44.6, 13:00 - 127.0, 13:30 - 120.7, 14:00 - 23.1, 14:30 - 102.2. mean congestion is 78.0. During this time period, the congestion level is moderate, so you may occasionally experience some inconvenience when moving around.
하선 :12:00 - 109.9, 12:30 - 102.4, 13:00 - 75.5, 13:30 - 17.8, 14:00 - 44.0, 14:30 - 69.3. mean congestion is 69.8. During this time period, the congestion level is moderate, so you may occasionally experience some inconvenience when moving around.
"
252,What’s the crowd flow like in Myeongdong during Afternoon traffic?,"The requested Afternoon traffic congestion in Myeongdong is 
내선 :17:00 - 89.7, 17:30 - 97.8, 18:00 - 107.0, 18:30 - 87.2, 19:00 - 27.7, 19:30 - 26.2. mean congestion is 72.6. During this time period, the congestion level is moderate, so you may occasionally experience some inconvenience when moving around.
외선 :17:00 - 112.5, 17:30 - 72.7, 18:00 - 71.5, 18:30 - 76.2, 19:00 - 92.6, 19:30 - 122.5. mean congestion is 91.3. This time period is crowded, so we recommend visiting during a different time.
"
253,What’s the crowd flow like in Hongdea during Midday?,"The requested Midday congestion in Hongdea is 
상선 :12:00 - 113.7, 12:30 - 74.8, 13:00 - 95.9, 13:30 - 117.4, 14:00 - 104.7, 14:30 - 109.9. mean congestion is 102.7. This time period is crowded, so we recommend visiting during a different time.
하선 :12:00 - 41.0, 12:30 - 57.8, 13:00 - 34.0, 13:30 - 98.7, 14:00 - 41.6, 14:30 - 64.5. mean congestion is 56.3. During this time period, the congestion level is moderate, so you may occasionally experience some inconvenience when moving around.
"
254,What’s the crowd flow like in Myeongdong during Golden hour?,"The requested Golden hour congestion in Myeongdong is 
내선 :7:00 - 18.5, 7:30 - 81.6, 8:00 - 4.4, 8:30 - 78.7, 9:00 - 50.3, 9:30 - 121.8, 17:00 - 111.2, 17:30 - 76.2, 18:00 - 124.6, 18:30 - 103.8, 19:00 - 53.0, 19:30 - 113.5. mean congestion is 78.1. During this time period, the congestion level is moderate, so you may occasionally experience some inconvenience when moving around.
외선 :7:00 - 54.0, 7:30 - 63.0, 8:00 - 107.3, 8:30 - 126.3, 9:00 - 87.8, 9:30 - 59.3, 17:00 - 4.1, 17:30 - 20.1, 18:00 - 54.6, 18:30 - 19.5, 19:00 - 89.3, 19:30 - 58.0. mean congestion is 61.9. During this time period, the congestion level is moderate, so you may occasionally experience some inconvenience when moving around.
"
255,How crowded is Myeongdong around Morning hustle?,"The requested Morning hustle congestion in Myeongdong is 
상선 :7:00 - 117.4, 7:30 - 93.1, 8:00 - 23.7, 8:30 - 7.3, 9:00 - 46.0, 9:30 - 21.3. mean congestion is 51.5. During this time period, the congestion level is moderate, so you may occasionally experience some inconvenience when moving around.
하선 :7:00 - 49.1, 7:30 - 75.2, 8:00 - 34.7, 8:30 - 37.4, 9:00 - 104.4, 9:30 - 21.4. mean congestion is 53.7. During this time period, the congestion level is moderate, so you may occasionally experience some inconvenience when moving around.
"
256,What are the crowds like in Gangnam during Lunchtime?,"The requested Lunchtime congestion in Gangnam is 
상선 :12:00 - 108.3, 12:30 - 90.6, 13:00 - 75.8, 13:30 - 95.4, 14:00 - 45.8, 14:30 - 124.1. mean congestion is 90.0. This time period is crowded, so we recommend visiting during a different time.
하선 :12:00 - 78.3, 12:30 - 11.7, 13:00 - 40.7, 13:30 - 51.7, 14:00 - 29.8, 14:30 - 67.5. mean congestion is 46.6. This time period is not busy, so it's a good time to visit.
"
257,Is Gangnam packed around Daybreak?,"The requested Daybreak congestion in Gangnam is 
내선 :5:30 - 22.9, 6:00 - 111.7, 6:30 - 87.5. mean congestion is 74.0. During this time period, the congestion level is moderate, so you may occasionally experience some inconvenience when moving around.
외선 :5:30 - 57.6, 6:00 - 9.6, 6:30 - 120.5. mean congestion is 62.6. During this time period, the congestion level is moderate, so you may occasionally experience some inconvenience when moving around.
"
258,How dense is the crowd in Gangnam around Commuter time?,"The requested Commuter time congestion in Gangnam is 
내선 :7:00 - 73.8, 7:30 - 93.4, 8:00 - 101.8, 8:30 - 53.6, 9:00 - 95.0, 9:30 - 11.8, 17:00 - 55.7, 17:30 - 31.8, 18:00 - 25.3, 18:30 - 74.0, 19:00 - 50.0, 19:30 - 17.7. mean congestion is 57.0. During this time period, the congestion level is moderate, so you may occasionally experience some inconvenience when moving around.
외선 :7:00 - 86.3, 7:30 - 90.2, 8:00 - 116.6, 8:30 - 56.9, 9:00 - 72.7, 9:30 - 37.4, 17:00 - 45.1, 17:30 - 127.0, 18:00 - 17.7, 18:30 - 63.5, 19:00 - 129.3, 19:30 - 63.8. mean congestion is 75.5. During this time period, the congestion level is moderate, so you may occasionally experience some inconvenience when moving around.
"
259,How are the crowds in Myeongdong at Dinnertime bustle?,"The requested Dinnertime bustle congestion in Myeongdong is 
내선 :17:00 - 29.7, 17:30 - 105.2, 18:00 - 17.6, 18:30 - 103.1, 19:00 - 7.6, 19:30 - 49.2. mean congestion is 52.1. During this time period, the congestion level is moderate, so you may occasionally experience some inconvenience when moving around.
외선 :17:00 - 98.5, 17:30 - 42.5, 18:00 - 86.4, 18:30 - 33.1, 19:00 - 49.5, 19:30 - 8.3. mean congestion is 53.0. During this time period, the congestion level is moderate, so you may occasionally experience some inconvenience when moving around.
"
260,What’s the crowd situation in Myeongdong at Lunchtime?,"The requested Lunchtime congestion in Myeongdong is 
상선 :12:00 - 120.9, 12:30 - 87.2, 13:00 - 124.2, 13:30 - 2.8, 14:00 - 27.3, 14:30 - 89.5. mean congestion is 75.3. During this time period, the congestion level is moderate, so you may occasionally experience some inconvenience when moving around.
하선 :12:00 - 88.0, 12:30 - 105.7, 13:00 - 29.9, 13:30 - 126.9, 14:00 - 50.9, 14:30 - 72.8. mean congestion is 79.0. During this time period, the congestion level is moderate, so you may occasionally experience some inconvenience when moving around.
"
261,How packed does Hongdea get around Pre-dawn?,"The requested Pre-dawn congestion in Hongdea is 
상선 :5:30 - 100.7, 6:00 - 39.4, 6:30 - 47.8. mean congestion is 62.6. During this time period, the congestion level is moderate, so you may occasionally experience some inconvenience when moving around.
하선 :5:30 - 65.8, 6:00 - 120.9, 6:30 - 76.4. mean congestion is 87.7. This time period is crowded, so we recommend visiting during a different time.
"
262,How dense is the crowd in Hongdea around Midday?,"The requested Midday congestion in Hongdea is 
내선 :12:00 - 15.7, 12:30 - 47.2, 13:00 - 124.2, 13:30 - 22.0, 14:00 - 109.7, 14:30 - 52.5. mean congestion is 61.9. During this time period, the congestion level is moderate, so you may occasionally experience some inconvenience when moving around.
외선 :12:00 - 13.2, 12:30 - 25.2, 13:00 - 26.7, 13:30 - 99.3, 14:00 - 104.6, 14:30 - 35.1. mean congestion is 50.7. During this time period, the congestion level is moderate, so you may occasionally experience some inconvenience when moving around.
"
263,Is Gangnam packed around Daybreak?,"The requested Daybreak congestion in Gangnam is 
내선 :5:30 - 38.4, 6:00 - 11.8, 6:30 - 24.9. mean congestion is 25.0. This time period is not busy, so it's a good time to visit.
외선 :5:30 - 48.5, 6:00 - 3.3, 6:30 - 5.1. mean congestion is 19.0. This time period is not busy, so it's a good time to visit.
"
264,How busy is Hongdea around Early morning?,"The requested Early morning congestion in Hongdea is 
내선 :5:30 - 27.5, 6:00 - 20.1, 6:30 - 79.0. mean congestion is 42.2. This time period is not busy, so it's a good time to visit.
외선 :5:30 - 99.2, 6:00 - 35.2, 6:30 - 66.2. mean congestion is 66.9. During this time period, the congestion level is moderate, so you may occasionally experience some inconvenience when moving around.
"
265,What’s the crowd level in Hongdea during Early morning?,"The requested Early morning congestion in Hongdea is 
내선 :5:30 - 89.0, 6:00 - 35.4, 6:30 - 79.1. mean congestion is 67.8. During this time period, the congestion level is moderate, so you may occasionally experience some inconvenience when moving around.
외선 :5:30 - 94.3, 6:00 - 48.4, 6:30 - 7.5. mean congestion is 50.1. During this time period, the congestion level is moderate, so you may occasionally experience some inconvenience when moving around.
"
266,What’s the foot traffic in Gangnam during Afternoon peak?,"The requested Afternoon peak congestion in Gangnam is 
내선 :17:00 - 121.1, 17:30 - 76.6, 18:00 - 106.9, 18:30 - 107.1, 19:00 - 63.1, 19:30 - 24.7. mean congestion is 83.3. This time period is crowded, so we recommend visiting during a different time.
외선 :17:00 - 61.1, 17:30 - 107.2, 18:00 - 72.6, 18:30 - 38.6, 19:00 - 125.0, 19:30 - 28.4. mean congestion is 72.1. During this time period, the congestion level is moderate, so you may occasionally experience some inconvenience when moving around.
"
267,What’s the crowd flow like in Myeongdong during Peak travel time?,"The requested Peak travel time congestion in Myeongdong is 
내선 :7:00 - 33.0, 7:30 - 85.3, 8:00 - 120.8, 8:30 - 13.4, 9:00 - 92.1, 9:30 - 53.3, 17:00 - 67.5, 17:30 - 95.0, 18:00 - 115.7, 18:30 - 13.6, 19:00 - 82.9, 19:30 - 109.1. mean congestion is 73.5. During this time period, the congestion level is moderate, so you may occasionally experience some inconvenience when moving around.
외선 :7:00 - 32.6, 7:30 - 45.7, 8:00 - 77.1, 8:30 - 39.3, 9:00 - 89.7, 9:30 - 114.5, 17:00 - 66.6, 17:30 - 17.6, 18:00 - 42.5, 18:30 - 76.7, 19:00 - 80.7, 19:30 - 4.0. mean congestion is 57.3. During this time period, the congestion level is moderate, so you may occasionally experience some inconvenience when moving around.
"
268,How heavy is the crowd in Myeongdong around Dawn hours?,"The requested Dawn hours congestion in Myeongdong is 
상선 :5:30 - 49.8, 6:00 - 89.6, 6:30 - 96.4. mean congestion is 78.6. During this time period, the congestion level is moderate, so you may occasionally experience some inconvenience when moving around.
하선 :5:30 - 38.2, 6:00 - 121.6, 6:30 - 110.4. mean congestion is 90.1. This time period is crowded, so we recommend visiting during a different time.
"
269,How full does Hongdea get during Dinner time?,"The requested Dinner time congestion in Hongdea is 
상선 :17:00 - 50.4, 17:30 - 82.8, 18:00 - 87.1, 18:30 - 33.8, 19:00 - 2.3, 19:30 - 61.4. mean congestion is 53.0. During this time period, the congestion level is moderate, so you may occasionally experience some inconvenience when moving around.
하선 :17:00 - 23.5, 17:30 - 12.9, 18:00 - 78.6, 18:30 - 86.2, 19:00 - 2.1, 19:30 - 85.6. mean congestion is 48.2. This time period is not busy, so it's a good time to visit.
"
270,How packed does Myeongdong get around Pre-dawn?,"The requested Pre-dawn congestion in Myeongdong is 
내선 :5:30 - 113.9, 6:00 - 106.3, 6:30 - 9.6. mean congestion is 76.6. During this time period, the congestion level is moderate, so you may occasionally experience some inconvenience when moving around.
외선 :5:30 - 16.2, 6:00 - 82.8, 6:30 - 9.2. mean congestion is 36.1. This time period is not busy, so it's a good time to visit.
"
271,What are the crowds like in Myeongdong during Dinnertime bustle?,"The requested Dinnertime bustle congestion in Myeongdong is 
상선 :17:00 - 118.5, 17:30 - 24.9, 18:00 - 34.2, 18:30 - 92.4, 19:00 - 116.2, 19:30 - 1.2. mean congestion is 64.6. During this time period, the congestion level is moderate, so you may occasionally experience some inconvenience when moving around.
하선 :17:00 - 27.9, 17:30 - 32.3, 18:00 - 70.0, 18:30 - 123.9, 19:00 - 113.5, 19:30 - 60.4. mean congestion is 71.3. During this time period, the congestion level is moderate, so you may occasionally experience some inconvenience when moving around.
"
272,What’s the crowd level in Gangnam during High traffic time?,"The requested High traffic time congestion in Gangnam is 
상선 :7:00 - 16.5, 7:30 - 1.1, 8:00 - 23.6, 8:30 - 35.8, 9:00 - 80.6, 9:30 - 116.4, 17:00 - 73.2, 17:30 - 77.4, 18:00 - 108.5, 18:30 - 36.2, 19:00 - 12.0, 19:30 - 13.6. mean congestion is 49.6. This time period is not busy, so it's a good time to visit.
하선 :7:00 - 128.8, 7:30 - 118.4, 8:00 - 62.3, 8:30 - 13.9, 9:00 - 63.0, 9:30 - 45.5, 17:00 - 50.1, 17:30 - 116.8, 18:00 - 8.6, 18:30 - 101.4, 19:00 - 25.3, 19:30 - 39.6. mean congestion is 64.5. During this time period, the congestion level is moderate, so you may occasionally experience some inconvenience when moving around.
"
273,How packed does Hongdea get around High traffic time?,"The requested High traffic time congestion in Hongdea is 
내선 :7:00 - 120.2, 7:30 - 9.2, 8:00 - 40.8, 8:30 - 56.8, 9:00 - 12.0, 9:30 - 107.4, 17:00 - 31.8, 17:30 - 68.4, 18:00 - 93.7, 18:30 - 111.5, 19:00 - 11.6, 19:30 - 45.9. mean congestion is 59.1. During this time period, the congestion level is moderate, so you may occasionally experience some inconvenience when moving around.
외선 :7:00 - 120.9, 7:30 - 43.9, 8:00 - 59.0, 8:30 - 56.1, 9:00 - 88.0, 9:30 - 104.7, 17:00 - 109.8, 17:30 - 99.8, 18:00 - 84.1, 18:30 - 42.6, 19:00 - 107.9, 19:30 - 25.8. mean congestion is 78.6. During this time period, the congestion level is moderate, so you may occasionally experience some inconvenience when moving around.
"
274,What’s the crowd situation in Hongdea at Daybreak?,"The requested Daybreak congestion in Hongdea is 
내선 :5:30 - 100.6, 6:00 - 39.1, 6:30 - 120.0. mean congestion is 86.6. This time period is crowded, so we recommend visiting during a different time.
외선 :5:30 - 103.8, 6:00 - 33.2, 6:30 - 87.6. mean congestion is 74.9. During this time period, the congestion level is moderate, so you may occasionally experience some inconvenience when moving around.
"
275,What’s the congestion like in Myeongdong at Early morning?,"The requested Early morning congestion in Myeongdong is 
내선 :5:30 - 107.1, 6:00 - 16.1, 6:30 - 92.2. mean congestion is 71.8. During this time period, the congestion level is moderate, so you may occasionally experience some inconvenience when moving around.
외선 :5:30 - 83.1, 6:00 - 49.3, 6:30 - 4.3. mean congestion is 45.6. This time period is not busy, so it's a good time to visit.
"
276,What’s the Midday traffic like in Myeongdong?,"The requested Midday congestion in Myeongdong is 
상선 :12:00 - 37.3, 12:30 - 2.5, 13:00 - 104.8, 13:30 - 117.9, 14:00 - 30.8, 14:30 - 79.8. mean congestion is 62.2. During this time period, the congestion level is moderate, so you may occasionally experience some inconvenience when moving around.
하선 :12:00 - 9.5, 12:30 - 118.2, 13:00 - 106.8, 13:30 - 43.9, 14:00 - 125.2, 14:30 - 1.3. mean congestion is 67.5. During this time period, the congestion level is moderate, so you may occasionally experience some inconvenience when moving around.
"
277,What’s the foot traffic in Myeongdong during Post-work rush?,"The requested Post-work rush congestion in Myeongdong is 
상선 :17:00 - 80.7, 17:30 - 60.8, 18:00 - 89.3, 18:30 - 95.0, 19:00 - 93.7, 19:30 - 85.4. mean congestion is 84.1. This time period is crowded, so we recommend visiting during a different time.
하선 :17:00 - 117.2, 17:30 - 112.5, 18:00 - 128.8, 18:30 - 25.8, 19:00 - 88.1, 19:30 - 24.6. mean congestion is 82.8. This time period is crowded, so we recommend visiting during a different time.
"
278,How crowded is Hongdea around Sunset hours?,"The requested Sunset hours congestion in Hongdea is 
상선 :17:00 - 56.0, 17:30 - 17.5, 18:00 - 14.9, 18:30 - 28.4, 19:00 - 44.2, 19:30 - 79.1. mean congestion is 40.0. This time period is not busy, so it's a good time to visit.
하선 :17:00 - 9.9, 17:30 - 119.4, 18:00 - 73.8, 18:30 - 3.8, 19:00 - 42.3, 19:30 - 22.4. mean congestion is 45.3. This time period is not busy, so it's a good time to visit.
"
279,What’s the crowd situation in Hongdea at Dinnertime bustle?,"The requested Dinnertime bustle congestion in Hongdea is 
내선 :17:00 - 21.9, 17:30 - 10.5, 18:00 - 71.7, 18:30 - 119.9, 19:00 - 95.5, 19:30 - 98.1. mean congestion is 69.6. During this time period, the congestion level is moderate, so you may occasionally experience some inconvenience when moving around.
외선 :17:00 - 24.1, 17:30 - 55.1, 18:00 - 34.7, 18:30 - 54.6, 19:00 - 9.8, 19:30 - 13.2. mean congestion is 31.9. This time period is not busy, so it's a good time to visit.
"
280,How packed does Myeongdong get around Midday?,"The requested Midday congestion in Myeongdong is 
내선 :12:00 - 30.1, 12:30 - 64.3, 13:00 - 50.7, 13:30 - 10.2, 14:00 - 107.9, 14:30 - 89.8. mean congestion is 58.8. During this time period, the congestion level is moderate, so you may occasionally experience some inconvenience when moving around.
외선 :12:00 - 7.1, 12:30 - 110.4, 13:00 - 127.4, 13:30 - 90.4, 14:00 - 122.1, 14:30 - 124.5. mean congestion is 97.0. This time period is crowded, so we recommend visiting during a different time.
"
281,What are the crowds like in Gangnam during Daybreak?,"The requested Daybreak congestion in Gangnam is 
상선 :5:30 - 91.2, 6:00 - 127.5, 6:30 - 73.7. mean congestion is 97.5. This time period is crowded, so we recommend visiting during a different time.
하선 :5:30 - 89.4, 6:00 - 14.6, 6:30 - 28.5. mean congestion is 44.2. This time period is not busy, so it's a good time to visit.
"
282,What’s the foot traffic in Hongdea during Early morning?,"The requested Early morning congestion in Hongdea is 
내선 :5:30 - 121.2, 6:00 - 129.6, 6:30 - 110.7. mean congestion is 120.5. This time period is crowded, so we recommend visiting during a different time.
외선 :5:30 - 51.3, 6:00 - 52.8, 6:30 - 43.6. mean congestion is 49.2. This time period is not busy, so it's a good time to visit.
"
283,What’s the crowd level in Gangnam during Early bird hours?,"The requested Early bird hours congestion in Gangnam is 
내선 :7:00 - 52.6, 7:30 - 4.9, 8:00 - 96.0, 8:30 - 87.9, 9:00 - 109.0, 9:30 - 47.2. mean congestion is 66.3. During this time period, the congestion level is moderate, so you may occasionally experience some inconvenience when moving around.
외선 :7:00 - 57.9, 7:30 - 118.0, 8:00 - 76.3, 8:30 - 41.3, 9:00 - 92.8, 9:30 - 24.6. mean congestion is 68.5. During this time period, the congestion level is moderate, so you may occasionally experience some inconvenience when moving around.
"
284,How full does Myeongdong get during Daybreak?,"The requested Daybreak congestion in Myeongdong is 
내선 :5:30 - 119.5, 6:00 - 50.4, 6:30 - 107.8. mean congestion is 92.6. This time period is crowded, so we recommend visiting during a different time.
외선 :5:30 - 36.6, 6:00 - 103.1, 6:30 - 33.2. mean congestion is 57.6. During this time period, the congestion level is moderate, so you may occasionally experience some inconvenience when moving around.
"
285,How dense is the crowd in Hongdea around Lunchtime rush?,"The requested Lunchtime rush congestion in Hongdea is 
상선 :12:00 - 67.3, 12:30 - 31.4, 13:00 - 81.0, 13:30 - 72.6, 14:00 - 105.3, 14:30 - 126.1. mean congestion is 80.6. This time period is crowded, so we recommend visiting during a different time.
하선 :12:00 - 100.6, 12:30 - 38.7, 13:00 - 102.2, 13:30 - 104.2, 14:00 - 1.5, 14:30 - 116.9. mean congestion is 77.4. During this time period, the congestion level is moderate, so you may occasionally experience some inconvenience when moving around.
"
286,How much foot traffic does Hongdea have at Afternoon traffic?,"The requested Afternoon traffic congestion in Hongdea is 
내선 :17:00 - 71.1, 17:30 - 111.5, 18:00 - 66.1, 18:30 - 36.1, 19:00 - 30.1, 19:30 - 128.8. mean congestion is 74.0. During this time period, the congestion level is moderate, so you may occasionally experience some inconvenience when moving around.
외선 :17:00 - 17.1, 17:30 - 110.0, 18:00 - 36.5, 18:30 - 40.5, 19:00 - 20.4, 19:30 - 49.2. mean congestion is 45.6. This time period is not busy, so it's a good time to visit.
"
287,How crowded is Myeongdong around Dinner time?,"The requested Dinner time congestion in Myeongdong is 
내선 :17:00 - 98.2, 17:30 - 75.5, 18:00 - 96.3, 18:30 - 115.7, 19:00 - 99.1, 19:30 - 89.7. mean congestion is 95.8. This time period is crowded, so we recommend visiting during a different time.
외선 :17:00 - 99.7, 17:30 - 35.9, 18:00 - 86.3, 18:30 - 124.8, 19:00 - 23.4, 19:30 - 69.3. mean congestion is 73.2. During this time period, the congestion level is moderate, so you may occasionally experience some inconvenience when moving around.
"
288,What’s the crowd level in Myeongdong during Early morning?,"The requested Early morning congestion in Myeongdong is 
상선 :5:30 - 3.1, 6:00 - 77.3, 6:30 - 88.8. mean congestion is 56.4. During this time period, the congestion level is moderate, so you may occasionally experience some inconvenience when moving around.
하선 :5:30 - 81.7, 6:00 - 7.2, 6:30 - 56.3. mean congestion is 48.4. This time period is not busy, so it's a good time to visit.
"
289,How dense is the crowd in Hongdea around Evening rush?,"The requested Evening rush congestion in Hongdea is 
상선 :17:00 - 102.4, 17:30 - 108.8, 18:00 - 26.7, 18:30 - 82.3, 19:00 - 44.7, 19:30 - 91.1. mean congestion is 76.0. During this time period, the congestion level is moderate, so you may occasionally experience some inconvenience when moving around.
하선 :17:00 - 43.5, 17:30 - 2.3, 18:00 - 105.7, 18:30 - 68.1, 19:00 - 82.3, 19:30 - 61.6. mean congestion is 60.6. During this time period, the congestion level is moderate, so you may occasionally experience some inconvenience when moving around.
"
290,How packed does Gangnam get around Dawn hours?,"The requested Dawn hours congestion in Gangnam is 
내선 :5:30 - 1.3, 6:00 - 24.5, 6:30 - 98.8. mean congestion is 41.5. This time period is not busy, so it's a good time to visit.
외선 :5:30 - 109.5, 6:00 - 14.5, 6:30 - 45.4. mean congestion is 56.5. During this time period, the congestion level is moderate, so you may occasionally experience some inconvenience when moving around.
"
291,How busy is Myeongdong around Evening peak?,"The requested Evening peak congestion in Myeongdong is 
내선 :17:00 - 115.5, 17:30 - 129.9, 18:00 - 97.2, 18:30 - 115.7, 19:00 - 90.7, 19:30 - 45.6. mean congestion is 99.1. This time period is crowded, so we recommend visiting during a different time.
외선 :17:00 - 71.8, 17:30 - 33.6, 18:00 - 50.3, 18:30 - 67.7, 19:00 - 61.3, 19:30 - 69.9. mean congestion is 59.1. During this time period, the congestion level is moderate, so you may occasionally experience some inconvenience when moving around.
"
292,What’s the people flow in Myeongdong around Dawn hours?,"The requested Dawn hours congestion in Myeongdong is 
상선 :5:30 - 25.5, 6:00 - 102.7, 6:30 - 26.4. mean congestion is 51.5. During this time period, the congestion level is moderate, so you may occasionally experience some inconvenience when moving around.
하선 :5:30 - 125.0, 6:00 - 94.1, 6:30 - 9.4. mean congestion is 76.2. During this time period, the congestion level is moderate, so you may occasionally experience some inconvenience when moving around.
"
293,How much foot traffic does Hongdea have at Midday?,"The requested Midday congestion in Hongdea is 
상선 :12:00 - 84.1, 12:30 - 43.8, 13:00 - 91.5, 13:30 - 112.3, 14:00 - 62.2, 14:30 - 74.9. mean congestion is 78.1. During this time period, the congestion level is moderate, so you may occasionally experience some inconvenience when moving around.
하선 :12:00 - 127.7, 12:30 - 25.1, 13:00 - 51.3, 13:30 - 13.9, 14:00 - 5.5, 14:30 - 22.7. mean congestion is 41.0. This time period is not busy, so it's a good time to visit.
"
294,What’s the population density in Myeongdong around Brunch hour?,"The requested Brunch hour congestion in Myeongdong is 
내선 :10:00 - 74.0, 10:30 - 23.5, 11:00 - 44.8, 11:30 - 21.7. mean congestion is 41.0. This time period is not busy, so it's a good time to visit.
외선 :10:00 - 74.7, 10:30 - 103.3, 11:00 - 24.7, 11:30 - 114.8. mean congestion is 79.4. During this time period, the congestion level is moderate, so you may occasionally experience some inconvenience when moving around.
"
295,How much foot traffic does Hongdea have at Evening commute?,"The requested Evening commute congestion in Hongdea is 
상선 :17:00 - 85.2, 17:30 - 90.5, 18:00 - 35.2, 18:30 - 72.4, 19:00 - 63.9, 19:30 - 52.2. mean congestion is 66.6. During this time period, the congestion level is moderate, so you may occasionally experience some inconvenience when moving around.
하선 :17:00 - 110.6, 17:30 - 106.0, 18:00 - 67.0, 18:30 - 28.4, 19:00 - 99.5, 19:30 - 89.6. mean congestion is 83.5. This time period is crowded, so we recommend visiting during a different time.
"
296,Is Hongdea packed around Evening commute?,"The requested Evening commute congestion in Hongdea is 
내선 :17:00 - 39.6, 17:30 - 128.3, 18:00 - 32.5, 18:30 - 111.9, 19:00 - 96.9, 19:30 - 118.8. mean congestion is 88.0. This time period is crowded, so we recommend visiting during a different time.
외선 :17:00 - 45.1, 17:30 - 14.1, 18:00 - 76.5, 18:30 - 38.9, 19:00 - 125.6, 19:30 - 61.8. mean congestion is 60.3. During this time period, the congestion level is moderate, so you may occasionally experience some inconvenience when moving around.
"
297,How full does Myeongdong get during Dawn hours?,"The requested Dawn hours congestion in Myeongdong is 
내선 :5:30 - 63.1, 6:00 - 116.3, 6:30 - 69.5. mean congestion is 83.0. This time period is crowded, so we recommend visiting during a different time.
외선 :5:30 - 9.9, 6:00 - 55.2, 6:30 - 72.8. mean congestion is 46.0. This time period is not busy, so it's a good time to visit.
"
298,How packed does Gangnam get around Brunch hour?,"The requested Brunch hour congestion in Gangnam is 
상선 :10:00 - 89.9, 10:30 - 122.2, 11:00 - 44.6, 11:30 - 79.7. mean congestion is 84.1. This time period is crowded, so we recommend visiting during a different time.
하선 :10:00 - 46.2, 10:30 - 34.3, 11:00 - 62.2, 11:30 - 3.5. mean congestion is 36.6. This time period is not busy, so it's a good time to visit.
"
299,How crowded is Myeongdong around Daybreak?,"The requested Daybreak congestion in Myeongdong is 
내선 :5:30 - 16.4, 6:00 - 48.5, 6:30 - 83.3. mean congestion is 49.4. This time period is not busy, so it's a good time to visit.
외선 :5:30 - 40.2, 6:00 - 108.1, 6:30 - 51.3. mean congestion is 66.5. During this time period, the congestion level is moderate, so you may occasionally experience some inconvenience when moving around.
"
300,How are the crowds in Myeongdong at Midday?,"The requested Midday congestion in Myeongdong is 
상선 :12:00 - 65.1, 12:30 - 67.6, 13:00 - 78.0, 13:30 - 13.1, 14:00 - 83.2, 14:30 - 95.0. mean congestion is 67.0. During this time period, the congestion level is moderate, so you may occasionally experience some inconvenience when moving around.
하선 :12:00 - 21.1, 12:30 - 44.2, 13:00 - 72.4, 13:30 - 27.2, 14:00 - 57.4, 14:30 - 1.3. mean congestion is 37.3. This time period is not busy, so it's a good time to visit.
"
301,What’s the foot traffic in Hongdea during Twilight commute?,"The requested Twilight commute congestion in Hongdea is 
상선 :17:00 - 120.6, 17:30 - 105.6, 18:00 - 84.1, 18:30 - 114.7, 19:00 - 95.5, 19:30 - 75.5. mean congestion is 99.3. This time period is crowded, so we recommend visiting during a different time.
하선 :17:00 - 61.4, 17:30 - 19.1, 18:00 - 79.8, 18:30 - 10.0, 19:00 - 49.7, 19:30 - 64.8. mean congestion is 47.5. This time period is not busy, so it's a good time to visit.
"
302,What’s the Pre-dawn traffic like in Gangnam?,"The requested Pre-dawn congestion in Gangnam is 
내선 :5:30 - 11.2, 6:00 - 31.6, 6:30 - 92.9. mean congestion is 45.2. This time period is not busy, so it's a good time to visit.
외선 :5:30 - 86.9, 6:00 - 12.1, 6:30 - 43.4. mean congestion is 47.5. This time period is not busy, so it's a good time to visit.
"
303,How crowded is Hongdea around Breakfast time?,"The requested Breakfast time congestion in Hongdea is 
내선 :7:00 - 11.1, 7:30 - 111.2, 8:00 - 20.0, 8:30 - 60.9, 9:00 - 31.4, 9:30 - 45.6. mean congestion is 46.7. This time period is not busy, so it's a good time to visit.
외선 :7:00 - 28.6, 7:30 - 46.5, 8:00 - 39.5, 8:30 - 21.0, 9:00 - 52.5, 9:30 - 129.5. mean congestion is 52.9. During this time period, the congestion level is moderate, so you may occasionally experience some inconvenience when moving around.
"
304,Is Gangnam busy around Peak travel time?,"The requested Peak travel time congestion in Gangnam is 
내선 :7:00 - 100.6, 7:30 - 88.5, 8:00 - 34.6, 8:30 - 23.0, 9:00 - 64.6, 9:30 - 41.5, 17:00 - 97.6, 17:30 - 81.9, 18:00 - 45.6, 18:30 - 120.9, 19:00 - 71.1, 19:30 - 64.9. mean congestion is 69.6. During this time period, the congestion level is moderate, so you may occasionally experience some inconvenience when moving around.
외선 :7:00 - 97.0, 7:30 - 20.2, 8:00 - 103.4, 8:30 - 4.5, 9:00 - 64.3, 9:30 - 122.9, 17:00 - 29.6, 17:30 - 47.0, 18:00 - 12.7, 18:30 - 54.0, 19:00 - 45.6, 19:30 - 24.3. mean congestion is 52.1. During this time period, the congestion level is moderate, so you may occasionally experience some inconvenience when moving around.
"
305,How crowded is Hongdea usually at Early bird hours?,"The requested Early bird hours congestion in Hongdea is 
내선 :7:00 - 97.9, 7:30 - 38.1, 8:00 - 46.7, 8:30 - 98.5, 9:00 - 65.2, 9:30 - 126.7. mean congestion is 78.8. During this time period, the congestion level is moderate, so you may occasionally experience some inconvenience when moving around.
외선 :7:00 - 74.2, 7:30 - 126.7, 8:00 - 75.8, 8:30 - 113.8, 9:00 - 103.6, 9:30 - 72.4. mean congestion is 94.4. This time period is crowded, so we recommend visiting during a different time.
"
306,What’s the crowd situation in Gangnam at Post-work rush?,"The requested Post-work rush congestion in Gangnam is 
내선 :17:00 - 112.8, 17:30 - 98.0, 18:00 - 122.2, 18:30 - 62.7, 19:00 - 64.0, 19:30 - 127.3. mean congestion is 97.8. This time period is crowded, so we recommend visiting during a different time.
외선 :17:00 - 119.3, 17:30 - 43.1, 18:00 - 103.4, 18:30 - 56.5, 19:00 - 96.4, 19:30 - 33.4. mean congestion is 75.4. During this time period, the congestion level is moderate, so you may occasionally experience some inconvenience when moving around.
"
307,How crowded is Hongdea around Pre-dawn?,"The requested Pre-dawn congestion in Hongdea is 
내선 :5:30 - 10.3, 6:00 - 37.7, 6:30 - 49.7. mean congestion is 32.6. This time period is not busy, so it's a good time to visit.
외선 :5:30 - 112.0, 6:00 - 49.7, 6:30 - 112.0. mean congestion is 91.2. This time period is crowded, so we recommend visiting during a different time.
"
308,What’s the people flow in Myeongdong around Midday?,"The requested Midday congestion in Myeongdong is 
내선 :12:00 - 49.1, 12:30 - 89.3, 13:00 - 40.8, 13:30 - 107.4, 14:00 - 36.7, 14:30 - 88.2. mean congestion is 68.6. During this time period, the congestion level is moderate, so you may occasionally experience some inconvenience when moving around.
외선 :12:00 - 63.6, 12:30 - 37.8, 13:00 - 17.2, 13:30 - 129.2, 14:00 - 74.0, 14:30 - 30.2. mean congestion is 58.7. During this time period, the congestion level is moderate, so you may occasionally experience some inconvenience when moving around.
"
309,How much foot traffic does Hongdea have at Peak travel time?,"The requested Peak travel time congestion in Hongdea is 
상선 :7:00 - 118.5, 7:30 - 50.3, 8:00 - 15.6, 8:30 - 129.6, 9:00 - 50.7, 9:30 - 123.5, 17:00 - 95.2, 17:30 - 8.8, 18:00 - 37.7, 18:30 - 84.5, 19:00 - 119.8, 19:30 - 7.7. mean congestion is 70.2. During this time period, the congestion level is moderate, so you may occasionally experience some inconvenience when moving around.
하선 :7:00 - 47.0, 7:30 - 35.5, 8:00 - 73.6, 8:30 - 24.0, 9:00 - 110.7, 9:30 - 122.3, 17:00 - 93.3, 17:30 - 118.7, 18:00 - 24.3, 18:30 - 104.2, 19:00 - 54.7, 19:30 - 76.6. mean congestion is 73.7. During this time period, the congestion level is moderate, so you may occasionally experience some inconvenience when moving around.
"
310,How much foot traffic does Myeongdong have at Noon hour?,"The requested Noon hour congestion in Myeongdong is 
내선 :12:00 - 27.3, 12:30 - 100.4, 13:00 - 24.8, 13:30 - 109.7, 14:00 - 68.0, 14:30 - 69.8. mean congestion is 66.7. During this time period, the congestion level is moderate, so you may occasionally experience some inconvenience when moving around.
외선 :12:00 - 113.3, 12:30 - 56.7, 13:00 - 55.7, 13:30 - 71.2, 14:00 - 101.3, 14:30 - 25.4. mean congestion is 70.6. During this time period, the congestion level is moderate, so you may occasionally experience some inconvenience when moving around.
"
311,How packed does Gangnam get around Breakfast time?,"The requested Breakfast time congestion in Gangnam is 
상선 :7:00 - 14.3, 7:30 - 45.7, 8:00 - 121.9, 8:30 - 113.2, 9:00 - 94.8, 9:30 - 74.8. mean congestion is 77.4. During this time period, the congestion level is moderate, so you may occasionally experience some inconvenience when moving around.
하선 :7:00 - 98.0, 7:30 - 35.4, 8:00 - 55.8, 8:30 - 116.0, 9:00 - 50.0, 9:30 - 103.0. mean congestion is 76.4. During this time period, the congestion level is moderate, so you may occasionally experience some inconvenience when moving around.
"
312,How packed does Myeongdong get around Evening commute?,"The requested Evening commute congestion in Myeongdong is 
내선 :17:00 - 22.7, 17:30 - 115.1, 18:00 - 95.9, 18:30 - 78.4, 19:00 - 42.8, 19:30 - 56.6. mean congestion is 68.6. During this time period, the congestion level is moderate, so you may occasionally experience some inconvenience when moving around.
외선 :17:00 - 91.0, 17:30 - 22.3, 18:00 - 0.8, 18:30 - 58.0, 19:00 - 36.7, 19:30 - 123.3. mean congestion is 55.4. During this time period, the congestion level is moderate, so you may occasionally experience some inconvenience when moving around.
"
313,What’s the congestion like in Gangnam at Evening rush?,"The requested Evening rush congestion in Gangnam is 
상선 :17:00 - 11.7, 17:30 - 114.3, 18:00 - 41.0, 18:30 - 119.4, 19:00 - 7.6, 19:30 - 111.3. mean congestion is 67.6. During this time period, the congestion level is moderate, so you may occasionally experience some inconvenience when moving around.
하선 :17:00 - 27.3, 17:30 - 44.0, 18:00 - 25.0, 18:30 - 52.7, 19:00 - 82.8, 19:30 - 105.6. mean congestion is 56.2. During this time period, the congestion level is moderate, so you may occasionally experience some inconvenience when moving around.
"
314,What’s the congestion like in Hongdea at Dawn hours?,"The requested Dawn hours congestion in Hongdea is 
내선 :5:30 - 7.1, 6:00 - 77.9, 6:30 - 118.7. mean congestion is 67.9. During this time period, the congestion level is moderate, so you may occasionally experience some inconvenience when moving around.
외선 :5:30 - 52.4, 6:00 - 47.6, 6:30 - 92.7. mean congestion is 64.2. During this time period, the congestion level is moderate, so you may occasionally experience some inconvenience when moving around.
"
315,Is Myeongdong busy around Midday?,"The requested Midday congestion in Myeongdong is 
내선 :12:00 - 45.0, 12:30 - 63.0, 13:00 - 84.0, 13:30 - 40.3, 14:00 - 5.6, 14:30 - 75.5. mean congestion is 52.2. During this time period, the congestion level is moderate, so you may occasionally experience some inconvenience when moving around.
외선 :12:00 - 35.3, 12:30 - 127.6, 13:00 - 56.6, 13:30 - 111.3, 14:00 - 46.2, 14:30 - 34.9. mean congestion is 68.6. During this time period, the congestion level is moderate, so you may occasionally experience some inconvenience when moving around.
"
316,What’s the crowd flow like in Myeongdong during Afternoon peak?,"The requested Afternoon peak congestion in Myeongdong is 
상선 :17:00 - 113.1, 17:30 - 73.0, 18:00 - 78.8, 18:30 - 87.1, 19:00 - 125.7, 19:30 - 108.2. mean congestion is 97.6. This time period is crowded, so we recommend visiting during a different time.
하선 :17:00 - 30.3, 17:30 - 10.9, 18:00 - 113.7, 18:30 - 18.7, 19:00 - 61.1, 19:30 - 10.4. mean congestion is 40.8. This time period is not busy, so it's a good time to visit.
"
317,Is Gangnam packed around Dinner time?,"The requested Dinner time congestion in Gangnam is 
상선 :17:00 - 85.8, 17:30 - 120.1, 18:00 - 79.9, 18:30 - 61.0, 19:00 - 28.1, 19:30 - 86.2. mean congestion is 76.8. During this time period, the congestion level is moderate, so you may occasionally experience some inconvenience when moving around.
하선 :17:00 - 117.3, 17:30 - 126.6, 18:00 - 122.8, 18:30 - 89.9, 19:00 - 94.8, 19:30 - 57.2. mean congestion is 101.4. This time period is crowded, so we recommend visiting during a different time.
"
318,What’s the foot traffic in Hongdea during Lunchtime?,"The requested Lunchtime congestion in Hongdea is 
내선 :12:00 - 129.2, 12:30 - 6.8, 13:00 - 14.4, 13:30 - 19.6, 14:00 - 62.5, 14:30 - 33.0. mean congestion is 44.2. This time period is not busy, so it's a good time to visit.
외선 :12:00 - 78.5, 12:30 - 104.0, 13:00 - 31.7, 13:30 - 117.8, 14:00 - 26.7, 14:30 - 88.1. mean congestion is 74.5. During this time period, the congestion level is moderate, so you may occasionally experience some inconvenience when moving around.
"
319,How crowded is Myeongdong around Dawn hours?,"The requested Dawn hours congestion in Myeongdong is 
내선 :5:30 - 14.1, 6:00 - 58.7, 6:30 - 119.7. mean congestion is 64.2. During this time period, the congestion level is moderate, so you may occasionally experience some inconvenience when moving around.
외선 :5:30 - 74.3, 6:00 - 103.3, 6:30 - 50.7. mean congestion is 76.1. During this time period, the congestion level is moderate, so you may occasionally experience some inconvenience when moving around.
"
320,How heavy is the crowd in Myeongdong around Evening commute?,"The requested Evening commute congestion in Myeongdong is 
상선 :17:00 - 103.9, 17:30 - 39.3, 18:00 - 23.6, 18:30 - 28.2, 19:00 - 0.6, 19:30 - 88.2. mean congestion is 47.3. This time period is not busy, so it's a good time to visit.
하선 :17:00 - 95.0, 17:30 - 44.9, 18:00 - 55.6, 18:30 - 86.9, 19:00 - 31.5, 19:30 - 40.8. mean congestion is 59.1. During this time period, the congestion level is moderate, so you may occasionally experience some inconvenience when moving around.
"
321,What are the crowds like in Hongdea during Afternoon peak?,"The requested Afternoon peak congestion in Hongdea is 
상선 :17:00 - 88.0, 17:30 - 43.8, 18:00 - 102.6, 18:30 - 73.8, 19:00 - 102.2, 19:30 - 24.2. mean congestion is 72.4. During this time period, the congestion level is moderate, so you may occasionally experience some inconvenience when moving around.
하선 :17:00 - 91.0, 17:30 - 24.8, 18:00 - 65.4, 18:30 - 74.1, 19:00 - 116.1, 19:30 - 18.6. mean congestion is 65.0. During this time period, the congestion level is moderate, so you may occasionally experience some inconvenience when moving around.
"
322,What’s the crowd situation in Gangnam at Evening rush?,"The requested Evening rush congestion in Gangnam is 
내선 :17:00 - 87.7, 17:30 - 20.5, 18:00 - 18.6, 18:30 - 85.1, 19:00 - 121.5, 19:30 - 66.9. mean congestion is 66.7. During this time period, the congestion level is moderate, so you may occasionally experience some inconvenience when moving around.
외선 :17:00 - 113.5, 17:30 - 15.7, 18:00 - 2.1, 18:30 - 0.0, 19:00 - 66.2, 19:30 - 101.8. mean congestion is 49.9. This time period is not busy, so it's a good time to visit.
"
323,How crowded is Gangnam usually at Early bird hours?,"The requested Early bird hours congestion in Gangnam is 
내선 :7:00 - 104.2, 7:30 - 27.7, 8:00 - 81.9, 8:30 - 23.5, 9:00 - 62.1, 9:30 - 7.7. mean congestion is 51.2. During this time period, the congestion level is moderate, so you may occasionally experience some inconvenience when moving around.
외선 :7:00 - 4.7, 7:30 - 82.4, 8:00 - 10.8, 8:30 - 116.3, 9:00 - 33.4, 9:30 - 15.2. mean congestion is 43.8. This time period is not busy, so it's a good time to visit.
"
324,How heavy is the crowd in Myeongdong around Noon hour?,"The requested Noon hour congestion in Myeongdong is 
내선 :12:00 - 48.8, 12:30 - 118.9, 13:00 - 29.3, 13:30 - 9.3, 14:00 - 12.4, 14:30 - 58.8. mean congestion is 46.2. This time period is not busy, so it's a good time to visit.
외선 :12:00 - 126.3, 12:30 - 76.1, 13:00 - 119.8, 13:30 - 38.1, 14:00 - 107.0, 14:30 - 18.3. mean congestion is 80.9. This time period is crowded, so we recommend visiting during a different time.
"
325,What’s the crowd level in Hongdea during Mid-morning hours?,"The requested Mid-morning hours congestion in Hongdea is 
상선 :10:00 - 61.6, 10:30 - 45.5, 11:00 - 95.9, 11:30 - 50.7. mean congestion is 63.4. During this time period, the congestion level is moderate, so you may occasionally experience some inconvenience when moving around.
하선 :10:00 - 85.0, 10:30 - 51.9, 11:00 - 97.3, 11:30 - 44.6. mean congestion is 69.7. During this time period, the congestion level is moderate, so you may occasionally experience some inconvenience when moving around.
"
326,What’s the crowd flow like in Gangnam during Peak travel time?,"The requested Peak travel time congestion in Gangnam is 
내선 :7:00 - 79.5, 7:30 - 8.8, 8:00 - 63.5, 8:30 - 4.3, 9:00 - 64.7, 9:30 - 112.0, 17:00 - 115.8, 17:30 - 114.8, 18:00 - 123.7, 18:30 - 9.5, 19:00 - 107.7, 19:30 - 86.4. mean congestion is 74.2. During this time period, the congestion level is moderate, so you may occasionally experience some inconvenience when moving around.
외선 :7:00 - 75.8, 7:30 - 39.5, 8:00 - 83.7, 8:30 - 52.8, 9:00 - 56.2, 9:30 - 4.1, 17:00 - 119.9, 17:30 - 25.3, 18:00 - 41.3, 18:30 - 34.5, 19:00 - 10.2, 19:30 - 2.6. mean congestion is 45.5. This time period is not busy, so it's a good time to visit.
"
327,Is Hongdea packed around Midday?,"The requested Midday congestion in Hongdea is 
내선 :12:00 - 50.7, 12:30 - 11.6, 13:00 - 13.6, 13:30 - 89.1, 14:00 - 128.0, 14:30 - 53.4. mean congestion is 57.7. During this time period, the congestion level is moderate, so you may occasionally experience some inconvenience when moving around.
외선 :12:00 - 105.3, 12:30 - 37.4, 13:00 - 78.0, 13:30 - 103.1, 14:00 - 117.0, 14:30 - 57.1. mean congestion is 83.0. This time period is crowded, so we recommend visiting during a different time.
"
328,How much foot traffic does Myeongdong have at Afternoon peak?,"The requested Afternoon peak congestion in Myeongdong is 
내선 :17:00 - 87.3, 17:30 - 118.7, 18:00 - 28.5, 18:30 - 13.3, 19:00 - 56.1, 19:30 - 29.1. mean congestion is 55.5. During this time period, the congestion level is moderate, so you may occasionally experience some inconvenience when moving around.
외선 :17:00 - 105.2, 17:30 - 25.4, 18:00 - 57.8, 18:30 - 49.0, 19:00 - 94.9, 19:30 - 79.0. mean congestion is 68.6. During this time period, the congestion level is moderate, so you may occasionally experience some inconvenience when moving around.
"
329,How packed does Myeongdong get around Lunchtime rush?,"The requested Lunchtime rush congestion in Myeongdong is 
상선 :12:00 - 14.4, 12:30 - 93.6, 13:00 - 86.3, 13:30 - 25.4, 14:00 - 29.2, 14:30 - 75.7. mean congestion is 54.1. During this time period, the congestion level is moderate, so you may occasionally experience some inconvenience when moving around.
하선 :12:00 - 55.8, 12:30 - 102.1, 13:00 - 106.0, 13:30 - 0.1, 14:00 - 86.5, 14:30 - 82.8. mean congestion is 72.2. During this time period, the congestion level is moderate, so you may occasionally experience some inconvenience when moving around.
"
330,What’s the population density in Myeongdong around Dinnertime bustle?,"The requested Dinnertime bustle congestion in Myeongdong is 
상선 :17:00 - 83.1, 17:30 - 32.6, 18:00 - 102.7, 18:30 - 118.0, 19:00 - 57.8, 19:30 - 104.8. mean congestion is 83.2. This time period is crowded, so we recommend visiting during a different time.
하선 :17:00 - 8.5, 17:30 - 104.6, 18:00 - 49.3, 18:30 - 102.2, 19:00 - 69.8, 19:30 - 16.6. mean congestion is 58.5. During this time period, the congestion level is moderate, so you may occasionally experience some inconvenience when moving around.
"
331,What’s the congestion like in Myeongdong at Early morning?,"The requested Early morning congestion in Myeongdong is 
상선 :5:30 - 38.6, 6:00 - 70.0, 6:30 - 88.8. mean congestion is 65.8. During this time period, the congestion level is moderate, so you may occasionally experience some inconvenience when moving around.
하선 :5:30 - 5.8, 6:00 - 56.0, 6:30 - 46.5. mean congestion is 36.1. This time period is not busy, so it's a good time to visit.
"
332,How busy is Gangnam around Golden hour?,"The requested Golden hour congestion in Gangnam is 
상선 :7:00 - 24.1, 7:30 - 33.1, 8:00 - 48.9, 8:30 - 34.2, 9:00 - 130.0, 9:30 - 124.2, 17:00 - 68.8, 17:30 - 50.2, 18:00 - 25.2, 18:30 - 95.0, 19:00 - 58.4, 19:30 - 96.5. mean congestion is 65.7. During this time period, the congestion level is moderate, so you may occasionally experience some inconvenience when moving around.
하선 :7:00 - 61.1, 7:30 - 104.0, 8:00 - 124.2, 8:30 - 86.9, 9:00 - 76.6, 9:30 - 99.4, 17:00 - 98.4, 17:30 - 10.5, 18:00 - 102.5, 18:30 - 51.6, 19:00 - 67.4, 19:30 - 62.5. mean congestion is 78.8. During this time period, the congestion level is moderate, so you may occasionally experience some inconvenience when moving around.
"
333,What’s the congestion like in Gangnam at Late afternoon?,"The requested Late afternoon congestion in Gangnam is 
내선 :12:00 - 40.0, 12:30 - 53.7, 13:00 - 129.9, 13:30 - 9.1, 14:00 - 10.8, 14:30 - 24.2. mean congestion is 44.6. This time period is not busy, so it's a good time to visit.
외선 :12:00 - 84.6, 12:30 - 83.5, 13:00 - 38.3, 13:30 - 97.1, 14:00 - 129.5, 14:30 - 94.6. mean congestion is 87.9. This time period is crowded, so we recommend visiting during a different time.
"
334,How are the crowds in Myeongdong at Peak travel time?,"The requested Peak travel time congestion in Myeongdong is 
내선 :7:00 - 113.7, 7:30 - 95.6, 8:00 - 25.2, 8:30 - 64.2, 9:00 - 29.6, 9:30 - 120.4, 17:00 - 40.0, 17:30 - 79.5, 18:00 - 38.5, 18:30 - 61.5, 19:00 - 15.6, 19:30 - 1.3. mean congestion is 57.1. During this time period, the congestion level is moderate, so you may occasionally experience some inconvenience when moving around.
외선 :7:00 - 100.5, 7:30 - 101.7, 8:00 - 26.2, 8:30 - 23.4, 9:00 - 122.9, 9:30 - 75.4, 17:00 - 43.9, 17:30 - 57.8, 18:00 - 73.6, 18:30 - 98.1, 19:00 - 7.3, 19:30 - 7.5. mean congestion is 61.5. During this time period, the congestion level is moderate, so you may occasionally experience some inconvenience when moving around.
"
335,How full does Gangnam get during Brunch hour?,"The requested Brunch hour congestion in Gangnam is 
상선 :10:00 - 113.8, 10:30 - 2.3, 11:00 - 55.8, 11:30 - 31.9. mean congestion is 50.9. During this time period, the congestion level is moderate, so you may occasionally experience some inconvenience when moving around.
하선 :10:00 - 22.9, 10:30 - 90.9, 11:00 - 11.2, 11:30 - 117.9. mean congestion is 60.7. During this time period, the congestion level is moderate, so you may occasionally experience some inconvenience when moving around.
"
336,What’s the foot traffic in Myeongdong during Twilight commute?,"The requested Twilight commute congestion in Myeongdong is 
내선 :17:00 - 28.6, 17:30 - 4.4, 18:00 - 15.8, 18:30 - 38.5, 19:00 - 108.9, 19:30 - 35.1. mean congestion is 38.6. This time period is not busy, so it's a good time to visit.
외선 :17:00 - 5.3, 17:30 - 111.8, 18:00 - 109.2, 18:30 - 37.5, 19:00 - 19.5, 19:30 - 82.2. mean congestion is 60.9. During this time period, the congestion level is moderate, so you may occasionally experience some inconvenience when moving around.
"
337,How are the crowds in Gangnam at Evening peak?,"The requested Evening peak congestion in Gangnam is 
상선 :17:00 - 112.1, 17:30 - 14.6, 18:00 - 92.3, 18:30 - 2.3, 19:00 - 97.2, 19:30 - 67.9. mean congestion is 64.4. During this time period, the congestion level is moderate, so you may occasionally experience some inconvenience when moving around.
하선 :17:00 - 88.0, 17:30 - 7.0, 18:00 - 40.9, 18:30 - 58.5, 19:00 - 105.0, 19:30 - 87.2. mean congestion is 64.4. During this time period, the congestion level is moderate, so you may occasionally experience some inconvenience when moving around.
"
338,How crowded is Hongdea usually at Commuter time?,"The requested Commuter time congestion in Hongdea is 
내선 :7:00 - 20.1, 7:30 - 122.1, 8:00 - 78.6, 8:30 - 101.5, 9:00 - 94.9, 9:30 - 68.2, 17:00 - 99.6, 17:30 - 1.8, 18:00 - 104.1, 18:30 - 25.7, 19:00 - 115.0, 19:30 - 40.2. mean congestion is 72.6. During this time period, the congestion level is moderate, so you may occasionally experience some inconvenience when moving around.
외선 :7:00 - 37.4, 7:30 - 125.8, 8:00 - 66.8, 8:30 - 80.9, 9:00 - 32.1, 9:30 - 116.7, 17:00 - 115.2, 17:30 - 124.3, 18:00 - 52.7, 18:30 - 29.6, 19:00 - 15.5, 19:30 - 92.3. mean congestion is 74.1. During this time period, the congestion level is moderate, so you may occasionally experience some inconvenience when moving around.
"
339,How are the crowds in Hongdea at Post-work rush?,"The requested Post-work rush congestion in Hongdea is 
내선 :17:00 - 8.5, 17:30 - 80.2, 18:00 - 63.0, 18:30 - 66.6, 19:00 - 30.9, 19:30 - 54.5. mean congestion is 50.6. During this time period, the congestion level is moderate, so you may occasionally experience some inconvenience when moving around.
외선 :17:00 - 6.8, 17:30 - 83.2, 18:00 - 109.8, 18:30 - 36.9, 19:00 - 124.6, 19:30 - 10.1. mean congestion is 61.9. During this time period, the congestion level is moderate, so you may occasionally experience some inconvenience when moving around.
"
340,What are the crowds like in Myeongdong during Evening rush?,"The requested Evening rush congestion in Myeongdong is 
내선 :17:00 - 87.5, 17:30 - 10.6, 18:00 - 75.9, 18:30 - 39.7, 19:00 - 98.2, 19:30 - 64.7. mean congestion is 62.8. During this time period, the congestion level is moderate, so you may occasionally experience some inconvenience when moving around.
외선 :17:00 - 105.6, 17:30 - 21.8, 18:00 - 60.5, 18:30 - 10.6, 19:00 - 69.2, 19:30 - 15.9. mean congestion is 47.3. This time period is not busy, so it's a good time to visit.
"
341,What’s the Dinner time traffic like in Myeongdong?,"The requested Dinner time congestion in Myeongdong is 
상선 :17:00 - 93.1, 17:30 - 106.7, 18:00 - 73.0, 18:30 - 89.1, 19:00 - 19.6, 19:30 - 1.2. mean congestion is 63.8. During this time period, the congestion level is moderate, so you may occasionally experience some inconvenience when moving around.
하선 :17:00 - 59.1, 17:30 - 121.9, 18:00 - 40.6, 18:30 - 127.5, 19:00 - 61.2, 19:30 - 69.7. mean congestion is 80.0. This time period is crowded, so we recommend visiting during a different time.
"
342,What’s the crowd situation in Gangnam at Daybreak?,"The requested Daybreak congestion in Gangnam is 
상선 :5:30 - 119.9, 6:00 - 54.2, 6:30 - 11.6. mean congestion is 61.9. During this time period, the congestion level is moderate, so you may occasionally experience some inconvenience when moving around.
하선 :5:30 - 91.7, 6:00 - 94.5, 6:30 - 61.5. mean congestion is 82.6. This time period is crowded, so we recommend visiting during a different time.
"
343,What’s the population density in Hongdea around Afternoon traffic?,"The requested Afternoon traffic congestion in Hongdea is 
내선 :17:00 - 127.0, 17:30 - 24.7, 18:00 - 98.0, 18:30 - 52.6, 19:00 - 72.4, 19:30 - 74.2. mean congestion is 74.8. During this time period, the congestion level is moderate, so you may occasionally experience some inconvenience when moving around.
외선 :17:00 - 108.0, 17:30 - 46.4, 18:00 - 21.1, 18:30 - 8.3, 19:00 - 127.9, 19:30 - 25.2. mean congestion is 56.2. During this time period, the congestion level is moderate, so you may occasionally experience some inconvenience when moving around.
"
344,How are the crowds in Gangnam at Breakfast time?,"The requested Breakfast time congestion in Gangnam is 
내선 :7:00 - 104.6, 7:30 - 26.8, 8:00 - 49.5, 8:30 - 27.4, 9:00 - 98.3, 9:30 - 40.5. mean congestion is 57.8. During this time period, the congestion level is moderate, so you may occasionally experience some inconvenience when moving around.
외선 :7:00 - 53.8, 7:30 - 126.8, 8:00 - 110.5, 8:30 - 66.4, 9:00 - 99.6, 9:30 - 39.7. mean congestion is 82.8. This time period is crowded, so we recommend visiting during a different time.
"
345,What’s the crowd level in Myeongdong during Early bird hours?,"The requested Early bird hours congestion in Myeongdong is 
내선 :7:00 - 1.6, 7:30 - 68.9, 8:00 - 10.2, 8:30 - 14.0, 9:00 - 71.8, 9:30 - 12.9. mean congestion is 29.9. This time period is not busy, so it's a good time to visit.
외선 :7:00 - 114.5, 7:30 - 127.3, 8:00 - 70.0, 8:30 - 61.0, 9:00 - 13.3, 9:30 - 67.0. mean congestion is 75.5. During this time period, the congestion level is moderate, so you may occasionally experience some inconvenience when moving around.
"
346,What are the crowds like in Myeongdong during Daybreak?,"The requested Daybreak congestion in Myeongdong is 
상선 :5:30 - 5.5, 6:00 - 88.4, 6:30 - 85.8. mean congestion is 59.9. During this time period, the congestion level is moderate, so you may occasionally experience some inconvenience when moving around.
하선 :5:30 - 20.6, 6:00 - 124.2, 6:30 - 7.4. mean congestion is 50.7. During this time period, the congestion level is moderate, so you may occasionally experience some inconvenience when moving around.
"
347,What’s the crowd level in Gangnam during Early bird hours?,"The requested Early bird hours congestion in Gangnam is 
상선 :7:00 - 84.6, 7:30 - 128.7, 8:00 - 25.4, 8:30 - 52.5, 9:00 - 57.3, 9:30 - 17.6. mean congestion is 61.0. During this time period, the congestion level is moderate, so you may occasionally experience some inconvenience when moving around.
하선 :7:00 - 122.8, 7:30 - 113.3, 8:00 - 27.4, 8:30 - 28.8, 9:00 - 0.4, 9:30 - 63.5. mean congestion is 59.4. During this time period, the congestion level is moderate, so you may occasionally experience some inconvenience when moving around.
"
348,How crowded is Myeongdong usually at Pre-dawn?,"The requested Pre-dawn congestion in Myeongdong is 
내선 :5:30 - 13.4, 6:00 - 7.6, 6:30 - 74.9. mean congestion is 32.0. This time period is not busy, so it's a good time to visit.
외선 :5:30 - 58.6, 6:00 - 109.0, 6:30 - 53.5. mean congestion is 73.7. During this time period, the congestion level is moderate, so you may occasionally experience some inconvenience when moving around.
"
349,What’s the foot traffic in Myeongdong during Sunset hours?,"The requested Sunset hours congestion in Myeongdong is 
상선 :17:00 - 91.9, 17:30 - 50.3, 18:00 - 8.8, 18:30 - 5.1, 19:00 - 32.9, 19:30 - 29.7. mean congestion is 36.4. This time period is not busy, so it's a good time to visit.
하선 :17:00 - 93.2, 17:30 - 108.4, 18:00 - 92.7, 18:30 - 115.3, 19:00 - 66.1, 19:30 - 41.9. mean congestion is 86.3. This time period is crowded, so we recommend visiting during a different time.
"
350,What’s the congestion like in Myeongdong at Dinnertime bustle?,"The requested Dinnertime bustle congestion in Myeongdong is 
상선 :17:00 - 81.3, 17:30 - 112.6, 18:00 - 27.4, 18:30 - 24.8, 19:00 - 95.6, 19:30 - 46.6. mean congestion is 64.7. During this time period, the congestion level is moderate, so you may occasionally experience some inconvenience when moving around.
하선 :17:00 - 128.1, 17:30 - 8.7, 18:00 - 29.2, 18:30 - 36.6, 19:00 - 28.0, 19:30 - 33.3. mean congestion is 44.0. This time period is not busy, so it's a good time to visit.
"
351,What’s the population density in Myeongdong around Dinnertime bustle?,"The requested Dinnertime bustle congestion in Myeongdong is 
상선 :17:00 - 94.6, 17:30 - 19.6, 18:00 - 52.6, 18:30 - 79.5, 19:00 - 83.6, 19:30 - 107.0. mean congestion is 72.8. During this time period, the congestion level is moderate, so you may occasionally experience some inconvenience when moving around.
하선 :17:00 - 19.9, 17:30 - 98.3, 18:00 - 51.5, 18:30 - 77.8, 19:00 - 82.0, 19:30 - 77.5. mean congestion is 67.8. During this time period, the congestion level is moderate, so you may occasionally experience some inconvenience when moving around.
"
352,How much foot traffic does Gangnam have at Daybreak?,"The requested Daybreak congestion in Gangnam is 
상선 :5:30 - 23.9, 6:00 - 52.8, 6:30 - 120.8. mean congestion is 65.8. During this time period, the congestion level is moderate, so you may occasionally experience some inconvenience when moving around.
하선 :5:30 - 34.1, 6:00 - 1.1, 6:30 - 30.3. mean congestion is 21.8. This time period is not busy, so it's a good time to visit.
"
353,What’s the foot traffic in Myeongdong during Afternoon peak?,"The requested Afternoon peak congestion in Myeongdong is 
내선 :17:00 - 50.4, 17:30 - 0.4, 18:00 - 1.9, 18:30 - 76.9, 19:00 - 116.7, 19:30 - 45.3. mean congestion is 48.6. This time period is not busy, so it's a good time to visit.
외선 :17:00 - 90.5, 17:30 - 115.4, 18:00 - 54.4, 18:30 - 128.2, 19:00 - 67.9, 19:30 - 55.2. mean congestion is 85.3. This time period is crowded, so we recommend visiting during a different time.
"
354,Is Myeongdong packed around Peak travel time?,"The requested Peak travel time congestion in Myeongdong is 
상선 :7:00 - 65.8, 7:30 - 12.3, 8:00 - 78.0, 8:30 - 65.3, 9:00 - 90.0, 9:30 - 67.3, 17:00 - 112.2, 17:30 - 25.3, 18:00 - 121.2, 18:30 - 11.9, 19:00 - 87.4, 19:30 - 96.0. mean congestion is 69.4. During this time period, the congestion level is moderate, so you may occasionally experience some inconvenience when moving around.
하선 :7:00 - 7.9, 7:30 - 30.7, 8:00 - 77.4, 8:30 - 88.7, 9:00 - 98.7, 9:30 - 72.1, 17:00 - 88.6, 17:30 - 72.0, 18:00 - 69.7, 18:30 - 0.1, 19:00 - 120.2, 19:30 - 52.8. mean congestion is 64.9. During this time period, the congestion level is moderate, so you may occasionally experience some inconvenience when moving around.
"
355,How busy is Myeongdong around Evening rush?,"The requested Evening rush congestion in Myeongdong is 
상선 :17:00 - 111.3, 17:30 - 91.9, 18:00 - 77.7, 18:30 - 95.0, 19:00 - 30.3, 19:30 - 84.7. mean congestion is 81.8. This time period is crowded, so we recommend visiting during a different time.
하선 :17:00 - 95.5, 17:30 - 29.9, 18:00 - 59.2, 18:30 - 1.9, 19:00 - 111.6, 19:30 - 3.7. mean congestion is 50.3. During this time period, the congestion level is moderate, so you may occasionally experience some inconvenience when moving around.
"
356,What’s the people flow in Myeongdong around Golden hour?,"The requested Golden hour congestion in Myeongdong is 
상선 :7:00 - 123.2, 7:30 - 15.8, 8:00 - 62.5, 8:30 - 114.5, 9:00 - 30.9, 9:30 - 9.7, 17:00 - 45.7, 17:30 - 92.7, 18:00 - 63.2, 18:30 - 91.8, 19:00 - 91.5, 19:30 - 72.9. mean congestion is 67.9. During this time period, the congestion level is moderate, so you may occasionally experience some inconvenience when moving around.
하선 :7:00 - 29.3, 7:30 - 69.4, 8:00 - 105.9, 8:30 - 92.4, 9:00 - 33.9, 9:30 - 34.8, 17:00 - 91.1, 17:30 - 103.5, 18:00 - 96.5, 18:30 - 107.3, 19:00 - 123.5, 19:30 - 124.6. mean congestion is 84.4. This time period is crowded, so we recommend visiting during a different time.
"
357,How much foot traffic does Hongdea have at Noon hour?,"The requested Noon hour congestion in Hongdea is 
상선 :12:00 - 22.0, 12:30 - 74.2, 13:00 - 124.7, 13:30 - 80.6, 14:00 - 10.1, 14:30 - 45.1. mean congestion is 59.5. During this time period, the congestion level is moderate, so you may occasionally experience some inconvenience when moving around.
하선 :12:00 - 91.5, 12:30 - 106.7, 13:00 - 80.5, 13:30 - 88.1, 14:00 - 57.8, 14:30 - 95.5. mean congestion is 86.7. This time period is crowded, so we recommend visiting during a different time.
"
358,What’s the crowd situation in Gangnam at High traffic time?,"The requested High traffic time congestion in Gangnam is 
내선 :7:00 - 92.6, 7:30 - 35.7, 8:00 - 65.8, 8:30 - 54.3, 9:00 - 123.6, 9:30 - 66.3, 17:00 - 42.7, 17:30 - 19.1, 18:00 - 122.3, 18:30 - 63.4, 19:00 - 47.5, 19:30 - 64.0. mean congestion is 66.4. During this time period, the congestion level is moderate, so you may occasionally experience some inconvenience when moving around.
외선 :7:00 - 1.6, 7:30 - 77.7, 8:00 - 128.1, 8:30 - 67.1, 9:00 - 32.2, 9:30 - 94.5, 17:00 - 114.9, 17:30 - 16.3, 18:00 - 23.0, 18:30 - 125.9, 19:00 - 58.0, 19:30 - 103.5. mean congestion is 70.2. During this time period, the congestion level is moderate, so you may occasionally experience some inconvenience when moving around.
"
359,What’s the crowd situation in Hongdea at High traffic time?,"The requested High traffic time congestion in Hongdea is 
내선 :7:00 - 69.8, 7:30 - 97.1, 8:00 - 60.6, 8:30 - 9.0, 9:00 - 41.3, 9:30 - 123.5, 17:00 - 87.5, 17:30 - 80.2, 18:00 - 118.1, 18:30 - 122.9, 19:00 - 79.4, 19:30 - 21.5. mean congestion is 75.9. During this time period, the congestion level is moderate, so you may occasionally experience some inconvenience when moving around.
외선 :7:00 - 19.9, 7:30 - 62.6, 8:00 - 23.3, 8:30 - 80.0, 9:00 - 24.7, 9:30 - 21.2, 17:00 - 125.2, 17:30 - 8.6, 18:00 - 83.7, 18:30 - 54.1, 19:00 - 101.7, 19:30 - 14.7. mean congestion is 51.6. During this time period, the congestion level is moderate, so you may occasionally experience some inconvenience when moving around.
"
360,What’s the crowd level in Myeongdong during Lunch hour?,"The requested Lunch hour congestion in Myeongdong is 
내선 :12:00 - 102.4, 12:30 - 43.5, 13:00 - 39.6, 13:30 - 92.8, 14:00 - 8.9, 14:30 - 37.5. mean congestion is 54.1. During this time period, the congestion level is moderate, so you may occasionally experience some inconvenience when moving around.
외선 :12:00 - 85.0, 12:30 - 39.1, 13:00 - 83.3, 13:30 - 94.7, 14:00 - 22.9, 14:30 - 94.2. mean congestion is 69.9. During this time period, the congestion level is moderate, so you may occasionally experience some inconvenience when moving around.
"
361,What’s the crowd situation in Hongdea at Afternoon traffic?,"The requested Afternoon traffic congestion in Hongdea is 
상선 :17:00 - 29.3, 17:30 - 99.4, 18:00 - 124.0, 18:30 - 100.2, 19:00 - 75.6, 19:30 - 61.7. mean congestion is 81.7. This time period is crowded, so we recommend visiting during a different time.
하선 :17:00 - 113.5, 17:30 - 96.4, 18:00 - 68.3, 18:30 - 79.2, 19:00 - 38.0, 19:30 - 17.2. mean congestion is 68.8. During this time period, the congestion level is moderate, so you may occasionally experience some inconvenience when moving around.
"
362,How are the crowds in Myeongdong at Noon hour?,"The requested Noon hour congestion in Myeongdong is 
내선 :12:00 - 110.0, 12:30 - 117.3, 13:00 - 17.0, 13:30 - 32.8, 14:00 - 11.1, 14:30 - 3.3. mean congestion is 48.6. This time period is not busy, so it's a good time to visit.
외선 :12:00 - 95.8, 12:30 - 48.1, 13:00 - 92.2, 13:30 - 33.2, 14:00 - 36.6, 14:30 - 48.7. mean congestion is 59.1. During this time period, the congestion level is moderate, so you may occasionally experience some inconvenience when moving around.
"
363,What’s the crowd situation in Myeongdong at Breakfast time?,"The requested Breakfast time congestion in Myeongdong is 
상선 :7:00 - 119.4, 7:30 - 82.8, 8:00 - 52.9, 8:30 - 4.6, 9:00 - 118.8, 9:30 - 92.9. mean congestion is 78.6. During this time period, the congestion level is moderate, so you may occasionally experience some inconvenience when moving around.
하선 :7:00 - 69.1, 7:30 - 75.0, 8:00 - 16.7, 8:30 - 53.3, 9:00 - 44.3, 9:30 - 119.0. mean congestion is 62.9. During this time period, the congestion level is moderate, so you may occasionally experience some inconvenience when moving around.
"
364,How busy is Gangnam around Afternoon traffic?,"The requested Afternoon traffic congestion in Gangnam is 
상선 :17:00 - 83.4, 17:30 - 125.1, 18:00 - 37.5, 18:30 - 92.8, 19:00 - 73.3, 19:30 - 71.4. mean congestion is 80.6. This time period is crowded, so we recommend visiting during a different time.
하선 :17:00 - 1.4, 17:30 - 119.9, 18:00 - 16.5, 18:30 - 44.1, 19:00 - 109.8, 19:30 - 92.4. mean congestion is 64.0. During this time period, the congestion level is moderate, so you may occasionally experience some inconvenience when moving around.
"
365,Is Hongdea busy around Dinner time?,"The requested Dinner time congestion in Hongdea is 
내선 :17:00 - 29.8, 17:30 - 51.6, 18:00 - 25.7, 18:30 - 70.9, 19:00 - 16.3, 19:30 - 112.8. mean congestion is 51.2. During this time period, the congestion level is moderate, so you may occasionally experience some inconvenience when moving around.
외선 :17:00 - 28.9, 17:30 - 114.9, 18:00 - 30.2, 18:30 - 51.9, 19:00 - 55.1, 19:30 - 54.7. mean congestion is 56.0. During this time period, the congestion level is moderate, so you may occasionally experience some inconvenience when moving around.
"
366,How dense is the crowd in Myeongdong around Breakfast time?,"The requested Breakfast time congestion in Myeongdong is 
내선 :7:00 - 105.8, 7:30 - 48.6, 8:00 - 84.6, 8:30 - 125.7, 9:00 - 56.5, 9:30 - 117.4. mean congestion is 89.8. This time period is crowded, so we recommend visiting during a different time.
외선 :7:00 - 10.1, 7:30 - 102.6, 8:00 - 114.1, 8:30 - 65.6, 9:00 - 43.1, 9:30 - 109.7. mean congestion is 74.2. During this time period, the congestion level is moderate, so you may occasionally experience some inconvenience when moving around.
"
367,What’s the people flow in Myeongdong around Noon hour?,"The requested Noon hour congestion in Myeongdong is 
상선 :12:00 - 105.1, 12:30 - 5.4, 13:00 - 71.5, 13:30 - 101.4, 14:00 - 89.1, 14:30 - 79.4. mean congestion is 75.3. During this time period, the congestion level is moderate, so you may occasionally experience some inconvenience when moving around.
하선 :12:00 - 122.2, 12:30 - 43.0, 13:00 - 0.8, 13:30 - 18.6, 14:00 - 114.5, 14:30 - 50.7. mean congestion is 58.3. During this time period, the congestion level is moderate, so you may occasionally experience some inconvenience when moving around.
"
368,What’s the Sunset hours traffic like in Myeongdong?,"The requested Sunset hours congestion in Myeongdong is 
상선 :17:00 - 22.5, 17:30 - 72.4, 18:00 - 96.3, 18:30 - 126.5, 19:00 - 4.6, 19:30 - 99.3. mean congestion is 70.3. During this time period, the congestion level is moderate, so you may occasionally experience some inconvenience when moving around.
하선 :17:00 - 121.4, 17:30 - 45.7, 18:00 - 120.6, 18:30 - 94.7, 19:00 - 104.9, 19:30 - 54.4. mean congestion is 90.3. This time period is crowded, so we recommend visiting during a different time.
"
369,What’s the crowd level in Gangnam during Evening peak?,"The requested Evening peak congestion in Gangnam is 
상선 :17:00 - 123.3, 17:30 - 57.6, 18:00 - 76.1, 18:30 - 10.9, 19:00 - 40.6, 19:30 - 29.2. mean congestion is 56.3. During this time period, the congestion level is moderate, so you may occasionally experience some inconvenience when moving around.
하선 :17:00 - 92.8, 17:30 - 119.6, 18:00 - 121.5, 18:30 - 92.8, 19:00 - 6.0, 19:30 - 111.7. mean congestion is 90.7. This time period is crowded, so we recommend visiting during a different time.
"
370,What’s the crowd situation in Hongdea at Evening commute?,"The requested Evening commute congestion in Hongdea is 
내선 :17:00 - 52.4, 17:30 - 112.9, 18:00 - 105.2, 18:30 - 103.6, 19:00 - 16.7, 19:30 - 128.2. mean congestion is 86.5. This time period is crowded, so we recommend visiting during a different time.
외선 :17:00 - 86.8, 17:30 - 84.1, 18:00 - 106.7, 18:30 - 108.1, 19:00 - 20.0, 19:30 - 124.8. mean congestion is 88.4. This time period is crowded, so we recommend visiting during a different time.
"
371,What’s the crowd flow like in Gangnam during Lunch hour?,"The requested Lunch hour congestion in Gangnam is 
내선 :12:00 - 121.8, 12:30 - 66.4, 13:00 - 64.3, 13:30 - 53.4, 14:00 - 74.3, 14:30 - 78.3. mean congestion is 76.4. During this time period, the congestion level is moderate, so you may occasionally experience some inconvenience when moving around.
외선 :12:00 - 93.2, 12:30 - 52.1, 13:00 - 92.6, 13:30 - 1.1, 14:00 - 59.3, 14:30 - 37.5. mean congestion is 56.0. During this time period, the congestion level is moderate, so you may occasionally experience some inconvenience when moving around.
"
372,What are the crowds like in Myeongdong during Peak travel time?,"The requested Peak travel time congestion in Myeongdong is 
내선 :7:00 - 55.1, 7:30 - 105.2, 8:00 - 116.9, 8:30 - 65.5, 9:00 - 14.6, 9:30 - 11.3, 17:00 - 30.9, 17:30 - 31.9, 18:00 - 73.2, 18:30 - 43.8, 19:00 - 68.0, 19:30 - 56.5. mean congestion is 56.1. During this time period, the congestion level is moderate, so you may occasionally experience some inconvenience when moving around.
외선 :7:00 - 28.7, 7:30 - 33.6, 8:00 - 34.8, 8:30 - 12.6, 9:00 - 114.4, 9:30 - 106.6, 17:00 - 33.7, 17:30 - 44.5, 18:00 - 53.3, 18:30 - 119.8, 19:00 - 119.6, 19:30 - 110.0. mean congestion is 67.6. During this time period, the congestion level is moderate, so you may occasionally experience some inconvenience when moving around.
"
373,What’s the Noon hour traffic like in Gangnam?,"The requested Noon hour congestion in Gangnam is 
상선 :12:00 - 53.9, 12:30 - 113.8, 13:00 - 129.5, 13:30 - 17.7, 14:00 - 89.2, 14:30 - 51.5. mean congestion is 75.9. During this time period, the congestion level is moderate, so you may occasionally experience some inconvenience when moving around.
하선 :12:00 - 24.9, 12:30 - 93.1, 13:00 - 113.8, 13:30 - 53.8, 14:00 - 52.9, 14:30 - 35.9. mean congestion is 62.4. During this time period, the congestion level is moderate, so you may occasionally experience some inconvenience when moving around.
"
374,What’s the crowd situation in Myeongdong at Sunset hours?,"The requested Sunset hours congestion in Myeongdong is 
내선 :17:00 - 71.7, 17:30 - 37.2, 18:00 - 7.3, 18:30 - 109.9, 19:00 - 123.2, 19:30 - 17.2. mean congestion is 61.1. During this time period, the congestion level is moderate, so you may occasionally experience some inconvenience when moving around.
외선 :17:00 - 60.4, 17:30 - 28.0, 18:00 - 102.8, 18:30 - 55.1, 19:00 - 91.3, 19:30 - 57.9. mean congestion is 65.9. During this time period, the congestion level is moderate, so you may occasionally experience some inconvenience when moving around.
"
375,What are the crowds like in Myeongdong during Evening commute?,"The requested Evening commute congestion in Myeongdong is 
상선 :17:00 - 75.3, 17:30 - 100.6, 18:00 - 96.6, 18:30 - 23.6, 19:00 - 48.8, 19:30 - 60.1. mean congestion is 67.5. During this time period, the congestion level is moderate, so you may occasionally experience some inconvenience when moving around.
하선 :17:00 - 126.5, 17:30 - 71.2, 18:00 - 77.4, 18:30 - 103.0, 19:00 - 57.9, 19:30 - 126.7. mean congestion is 93.8. This time period is crowded, so we recommend visiting during a different time.
"
376,How full does Hongdea get during Dinnertime bustle?,"The requested Dinnertime bustle congestion in Hongdea is 
상선 :17:00 - 104.4, 17:30 - 37.4, 18:00 - 114.0, 18:30 - 112.3, 19:00 - 119.7, 19:30 - 69.8. mean congestion is 92.9. This time period is crowded, so we recommend visiting during a different time.
하선 :17:00 - 71.4, 17:30 - 6.8, 18:00 - 74.5, 18:30 - 27.7, 19:00 - 85.1, 19:30 - 55.9. mean congestion is 53.6. During this time period, the congestion level is moderate, so you may occasionally experience some inconvenience when moving around.
"
377,How crowded is Hongdea around Peak travel time?,"The requested Peak travel time congestion in Hongdea is 
내선 :7:00 - 32.7, 7:30 - 51.0, 8:00 - 114.7, 8:30 - 52.7, 9:00 - 21.2, 9:30 - 105.0, 17:00 - 122.8, 17:30 - 129.2, 18:00 - 97.6, 18:30 - 30.4, 19:00 - 106.2, 19:30 - 93.6. mean congestion is 79.8. During this time period, the congestion level is moderate, so you may occasionally experience some inconvenience when moving around.
외선 :7:00 - 111.0, 7:30 - 28.0, 8:00 - 19.4, 8:30 - 10.0, 9:00 - 65.7, 9:30 - 92.4, 17:00 - 21.8, 17:30 - 27.6, 18:00 - 57.5, 18:30 - 70.7, 19:00 - 65.1, 19:30 - 17.4. mean congestion is 48.9. This time period is not busy, so it's a good time to visit.
"
378,How much foot traffic does Myeongdong have at Dawn hours?,"The requested Dawn hours congestion in Myeongdong is 
내선 :5:30 - 86.1, 6:00 - 20.3, 6:30 - 74.2. mean congestion is 60.2. During this time period, the congestion level is moderate, so you may occasionally experience some inconvenience when moving around.
외선 :5:30 - 33.2, 6:00 - 120.8, 6:30 - 75.9. mean congestion is 76.6. During this time period, the congestion level is moderate, so you may occasionally experience some inconvenience when moving around.
"
379,What’s the crowd situation in Myeongdong at Evening peak?,"The requested Evening peak congestion in Myeongdong is 
상선 :17:00 - 32.4, 17:30 - 65.7, 18:00 - 24.8, 18:30 - 67.0, 19:00 - 24.7, 19:30 - 3.1. mean congestion is 36.3. This time period is not busy, so it's a good time to visit.
하선 :17:00 - 87.5, 17:30 - 30.1, 18:00 - 102.1, 18:30 - 112.4, 19:00 - 103.1, 19:30 - 94.2. mean congestion is 88.2. This time period is crowded, so we recommend visiting during a different time.
"
380,How full does Hongdea get during Peak travel time?,"The requested Peak travel time congestion in Hongdea is 
상선 :7:00 - 69.4, 7:30 - 50.5, 8:00 - 24.3, 8:30 - 98.4, 9:00 - 11.9, 9:30 - 44.0, 17:00 - 11.9, 17:30 - 15.4, 18:00 - 105.6, 18:30 - 47.3, 19:00 - 23.1, 19:30 - 93.1. mean congestion is 49.6. This time period is not busy, so it's a good time to visit.
하선 :7:00 - 73.5, 7:30 - 43.7, 8:00 - 113.8, 8:30 - 35.5, 9:00 - 14.0, 9:30 - 29.6, 17:00 - 80.5, 17:30 - 72.2, 18:00 - 94.1, 18:30 - 42.4, 19:00 - 126.2, 19:30 - 28.1. mean congestion is 62.8. During this time period, the congestion level is moderate, so you may occasionally experience some inconvenience when moving around.
"
381,What are the crowds like in Gangnam during Lunch hour?,"The requested Lunch hour congestion in Gangnam is 
내선 :12:00 - 94.8, 12:30 - 0.9, 13:00 - 28.3, 13:30 - 52.7, 14:00 - 129.6, 14:30 - 78.2. mean congestion is 64.1. During this time period, the congestion level is moderate, so you may occasionally experience some inconvenience when moving around.
외선 :12:00 - 113.8, 12:30 - 59.0, 13:00 - 52.9, 13:30 - 30.8, 14:00 - 81.9, 14:30 - 73.1. mean congestion is 68.6. During this time period, the congestion level is moderate, so you may occasionally experience some inconvenience when moving around.
"
382,Is Myeongdong packed around Morning hustle?,"The requested Morning hustle congestion in Myeongdong is 
내선 :7:00 - 95.0, 7:30 - 129.4, 8:00 - 128.3, 8:30 - 121.1, 9:00 - 89.5, 9:30 - 22.8. mean congestion is 97.7. This time period is crowded, so we recommend visiting during a different time.
외선 :7:00 - 123.8, 7:30 - 25.1, 8:00 - 24.3, 8:30 - 95.4, 9:00 - 126.4, 9:30 - 81.3. mean congestion is 79.4. During this time period, the congestion level is moderate, so you may occasionally experience some inconvenience when moving around.
"
383,What’s the people flow in Hongdea around Brunch hour?,"The requested Brunch hour congestion in Hongdea is 
상선 :10:00 - 101.0, 10:30 - 125.3, 11:00 - 26.5, 11:30 - 35.9. mean congestion is 72.2. During this time period, the congestion level is moderate, so you may occasionally experience some inconvenience when moving around.
하선 :10:00 - 48.6, 10:30 - 113.7, 11:00 - 83.9, 11:30 - 40.3. mean congestion is 71.6. During this time period, the congestion level is moderate, so you may occasionally experience some inconvenience when moving around.
"
384,Is Hongdea busy around Twilight commute?,"The requested Twilight commute congestion in Hongdea is 
내선 :17:00 - 57.6, 17:30 - 56.2, 18:00 - 116.2, 18:30 - 84.1, 19:00 - 66.5, 19:30 - 42.8. mean congestion is 70.6. During this time period, the congestion level is moderate, so you may occasionally experience some inconvenience when moving around.
외선 :17:00 - 72.0, 17:30 - 108.4, 18:00 - 61.4, 18:30 - 66.3, 19:00 - 54.8, 19:30 - 54.7. mean congestion is 69.6. During this time period, the congestion level is moderate, so you may occasionally experience some inconvenience when moving around.
"
385,Is Gangnam packed around Breakfast time?,"The requested Breakfast time congestion in Gangnam is 
내선 :7:00 - 126.9, 7:30 - 23.5, 8:00 - 117.9, 8:30 - 63.5, 9:00 - 112.3, 9:30 - 72.6. mean congestion is 86.1. This time period is crowded, so we recommend visiting during a different time.
외선 :7:00 - 29.1, 7:30 - 58.0, 8:00 - 70.4, 8:30 - 57.8, 9:00 - 29.9, 9:30 - 98.0. mean congestion is 57.2. During this time period, the congestion level is moderate, so you may occasionally experience some inconvenience when moving around.
"
386,What’s the crowd flow like in Hongdea during Post-work rush?,"The requested Post-work rush congestion in Hongdea is 
내선 :17:00 - 129.7, 17:30 - 43.6, 18:00 - 30.3, 18:30 - 52.3, 19:00 - 105.7, 19:30 - 97.4. mean congestion is 76.5. During this time period, the congestion level is moderate, so you may occasionally experience some inconvenience when moving around.
외선 :17:00 - 106.7, 17:30 - 71.7, 18:00 - 8.9, 18:30 - 62.8, 19:00 - 27.2, 19:30 - 11.4. mean congestion is 48.1. This time period is not busy, so it's a good time to visit.
"
387,How crowded is Gangnam around Morning hustle?,"The requested Morning hustle congestion in Gangnam is 
내선 :7:00 - 117.2, 7:30 - 119.4, 8:00 - 16.3, 8:30 - 123.0, 9:00 - 73.7, 9:30 - 109.4. mean congestion is 93.2. This time period is crowded, so we recommend visiting during a different time.
외선 :7:00 - 17.5, 7:30 - 6.7, 8:00 - 120.4, 8:30 - 102.7, 9:00 - 128.6, 9:30 - 33.0. mean congestion is 68.1. During this time period, the congestion level is moderate, so you may occasionally experience some inconvenience when moving around.
"
388,What’s the Breakfast time traffic like in Myeongdong?,"The requested Breakfast time congestion in Myeongdong is 
내선 :7:00 - 46.2, 7:30 - 113.2, 8:00 - 109.0, 8:30 - 122.1, 9:00 - 51.3, 9:30 - 121.2. mean congestion is 93.8. This time period is crowded, so we recommend visiting during a different time.
외선 :7:00 - 8.5, 7:30 - 21.0, 8:00 - 25.8, 8:30 - 126.8, 9:00 - 64.1, 9:30 - 16.7. mean congestion is 43.8. This time period is not busy, so it's a good time to visit.
"
389,How crowded is Hongdea around Dinnertime bustle?,"The requested Dinnertime bustle congestion in Hongdea is 
상선 :17:00 - 125.5, 17:30 - 90.3, 18:00 - 77.8, 18:30 - 4.5, 19:00 - 49.9, 19:30 - 72.6. mean congestion is 70.1. During this time period, the congestion level is moderate, so you may occasionally experience some inconvenience when moving around.
하선 :17:00 - 87.5, 17:30 - 43.3, 18:00 - 25.2, 18:30 - 43.4, 19:00 - 18.0, 19:30 - 31.8. mean congestion is 41.5. This time period is not busy, so it's a good time to visit.
"
390,How heavy is the crowd in Hongdea around Morning rush hour?,"The requested Morning rush hour congestion in Hongdea is 
내선 :7:00 - 82.5, 7:30 - 51.5, 8:00 - 62.0, 8:30 - 72.9, 9:00 - 4.8, 9:30 - 23.0. mean congestion is 49.4. This time period is not busy, so it's a good time to visit.
외선 :7:00 - 46.6, 7:30 - 96.5, 8:00 - 14.9, 8:30 - 84.2, 9:00 - 100.0, 9:30 - 129.9. mean congestion is 78.7. During this time period, the congestion level is moderate, so you may occasionally experience some inconvenience when moving around.
"
391,What’s the population density in Gangnam around Pre-dawn?,"The requested Pre-dawn congestion in Gangnam is 
내선 :5:30 - 54.6, 6:00 - 74.6, 6:30 - 49.0. mean congestion is 59.4. During this time period, the congestion level is moderate, so you may occasionally experience some inconvenience when moving around.
외선 :5:30 - 51.0, 6:00 - 51.0, 6:30 - 109.7. mean congestion is 70.6. During this time period, the congestion level is moderate, so you may occasionally experience some inconvenience when moving around.
"
392,How packed does Gangnam get around Morning rush hour?,"The requested Morning rush hour congestion in Gangnam is 
내선 :7:00 - 116.3, 7:30 - 65.1, 8:00 - 3.3, 8:30 - 94.4, 9:00 - 37.7, 9:30 - 50.1. mean congestion is 61.2. During this time period, the congestion level is moderate, so you may occasionally experience some inconvenience when moving around.
외선 :7:00 - 33.4, 7:30 - 108.6, 8:00 - 11.7, 8:30 - 27.2, 9:00 - 36.7, 9:30 - 41.9. mean congestion is 43.2. This time period is not busy, so it's a good time to visit.
"
393,How much foot traffic does Myeongdong have at Lunch hour?,"The requested Lunch hour congestion in Myeongdong is 
내선 :12:00 - 7.2, 12:30 - 117.2, 13:00 - 78.8, 13:30 - 81.2, 14:00 - 22.9, 14:30 - 49.8. mean congestion is 59.5. During this time period, the congestion level is moderate, so you may occasionally experience some inconvenience when moving around.
외선 :12:00 - 44.2, 12:30 - 97.2, 13:00 - 63.1, 13:30 - 81.8, 14:00 - 117.6, 14:30 - 16.9. mean congestion is 70.1. During this time period, the congestion level is moderate, so you may occasionally experience some inconvenience when moving around.
"
394,What’s the crowd level in Hongdea during Afternoon peak?,"The requested Afternoon peak congestion in Hongdea is 
상선 :17:00 - 72.3, 17:30 - 127.4, 18:00 - 37.9, 18:30 - 44.2, 19:00 - 74.0, 19:30 - 79.3. mean congestion is 72.5. During this time period, the congestion level is moderate, so you may occasionally experience some inconvenience when moving around.
하선 :17:00 - 89.3, 17:30 - 25.6, 18:00 - 3.9, 18:30 - 105.3, 19:00 - 17.8, 19:30 - 25.8. mean congestion is 44.6. This time period is not busy, so it's a good time to visit.
"
395,How crowded is Myeongdong around Noon hour?,"The requested Noon hour congestion in Myeongdong is 
내선 :12:00 - 79.9, 12:30 - 82.5, 13:00 - 44.2, 13:30 - 108.5, 14:00 - 82.1, 14:30 - 23.3. mean congestion is 70.1. During this time period, the congestion level is moderate, so you may occasionally experience some inconvenience when moving around.
외선 :12:00 - 85.9, 12:30 - 62.7, 13:00 - 119.6, 13:30 - 29.7, 14:00 - 85.6, 14:30 - 2.5. mean congestion is 64.3. During this time period, the congestion level is moderate, so you may occasionally experience some inconvenience when moving around.
"
396,Is Gangnam busy around Dawn hours?,"The requested Dawn hours congestion in Gangnam is 
상선 :5:30 - 17.4, 6:00 - 30.5, 6:30 - 100.8. mean congestion is 49.6. This time period is not busy, so it's a good time to visit.
하선 :5:30 - 97.9, 6:00 - 29.0, 6:30 - 3.4. mean congestion is 43.4. This time period is not busy, so it's a good time to visit.
"
397,What’s the foot traffic in Gangnam during Pre-dawn?,"The requested Pre-dawn congestion in Gangnam is 
내선 :5:30 - 107.0, 6:00 - 122.6, 6:30 - 56.5. mean congestion is 95.4. This time period is crowded, so we recommend visiting during a different time.
외선 :5:30 - 42.0, 6:00 - 30.8, 6:30 - 57.9. mean congestion is 43.6. This time period is not busy, so it's a good time to visit.
"
398,How dense is the crowd in Myeongdong around Morning rush hour?,"The requested Morning rush hour congestion in Myeongdong is 
내선 :7:00 - 27.0, 7:30 - 109.9, 8:00 - 45.5, 8:30 - 29.0, 9:00 - 45.3, 9:30 - 31.8. mean congestion is 48.1. This time period is not busy, so it's a good time to visit.
외선 :7:00 - 75.5, 7:30 - 94.5, 8:00 - 98.5, 8:30 - 8.5, 9:00 - 102.0, 9:30 - 57.2. mean congestion is 72.7. During this time period, the congestion level is moderate, so you may occasionally experience some inconvenience when moving around.
"
399,What’s the population density in Hongdea around Afternoon traffic?,"The requested Afternoon traffic congestion in Hongdea is 
상선 :17:00 - 47.9, 17:30 - 59.4, 18:00 - 20.9, 18:30 - 113.6, 19:00 - 95.3, 19:30 - 1.6. mean congestion is 56.4. During this time period, the congestion level is moderate, so you may occasionally experience some inconvenience when moving around.
하선 :17:00 - 80.5, 17:30 - 23.3, 18:00 - 95.4, 18:30 - 79.7, 19:00 - 123.7, 19:30 - 12.5. mean congestion is 69.2. During this time period, the congestion level is moderate, so you may occasionally experience some inconvenience when moving around.
"
400,What’s the congestion like in Hongdea at Evening peak?,"The requested Evening peak congestion in Hongdea is 
내선 :17:00 - 93.7, 17:30 - 14.3, 18:00 - 59.8, 18:30 - 86.9, 19:00 - 22.3, 19:30 - 119.2. mean congestion is 66.0. During this time period, the congestion level is moderate, so you may occasionally experience some inconvenience when moving around.
외선 :17:00 - 116.3, 17:30 - 43.3, 18:00 - 73.8, 18:30 - 58.1, 19:00 - 42.8, 19:30 - 30.3. mean congestion is 60.8. During this time period, the congestion level is moderate, so you may occasionally experience some inconvenience when moving around.
"
401,What’s the crowd level in Myeongdong during Dawn hours?,"The requested Dawn hours congestion in Myeongdong is 
내선 :5:30 - 28.4, 6:00 - 57.2, 6:30 - 72.1. mean congestion is 52.6. During this time period, the congestion level is moderate, so you may occasionally experience some inconvenience when moving around.
외선 :5:30 - 34.8, 6:00 - 15.6, 6:30 - 118.0. mean congestion is 56.1. During this time period, the congestion level is moderate, so you may occasionally experience some inconvenience when moving around.
"
402,What’s the crowd level in Hongdea during Golden hour?,"The requested Golden hour congestion in Hongdea is 
상선 :7:00 - 55.4, 7:30 - 77.5, 8:00 - 45.6, 8:30 - 17.2, 9:00 - 100.8, 9:30 - 122.2, 17:00 - 12.3, 17:30 - 123.9, 18:00 - 0.6, 18:30 - 99.2, 19:00 - 39.1, 19:30 - 47.5. mean congestion is 61.8. During this time period, the congestion level is moderate, so you may occasionally experience some inconvenience when moving around.
하선 :7:00 - 83.7, 7:30 - 4.4, 8:00 - 58.9, 8:30 - 80.9, 9:00 - 83.7, 9:30 - 14.8, 17:00 - 27.2, 17:30 - 65.3, 18:00 - 97.7, 18:30 - 47.4, 19:00 - 112.6, 19:30 - 111.3. mean congestion is 65.7. During this time period, the congestion level is moderate, so you may occasionally experience some inconvenience when moving around.
"
403,What’s the Afternoon traffic traffic like in Hongdea?,"The requested Afternoon traffic congestion in Hongdea is 
내선 :17:00 - 79.8, 17:30 - 52.0, 18:00 - 94.6, 18:30 - 98.0, 19:00 - 16.6, 19:30 - 79.6. mean congestion is 70.1. During this time period, the congestion level is moderate, so you may occasionally experience some inconvenience when moving around.
외선 :17:00 - 93.8, 17:30 - 126.2, 18:00 - 22.3, 18:30 - 9.5, 19:00 - 11.9, 19:30 - 100.2. mean congestion is 60.6. During this time period, the congestion level is moderate, so you may occasionally experience some inconvenience when moving around.
"
404,How are the crowds in Myeongdong at Breakfast time?,"The requested Breakfast time congestion in Myeongdong is 
내선 :7:00 - 48.8, 7:30 - 30.2, 8:00 - 97.2, 8:30 - 93.4, 9:00 - 66.3, 9:30 - 75.8. mean congestion is 68.6. During this time period, the congestion level is moderate, so you may occasionally experience some inconvenience when moving around.
외선 :7:00 - 1.6, 7:30 - 1.8, 8:00 - 44.6, 8:30 - 124.4, 9:00 - 22.5, 9:30 - 91.2. mean congestion is 47.7. This time period is not busy, so it's a good time to visit.
"
405,What’s the population density in Hongdea around Evening commute?,"The requested Evening commute congestion in Hongdea is 
상선 :17:00 - 25.1, 17:30 - 15.7, 18:00 - 62.3, 18:30 - 125.6, 19:00 - 80.0, 19:30 - 19.3. mean congestion is 54.7. During this time period, the congestion level is moderate, so you may occasionally experience some inconvenience when moving around.
하선 :17:00 - 57.7, 17:30 - 60.5, 18:00 - 7.1, 18:30 - 58.9, 19:00 - 71.3, 19:30 - 64.5. mean congestion is 53.3. During this time period, the congestion level is moderate, so you may occasionally experience some inconvenience when moving around.
"
406,How dense is the crowd in Myeongdong around Pre-dawn?,"The requested Pre-dawn congestion in Myeongdong is 
내선 :5:30 - 66.4, 6:00 - 82.4, 6:30 - 1.3. mean congestion is 50.0. During this time period, the congestion level is moderate, so you may occasionally experience some inconvenience when moving around.
외선 :5:30 - 86.6, 6:00 - 100.6, 6:30 - 76.8. mean congestion is 88.0. This time period is crowded, so we recommend visiting during a different time.
"
407,How dense is the crowd in Myeongdong around Sunset hours?,"The requested Sunset hours congestion in Myeongdong is 
상선 :17:00 - 119.3, 17:30 - 21.6, 18:00 - 99.1, 18:30 - 121.4, 19:00 - 47.2, 19:30 - 27.4. mean congestion is 72.7. During this time period, the congestion level is moderate, so you may occasionally experience some inconvenience when moving around.
하선 :17:00 - 115.4, 17:30 - 105.7, 18:00 - 66.6, 18:30 - 117.9, 19:00 - 116.1, 19:30 - 50.8. mean congestion is 95.4. This time period is crowded, so we recommend visiting during a different time.
"
408,What’s the Dawn hours traffic like in Gangnam?,"The requested Dawn hours congestion in Gangnam is 
상선 :5:30 - 6.1, 6:00 - 128.5, 6:30 - 104.1. mean congestion is 79.6. During this time period, the congestion level is moderate, so you may occasionally experience some inconvenience when moving around.
하선 :5:30 - 103.6, 6:00 - 120.6, 6:30 - 73.2. mean congestion is 99.1. This time period is crowded, so we recommend visiting during a different time.
"
409,How packed does Hongdea get around Morning hustle?,"The requested Morning hustle congestion in Hongdea is 
내선 :7:00 - 57.9, 7:30 - 10.5, 8:00 - 111.0, 8:30 - 106.5, 9:00 - 64.4, 9:30 - 1.0. mean congestion is 58.5. During this time period, the congestion level is moderate, so you may occasionally experience some inconvenience when moving around.
외선 :7:00 - 21.4, 7:30 - 2.9, 8:00 - 82.0, 8:30 - 47.1, 9:00 - 40.0, 9:30 - 4.1. mean congestion is 32.9. This time period is not busy, so it's a good time to visit.
"
410,How packed does Gangnam get around Evening peak?,"The requested Evening peak congestion in Gangnam is 
내선 :17:00 - 129.2, 17:30 - 38.0, 18:00 - 34.6, 18:30 - 49.5, 19:00 - 121.2, 19:30 - 124.8. mean congestion is 82.9. This time period is crowded, so we recommend visiting during a different time.
외선 :17:00 - 110.5, 17:30 - 109.4, 18:00 - 120.8, 18:30 - 20.6, 19:00 - 43.0, 19:30 - 105.3. mean congestion is 84.9. This time period is crowded, so we recommend visiting during a different time.
"
411,What’s the crowd level in Hongdea during Lunch hour?,"The requested Lunch hour congestion in Hongdea is 
내선 :12:00 - 49.9, 12:30 - 11.9, 13:00 - 15.5, 13:30 - 29.2, 14:00 - 109.8, 14:30 - 84.5. mean congestion is 50.1. During this time period, the congestion level is moderate, so you may occasionally experience some inconvenience when moving around.
외선 :12:00 - 98.4, 12:30 - 84.8, 13:00 - 80.6, 13:30 - 55.5, 14:00 - 21.1, 14:30 - 69.1. mean congestion is 68.2. During this time period, the congestion level is moderate, so you may occasionally experience some inconvenience when moving around.
"
412,What’s the crowd flow like in Gangnam during Evening commute?,"The requested Evening commute congestion in Gangnam is 
내선 :17:00 - 56.3, 17:30 - 61.2, 18:00 - 18.9, 18:30 - 90.1, 19:00 - 94.8, 19:30 - 3.7. mean congestion is 54.2. During this time period, the congestion level is moderate, so you may occasionally experience some inconvenience when moving around.
외선 :17:00 - 88.6, 17:30 - 119.1, 18:00 - 43.7, 18:30 - 75.5, 19:00 - 16.6, 19:30 - 97.8. mean congestion is 73.6. During this time period, the congestion level is moderate, so you may occasionally experience some inconvenience when moving around.
"
413,How packed does Gangnam get around Evening commute?,"The requested Evening commute congestion in Gangnam is 
내선 :17:00 - 106.7, 17:30 - 61.1, 18:00 - 104.7, 18:30 - 51.1, 19:00 - 95.7, 19:30 - 119.8. mean congestion is 89.9. This time period is crowded, so we recommend visiting during a different time.
외선 :17:00 - 18.0, 17:30 - 15.8, 18:00 - 106.2, 18:30 - 97.3, 19:00 - 53.3, 19:30 - 123.6. mean congestion is 69.0. During this time period, the congestion level is moderate, so you may occasionally experience some inconvenience when moving around.
"
414,How busy is Myeongdong around Morning rush hour?,"The requested Morning rush hour congestion in Myeongdong is 
내선 :7:00 - 36.9, 7:30 - 53.7, 8:00 - 8.4, 8:30 - 68.4, 9:00 - 125.0, 9:30 - 102.2. mean congestion is 65.8. During this time period, the congestion level is moderate, so you may occasionally experience some inconvenience when moving around.
외선 :7:00 - 107.8, 7:30 - 72.3, 8:00 - 88.0, 8:30 - 128.9, 9:00 - 51.7, 9:30 - 23.2. mean congestion is 78.6. During this time period, the congestion level is moderate, so you may occasionally experience some inconvenience when moving around.
"
415,How crowded is Myeongdong around Early morning?,"The requested Early morning congestion in Myeongdong is 
상선 :5:30 - 86.8, 6:00 - 86.5, 6:30 - 75.3. mean congestion is 82.9. This time period is crowded, so we recommend visiting during a different time.
하선 :5:30 - 113.6, 6:00 - 82.1, 6:30 - 78.4. mean congestion is 91.4. This time period is crowded, so we recommend visiting during a different time.
"
416,What’s the crowd situation in Hongdea at Lunchtime?,"The requested Lunchtime congestion in Hongdea is 
상선 :12:00 - 71.9, 12:30 - 112.3, 13:00 - 56.3, 13:30 - 116.4, 14:00 - 88.7, 14:30 - 129.1. mean congestion is 95.8. This time period is crowded, so we recommend visiting during a different time.
하선 :12:00 - 104.1, 12:30 - 51.6, 13:00 - 109.0, 13:30 - 115.5, 14:00 - 14.0, 14:30 - 69.4. mean congestion is 77.3. During this time period, the congestion level is moderate, so you may occasionally experience some inconvenience when moving around.
"
417,What are the crowds like in Gangnam during Lunchtime rush?,"The requested Lunchtime rush congestion in Gangnam is 
내선 :12:00 - 38.5, 12:30 - 62.6, 13:00 - 54.0, 13:30 - 36.0, 14:00 - 53.8, 14:30 - 89.9. mean congestion is 55.8. During this time period, the congestion level is moderate, so you may occasionally experience some inconvenience when moving around.
외선 :12:00 - 25.1, 12:30 - 8.9, 13:00 - 50.8, 13:30 - 19.0, 14:00 - 82.6, 14:30 - 86.8. mean congestion is 45.5. This time period is not busy, so it's a good time to visit.
"
418,How are the crowds in Gangnam at Lunchtime?,"The requested Lunchtime congestion in Gangnam is 
내선 :12:00 - 32.9, 12:30 - 68.8, 13:00 - 68.4, 13:30 - 20.5, 14:00 - 18.9, 14:30 - 69.7. mean congestion is 46.5. This time period is not busy, so it's a good time to visit.
외선 :12:00 - 123.6, 12:30 - 86.4, 13:00 - 97.9, 13:30 - 122.6, 14:00 - 22.9, 14:30 - 95.7. mean congestion is 91.5. This time period is crowded, so we recommend visiting during a different time.
"
419,What’s the crowd situation in Hongdea at Morning rush hour?,"The requested Morning rush hour congestion in Hongdea is 
내선 :7:00 - 59.3, 7:30 - 104.5, 8:00 - 76.6, 8:30 - 117.8, 9:00 - 2.7, 9:30 - 70.1. mean congestion is 71.8. During this time period, the congestion level is moderate, so you may occasionally experience some inconvenience when moving around.
외선 :7:00 - 66.8, 7:30 - 88.6, 8:00 - 98.0, 8:30 - 17.0, 9:00 - 100.4, 9:30 - 94.8. mean congestion is 77.6. During this time period, the congestion level is moderate, so you may occasionally experience some inconvenience when moving around.
"
420,What’s the population density in Myeongdong around Lunchtime rush?,"The requested Lunchtime rush congestion in Myeongdong is 
내선 :12:00 - 60.0, 12:30 - 92.4, 13:00 - 3.7, 13:30 - 108.0, 14:00 - 108.5, 14:30 - 78.2. mean congestion is 75.1. During this time period, the congestion level is moderate, so you may occasionally experience some inconvenience when moving around.
외선 :12:00 - 56.6, 12:30 - 29.8, 13:00 - 111.6, 13:30 - 117.3, 14:00 - 18.0, 14:30 - 84.4. mean congestion is 69.6. During this time period, the congestion level is moderate, so you may occasionally experience some inconvenience when moving around.
"
421,What’s the foot traffic in Myeongdong during Evening peak?,"The requested Evening peak congestion in Myeongdong is 
상선 :17:00 - 0.4, 17:30 - 96.2, 18:00 - 99.9, 18:30 - 24.0, 19:00 - 29.0, 19:30 - 58.3. mean congestion is 51.3. During this time period, the congestion level is moderate, so you may occasionally experience some inconvenience when moving around.
하선 :17:00 - 59.0, 17:30 - 129.4, 18:00 - 65.8, 18:30 - 47.3, 19:00 - 32.0, 19:30 - 60.9. mean congestion is 65.7. During this time period, the congestion level is moderate, so you may occasionally experience some inconvenience when moving around.
"
422,What’s the population density in Myeongdong around Twilight commute?,"The requested Twilight commute congestion in Myeongdong is 
상선 :17:00 - 116.9, 17:30 - 122.7, 18:00 - 122.2, 18:30 - 125.5, 19:00 - 68.9, 19:30 - 4.6. mean congestion is 93.5. This time period is crowded, so we recommend visiting during a different time.
하선 :17:00 - 8.2, 17:30 - 100.6, 18:00 - 76.7, 18:30 - 10.2, 19:00 - 33.8, 19:30 - 15.7. mean congestion is 40.9. This time period is not busy, so it's a good time to visit.
"
423,How crowded is Hongdea usually at Midday?,"The requested Midday congestion in Hongdea is 
상선 :12:00 - 69.4, 12:30 - 77.9, 13:00 - 67.7, 13:30 - 73.6, 14:00 - 85.0, 14:30 - 99.2. mean congestion is 78.8. During this time period, the congestion level is moderate, so you may occasionally experience some inconvenience when moving around.
하선 :12:00 - 102.6, 12:30 - 16.9, 13:00 - 27.2, 13:30 - 80.7, 14:00 - 111.4, 14:30 - 116.3. mean congestion is 75.8. During this time period, the congestion level is moderate, so you may occasionally experience some inconvenience when moving around.
"
424,How full does Hongdea get during Late afternoon?,"The requested Late afternoon congestion in Hongdea is 
내선 :12:00 - 15.7, 12:30 - 55.4, 13:00 - 27.2, 13:30 - 78.5, 14:00 - 71.1, 14:30 - 125.8. mean congestion is 62.3. During this time period, the congestion level is moderate, so you may occasionally experience some inconvenience when moving around.
외선 :12:00 - 110.5, 12:30 - 45.8, 13:00 - 26.7, 13:30 - 66.5, 14:00 - 20.7, 14:30 - 61.0. mean congestion is 55.2. During this time period, the congestion level is moderate, so you may occasionally experience some inconvenience when moving around.
"
425,How busy is Gangnam around Evening commute?,"The requested Evening commute congestion in Gangnam is 
내선 :17:00 - 93.5, 17:30 - 23.8, 18:00 - 88.5, 18:30 - 60.5, 19:00 - 75.9, 19:30 - 92.2. mean congestion is 72.4. During this time period, the congestion level is moderate, so you may occasionally experience some inconvenience when moving around.
외선 :17:00 - 7.8, 17:30 - 94.0, 18:00 - 1.6, 18:30 - 41.7, 19:00 - 99.5, 19:30 - 94.5. mean congestion is 56.5. During this time period, the congestion level is moderate, so you may occasionally experience some inconvenience when moving around.
"
426,What’s the Lunchtime rush traffic like in Gangnam?,"The requested Lunchtime rush congestion in Gangnam is 
내선 :12:00 - 127.1, 12:30 - 122.1, 13:00 - 80.3, 13:30 - 30.6, 14:00 - 60.2, 14:30 - 91.9. mean congestion is 85.4. This time period is crowded, so we recommend visiting during a different time.
외선 :12:00 - 113.9, 12:30 - 26.8, 13:00 - 3.4, 13:30 - 42.2, 14:00 - 12.9, 14:30 - 95.4. mean congestion is 49.1. This time period is not busy, so it's a good time to visit.
"
427,What’s the crowd situation in Myeongdong at Lunchtime rush?,"The requested Lunchtime rush congestion in Myeongdong is 
내선 :12:00 - 105.5, 12:30 - 49.4, 13:00 - 63.1, 13:30 - 84.8, 14:00 - 49.3, 14:30 - 17.3. mean congestion is 61.6. During this time period, the congestion level is moderate, so you may occasionally experience some inconvenience when moving around.
외선 :12:00 - 63.5, 12:30 - 39.6, 13:00 - 30.8, 13:30 - 117.2, 14:00 - 42.6, 14:30 - 100.0. mean congestion is 65.6. During this time period, the congestion level is moderate, so you may occasionally experience some inconvenience when moving around.
"
428,How much foot traffic does Gangnam have at Morning hustle?,"The requested Morning hustle congestion in Gangnam is 
상선 :7:00 - 47.0, 7:30 - 18.9, 8:00 - 11.0, 8:30 - 28.9, 9:00 - 68.4, 9:30 - 6.9. mean congestion is 30.2. This time period is not busy, so it's a good time to visit.
하선 :7:00 - 30.8, 7:30 - 76.7, 8:00 - 59.7, 8:30 - 82.6, 9:00 - 17.4, 9:30 - 3.0. mean congestion is 45.0. This time period is not busy, so it's a good time to visit.
"
429,What’s the foot traffic in Myeongdong during Breakfast time?,"The requested Breakfast time congestion in Myeongdong is 
내선 :7:00 - 70.1, 7:30 - 16.8, 8:00 - 38.2, 8:30 - 92.4, 9:00 - 13.1, 9:30 - 33.6. mean congestion is 44.0. This time period is not busy, so it's a good time to visit.
외선 :7:00 - 16.2, 7:30 - 8.7, 8:00 - 35.3, 8:30 - 37.2, 9:00 - 92.1, 9:30 - 74.8. mean congestion is 44.1. This time period is not busy, so it's a good time to visit.
"
430,How full does Hongdea get during Brunch hour?,"The requested Brunch hour congestion in Hongdea is 
상선 :10:00 - 105.7, 10:30 - 67.6, 11:00 - 33.7, 11:30 - 52.8. mean congestion is 65.0. During this time period, the congestion level is moderate, so you may occasionally experience some inconvenience when moving around.
하선 :10:00 - 52.9, 10:30 - 7.9, 11:00 - 32.8, 11:30 - 127.0. mean congestion is 55.2. During this time period, the congestion level is moderate, so you may occasionally experience some inconvenience when moving around.
"
431,How packed does Gangnam get around Noon hour?,"The requested Noon hour congestion in Gangnam is 
내선 :12:00 - 84.2, 12:30 - 122.8, 13:00 - 87.8, 13:30 - 105.0, 14:00 - 112.4, 14:30 - 122.7. mean congestion is 105.8. This time period is crowded, so we recommend visiting during a different time.
외선 :12:00 - 45.2, 12:30 - 5.9, 13:00 - 101.8, 13:30 - 62.1, 14:00 - 47.4, 14:30 - 119.8. mean congestion is 63.7. During this time period, the congestion level is moderate, so you may occasionally experience some inconvenience when moving around.
"
432,What’s the Afternoon traffic traffic like in Gangnam?,"The requested Afternoon traffic congestion in Gangnam is 
내선 :17:00 - 116.5, 17:30 - 4.1, 18:00 - 121.1, 18:30 - 78.5, 19:00 - 63.6, 19:30 - 65.7. mean congestion is 74.9. During this time period, the congestion level is moderate, so you may occasionally experience some inconvenience when moving around.
외선 :17:00 - 71.8, 17:30 - 69.1, 18:00 - 0.4, 18:30 - 71.7, 19:00 - 100.8, 19:30 - 109.5. mean congestion is 70.6. During this time period, the congestion level is moderate, so you may occasionally experience some inconvenience when moving around.
"
433,What’s the crowd level in Gangnam during Afternoon traffic?,"The requested Afternoon traffic congestion in Gangnam is 
내선 :17:00 - 91.4, 17:30 - 83.4, 18:00 - 78.0, 18:30 - 55.0, 19:00 - 56.5, 19:30 - 40.1. mean congestion is 67.4. During this time period, the congestion level is moderate, so you may occasionally experience some inconvenience when moving around.
외선 :17:00 - 85.2, 17:30 - 90.7, 18:00 - 128.4, 18:30 - 114.5, 19:00 - 89.7, 19:30 - 33.3. mean congestion is 90.3. This time period is crowded, so we recommend visiting during a different time.
"
434,How much foot traffic does Myeongdong have at Afternoon traffic?,"The requested Afternoon traffic congestion in Myeongdong is 
내선 :17:00 - 61.9, 17:30 - 83.7, 18:00 - 100.0, 18:30 - 56.5, 19:00 - 96.3, 19:30 - 47.4. mean congestion is 74.3. During this time period, the congestion level is moderate, so you may occasionally experience some inconvenience when moving around.
외선 :17:00 - 20.3, 17:30 - 44.0, 18:00 - 24.3, 18:30 - 88.0, 19:00 - 8.7, 19:30 - 4.1. mean congestion is 31.6. This time period is not busy, so it's a good time to visit.
"
435,Is Hongdea busy around Evening commute?,"The requested Evening commute congestion in Hongdea is 
상선 :17:00 - 118.4, 17:30 - 43.1, 18:00 - 36.1, 18:30 - 0.7, 19:00 - 75.1, 19:30 - 120.7. mean congestion is 65.7. During this time period, the congestion level is moderate, so you may occasionally experience some inconvenience when moving around.
하선 :17:00 - 30.1, 17:30 - 87.6, 18:00 - 78.5, 18:30 - 40.1, 19:00 - 56.0, 19:30 - 1.9. mean congestion is 49.0. This time period is not busy, so it's a good time to visit.
"
436,How dense is the crowd in Myeongdong around Post-work rush?,"The requested Post-work rush congestion in Myeongdong is 
내선 :17:00 - 93.3, 17:30 - 50.5, 18:00 - 3.5, 18:30 - 75.2, 19:00 - 81.5, 19:30 - 39.9. mean congestion is 57.3. During this time period, the congestion level is moderate, so you may occasionally experience some inconvenience when moving around.
외선 :17:00 - 41.7, 17:30 - 123.7, 18:00 - 81.3, 18:30 - 39.3, 19:00 - 49.8, 19:30 - 122.9. mean congestion is 76.4. During this time period, the congestion level is moderate, so you may occasionally experience some inconvenience when moving around.
"
437,Is Myeongdong busy around Dawn hours?,"The requested Dawn hours congestion in Myeongdong is 
상선 :5:30 - 64.2, 6:00 - 7.8, 6:30 - 0.8. mean congestion is 24.3. This time period is not busy, so it's a good time to visit.
하선 :5:30 - 17.5, 6:00 - 3.3, 6:30 - 79.3. mean congestion is 33.4. This time period is not busy, so it's a good time to visit.
"
438,How crowded is Hongdea around Evening peak?,"The requested Evening peak congestion in Hongdea is 
상선 :17:00 - 54.9, 17:30 - 121.5, 18:00 - 44.0, 18:30 - 37.9, 19:00 - 118.3, 19:30 - 99.7. mean congestion is 79.4. During this time period, the congestion level is moderate, so you may occasionally experience some inconvenience when moving around.
하선 :17:00 - 129.5, 17:30 - 16.8, 18:00 - 92.8, 18:30 - 35.9, 19:00 - 98.3, 19:30 - 123.2. mean congestion is 82.8. This time period is crowded, so we recommend visiting during a different time.
"
439,What’s the crowd situation in Myeongdong at Daybreak?,"The requested Daybreak congestion in Myeongdong is 
내선 :5:30 - 69.4, 6:00 - 39.3, 6:30 - 97.1. mean congestion is 68.6. During this time period, the congestion level is moderate, so you may occasionally experience some inconvenience when moving around.
외선 :5:30 - 9.8, 6:00 - 40.5, 6:30 - 88.3. mean congestion is 46.2. This time period is not busy, so it's a good time to visit.
"
440,How packed does Gangnam get around Evening rush?,"The requested Evening rush congestion in Gangnam is 
상선 :17:00 - 108.9, 17:30 - 113.6, 18:00 - 19.2, 18:30 - 39.7, 19:00 - 81.8, 19:30 - 44.3. mean congestion is 67.9. During this time period, the congestion level is moderate, so you may occasionally experience some inconvenience when moving around.
하선 :17:00 - 87.1, 17:30 - 39.8, 18:00 - 13.1, 18:30 - 112.6, 19:00 - 23.1, 19:30 - 60.1. mean congestion is 56.0. During this time period, the congestion level is moderate, so you may occasionally experience some inconvenience when moving around.
"
441,How busy is Gangnam around Lunchtime?,"The requested Lunchtime congestion in Gangnam is 
내선 :12:00 - 75.0, 12:30 - 127.6, 13:00 - 117.4, 13:30 - 23.4, 14:00 - 17.2, 14:30 - 121.3. mean congestion is 80.3. This time period is crowded, so we recommend visiting during a different time.
외선 :12:00 - 112.8, 12:30 - 13.3, 13:00 - 20.2, 13:30 - 129.7, 14:00 - 77.1, 14:30 - 112.7. mean congestion is 77.6. During this time period, the congestion level is moderate, so you may occasionally experience some inconvenience when moving around.
"
442,What are the crowds like in Gangnam during Daybreak?,"The requested Daybreak congestion in Gangnam is 
내선 :5:30 - 88.7, 6:00 - 114.5, 6:30 - 86.9. mean congestion is 96.7. This time period is crowded, so we recommend visiting during a different time.
외선 :5:30 - 3.0, 6:00 - 76.5, 6:30 - 114.3. mean congestion is 64.6. During this time period, the congestion level is moderate, so you may occasionally experience some inconvenience when moving around.
"
443,How crowded is Gangnam usually at Mid-morning hours?,"The requested Mid-morning hours congestion in Gangnam is 
내선 :10:00 - 120.4, 10:30 - 39.3, 11:00 - 21.7, 11:30 - 48.9. mean congestion is 57.6. During this time period, the congestion level is moderate, so you may occasionally experience some inconvenience when moving around.
외선 :10:00 - 18.7, 10:30 - 11.8, 11:00 - 109.1, 11:30 - 57.2. mean congestion is 49.2. This time period is not busy, so it's a good time to visit.
"
444,How dense is the crowd in Hongdea around Sunset hours?,"The requested Sunset hours congestion in Hongdea is 
내선 :17:00 - 58.1, 17:30 - 92.9, 18:00 - 59.6, 18:30 - 86.3, 19:00 - 82.2, 19:30 - 44.5. mean congestion is 70.6. During this time period, the congestion level is moderate, so you may occasionally experience some inconvenience when moving around.
외선 :17:00 - 5.8, 17:30 - 82.6, 18:00 - 38.1, 18:30 - 1.8, 19:00 - 41.9, 19:30 - 6.4. mean congestion is 29.4. This time period is not busy, so it's a good time to visit.
"
445,How crowded is Hongdea around Mid-morning hours?,"The requested Mid-morning hours congestion in Hongdea is 
내선 :10:00 - 8.6, 10:30 - 70.4, 11:00 - 13.6, 11:30 - 27.7. mean congestion is 30.1. This time period is not busy, so it's a good time to visit.
외선 :10:00 - 44.5, 10:30 - 79.6, 11:00 - 129.1, 11:30 - 104.8. mean congestion is 89.5. This time period is crowded, so we recommend visiting during a different time.
"
446,What’s the crowd flow like in Gangnam during Daybreak?,"The requested Daybreak congestion in Gangnam is 
내선 :5:30 - 4.6, 6:00 - 98.8, 6:30 - 13.9. mean congestion is 39.1. This time period is not busy, so it's a good time to visit.
외선 :5:30 - 26.0, 6:00 - 20.8, 6:30 - 1.5. mean congestion is 16.1. This time period is not busy, so it's a good time to visit.
"
447,How full does Hongdea get during Mid-morning hours?,"The requested Mid-morning hours congestion in Hongdea is 
내선 :10:00 - 9.0, 10:30 - 3.3, 11:00 - 110.8, 11:30 - 50.8. mean congestion is 43.5. This time period is not busy, so it's a good time to visit.
외선 :10:00 - 66.6, 10:30 - 13.6, 11:00 - 120.7, 11:30 - 113.0. mean congestion is 78.5. During this time period, the congestion level is moderate, so you may occasionally experience some inconvenience when moving around.
"
448,What’s the crowd situation in Myeongdong at Evening rush?,"The requested Evening rush congestion in Myeongdong is 
내선 :17:00 - 118.5, 17:30 - 4.3, 18:00 - 27.6, 18:30 - 59.7, 19:00 - 68.8, 19:30 - 62.7. mean congestion is 56.9. During this time period, the congestion level is moderate, so you may occasionally experience some inconvenience when moving around.
외선 :17:00 - 92.1, 17:30 - 9.5, 18:00 - 115.6, 18:30 - 40.7, 19:00 - 54.5, 19:30 - 93.7. mean congestion is 67.7. During this time period, the congestion level is moderate, so you may occasionally experience some inconvenience when moving around.
"
449,What’s the foot traffic in Gangnam during Lunchtime rush?,"The requested Lunchtime rush congestion in Gangnam is 
상선 :12:00 - 95.9, 12:30 - 104.2, 13:00 - 87.0, 13:30 - 9.6, 14:00 - 108.1, 14:30 - 94.1. mean congestion is 83.2. This time period is crowded, so we recommend visiting during a different time.
하선 :12:00 - 50.1, 12:30 - 5.9, 13:00 - 94.8, 13:30 - 54.2, 14:00 - 39.2, 14:30 - 84.3. mean congestion is 54.8. During this time period, the congestion level is moderate, so you may occasionally experience some inconvenience when moving around.
"
450,How much foot traffic does Gangnam have at Morning rush hour?,"The requested Morning rush hour congestion in Gangnam is 
내선 :7:00 - 109.1, 7:30 - 93.1, 8:00 - 77.3, 8:30 - 35.9, 9:00 - 123.0, 9:30 - 9.9. mean congestion is 74.7. During this time period, the congestion level is moderate, so you may occasionally experience some inconvenience when moving around.
외선 :7:00 - 28.5, 7:30 - 8.4, 8:00 - 29.6, 8:30 - 20.6, 9:00 - 119.8, 9:30 - 61.3. mean congestion is 44.7. This time period is not busy, so it's a good time to visit.
"
451,What are the crowds like in Hongdea during Twilight commute?,"The requested Twilight commute congestion in Hongdea is 
내선 :17:00 - 128.7, 17:30 - 63.3, 18:00 - 122.4, 18:30 - 112.8, 19:00 - 108.4, 19:30 - 95.1. mean congestion is 105.1. This time period is crowded, so we recommend visiting during a different time.
외선 :17:00 - 123.0, 17:30 - 112.5, 18:00 - 28.6, 18:30 - 60.7, 19:00 - 69.2, 19:30 - 24.4. mean congestion is 69.7. During this time period, the congestion level is moderate, so you may occasionally experience some inconvenience when moving around.
"
452,What’s the Breakfast time traffic like in Gangnam?,"The requested Breakfast time congestion in Gangnam is 
내선 :7:00 - 62.1, 7:30 - 70.8, 8:00 - 109.2, 8:30 - 15.5, 9:00 - 100.4, 9:30 - 17.1. mean congestion is 62.5. During this time period, the congestion level is moderate, so you may occasionally experience some inconvenience when moving around.
외선 :7:00 - 49.2, 7:30 - 126.8, 8:00 - 46.2, 8:30 - 28.2, 9:00 - 129.4, 9:30 - 78.6. mean congestion is 76.4. During this time period, the congestion level is moderate, so you may occasionally experience some inconvenience when moving around.
"
453,What’s the Morning rush hour traffic like in Gangnam?,"The requested Morning rush hour congestion in Gangnam is 
내선 :7:00 - 125.0, 7:30 - 52.1, 8:00 - 94.2, 8:30 - 26.3, 9:00 - 7.1, 9:30 - 88.2. mean congestion is 65.5. During this time period, the congestion level is moderate, so you may occasionally experience some inconvenience when moving around.
외선 :7:00 - 29.6, 7:30 - 13.6, 8:00 - 129.1, 8:30 - 122.0, 9:00 - 89.6, 9:30 - 72.3. mean congestion is 76.0. During this time period, the congestion level is moderate, so you may occasionally experience some inconvenience when moving around.
"
454,What are the crowds like in Hongdea during Post-work rush?,"The requested Post-work rush congestion in Hongdea is 
내선 :17:00 - 45.2, 17:30 - 72.4, 18:00 - 84.8, 18:30 - 44.1, 19:00 - 81.5, 19:30 - 87.7. mean congestion is 69.3. During this time period, the congestion level is moderate, so you may occasionally experience some inconvenience when moving around.
외선 :17:00 - 84.2, 17:30 - 116.6, 18:00 - 111.0, 18:30 - 40.2, 19:00 - 61.3, 19:30 - 103.6. mean congestion is 86.1. This time period is crowded, so we recommend visiting during a different time.
"
455,What’s the foot traffic in Myeongdong during Lunch hour?,"The requested Lunch hour congestion in Myeongdong is 
내선 :12:00 - 29.8, 12:30 - 122.1, 13:00 - 62.2, 13:30 - 68.2, 14:00 - 32.6, 14:30 - 33.9. mean congestion is 58.1. During this time period, the congestion level is moderate, so you may occasionally experience some inconvenience when moving around.
외선 :12:00 - 72.9, 12:30 - 103.1, 13:00 - 82.3, 13:30 - 102.8, 14:00 - 24.6, 14:30 - 13.8. mean congestion is 66.6. During this time period, the congestion level is moderate, so you may occasionally experience some inconvenience when moving around.
"
456,What’s the crowd situation in Myeongdong at Post-work rush?,"The requested Post-work rush congestion in Myeongdong is 
상선 :17:00 - 117.4, 17:30 - 54.7, 18:00 - 121.7, 18:30 - 129.4, 19:00 - 119.2, 19:30 - 67.6. mean congestion is 101.7. This time period is crowded, so we recommend visiting during a different time.
하선 :17:00 - 86.9, 17:30 - 128.3, 18:00 - 3.3, 18:30 - 50.4, 19:00 - 19.4, 19:30 - 81.0. mean congestion is 61.6. During this time period, the congestion level is moderate, so you may occasionally experience some inconvenience when moving around.
"
457,How dense is the crowd in Gangnam around Evening peak?,"The requested Evening peak congestion in Gangnam is 
상선 :17:00 - 102.8, 17:30 - 68.1, 18:00 - 10.6, 18:30 - 57.9, 19:00 - 26.2, 19:30 - 1.4. mean congestion is 44.5. This time period is not busy, so it's a good time to visit.
하선 :17:00 - 0.7, 17:30 - 10.3, 18:00 - 55.9, 18:30 - 122.9, 19:00 - 111.7, 19:30 - 16.0. mean congestion is 52.9. During this time period, the congestion level is moderate, so you may occasionally experience some inconvenience when moving around.
"
458,How are the crowds in Hongdea at Noon hour?,"The requested Noon hour congestion in Hongdea is 
내선 :12:00 - 31.8, 12:30 - 59.8, 13:00 - 9.3, 13:30 - 8.6, 14:00 - 81.5, 14:30 - 2.0. mean congestion is 32.2. This time period is not busy, so it's a good time to visit.
외선 :12:00 - 61.5, 12:30 - 25.0, 13:00 - 17.2, 13:30 - 54.1, 14:00 - 30.4, 14:30 - 75.0. mean congestion is 43.9. This time period is not busy, so it's a good time to visit.
"
459,What’s the foot traffic in Myeongdong during Morning hustle?,"The requested Morning hustle congestion in Myeongdong is 
내선 :7:00 - 20.8, 7:30 - 23.8, 8:00 - 40.8, 8:30 - 99.0, 9:00 - 7.2, 9:30 - 82.7. mean congestion is 45.7. This time period is not busy, so it's a good time to visit.
외선 :7:00 - 108.7, 7:30 - 44.5, 8:00 - 55.0, 8:30 - 25.0, 9:00 - 3.3, 9:30 - 114.0. mean congestion is 58.4. During this time period, the congestion level is moderate, so you may occasionally experience some inconvenience when moving around.
"
460,How heavy is the crowd in Myeongdong around Lunch hour?,"The requested Lunch hour congestion in Myeongdong is 
상선 :12:00 - 66.4, 12:30 - 50.2, 13:00 - 81.1, 13:30 - 10.3, 14:00 - 74.4, 14:30 - 83.5. mean congestion is 61.0. During this time period, the congestion level is moderate, so you may occasionally experience some inconvenience when moving around.
하선 :12:00 - 10.8, 12:30 - 87.3, 13:00 - 104.7, 13:30 - 85.8, 14:00 - 57.5, 14:30 - 79.3. mean congestion is 70.9. During this time period, the congestion level is moderate, so you may occasionally experience some inconvenience when moving around.
"
461,How heavy is the crowd in Hongdea around Dinnertime bustle?,"The requested Dinnertime bustle congestion in Hongdea is 
상선 :17:00 - 39.0, 17:30 - 15.2, 18:00 - 120.0, 18:30 - 53.1, 19:00 - 76.3, 19:30 - 68.0. mean congestion is 61.9. During this time period, the congestion level is moderate, so you may occasionally experience some inconvenience when moving around.
하선 :17:00 - 28.1, 17:30 - 102.4, 18:00 - 85.3, 18:30 - 91.0, 19:00 - 72.9, 19:30 - 57.9. mean congestion is 72.9. During this time period, the congestion level is moderate, so you may occasionally experience some inconvenience when moving around.
"
462,What’s the foot traffic in Hongdea during Commuter time?,"The requested Commuter time congestion in Hongdea is 
내선 :7:00 - 86.0, 7:30 - 32.7, 8:00 - 8.9, 8:30 - 29.3, 9:00 - 105.0, 9:30 - 86.1, 17:00 - 17.6, 17:30 - 43.8, 18:00 - 101.7, 18:30 - 4.3, 19:00 - 45.1, 19:30 - 18.3. mean congestion is 48.2. This time period is not busy, so it's a good time to visit.
외선 :7:00 - 25.2, 7:30 - 84.1, 8:00 - 78.7, 8:30 - 26.1, 9:00 - 120.4, 9:30 - 6.0, 17:00 - 95.6, 17:30 - 112.4, 18:00 - 12.4, 18:30 - 129.3, 19:00 - 86.5, 19:30 - 59.2. mean congestion is 69.7. During this time period, the congestion level is moderate, so you may occasionally experience some inconvenience when moving around.
"
463,How much foot traffic does Gangnam have at Lunchtime rush?,"The requested Lunchtime rush congestion in Gangnam is 
내선 :12:00 - 93.5, 12:30 - 62.4, 13:00 - 15.6, 13:30 - 16.1, 14:00 - 73.3, 14:30 - 72.2. mean congestion is 55.5. During this time period, the congestion level is moderate, so you may occasionally experience some inconvenience when moving around.
외선 :12:00 - 92.1, 12:30 - 63.0, 13:00 - 31.5, 13:30 - 96.9, 14:00 - 62.0, 14:30 - 5.4. mean congestion is 58.5. During this time period, the congestion level is moderate, so you may occasionally experience some inconvenience when moving around.
"
464,What’s the crowd situation in Hongdea at Dinner time?,"The requested Dinner time congestion in Hongdea is 
내선 :17:00 - 4.5, 17:30 - 104.7, 18:00 - 119.3, 18:30 - 47.6, 19:00 - 91.2, 19:30 - 98.2. mean congestion is 77.6. During this time period, the congestion level is moderate, so you may occasionally experience some inconvenience when moving around.
외선 :17:00 - 51.3, 17:30 - 95.7, 18:00 - 100.7, 18:30 - 110.1, 19:00 - 3.7, 19:30 - 19.9. mean congestion is 63.6. During this time period, the congestion level is moderate, so you may occasionally experience some inconvenience when moving around.
"
465,How busy is Hongdea around Daybreak?,"The requested Daybreak congestion in Hongdea is 
내선 :5:30 - 36.7, 6:00 - 68.4, 6:30 - 73.2. mean congestion is 59.4. During this time period, the congestion level is moderate, so you may occasionally experience some inconvenience when moving around.
외선 :5:30 - 92.6, 6:00 - 116.7, 6:30 - 78.6. mean congestion is 96.0. This time period is crowded, so we recommend visiting during a different time.
"
466,What’s the Afternoon peak traffic like in Gangnam?,"The requested Afternoon peak congestion in Gangnam is 
내선 :17:00 - 75.9, 17:30 - 74.9, 18:00 - 50.9, 18:30 - 110.7, 19:00 - 123.3, 19:30 - 23.9. mean congestion is 76.6. During this time period, the congestion level is moderate, so you may occasionally experience some inconvenience when moving around.
외선 :17:00 - 60.3, 17:30 - 68.3, 18:00 - 86.0, 18:30 - 113.3, 19:00 - 109.3, 19:30 - 86.5. mean congestion is 87.3. This time period is crowded, so we recommend visiting during a different time.
"
467,What’s the Noon hour traffic like in Myeongdong?,"The requested Noon hour congestion in Myeongdong is 
내선 :12:00 - 48.8, 12:30 - 43.8, 13:00 - 0.5, 13:30 - 40.1, 14:00 - 19.1, 14:30 - 100.2. mean congestion is 42.1. This time period is not busy, so it's a good time to visit.
외선 :12:00 - 82.1, 12:30 - 53.1, 13:00 - 68.5, 13:30 - 114.6, 14:00 - 92.3, 14:30 - 32.4. mean congestion is 73.8. During this time period, the congestion level is moderate, so you may occasionally experience some inconvenience when moving around.
"
468,How full does Gangnam get during Early bird hours?,"The requested Early bird hours congestion in Gangnam is 
상선 :7:00 - 122.6, 7:30 - 39.6, 8:00 - 0.3, 8:30 - 21.1, 9:00 - 34.6, 9:30 - 94.4. mean congestion is 52.1. During this time period, the congestion level is moderate, so you may occasionally experience some inconvenience when moving around.
하선 :7:00 - 109.4, 7:30 - 90.3, 8:00 - 42.6, 8:30 - 22.0, 9:00 - 124.1, 9:30 - 123.7. mean congestion is 85.4. This time period is crowded, so we recommend visiting during a different time.
"
469,What’s the Midday traffic like in Myeongdong?,"The requested Midday congestion in Myeongdong is 
내선 :12:00 - 5.5, 12:30 - 5.2, 13:00 - 63.9, 13:30 - 65.8, 14:00 - 103.5, 14:30 - 3.6. mean congestion is 41.2. This time period is not busy, so it's a good time to visit.
외선 :12:00 - 109.5, 12:30 - 18.2, 13:00 - 77.1, 13:30 - 67.1, 14:00 - 45.2, 14:30 - 30.8. mean congestion is 58.0. During this time period, the congestion level is moderate, so you may occasionally experience some inconvenience when moving around.
"
470,What’s the crowd situation in Myeongdong at Twilight commute?,"The requested Twilight commute congestion in Myeongdong is 
상선 :17:00 - 72.4, 17:30 - 122.3, 18:00 - 56.3, 18:30 - 9.9, 19:00 - 33.7, 19:30 - 124.0. mean congestion is 69.8. During this time period, the congestion level is moderate, so you may occasionally experience some inconvenience when moving around.
하선 :17:00 - 67.2, 17:30 - 107.5, 18:00 - 8.0, 18:30 - 23.4, 19:00 - 60.6, 19:30 - 11.0. mean congestion is 46.3. This time period is not busy, so it's a good time to visit.
"
471,How crowded is Gangnam usually at Evening commute?,"The requested Evening commute congestion in Gangnam is 
상선 :17:00 - 29.8, 17:30 - 99.3, 18:00 - 69.6, 18:30 - 91.8, 19:00 - 39.7, 19:30 - 9.6. mean congestion is 56.6. During this time period, the congestion level is moderate, so you may occasionally experience some inconvenience when moving around.
하선 :17:00 - 6.8, 17:30 - 20.8, 18:00 - 41.3, 18:30 - 93.4, 19:00 - 61.1, 19:30 - 1.9. mean congestion is 37.6. This time period is not busy, so it's a good time to visit.
"
472,How crowded is Gangnam usually at Commuter time?,"The requested Commuter time congestion in Gangnam is 
내선 :7:00 - 2.1, 7:30 - 67.0, 8:00 - 88.3, 8:30 - 84.1, 9:00 - 90.7, 9:30 - 123.4, 17:00 - 2.8, 17:30 - 45.2, 18:00 - 58.0, 18:30 - 30.1, 19:00 - 68.6, 19:30 - 53.5. mean congestion is 59.5. During this time period, the congestion level is moderate, so you may occasionally experience some inconvenience when moving around.
외선 :7:00 - 11.3, 7:30 - 56.8, 8:00 - 58.4, 8:30 - 5.1, 9:00 - 32.5, 9:30 - 53.4, 17:00 - 74.1, 17:30 - 118.7, 18:00 - 0.8, 18:30 - 121.8, 19:00 - 45.9, 19:30 - 53.9. mean congestion is 52.7. During this time period, the congestion level is moderate, so you may occasionally experience some inconvenience when moving around.
"
473,What are the crowds like in Hongdea during Afternoon traffic?,"The requested Afternoon traffic congestion in Hongdea is 
내선 :17:00 - 87.3, 17:30 - 6.8, 18:00 - 91.4, 18:30 - 84.1, 19:00 - 20.8, 19:30 - 92.0. mean congestion is 63.7. During this time period, the congestion level is moderate, so you may occasionally experience some inconvenience when moving around.
외선 :17:00 - 64.5, 17:30 - 27.6, 18:00 - 77.8, 18:30 - 64.1, 19:00 - 124.1, 19:30 - 121.2. mean congestion is 79.9. During this time period, the congestion level is moderate, so you may occasionally experience some inconvenience when moving around.
"
474,What are the crowds like in Hongdea during Twilight commute?,"The requested Twilight commute congestion in Hongdea is 
내선 :17:00 - 53.0, 17:30 - 42.8, 18:00 - 101.5, 18:30 - 7.3, 19:00 - 90.5, 19:30 - 94.8. mean congestion is 65.0. During this time period, the congestion level is moderate, so you may occasionally experience some inconvenience when moving around.
외선 :17:00 - 30.8, 17:30 - 92.4, 18:00 - 47.2, 18:30 - 30.2, 19:00 - 97.1, 19:30 - 1.8. mean congestion is 49.9. This time period is not busy, so it's a good time to visit.
"
475,How are the crowds in Hongdea at Brunch hour?,"The requested Brunch hour congestion in Hongdea is 
내선 :10:00 - 22.0, 10:30 - 47.0, 11:00 - 15.1, 11:30 - 39.2. mean congestion is 30.8. This time period is not busy, so it's a good time to visit.
외선 :10:00 - 100.2, 10:30 - 70.4, 11:00 - 50.6, 11:30 - 44.9. mean congestion is 66.5. During this time period, the congestion level is moderate, so you may occasionally experience some inconvenience when moving around.
"
476,What’s the High traffic time traffic like in Hongdea?,"The requested High traffic time congestion in Hongdea is 
내선 :7:00 - 124.4, 7:30 - 53.7, 8:00 - 53.6, 8:30 - 65.2, 9:00 - 13.3, 9:30 - 18.7, 17:00 - 121.8, 17:30 - 107.4, 18:00 - 15.7, 18:30 - 56.3, 19:00 - 72.4, 19:30 - 112.3. mean congestion is 67.9. During this time period, the congestion level is moderate, so you may occasionally experience some inconvenience when moving around.
외선 :7:00 - 86.3, 7:30 - 2.6, 8:00 - 24.8, 8:30 - 75.1, 9:00 - 48.4, 9:30 - 109.3, 17:00 - 120.0, 17:30 - 67.1, 18:00 - 114.4, 18:30 - 27.7, 19:00 - 123.9, 19:30 - 119.9. mean congestion is 76.6. During this time period, the congestion level is moderate, so you may occasionally experience some inconvenience when moving around.
"
477,What’s the crowd situation in Myeongdong at Sunset hours?,"The requested Sunset hours congestion in Myeongdong is 
내선 :17:00 - 63.5, 17:30 - 35.2, 18:00 - 35.6, 18:30 - 36.9, 19:00 - 10.9, 19:30 - 25.0. mean congestion is 34.5. This time period is not busy, so it's a good time to visit.
외선 :17:00 - 30.1, 17:30 - 125.1, 18:00 - 17.8, 18:30 - 45.7, 19:00 - 85.3, 19:30 - 98.0. mean congestion is 67.0. During this time period, the congestion level is moderate, so you may occasionally experience some inconvenience when moving around.
"
478,How crowded is Myeongdong usually at Evening rush?,"The requested Evening rush congestion in Myeongdong is 
상선 :17:00 - 54.5, 17:30 - 86.8, 18:00 - 27.1, 18:30 - 62.4, 19:00 - 38.6, 19:30 - 41.9. mean congestion is 51.9. During this time period, the congestion level is moderate, so you may occasionally experience some inconvenience when moving around.
하선 :17:00 - 76.8, 17:30 - 27.6, 18:00 - 9.4, 18:30 - 90.6, 19:00 - 78.4, 19:30 - 76.7. mean congestion is 59.9. During this time period, the congestion level is moderate, so you may occasionally experience some inconvenience when moving around.
"
479,How dense is the crowd in Myeongdong around Evening commute?,"The requested Evening commute congestion in Myeongdong is 
상선 :17:00 - 122.9, 17:30 - 111.6, 18:00 - 33.1, 18:30 - 129.3, 19:00 - 6.8, 19:30 - 15.9. mean congestion is 69.9. During this time period, the congestion level is moderate, so you may occasionally experience some inconvenience when moving around.
하선 :17:00 - 11.1, 17:30 - 75.6, 18:00 - 15.1, 18:30 - 34.6, 19:00 - 52.1, 19:30 - 5.8. mean congestion is 32.4. This time period is not busy, so it's a good time to visit.
"
480,How crowded is Hongdea around Evening peak?,"The requested Evening peak congestion in Hongdea is 
상선 :17:00 - 84.3, 17:30 - 84.6, 18:00 - 32.3, 18:30 - 85.4, 19:00 - 57.5, 19:30 - 47.8. mean congestion is 65.3. During this time period, the congestion level is moderate, so you may occasionally experience some inconvenience when moving around.
하선 :17:00 - 102.1, 17:30 - 43.5, 18:00 - 106.9, 18:30 - 96.6, 19:00 - 95.6, 19:30 - 78.8. mean congestion is 87.2. This time period is crowded, so we recommend visiting during a different time.
"
481,What’s the foot traffic in Gangnam during High traffic time?,"The requested High traffic time congestion in Gangnam is 
내선 :7:00 - 107.4, 7:30 - 36.2, 8:00 - 104.7, 8:30 - 35.2, 9:00 - 101.7, 9:30 - 22.5, 17:00 - 73.1, 17:30 - 47.5, 18:00 - 61.6, 18:30 - 38.7, 19:00 - 80.1, 19:30 - 80.2. mean congestion is 65.7. During this time period, the congestion level is moderate, so you may occasionally experience some inconvenience when moving around.
외선 :7:00 - 40.1, 7:30 - 6.2, 8:00 - 81.5, 8:30 - 95.9, 9:00 - 128.1, 9:30 - 70.9, 17:00 - 64.9, 17:30 - 99.9, 18:00 - 104.4, 18:30 - 79.8, 19:00 - 87.1, 19:30 - 31.1. mean congestion is 74.2. During this time period, the congestion level is moderate, so you may occasionally experience some inconvenience when moving around.
"
482,What’s the crowd situation in Myeongdong at Peak travel time?,"The requested Peak travel time congestion in Myeongdong is 
내선 :7:00 - 119.2, 7:30 - 127.3, 8:00 - 34.5, 8:30 - 39.4, 9:00 - 94.5, 9:30 - 48.0, 17:00 - 128.2, 17:30 - 112.1, 18:00 - 65.7, 18:30 - 112.7, 19:00 - 36.6, 19:30 - 79.5. mean congestion is 83.1. This time period is crowded, so we recommend visiting during a different time.
외선 :7:00 - 43.5, 7:30 - 76.5, 8:00 - 102.7, 8:30 - 36.4, 9:00 - 6.0, 9:30 - 102.0, 17:00 - 13.8, 17:30 - 39.1, 18:00 - 120.5, 18:30 - 47.2, 19:00 - 53.1, 19:30 - 36.8. mean congestion is 56.5. During this time period, the congestion level is moderate, so you may occasionally experience some inconvenience when moving around.
"
483,How full does Gangnam get during Evening peak?,"The requested Evening peak congestion in Gangnam is 
상선 :17:00 - 10.2, 17:30 - 103.4, 18:00 - 61.6, 18:30 - 15.2, 19:00 - 66.9, 19:30 - 93.3. mean congestion is 58.4. During this time period, the congestion level is moderate, so you may occasionally experience some inconvenience when moving around.
하선 :17:00 - 36.5, 17:30 - 34.0, 18:00 - 129.9, 18:30 - 76.4, 19:00 - 103.9, 19:30 - 125.5. mean congestion is 84.4. This time period is crowded, so we recommend visiting during a different time.
"
484,How crowded is Hongdea usually at Midday?,"The requested Midday congestion in Hongdea is 
내선 :12:00 - 128.9, 12:30 - 95.9, 13:00 - 46.7, 13:30 - 113.7, 14:00 - 88.7, 14:30 - 75.5. mean congestion is 91.6. This time period is crowded, so we recommend visiting during a different time.
외선 :12:00 - 2.7, 12:30 - 22.4, 13:00 - 5.2, 13:30 - 48.4, 14:00 - 106.0, 14:30 - 96.3. mean congestion is 46.8. This time period is not busy, so it's a good time to visit.
"
485,What are the crowds like in Hongdea during Dinner time?,"The requested Dinner time congestion in Hongdea is 
내선 :17:00 - 51.9, 17:30 - 126.1, 18:00 - 73.0, 18:30 - 25.7, 19:00 - 4.6, 19:30 - 90.4. mean congestion is 62.0. During this time period, the congestion level is moderate, so you may occasionally experience some inconvenience when moving around.
외선 :17:00 - 55.4, 17:30 - 89.7, 18:00 - 60.9, 18:30 - 63.7, 19:00 - 75.5, 19:30 - 116.7. mean congestion is 77.0. During this time period, the congestion level is moderate, so you may occasionally experience some inconvenience when moving around.
"
486,Is Gangnam packed around Evening commute?,"The requested Evening commute congestion in Gangnam is 
내선 :17:00 - 66.0, 17:30 - 0.4, 18:00 - 19.4, 18:30 - 44.1, 19:00 - 57.7, 19:30 - 128.6. mean congestion is 52.7. During this time period, the congestion level is moderate, so you may occasionally experience some inconvenience when moving around.
외선 :17:00 - 69.4, 17:30 - 43.4, 18:00 - 60.9, 18:30 - 109.2, 19:00 - 30.6, 19:30 - 98.8. mean congestion is 68.7. During this time period, the congestion level is moderate, so you may occasionally experience some inconvenience when moving around.
"
487,What’s the congestion like in Gangnam at Lunchtime rush?,"The requested Lunchtime rush congestion in Gangnam is 
내선 :12:00 - 64.0, 12:30 - 119.3, 13:00 - 1.3, 13:30 - 74.3, 14:00 - 65.0, 14:30 - 100.9. mean congestion is 70.8. During this time period, the congestion level is moderate, so you may occasionally experience some inconvenience when moving around.
외선 :12:00 - 121.3, 12:30 - 50.8, 13:00 - 93.6, 13:30 - 85.5, 14:00 - 99.8, 14:30 - 52.0. mean congestion is 83.8. This time period is crowded, so we recommend visiting during a different time.
"
488,What’s the crowd level in Hongdea during Evening peak?,"The requested Evening peak congestion in Hongdea is 
내선 :17:00 - 79.8, 17:30 - 129.6, 18:00 - 9.9, 18:30 - 59.7, 19:00 - 98.3, 19:30 - 40.0. mean congestion is 69.6. During this time period, the congestion level is moderate, so you may occasionally experience some inconvenience when moving around.
외선 :17:00 - 57.0, 17:30 - 108.0, 18:00 - 93.2, 18:30 - 74.4, 19:00 - 68.1, 19:30 - 129.0. mean congestion is 88.3. This time period is crowded, so we recommend visiting during a different time.
"
489,What’s the people flow in Myeongdong around Late afternoon?,"The requested Late afternoon congestion in Myeongdong is 
내선 :12:00 - 50.9, 12:30 - 90.5, 13:00 - 45.4, 13:30 - 90.9, 14:00 - 44.4, 14:30 - 95.4. mean congestion is 69.6. During this time period, the congestion level is moderate, so you may occasionally experience some inconvenience when moving around.
외선 :12:00 - 128.8, 12:30 - 111.4, 13:00 - 59.6, 13:30 - 27.8, 14:00 - 18.2, 14:30 - 91.5. mean congestion is 72.9. During this time period, the congestion level is moderate, so you may occasionally experience some inconvenience when moving around.
"
490,What’s the people flow in Myeongdong around Midday?,"The requested Midday congestion in Myeongdong is 
상선 :12:00 - 83.7, 12:30 - 47.6, 13:00 - 81.3, 13:30 - 43.0, 14:00 - 52.9, 14:30 - 110.0. mean congestion is 69.8. During this time period, the congestion level is moderate, so you may occasionally experience some inconvenience when moving around.
하선 :12:00 - 37.8, 12:30 - 30.3, 13:00 - 90.1, 13:30 - 117.5, 14:00 - 72.4, 14:30 - 96.3. mean congestion is 74.1. During this time period, the congestion level is moderate, so you may occasionally experience some inconvenience when moving around.
"
491,Is Hongdea busy around Morning rush hour?,"The requested Morning rush hour congestion in Hongdea is 
상선 :7:00 - 118.8, 7:30 - 15.8, 8:00 - 10.6, 8:30 - 21.5, 9:00 - 116.6, 9:30 - 109.2. mean congestion is 65.4. During this time period, the congestion level is moderate, so you may occasionally experience some inconvenience when moving around.
하선 :7:00 - 91.2, 7:30 - 9.1, 8:00 - 47.5, 8:30 - 83.6, 9:00 - 100.8, 9:30 - 58.1. mean congestion is 65.0. During this time period, the congestion level is moderate, so you may occasionally experience some inconvenience when moving around.
"
492,What’s the crowd situation in Gangnam at Daybreak?,"The requested Daybreak congestion in Gangnam is 
내선 :5:30 - 72.0, 6:00 - 97.0, 6:30 - 14.4. mean congestion is 61.1. During this time period, the congestion level is moderate, so you may occasionally experience some inconvenience when moving around.
외선 :5:30 - 44.4, 6:00 - 101.5, 6:30 - 23.1. mean congestion is 56.3. During this time period, the congestion level is moderate, so you may occasionally experience some inconvenience when moving around.
"
493,What’s the Morning rush hour traffic like in Gangnam?,"The requested Morning rush hour congestion in Gangnam is 
내선 :7:00 - 91.5, 7:30 - 37.3, 8:00 - 85.6, 8:30 - 98.7, 9:00 - 122.9, 9:30 - 118.0. mean congestion is 92.3. This time period is crowded, so we recommend visiting during a different time.
외선 :7:00 - 2.8, 7:30 - 46.4, 8:00 - 45.0, 8:30 - 107.5, 9:00 - 65.9, 9:30 - 125.4. mean congestion is 65.5. During this time period, the congestion level is moderate, so you may occasionally experience some inconvenience when moving around.
"
494,What’s the people flow in Hongdea around Golden hour?,"The requested Golden hour congestion in Hongdea is 
내선 :7:00 - 46.7, 7:30 - 96.4, 8:00 - 63.5, 8:30 - 53.0, 9:00 - 16.2, 9:30 - 26.9, 17:00 - 17.7, 17:30 - 105.5, 18:00 - 11.3, 18:30 - 82.6, 19:00 - 15.6, 19:30 - 98.5. mean congestion is 52.8. During this time period, the congestion level is moderate, so you may occasionally experience some inconvenience when moving around.
외선 :7:00 - 69.6, 7:30 - 58.2, 8:00 - 91.0, 8:30 - 41.2, 9:00 - 74.4, 9:30 - 4.9, 17:00 - 128.6, 17:30 - 40.3, 18:00 - 78.8, 18:30 - 108.5, 19:00 - 97.0, 19:30 - 123.6. mean congestion is 76.3. During this time period, the congestion level is moderate, so you may occasionally experience some inconvenience when moving around.
"
495,How packed does Myeongdong get around Noon hour?,"The requested Noon hour congestion in Myeongdong is 
내선 :12:00 - 60.5, 12:30 - 50.7, 13:00 - 120.1, 13:30 - 17.8, 14:00 - 33.6, 14:30 - 101.9. mean congestion is 64.1. During this time period, the congestion level is moderate, so you may occasionally experience some inconvenience when moving around.
외선 :12:00 - 12.9, 12:30 - 12.1, 13:00 - 53.0, 13:30 - 125.1, 14:00 - 100.1, 14:30 - 101.4. mean congestion is 67.4. During this time period, the congestion level is moderate, so you may occasionally experience some inconvenience when moving around.
"
496,How dense is the crowd in Gangnam around Early morning?,"The requested Early morning congestion in Gangnam is 
상선 :5:30 - 13.9, 6:00 - 124.8, 6:30 - 112.3. mean congestion is 83.7. This time period is crowded, so we recommend visiting during a different time.
하선 :5:30 - 88.3, 6:00 - 25.3, 6:30 - 17.7. mean congestion is 43.8. This time period is not busy, so it's a good time to visit.
"
497,How are the crowds in Myeongdong at Midday?,"The requested Midday congestion in Myeongdong is 
내선 :12:00 - 83.6, 12:30 - 102.5, 13:00 - 5.8, 13:30 - 58.1, 14:00 - 2.1, 14:30 - 12.8. mean congestion is 44.2. This time period is not busy, so it's a good time to visit.
외선 :12:00 - 3.1, 12:30 - 15.3, 13:00 - 71.4, 13:30 - 29.4, 14:00 - 21.0, 14:30 - 51.1. mean congestion is 31.9. This time period is not busy, so it's a good time to visit.
"
498,What’s the crowd flow like in Gangnam during Golden hour?,"The requested Golden hour congestion in Gangnam is 
상선 :7:00 - 10.2, 7:30 - 16.9, 8:00 - 43.9, 8:30 - 18.9, 9:00 - 53.7, 9:30 - 25.2, 17:00 - 71.5, 17:30 - 111.5, 18:00 - 50.9, 18:30 - 32.9, 19:00 - 128.7, 19:30 - 42.1. mean congestion is 50.5. During this time period, the congestion level is moderate, so you may occasionally experience some inconvenience when moving around.
하선 :7:00 - 120.7, 7:30 - 54.4, 8:00 - 123.8, 8:30 - 76.6, 9:00 - 15.1, 9:30 - 2.6, 17:00 - 39.3, 17:30 - 45.0, 18:00 - 64.5, 18:30 - 95.3, 19:00 - 124.4, 19:30 - 112.0. mean congestion is 72.8. During this time period, the congestion level is moderate, so you may occasionally experience some inconvenience when moving around.
"
499,How packed does Myeongdong get around Evening rush?,"The requested Evening rush congestion in Myeongdong is 
내선 :17:00 - 63.7, 17:30 - 54.3, 18:00 - 18.8, 18:30 - 126.5, 19:00 - 21.2, 19:30 - 116.7. mean congestion is 66.9. During this time period, the congestion level is moderate, so you may occasionally experience some inconvenience when moving around.
외선 :17:00 - 99.7, 17:30 - 67.0, 18:00 - 102.9, 18:30 - 72.5, 19:00 - 62.3, 19:30 - 38.6. mean congestion is 73.8. During this time period, the congestion level is moderate, so you may occasionally experience some inconvenience when moving around.
"
