사용일자,노선명,역명,승차총승객수,하차총승객수,승하차 차이,week,weekend&public holiday,time
2023-01-01,4호선,명동,21608,23356,-1748,6,1,00
2023-01-01,4호선,명동,21608,23356,-1748,6,1,01
2023-01-01,4호선,명동,21608,23356,-1748,6,1,02
2023-01-01,4호선,명동,21608,23356,-1748,6,1,03
2023-01-01,4호선,명동,21608,23356,-1748,6,1,04
2023-01-01,4호선,명동,21608,23356,-1748,6,1,05
2023-01-01,4호선,명동,21608,23356,-1748,6,1,06
2023-01-01,4호선,명동,21608,23356,-1748,6,1,07
2023-01-01,4호선,명동,21608,23356,-1748,6,1,08
2023-01-01,4호선,명동,21608,23356,-1748,6,1,09
2023-01-01,4호선,명동,21608,23356,-1748,6,1,10
2023-01-01,4호선,명동,21608,23356,-1748,6,1,11
2023-01-01,4호선,명동,21608,23356,-1748,6,1,12
2023-01-01,4호선,명동,21608,23356,-1748,6,1,13
2023-01-01,4호선,명동,21608,23356,-1748,6,1,14
2023-01-01,4호선,명동,21608,23356,-1748,6,1,15
2023-01-01,4호선,명동,21608,23356,-1748,6,1,16
2023-01-01,4호선,명동,21608,23356,-1748,6,1,17
2023-01-01,4호선,명동,21608,23356,-1748,6,1,18
2023-01-01,4호선,명동,21608,23356,-1748,6,1,19
2023-01-01,4호선,명동,21608,23356,-1748,6,1,20
2023-01-01,4호선,명동,21608,23356,-1748,6,1,21
2023-01-01,4호선,명동,21608,23356,-1748,6,1,22
2023-01-01,4호선,명동,21608,23356,-1748,6,1,23
2023-01-02,4호선,명동,26155,26634,-479,0,0,00
2023-01-02,4호선,명동,26155,26634,-479,0,0,01
2023-01-02,4호선,명동,26155,26634,-479,0,0,02
2023-01-02,4호선,명동,26155,26634,-479,0,0,03
2023-01-02,4호선,명동,26155,26634,-479,0,0,04
2023-01-02,4호선,명동,26155,26634,-479,0,0,05
2023-01-02,4호선,명동,26155,26634,-479,0,0,06
2023-01-02,4호선,명동,26155,26634,-479,0,0,07
2023-01-02,4호선,명동,26155,26634,-479,0,0,08
2023-01-02,4호선,명동,26155,26634,-479,0,0,09
2023-01-02,4호선,명동,26155,26634,-479,0,0,10
2023-01-02,4호선,명동,26155,26634,-479,0,0,11
2023-01-02,4호선,명동,26155,26634,-479,0,0,12
2023-01-02,4호선,명동,26155,26634,-479,0,0,13
2023-01-02,4호선,명동,26155,26634,-479,0,0,14
2023-01-02,4호선,명동,26155,26634,-479,0,0,15
2023-01-02,4호선,명동,26155,26634,-479,0,0,16
2023-01-02,4호선,명동,26155,26634,-479,0,0,17
2023-01-02,4호선,명동,26155,26634,-479,0,0,18
2023-01-02,4호선,명동,26155,26634,-479,0,0,19
2023-01-02,4호선,명동,26155,26634,-479,0,0,20
2023-01-02,4호선,명동,26155,26634,-479,0,0,21
2023-01-02,4호선,명동,26155,26634,-479,0,0,22
2023-01-02,4호선,명동,26155,26634,-479,0,0,23
2023-01-03,4호선,명동,26088,27011,-923,1,0,00
2023-01-03,4호선,명동,26088,27011,-923,1,0,01
2023-01-03,4호선,명동,26088,27011,-923,1,0,02
2023-01-03,4호선,명동,26088,27011,-923,1,0,03
2023-01-03,4호선,명동,26088,27011,-923,1,0,04
2023-01-03,4호선,명동,26088,27011,-923,1,0,05
2023-01-03,4호선,명동,26088,27011,-923,1,0,06
2023-01-03,4호선,명동,26088,27011,-923,1,0,07
2023-01-03,4호선,명동,26088,27011,-923,1,0,08
2023-01-03,4호선,명동,26088,27011,-923,1,0,09
2023-01-03,4호선,명동,26088,27011,-923,1,0,10
2023-01-03,4호선,명동,26088,27011,-923,1,0,11
2023-01-03,4호선,명동,26088,27011,-923,1,0,12
2023-01-03,4호선,명동,26088,27011,-923,1,0,13
2023-01-03,4호선,명동,26088,27011,-923,1,0,14
2023-01-03,4호선,명동,26088,27011,-923,1,0,15
2023-01-03,4호선,명동,26088,27011,-923,1,0,16
2023-01-03,4호선,명동,26088,27011,-923,1,0,17
2023-01-03,4호선,명동,26088,27011,-923,1,0,18
2023-01-03,4호선,명동,26088,27011,-923,1,0,19
2023-01-03,4호선,명동,26088,27011,-923,1,0,20
2023-01-03,4호선,명동,26088,27011,-923,1,0,21
2023-01-03,4호선,명동,26088,27011,-923,1,0,22
2023-01-03,4호선,명동,26088,27011,-923,1,0,23
2023-01-04,4호선,명동,25781,26909,-1128,2,0,00
2023-01-04,4호선,명동,25781,26909,-1128,2,0,01
2023-01-04,4호선,명동,25781,26909,-1128,2,0,02
2023-01-04,4호선,명동,25781,26909,-1128,2,0,03
2023-01-04,4호선,명동,25781,26909,-1128,2,0,04
2023-01-04,4호선,명동,25781,26909,-1128,2,0,05
2023-01-04,4호선,명동,25781,26909,-1128,2,0,06
2023-01-04,4호선,명동,25781,26909,-1128,2,0,07
2023-01-04,4호선,명동,25781,26909,-1128,2,0,08
2023-01-04,4호선,명동,25781,26909,-1128,2,0,09
2023-01-04,4호선,명동,25781,26909,-1128,2,0,10
2023-01-04,4호선,명동,25781,26909,-1128,2,0,11
2023-01-04,4호선,명동,25781,26909,-1128,2,0,12
2023-01-04,4호선,명동,25781,26909,-1128,2,0,13
2023-01-04,4호선,명동,25781,26909,-1128,2,0,14
2023-01-04,4호선,명동,25781,26909,-1128,2,0,15
2023-01-04,4호선,명동,25781,26909,-1128,2,0,16
2023-01-04,4호선,명동,25781,26909,-1128,2,0,17
2023-01-04,4호선,명동,25781,26909,-1128,2,0,18
2023-01-04,4호선,명동,25781,26909,-1128,2,0,19
2023-01-04,4호선,명동,25781,26909,-1128,2,0,20
2023-01-04,4호선,명동,25781,26909,-1128,2,0,21
2023-01-04,4호선,명동,25781,26909,-1128,2,0,22
2023-01-04,4호선,명동,25781,26909,-1128,2,0,23
2023-01-05,4호선,명동,25159,26493,-1334,3,0,00
2023-01-05,4호선,명동,25159,26493,-1334,3,0,01
2023-01-05,4호선,명동,25159,26493,-1334,3,0,02
2023-01-05,4호선,명동,25159,26493,-1334,3,0,03
2023-01-05,4호선,명동,25159,26493,-1334,3,0,04
2023-01-05,4호선,명동,25159,26493,-1334,3,0,05
2023-01-05,4호선,명동,25159,26493,-1334,3,0,06
2023-01-05,4호선,명동,25159,26493,-1334,3,0,07
2023-01-05,4호선,명동,25159,26493,-1334,3,0,08
2023-01-05,4호선,명동,25159,26493,-1334,3,0,09
2023-01-05,4호선,명동,25159,26493,-1334,3,0,10
2023-01-05,4호선,명동,25159,26493,-1334,3,0,11
2023-01-05,4호선,명동,25159,26493,-1334,3,0,12
2023-01-05,4호선,명동,25159,26493,-1334,3,0,13
2023-01-05,4호선,명동,25159,26493,-1334,3,0,14
2023-01-05,4호선,명동,25159,26493,-1334,3,0,15
2023-01-05,4호선,명동,25159,26493,-1334,3,0,16
2023-01-05,4호선,명동,25159,26493,-1334,3,0,17
2023-01-05,4호선,명동,25159,26493,-1334,3,0,18
2023-01-05,4호선,명동,25159,26493,-1334,3,0,19
2023-01-05,4호선,명동,25159,26493,-1334,3,0,20
2023-01-05,4호선,명동,25159,26493,-1334,3,0,21
2023-01-05,4호선,명동,25159,26493,-1334,3,0,22
2023-01-05,4호선,명동,25159,26493,-1334,3,0,23
2023-01-06,4호선,명동,26390,27983,-1593,4,0,00
2023-01-06,4호선,명동,26390,27983,-1593,4,0,01
2023-01-06,4호선,명동,26390,27983,-1593,4,0,02
2023-01-06,4호선,명동,26390,27983,-1593,4,0,03
2023-01-06,4호선,명동,26390,27983,-1593,4,0,04
2023-01-06,4호선,명동,26390,27983,-1593,4,0,05
2023-01-06,4호선,명동,26390,27983,-1593,4,0,06
2023-01-06,4호선,명동,26390,27983,-1593,4,0,07
2023-01-06,4호선,명동,26390,27983,-1593,4,0,08
2023-01-06,4호선,명동,26390,27983,-1593,4,0,09
2023-01-06,4호선,명동,26390,27983,-1593,4,0,10
2023-01-06,4호선,명동,26390,27983,-1593,4,0,11
2023-01-06,4호선,명동,26390,27983,-1593,4,0,12
2023-01-06,4호선,명동,26390,27983,-1593,4,0,13
2023-01-06,4호선,명동,26390,27983,-1593,4,0,14
2023-01-06,4호선,명동,26390,27983,-1593,4,0,15
2023-01-06,4호선,명동,26390,27983,-1593,4,0,16
2023-01-06,4호선,명동,26390,27983,-1593,4,0,17
2023-01-06,4호선,명동,26390,27983,-1593,4,0,18
2023-01-06,4호선,명동,26390,27983,-1593,4,0,19
2023-01-06,4호선,명동,26390,27983,-1593,4,0,20
2023-01-06,4호선,명동,26390,27983,-1593,4,0,21
2023-01-06,4호선,명동,26390,27983,-1593,4,0,22
2023-01-06,4호선,명동,26390,27983,-1593,4,0,23
2023-01-07,4호선,명동,21707,25064,-3357,5,1,00
2023-01-07,4호선,명동,21707,25064,-3357,5,1,01
2023-01-07,4호선,명동,21707,25064,-3357,5,1,02
2023-01-07,4호선,명동,21707,25064,-3357,5,1,03
2023-01-07,4호선,명동,21707,25064,-3357,5,1,04
2023-01-07,4호선,명동,21707,25064,-3357,5,1,05
2023-01-07,4호선,명동,21707,25064,-3357,5,1,06
2023-01-07,4호선,명동,21707,25064,-3357,5,1,07
2023-01-07,4호선,명동,21707,25064,-3357,5,1,08
2023-01-07,4호선,명동,21707,25064,-3357,5,1,09
2023-01-07,4호선,명동,21707,25064,-3357,5,1,10
2023-01-07,4호선,명동,21707,25064,-3357,5,1,11
2023-01-07,4호선,명동,21707,25064,-3357,5,1,12
2023-01-07,4호선,명동,21707,25064,-3357,5,1,13
2023-01-07,4호선,명동,21707,25064,-3357,5,1,14
2023-01-07,4호선,명동,21707,25064,-3357,5,1,15
2023-01-07,4호선,명동,21707,25064,-3357,5,1,16
2023-01-07,4호선,명동,21707,25064,-3357,5,1,17
2023-01-07,4호선,명동,21707,25064,-3357,5,1,18
2023-01-07,4호선,명동,21707,25064,-3357,5,1,19
2023-01-07,4호선,명동,21707,25064,-3357,5,1,20
2023-01-07,4호선,명동,21707,25064,-3357,5,1,21
2023-01-07,4호선,명동,21707,25064,-3357,5,1,22
2023-01-07,4호선,명동,21707,25064,-3357,5,1,23
2023-01-08,4호선,명동,18747,20461,-1714,6,1,00
2023-01-08,4호선,명동,18747,20461,-1714,6,1,01
2023-01-08,4호선,명동,18747,20461,-1714,6,1,02
2023-01-08,4호선,명동,18747,20461,-1714,6,1,03
2023-01-08,4호선,명동,18747,20461,-1714,6,1,04
2023-01-08,4호선,명동,18747,20461,-1714,6,1,05
2023-01-08,4호선,명동,18747,20461,-1714,6,1,06
2023-01-08,4호선,명동,18747,20461,-1714,6,1,07
2023-01-08,4호선,명동,18747,20461,-1714,6,1,08
2023-01-08,4호선,명동,18747,20461,-1714,6,1,09
2023-01-08,4호선,명동,18747,20461,-1714,6,1,10
2023-01-08,4호선,명동,18747,20461,-1714,6,1,11
2023-01-08,4호선,명동,18747,20461,-1714,6,1,12
2023-01-08,4호선,명동,18747,20461,-1714,6,1,13
2023-01-08,4호선,명동,18747,20461,-1714,6,1,14
2023-01-08,4호선,명동,18747,20461,-1714,6,1,15
2023-01-08,4호선,명동,18747,20461,-1714,6,1,16
2023-01-08,4호선,명동,18747,20461,-1714,6,1,17
2023-01-08,4호선,명동,18747,20461,-1714,6,1,18
2023-01-08,4호선,명동,18747,20461,-1714,6,1,19
2023-01-08,4호선,명동,18747,20461,-1714,6,1,20
2023-01-08,4호선,명동,18747,20461,-1714,6,1,21
2023-01-08,4호선,명동,18747,20461,-1714,6,1,22
2023-01-08,4호선,명동,18747,20461,-1714,6,1,23
2023-01-09,4호선,명동,24524,25423,-899,0,0,00
2023-01-09,4호선,명동,24524,25423,-899,0,0,01
2023-01-09,4호선,명동,24524,25423,-899,0,0,02
2023-01-09,4호선,명동,24524,25423,-899,0,0,03
2023-01-09,4호선,명동,24524,25423,-899,0,0,04
2023-01-09,4호선,명동,24524,25423,-899,0,0,05
2023-01-09,4호선,명동,24524,25423,-899,0,0,06
2023-01-09,4호선,명동,24524,25423,-899,0,0,07
2023-01-09,4호선,명동,24524,25423,-899,0,0,08
2023-01-09,4호선,명동,24524,25423,-899,0,0,09
2023-01-09,4호선,명동,24524,25423,-899,0,0,10
2023-01-09,4호선,명동,24524,25423,-899,0,0,11
2023-01-09,4호선,명동,24524,25423,-899,0,0,12
2023-01-09,4호선,명동,24524,25423,-899,0,0,13
2023-01-09,4호선,명동,24524,25423,-899,0,0,14
2023-01-09,4호선,명동,24524,25423,-899,0,0,15
2023-01-09,4호선,명동,24524,25423,-899,0,0,16
2023-01-09,4호선,명동,24524,25423,-899,0,0,17
2023-01-09,4호선,명동,24524,25423,-899,0,0,18
2023-01-09,4호선,명동,24524,25423,-899,0,0,19
2023-01-09,4호선,명동,24524,25423,-899,0,0,20
2023-01-09,4호선,명동,24524,25423,-899,0,0,21
2023-01-09,4호선,명동,24524,25423,-899,0,0,22
2023-01-09,4호선,명동,24524,25423,-899,0,0,23
2023-01-10,4호선,명동,24664,25900,-1236,1,0,00
2023-01-10,4호선,명동,24664,25900,-1236,1,0,01
2023-01-10,4호선,명동,24664,25900,-1236,1,0,02
2023-01-10,4호선,명동,24664,25900,-1236,1,0,03
2023-01-10,4호선,명동,24664,25900,-1236,1,0,04
2023-01-10,4호선,명동,24664,25900,-1236,1,0,05
2023-01-10,4호선,명동,24664,25900,-1236,1,0,06
2023-01-10,4호선,명동,24664,25900,-1236,1,0,07
2023-01-10,4호선,명동,24664,25900,-1236,1,0,08
2023-01-10,4호선,명동,24664,25900,-1236,1,0,09
2023-01-10,4호선,명동,24664,25900,-1236,1,0,10
2023-01-10,4호선,명동,24664,25900,-1236,1,0,11
2023-01-10,4호선,명동,24664,25900,-1236,1,0,12
2023-01-10,4호선,명동,24664,25900,-1236,1,0,13
2023-01-10,4호선,명동,24664,25900,-1236,1,0,14
2023-01-10,4호선,명동,24664,25900,-1236,1,0,15
2023-01-10,4호선,명동,24664,25900,-1236,1,0,16
2023-01-10,4호선,명동,24664,25900,-1236,1,0,17
2023-01-10,4호선,명동,24664,25900,-1236,1,0,18
2023-01-10,4호선,명동,24664,25900,-1236,1,0,19
2023-01-10,4호선,명동,24664,25900,-1236,1,0,20
2023-01-10,4호선,명동,24664,25900,-1236,1,0,21
2023-01-10,4호선,명동,24664,25900,-1236,1,0,22
2023-01-10,4호선,명동,24664,25900,-1236,1,0,23
2023-01-11,4호선,명동,24856,26546,-1690,2,0,00
2023-01-11,4호선,명동,24856,26546,-1690,2,0,01
2023-01-11,4호선,명동,24856,26546,-1690,2,0,02
2023-01-11,4호선,명동,24856,26546,-1690,2,0,03
2023-01-11,4호선,명동,24856,26546,-1690,2,0,04
2023-01-11,4호선,명동,24856,26546,-1690,2,0,05
2023-01-11,4호선,명동,24856,26546,-1690,2,0,06
2023-01-11,4호선,명동,24856,26546,-1690,2,0,07
2023-01-11,4호선,명동,24856,26546,-1690,2,0,08
2023-01-11,4호선,명동,24856,26546,-1690,2,0,09
2023-01-11,4호선,명동,24856,26546,-1690,2,0,10
2023-01-11,4호선,명동,24856,26546,-1690,2,0,11
2023-01-11,4호선,명동,24856,26546,-1690,2,0,12
2023-01-11,4호선,명동,24856,26546,-1690,2,0,13
2023-01-11,4호선,명동,24856,26546,-1690,2,0,14
2023-01-11,4호선,명동,24856,26546,-1690,2,0,15
2023-01-11,4호선,명동,24856,26546,-1690,2,0,16
2023-01-11,4호선,명동,24856,26546,-1690,2,0,17
2023-01-11,4호선,명동,24856,26546,-1690,2,0,18
2023-01-11,4호선,명동,24856,26546,-1690,2,0,19
2023-01-11,4호선,명동,24856,26546,-1690,2,0,20
2023-01-11,4호선,명동,24856,26546,-1690,2,0,21
2023-01-11,4호선,명동,24856,26546,-1690,2,0,22
2023-01-11,4호선,명동,24856,26546,-1690,2,0,23
2023-01-12,4호선,명동,24660,26234,-1574,3,0,00
2023-01-12,4호선,명동,24660,26234,-1574,3,0,01
2023-01-12,4호선,명동,24660,26234,-1574,3,0,02
2023-01-12,4호선,명동,24660,26234,-1574,3,0,03
2023-01-12,4호선,명동,24660,26234,-1574,3,0,04
2023-01-12,4호선,명동,24660,26234,-1574,3,0,05
2023-01-12,4호선,명동,24660,26234,-1574,3,0,06
2023-01-12,4호선,명동,24660,26234,-1574,3,0,07
2023-01-12,4호선,명동,24660,26234,-1574,3,0,08
2023-01-12,4호선,명동,24660,26234,-1574,3,0,09
2023-01-12,4호선,명동,24660,26234,-1574,3,0,10
2023-01-12,4호선,명동,24660,26234,-1574,3,0,11
2023-01-12,4호선,명동,24660,26234,-1574,3,0,12
2023-01-12,4호선,명동,24660,26234,-1574,3,0,13
2023-01-12,4호선,명동,24660,26234,-1574,3,0,14
2023-01-12,4호선,명동,24660,26234,-1574,3,0,15
2023-01-12,4호선,명동,24660,26234,-1574,3,0,16
2023-01-12,4호선,명동,24660,26234,-1574,3,0,17
2023-01-12,4호선,명동,24660,26234,-1574,3,0,18
2023-01-12,4호선,명동,24660,26234,-1574,3,0,19
2023-01-12,4호선,명동,24660,26234,-1574,3,0,20
2023-01-12,4호선,명동,24660,26234,-1574,3,0,21
2023-01-12,4호선,명동,24660,26234,-1574,3,0,22
2023-01-12,4호선,명동,24660,26234,-1574,3,0,23
2023-01-13,4호선,명동,24970,26441,-1471,4,0,00
2023-01-13,4호선,명동,24970,26441,-1471,4,0,01
2023-01-13,4호선,명동,24970,26441,-1471,4,0,02
2023-01-13,4호선,명동,24970,26441,-1471,4,0,03
2023-01-13,4호선,명동,24970,26441,-1471,4,0,04
2023-01-13,4호선,명동,24970,26441,-1471,4,0,05
2023-01-13,4호선,명동,24970,26441,-1471,4,0,06
2023-01-13,4호선,명동,24970,26441,-1471,4,0,07
2023-01-13,4호선,명동,24970,26441,-1471,4,0,08
2023-01-13,4호선,명동,24970,26441,-1471,4,0,09
2023-01-13,4호선,명동,24970,26441,-1471,4,0,10
2023-01-13,4호선,명동,24970,26441,-1471,4,0,11
2023-01-13,4호선,명동,24970,26441,-1471,4,0,12
2023-01-13,4호선,명동,24970,26441,-1471,4,0,13
2023-01-13,4호선,명동,24970,26441,-1471,4,0,14
2023-01-13,4호선,명동,24970,26441,-1471,4,0,15
2023-01-13,4호선,명동,24970,26441,-1471,4,0,16
2023-01-13,4호선,명동,24970,26441,-1471,4,0,17
2023-01-13,4호선,명동,24970,26441,-1471,4,0,18
2023-01-13,4호선,명동,24970,26441,-1471,4,0,19
2023-01-13,4호선,명동,24970,26441,-1471,4,0,20
2023-01-13,4호선,명동,24970,26441,-1471,4,0,21
2023-01-13,4호선,명동,24970,26441,-1471,4,0,22
2023-01-13,4호선,명동,24970,26441,-1471,4,0,23
2023-01-14,4호선,명동,19998,22760,-2762,5,1,00
2023-01-14,4호선,명동,19998,22760,-2762,5,1,01
2023-01-14,4호선,명동,19998,22760,-2762,5,1,02
2023-01-14,4호선,명동,19998,22760,-2762,5,1,03
2023-01-14,4호선,명동,19998,22760,-2762,5,1,04
2023-01-14,4호선,명동,19998,22760,-2762,5,1,05
2023-01-14,4호선,명동,19998,22760,-2762,5,1,06
2023-01-14,4호선,명동,19998,22760,-2762,5,1,07
2023-01-14,4호선,명동,19998,22760,-2762,5,1,08
2023-01-14,4호선,명동,19998,22760,-2762,5,1,09
2023-01-14,4호선,명동,19998,22760,-2762,5,1,10
2023-01-14,4호선,명동,19998,22760,-2762,5,1,11
2023-01-14,4호선,명동,19998,22760,-2762,5,1,12
2023-01-14,4호선,명동,19998,22760,-2762,5,1,13
2023-01-14,4호선,명동,19998,22760,-2762,5,1,14
2023-01-14,4호선,명동,19998,22760,-2762,5,1,15
2023-01-14,4호선,명동,19998,22760,-2762,5,1,16
2023-01-14,4호선,명동,19998,22760,-2762,5,1,17
2023-01-14,4호선,명동,19998,22760,-2762,5,1,18
2023-01-14,4호선,명동,19998,22760,-2762,5,1,19
2023-01-14,4호선,명동,19998,22760,-2762,5,1,20
2023-01-14,4호선,명동,19998,22760,-2762,5,1,21
2023-01-14,4호선,명동,19998,22760,-2762,5,1,22
2023-01-14,4호선,명동,19998,22760,-2762,5,1,23
2023-01-15,4호선,명동,17064,17942,-878,6,1,00
2023-01-15,4호선,명동,17064,17942,-878,6,1,01
2023-01-15,4호선,명동,17064,17942,-878,6,1,02
2023-01-15,4호선,명동,17064,17942,-878,6,1,03
2023-01-15,4호선,명동,17064,17942,-878,6,1,04
2023-01-15,4호선,명동,17064,17942,-878,6,1,05
2023-01-15,4호선,명동,17064,17942,-878,6,1,06
2023-01-15,4호선,명동,17064,17942,-878,6,1,07
2023-01-15,4호선,명동,17064,17942,-878,6,1,08
2023-01-15,4호선,명동,17064,17942,-878,6,1,09
2023-01-15,4호선,명동,17064,17942,-878,6,1,10
2023-01-15,4호선,명동,17064,17942,-878,6,1,11
2023-01-15,4호선,명동,17064,17942,-878,6,1,12
2023-01-15,4호선,명동,17064,17942,-878,6,1,13
2023-01-15,4호선,명동,17064,17942,-878,6,1,14
2023-01-15,4호선,명동,17064,17942,-878,6,1,15
2023-01-15,4호선,명동,17064,17942,-878,6,1,16
2023-01-15,4호선,명동,17064,17942,-878,6,1,17
2023-01-15,4호선,명동,17064,17942,-878,6,1,18
2023-01-15,4호선,명동,17064,17942,-878,6,1,19
2023-01-15,4호선,명동,17064,17942,-878,6,1,20
2023-01-15,4호선,명동,17064,17942,-878,6,1,21
2023-01-15,4호선,명동,17064,17942,-878,6,1,22
2023-01-15,4호선,명동,17064,17942,-878,6,1,23
2023-01-16,4호선,명동,24165,24987,-822,0,0,00
2023-01-16,4호선,명동,24165,24987,-822,0,0,01
2023-01-16,4호선,명동,24165,24987,-822,0,0,02
2023-01-16,4호선,명동,24165,24987,-822,0,0,03
2023-01-16,4호선,명동,24165,24987,-822,0,0,04
2023-01-16,4호선,명동,24165,24987,-822,0,0,05
2023-01-16,4호선,명동,24165,24987,-822,0,0,06
2023-01-16,4호선,명동,24165,24987,-822,0,0,07
2023-01-16,4호선,명동,24165,24987,-822,0,0,08
2023-01-16,4호선,명동,24165,24987,-822,0,0,09
2023-01-16,4호선,명동,24165,24987,-822,0,0,10
2023-01-16,4호선,명동,24165,24987,-822,0,0,11
2023-01-16,4호선,명동,24165,24987,-822,0,0,12
2023-01-16,4호선,명동,24165,24987,-822,0,0,13
2023-01-16,4호선,명동,24165,24987,-822,0,0,14
2023-01-16,4호선,명동,24165,24987,-822,0,0,15
2023-01-16,4호선,명동,24165,24987,-822,0,0,16
2023-01-16,4호선,명동,24165,24987,-822,0,0,17
2023-01-16,4호선,명동,24165,24987,-822,0,0,18
2023-01-16,4호선,명동,24165,24987,-822,0,0,19
2023-01-16,4호선,명동,24165,24987,-822,0,0,20
2023-01-16,4호선,명동,24165,24987,-822,0,0,21
2023-01-16,4호선,명동,24165,24987,-822,0,0,22
2023-01-16,4호선,명동,24165,24987,-822,0,0,23
2023-01-17,4호선,명동,23510,24326,-816,1,0,00
2023-01-17,4호선,명동,23510,24326,-816,1,0,01
2023-01-17,4호선,명동,23510,24326,-816,1,0,02
2023-01-17,4호선,명동,23510,24326,-816,1,0,03
2023-01-17,4호선,명동,23510,24326,-816,1,0,04
2023-01-17,4호선,명동,23510,24326,-816,1,0,05
2023-01-17,4호선,명동,23510,24326,-816,1,0,06
2023-01-17,4호선,명동,23510,24326,-816,1,0,07
2023-01-17,4호선,명동,23510,24326,-816,1,0,08
2023-01-17,4호선,명동,23510,24326,-816,1,0,09
2023-01-17,4호선,명동,23510,24326,-816,1,0,10
2023-01-17,4호선,명동,23510,24326,-816,1,0,11
2023-01-17,4호선,명동,23510,24326,-816,1,0,12
2023-01-17,4호선,명동,23510,24326,-816,1,0,13
2023-01-17,4호선,명동,23510,24326,-816,1,0,14
2023-01-17,4호선,명동,23510,24326,-816,1,0,15
2023-01-17,4호선,명동,23510,24326,-816,1,0,16
2023-01-17,4호선,명동,23510,24326,-816,1,0,17
2023-01-17,4호선,명동,23510,24326,-816,1,0,18
2023-01-17,4호선,명동,23510,24326,-816,1,0,19
2023-01-17,4호선,명동,23510,24326,-816,1,0,20
2023-01-17,4호선,명동,23510,24326,-816,1,0,21
2023-01-17,4호선,명동,23510,24326,-816,1,0,22
2023-01-17,4호선,명동,23510,24326,-816,1,0,23
2023-01-18,4호선,명동,24275,25163,-888,2,0,00
2023-01-18,4호선,명동,24275,25163,-888,2,0,01
2023-01-18,4호선,명동,24275,25163,-888,2,0,02
2023-01-18,4호선,명동,24275,25163,-888,2,0,03
2023-01-18,4호선,명동,24275,25163,-888,2,0,04
2023-01-18,4호선,명동,24275,25163,-888,2,0,05
2023-01-18,4호선,명동,24275,25163,-888,2,0,06
2023-01-18,4호선,명동,24275,25163,-888,2,0,07
2023-01-18,4호선,명동,24275,25163,-888,2,0,08
2023-01-18,4호선,명동,24275,25163,-888,2,0,09
2023-01-18,4호선,명동,24275,25163,-888,2,0,10
2023-01-18,4호선,명동,24275,25163,-888,2,0,11
2023-01-18,4호선,명동,24275,25163,-888,2,0,12
2023-01-18,4호선,명동,24275,25163,-888,2,0,13
2023-01-18,4호선,명동,24275,25163,-888,2,0,14
2023-01-18,4호선,명동,24275,25163,-888,2,0,15
2023-01-18,4호선,명동,24275,25163,-888,2,0,16
2023-01-18,4호선,명동,24275,25163,-888,2,0,17
2023-01-18,4호선,명동,24275,25163,-888,2,0,18
2023-01-18,4호선,명동,24275,25163,-888,2,0,19
2023-01-18,4호선,명동,24275,25163,-888,2,0,20
2023-01-18,4호선,명동,24275,25163,-888,2,0,21
2023-01-18,4호선,명동,24275,25163,-888,2,0,22
2023-01-18,4호선,명동,24275,25163,-888,2,0,23
2023-01-19,4호선,명동,23289,23840,-551,3,0,00
2023-01-19,4호선,명동,23289,23840,-551,3,0,01
2023-01-19,4호선,명동,23289,23840,-551,3,0,02
2023-01-19,4호선,명동,23289,23840,-551,3,0,03
2023-01-19,4호선,명동,23289,23840,-551,3,0,04
2023-01-19,4호선,명동,23289,23840,-551,3,0,05
2023-01-19,4호선,명동,23289,23840,-551,3,0,06
2023-01-19,4호선,명동,23289,23840,-551,3,0,07
2023-01-19,4호선,명동,23289,23840,-551,3,0,08
2023-01-19,4호선,명동,23289,23840,-551,3,0,09
2023-01-19,4호선,명동,23289,23840,-551,3,0,10
2023-01-19,4호선,명동,23289,23840,-551,3,0,11
2023-01-19,4호선,명동,23289,23840,-551,3,0,12
2023-01-19,4호선,명동,23289,23840,-551,3,0,13
2023-01-19,4호선,명동,23289,23840,-551,3,0,14
2023-01-19,4호선,명동,23289,23840,-551,3,0,15
2023-01-19,4호선,명동,23289,23840,-551,3,0,16
2023-01-19,4호선,명동,23289,23840,-551,3,0,17
2023-01-19,4호선,명동,23289,23840,-551,3,0,18
2023-01-19,4호선,명동,23289,23840,-551,3,0,19
2023-01-19,4호선,명동,23289,23840,-551,3,0,20
2023-01-19,4호선,명동,23289,23840,-551,3,0,21
2023-01-19,4호선,명동,23289,23840,-551,3,0,22
2023-01-19,4호선,명동,23289,23840,-551,3,0,23
2023-01-20,4호선,명동,22273,23972,-1699,4,0,00
2023-01-20,4호선,명동,22273,23972,-1699,4,0,01
2023-01-20,4호선,명동,22273,23972,-1699,4,0,02
2023-01-20,4호선,명동,22273,23972,-1699,4,0,03
2023-01-20,4호선,명동,22273,23972,-1699,4,0,04
2023-01-20,4호선,명동,22273,23972,-1699,4,0,05
2023-01-20,4호선,명동,22273,23972,-1699,4,0,06
2023-01-20,4호선,명동,22273,23972,-1699,4,0,07
2023-01-20,4호선,명동,22273,23972,-1699,4,0,08
2023-01-20,4호선,명동,22273,23972,-1699,4,0,09
2023-01-20,4호선,명동,22273,23972,-1699,4,0,10
2023-01-20,4호선,명동,22273,23972,-1699,4,0,11
2023-01-20,4호선,명동,22273,23972,-1699,4,0,12
2023-01-20,4호선,명동,22273,23972,-1699,4,0,13
2023-01-20,4호선,명동,22273,23972,-1699,4,0,14
2023-01-20,4호선,명동,22273,23972,-1699,4,0,15
2023-01-20,4호선,명동,22273,23972,-1699,4,0,16
2023-01-20,4호선,명동,22273,23972,-1699,4,0,17
2023-01-20,4호선,명동,22273,23972,-1699,4,0,18
2023-01-20,4호선,명동,22273,23972,-1699,4,0,19
2023-01-20,4호선,명동,22273,23972,-1699,4,0,20
2023-01-20,4호선,명동,22273,23972,-1699,4,0,21
2023-01-20,4호선,명동,22273,23972,-1699,4,0,22
2023-01-20,4호선,명동,22273,23972,-1699,4,0,23
2023-01-21,4호선,명동,14279,16554,-2275,5,1,00
2023-01-21,4호선,명동,14279,16554,-2275,5,1,01
2023-01-21,4호선,명동,14279,16554,-2275,5,1,02
2023-01-21,4호선,명동,14279,16554,-2275,5,1,03
2023-01-21,4호선,명동,14279,16554,-2275,5,1,04
2023-01-21,4호선,명동,14279,16554,-2275,5,1,05
2023-01-21,4호선,명동,14279,16554,-2275,5,1,06
2023-01-21,4호선,명동,14279,16554,-2275,5,1,07
2023-01-21,4호선,명동,14279,16554,-2275,5,1,08
2023-01-21,4호선,명동,14279,16554,-2275,5,1,09
2023-01-21,4호선,명동,14279,16554,-2275,5,1,10
2023-01-21,4호선,명동,14279,16554,-2275,5,1,11
2023-01-21,4호선,명동,14279,16554,-2275,5,1,12
2023-01-21,4호선,명동,14279,16554,-2275,5,1,13
2023-01-21,4호선,명동,14279,16554,-2275,5,1,14
2023-01-21,4호선,명동,14279,16554,-2275,5,1,15
2023-01-21,4호선,명동,14279,16554,-2275,5,1,16
2023-01-21,4호선,명동,14279,16554,-2275,5,1,17
2023-01-21,4호선,명동,14279,16554,-2275,5,1,18
2023-01-21,4호선,명동,14279,16554,-2275,5,1,19
2023-01-21,4호선,명동,14279,16554,-2275,5,1,20
2023-01-21,4호선,명동,14279,16554,-2275,5,1,21
2023-01-21,4호선,명동,14279,16554,-2275,5,1,22
2023-01-21,4호선,명동,14279,16554,-2275,5,1,23
2023-01-22,4호선,명동,15203,16644,-1441,6,1,00
2023-01-22,4호선,명동,15203,16644,-1441,6,1,01
2023-01-22,4호선,명동,15203,16644,-1441,6,1,02
2023-01-22,4호선,명동,15203,16644,-1441,6,1,03
2023-01-22,4호선,명동,15203,16644,-1441,6,1,04
2023-01-22,4호선,명동,15203,16644,-1441,6,1,05
2023-01-22,4호선,명동,15203,16644,-1441,6,1,06
2023-01-22,4호선,명동,15203,16644,-1441,6,1,07
2023-01-22,4호선,명동,15203,16644,-1441,6,1,08
2023-01-22,4호선,명동,15203,16644,-1441,6,1,09
2023-01-22,4호선,명동,15203,16644,-1441,6,1,10
2023-01-22,4호선,명동,15203,16644,-1441,6,1,11
2023-01-22,4호선,명동,15203,16644,-1441,6,1,12
2023-01-22,4호선,명동,15203,16644,-1441,6,1,13
2023-01-22,4호선,명동,15203,16644,-1441,6,1,14
2023-01-22,4호선,명동,15203,16644,-1441,6,1,15
2023-01-22,4호선,명동,15203,16644,-1441,6,1,16
2023-01-22,4호선,명동,15203,16644,-1441,6,1,17
2023-01-22,4호선,명동,15203,16644,-1441,6,1,18
2023-01-22,4호선,명동,15203,16644,-1441,6,1,19
2023-01-22,4호선,명동,15203,16644,-1441,6,1,20
2023-01-22,4호선,명동,15203,16644,-1441,6,1,21
2023-01-22,4호선,명동,15203,16644,-1441,6,1,22
2023-01-22,4호선,명동,15203,16644,-1441,6,1,23
2023-01-23,4호선,명동,18110,19704,-1594,0,1,00
2023-01-23,4호선,명동,18110,19704,-1594,0,1,01
2023-01-23,4호선,명동,18110,19704,-1594,0,1,02
2023-01-23,4호선,명동,18110,19704,-1594,0,1,03
2023-01-23,4호선,명동,18110,19704,-1594,0,1,04
2023-01-23,4호선,명동,18110,19704,-1594,0,1,05
2023-01-23,4호선,명동,18110,19704,-1594,0,1,06
2023-01-23,4호선,명동,18110,19704,-1594,0,1,07
2023-01-23,4호선,명동,18110,19704,-1594,0,1,08
2023-01-23,4호선,명동,18110,19704,-1594,0,1,09
2023-01-23,4호선,명동,18110,19704,-1594,0,1,10
2023-01-23,4호선,명동,18110,19704,-1594,0,1,11
2023-01-23,4호선,명동,18110,19704,-1594,0,1,12
2023-01-23,4호선,명동,18110,19704,-1594,0,1,13
2023-01-23,4호선,명동,18110,19704,-1594,0,1,14
2023-01-23,4호선,명동,18110,19704,-1594,0,1,15
2023-01-23,4호선,명동,18110,19704,-1594,0,1,16
2023-01-23,4호선,명동,18110,19704,-1594,0,1,17
2023-01-23,4호선,명동,18110,19704,-1594,0,1,18
2023-01-23,4호선,명동,18110,19704,-1594,0,1,19
2023-01-23,4호선,명동,18110,19704,-1594,0,1,20
2023-01-23,4호선,명동,18110,19704,-1594,0,1,21
2023-01-23,4호선,명동,18110,19704,-1594,0,1,22
2023-01-23,4호선,명동,18110,19704,-1594,0,1,23
2023-01-24,4호선,명동,12484,13004,-520,1,1,00
2023-01-24,4호선,명동,12484,13004,-520,1,1,01
2023-01-24,4호선,명동,12484,13004,-520,1,1,02
2023-01-24,4호선,명동,12484,13004,-520,1,1,03
2023-01-24,4호선,명동,12484,13004,-520,1,1,04
2023-01-24,4호선,명동,12484,13004,-520,1,1,05
2023-01-24,4호선,명동,12484,13004,-520,1,1,06
2023-01-24,4호선,명동,12484,13004,-520,1,1,07
2023-01-24,4호선,명동,12484,13004,-520,1,1,08
2023-01-24,4호선,명동,12484,13004,-520,1,1,09
2023-01-24,4호선,명동,12484,13004,-520,1,1,10
2023-01-24,4호선,명동,12484,13004,-520,1,1,11
2023-01-24,4호선,명동,12484,13004,-520,1,1,12
2023-01-24,4호선,명동,12484,13004,-520,1,1,13
2023-01-24,4호선,명동,12484,13004,-520,1,1,14
2023-01-24,4호선,명동,12484,13004,-520,1,1,15
2023-01-24,4호선,명동,12484,13004,-520,1,1,16
2023-01-24,4호선,명동,12484,13004,-520,1,1,17
2023-01-24,4호선,명동,12484,13004,-520,1,1,18
2023-01-24,4호선,명동,12484,13004,-520,1,1,19
2023-01-24,4호선,명동,12484,13004,-520,1,1,20
2023-01-24,4호선,명동,12484,13004,-520,1,1,21
2023-01-24,4호선,명동,12484,13004,-520,1,1,22
2023-01-24,4호선,명동,12484,13004,-520,1,1,23
2023-01-25,4호선,명동,21129,22274,-1145,2,0,00
2023-01-25,4호선,명동,21129,22274,-1145,2,0,01
2023-01-25,4호선,명동,21129,22274,-1145,2,0,02
2023-01-25,4호선,명동,21129,22274,-1145,2,0,03
2023-01-25,4호선,명동,21129,22274,-1145,2,0,04
2023-01-25,4호선,명동,21129,22274,-1145,2,0,05
2023-01-25,4호선,명동,21129,22274,-1145,2,0,06
2023-01-25,4호선,명동,21129,22274,-1145,2,0,07
2023-01-25,4호선,명동,21129,22274,-1145,2,0,08
2023-01-25,4호선,명동,21129,22274,-1145,2,0,09
2023-01-25,4호선,명동,21129,22274,-1145,2,0,10
2023-01-25,4호선,명동,21129,22274,-1145,2,0,11
2023-01-25,4호선,명동,21129,22274,-1145,2,0,12
2023-01-25,4호선,명동,21129,22274,-1145,2,0,13
2023-01-25,4호선,명동,21129,22274,-1145,2,0,14
2023-01-25,4호선,명동,21129,22274,-1145,2,0,15
2023-01-25,4호선,명동,21129,22274,-1145,2,0,16
2023-01-25,4호선,명동,21129,22274,-1145,2,0,17
2023-01-25,4호선,명동,21129,22274,-1145,2,0,18
2023-01-25,4호선,명동,21129,22274,-1145,2,0,19
2023-01-25,4호선,명동,21129,22274,-1145,2,0,20
2023-01-25,4호선,명동,21129,22274,-1145,2,0,21
2023-01-25,4호선,명동,21129,22274,-1145,2,0,22
2023-01-25,4호선,명동,21129,22274,-1145,2,0,23
2023-01-26,4호선,명동,24472,26148,-1676,3,0,00
2023-01-26,4호선,명동,24472,26148,-1676,3,0,01
2023-01-26,4호선,명동,24472,26148,-1676,3,0,02
2023-01-26,4호선,명동,24472,26148,-1676,3,0,03
2023-01-26,4호선,명동,24472,26148,-1676,3,0,04
2023-01-26,4호선,명동,24472,26148,-1676,3,0,05
2023-01-26,4호선,명동,24472,26148,-1676,3,0,06
2023-01-26,4호선,명동,24472,26148,-1676,3,0,07
2023-01-26,4호선,명동,24472,26148,-1676,3,0,08
2023-01-26,4호선,명동,24472,26148,-1676,3,0,09
2023-01-26,4호선,명동,24472,26148,-1676,3,0,10
2023-01-26,4호선,명동,24472,26148,-1676,3,0,11
2023-01-26,4호선,명동,24472,26148,-1676,3,0,12
2023-01-26,4호선,명동,24472,26148,-1676,3,0,13
2023-01-26,4호선,명동,24472,26148,-1676,3,0,14
2023-01-26,4호선,명동,24472,26148,-1676,3,0,15
2023-01-26,4호선,명동,24472,26148,-1676,3,0,16
2023-01-26,4호선,명동,24472,26148,-1676,3,0,17
2023-01-26,4호선,명동,24472,26148,-1676,3,0,18
2023-01-26,4호선,명동,24472,26148,-1676,3,0,19
2023-01-26,4호선,명동,24472,26148,-1676,3,0,20
2023-01-26,4호선,명동,24472,26148,-1676,3,0,21
2023-01-26,4호선,명동,24472,26148,-1676,3,0,22
2023-01-26,4호선,명동,24472,26148,-1676,3,0,23
2023-01-27,4호선,명동,25495,27354,-1859,4,0,00
2023-01-27,4호선,명동,25495,27354,-1859,4,0,01
2023-01-27,4호선,명동,25495,27354,-1859,4,0,02
2023-01-27,4호선,명동,25495,27354,-1859,4,0,03
2023-01-27,4호선,명동,25495,27354,-1859,4,0,04
2023-01-27,4호선,명동,25495,27354,-1859,4,0,05
2023-01-27,4호선,명동,25495,27354,-1859,4,0,06
2023-01-27,4호선,명동,25495,27354,-1859,4,0,07
2023-01-27,4호선,명동,25495,27354,-1859,4,0,08
2023-01-27,4호선,명동,25495,27354,-1859,4,0,09
2023-01-27,4호선,명동,25495,27354,-1859,4,0,10
2023-01-27,4호선,명동,25495,27354,-1859,4,0,11
2023-01-27,4호선,명동,25495,27354,-1859,4,0,12
2023-01-27,4호선,명동,25495,27354,-1859,4,0,13
2023-01-27,4호선,명동,25495,27354,-1859,4,0,14
2023-01-27,4호선,명동,25495,27354,-1859,4,0,15
2023-01-27,4호선,명동,25495,27354,-1859,4,0,16
2023-01-27,4호선,명동,25495,27354,-1859,4,0,17
2023-01-27,4호선,명동,25495,27354,-1859,4,0,18
2023-01-27,4호선,명동,25495,27354,-1859,4,0,19
2023-01-27,4호선,명동,25495,27354,-1859,4,0,20
2023-01-27,4호선,명동,25495,27354,-1859,4,0,21
2023-01-27,4호선,명동,25495,27354,-1859,4,0,22
2023-01-27,4호선,명동,25495,27354,-1859,4,0,23
2023-01-28,4호선,명동,20815,23307,-2492,5,1,00
2023-01-28,4호선,명동,20815,23307,-2492,5,1,01
2023-01-28,4호선,명동,20815,23307,-2492,5,1,02
2023-01-28,4호선,명동,20815,23307,-2492,5,1,03
2023-01-28,4호선,명동,20815,23307,-2492,5,1,04
2023-01-28,4호선,명동,20815,23307,-2492,5,1,05
2023-01-28,4호선,명동,20815,23307,-2492,5,1,06
2023-01-28,4호선,명동,20815,23307,-2492,5,1,07
2023-01-28,4호선,명동,20815,23307,-2492,5,1,08
2023-01-28,4호선,명동,20815,23307,-2492,5,1,09
2023-01-28,4호선,명동,20815,23307,-2492,5,1,10
2023-01-28,4호선,명동,20815,23307,-2492,5,1,11
2023-01-28,4호선,명동,20815,23307,-2492,5,1,12
2023-01-28,4호선,명동,20815,23307,-2492,5,1,13
2023-01-28,4호선,명동,20815,23307,-2492,5,1,14
2023-01-28,4호선,명동,20815,23307,-2492,5,1,15
2023-01-28,4호선,명동,20815,23307,-2492,5,1,16
2023-01-28,4호선,명동,20815,23307,-2492,5,1,17
2023-01-28,4호선,명동,20815,23307,-2492,5,1,18
2023-01-28,4호선,명동,20815,23307,-2492,5,1,19
2023-01-28,4호선,명동,20815,23307,-2492,5,1,20
2023-01-28,4호선,명동,20815,23307,-2492,5,1,21
2023-01-28,4호선,명동,20815,23307,-2492,5,1,22
2023-01-28,4호선,명동,20815,23307,-2492,5,1,23
2023-01-29,4호선,명동,17531,18497,-966,6,1,00
2023-01-29,4호선,명동,17531,18497,-966,6,1,01
2023-01-29,4호선,명동,17531,18497,-966,6,1,02
2023-01-29,4호선,명동,17531,18497,-966,6,1,03
2023-01-29,4호선,명동,17531,18497,-966,6,1,04
2023-01-29,4호선,명동,17531,18497,-966,6,1,05
2023-01-29,4호선,명동,17531,18497,-966,6,1,06
2023-01-29,4호선,명동,17531,18497,-966,6,1,07
2023-01-29,4호선,명동,17531,18497,-966,6,1,08
2023-01-29,4호선,명동,17531,18497,-966,6,1,09
2023-01-29,4호선,명동,17531,18497,-966,6,1,10
2023-01-29,4호선,명동,17531,18497,-966,6,1,11
2023-01-29,4호선,명동,17531,18497,-966,6,1,12
2023-01-29,4호선,명동,17531,18497,-966,6,1,13
2023-01-29,4호선,명동,17531,18497,-966,6,1,14
2023-01-29,4호선,명동,17531,18497,-966,6,1,15
2023-01-29,4호선,명동,17531,18497,-966,6,1,16
2023-01-29,4호선,명동,17531,18497,-966,6,1,17
2023-01-29,4호선,명동,17531,18497,-966,6,1,18
2023-01-29,4호선,명동,17531,18497,-966,6,1,19
2023-01-29,4호선,명동,17531,18497,-966,6,1,20
2023-01-29,4호선,명동,17531,18497,-966,6,1,21
2023-01-29,4호선,명동,17531,18497,-966,6,1,22
2023-01-29,4호선,명동,17531,18497,-966,6,1,23
2023-01-30,4호선,명동,24375,25285,-910,0,0,00
2023-01-30,4호선,명동,24375,25285,-910,0,0,01
2023-01-30,4호선,명동,24375,25285,-910,0,0,02
2023-01-30,4호선,명동,24375,25285,-910,0,0,03
2023-01-30,4호선,명동,24375,25285,-910,0,0,04
2023-01-30,4호선,명동,24375,25285,-910,0,0,05
2023-01-30,4호선,명동,24375,25285,-910,0,0,06
2023-01-30,4호선,명동,24375,25285,-910,0,0,07
2023-01-30,4호선,명동,24375,25285,-910,0,0,08
2023-01-30,4호선,명동,24375,25285,-910,0,0,09
2023-01-30,4호선,명동,24375,25285,-910,0,0,10
2023-01-30,4호선,명동,24375,25285,-910,0,0,11
2023-01-30,4호선,명동,24375,25285,-910,0,0,12
2023-01-30,4호선,명동,24375,25285,-910,0,0,13
2023-01-30,4호선,명동,24375,25285,-910,0,0,14
2023-01-30,4호선,명동,24375,25285,-910,0,0,15
2023-01-30,4호선,명동,24375,25285,-910,0,0,16
2023-01-30,4호선,명동,24375,25285,-910,0,0,17
2023-01-30,4호선,명동,24375,25285,-910,0,0,18
2023-01-30,4호선,명동,24375,25285,-910,0,0,19
2023-01-30,4호선,명동,24375,25285,-910,0,0,20
2023-01-30,4호선,명동,24375,25285,-910,0,0,21
2023-01-30,4호선,명동,24375,25285,-910,0,0,22
2023-01-30,4호선,명동,24375,25285,-910,0,0,23
2023-01-31,4호선,명동,24323,25257,-934,1,0,00
2023-01-31,4호선,명동,24323,25257,-934,1,0,01
2023-01-31,4호선,명동,24323,25257,-934,1,0,02
2023-01-31,4호선,명동,24323,25257,-934,1,0,03
2023-01-31,4호선,명동,24323,25257,-934,1,0,04
2023-01-31,4호선,명동,24323,25257,-934,1,0,05
2023-01-31,4호선,명동,24323,25257,-934,1,0,06
2023-01-31,4호선,명동,24323,25257,-934,1,0,07
2023-01-31,4호선,명동,24323,25257,-934,1,0,08
2023-01-31,4호선,명동,24323,25257,-934,1,0,09
2023-01-31,4호선,명동,24323,25257,-934,1,0,10
2023-01-31,4호선,명동,24323,25257,-934,1,0,11
2023-01-31,4호선,명동,24323,25257,-934,1,0,12
2023-01-31,4호선,명동,24323,25257,-934,1,0,13
2023-01-31,4호선,명동,24323,25257,-934,1,0,14
2023-01-31,4호선,명동,24323,25257,-934,1,0,15
2023-01-31,4호선,명동,24323,25257,-934,1,0,16
2023-01-31,4호선,명동,24323,25257,-934,1,0,17
2023-01-31,4호선,명동,24323,25257,-934,1,0,18
2023-01-31,4호선,명동,24323,25257,-934,1,0,19
2023-01-31,4호선,명동,24323,25257,-934,1,0,20
2023-01-31,4호선,명동,24323,25257,-934,1,0,21
2023-01-31,4호선,명동,24323,25257,-934,1,0,22
2023-01-31,4호선,명동,24323,25257,-934,1,0,23
2023-02-01,4호선,명동,24886,26145,-1259,2,0,00
2023-02-01,4호선,명동,24886,26145,-1259,2,0,01
2023-02-01,4호선,명동,24886,26145,-1259,2,0,02
2023-02-01,4호선,명동,24886,26145,-1259,2,0,03
2023-02-01,4호선,명동,24886,26145,-1259,2,0,04
2023-02-01,4호선,명동,24886,26145,-1259,2,0,05
2023-02-01,4호선,명동,24886,26145,-1259,2,0,06
2023-02-01,4호선,명동,24886,26145,-1259,2,0,07
2023-02-01,4호선,명동,24886,26145,-1259,2,0,08
2023-02-01,4호선,명동,24886,26145,-1259,2,0,09
2023-02-01,4호선,명동,24886,26145,-1259,2,0,10
2023-02-01,4호선,명동,24886,26145,-1259,2,0,11
2023-02-01,4호선,명동,24886,26145,-1259,2,0,12
2023-02-01,4호선,명동,24886,26145,-1259,2,0,13
2023-02-01,4호선,명동,24886,26145,-1259,2,0,14
2023-02-01,4호선,명동,24886,26145,-1259,2,0,15
2023-02-01,4호선,명동,24886,26145,-1259,2,0,16
2023-02-01,4호선,명동,24886,26145,-1259,2,0,17
2023-02-01,4호선,명동,24886,26145,-1259,2,0,18
2023-02-01,4호선,명동,24886,26145,-1259,2,0,19
2023-02-01,4호선,명동,24886,26145,-1259,2,0,20
2023-02-01,4호선,명동,24886,26145,-1259,2,0,21
2023-02-01,4호선,명동,24886,26145,-1259,2,0,22
2023-02-01,4호선,명동,24886,26145,-1259,2,0,23
2023-02-02,4호선,명동,24818,26486,-1668,3,0,00
2023-02-02,4호선,명동,24818,26486,-1668,3,0,01
2023-02-02,4호선,명동,24818,26486,-1668,3,0,02
2023-02-02,4호선,명동,24818,26486,-1668,3,0,03
2023-02-02,4호선,명동,24818,26486,-1668,3,0,04
2023-02-02,4호선,명동,24818,26486,-1668,3,0,05
2023-02-02,4호선,명동,24818,26486,-1668,3,0,06
2023-02-02,4호선,명동,24818,26486,-1668,3,0,07
2023-02-02,4호선,명동,24818,26486,-1668,3,0,08
2023-02-02,4호선,명동,24818,26486,-1668,3,0,09
2023-02-02,4호선,명동,24818,26486,-1668,3,0,10
2023-02-02,4호선,명동,24818,26486,-1668,3,0,11
2023-02-02,4호선,명동,24818,26486,-1668,3,0,12
2023-02-02,4호선,명동,24818,26486,-1668,3,0,13
2023-02-02,4호선,명동,24818,26486,-1668,3,0,14
2023-02-02,4호선,명동,24818,26486,-1668,3,0,15
2023-02-02,4호선,명동,24818,26486,-1668,3,0,16
2023-02-02,4호선,명동,24818,26486,-1668,3,0,17
2023-02-02,4호선,명동,24818,26486,-1668,3,0,18
2023-02-02,4호선,명동,24818,26486,-1668,3,0,19
2023-02-02,4호선,명동,24818,26486,-1668,3,0,20
2023-02-02,4호선,명동,24818,26486,-1668,3,0,21
2023-02-02,4호선,명동,24818,26486,-1668,3,0,22
2023-02-02,4호선,명동,24818,26486,-1668,3,0,23
2023-02-03,4호선,명동,26291,27667,-1376,4,0,00
2023-02-03,4호선,명동,26291,27667,-1376,4,0,01
2023-02-03,4호선,명동,26291,27667,-1376,4,0,02
2023-02-03,4호선,명동,26291,27667,-1376,4,0,03
2023-02-03,4호선,명동,26291,27667,-1376,4,0,04
2023-02-03,4호선,명동,26291,27667,-1376,4,0,05
2023-02-03,4호선,명동,26291,27667,-1376,4,0,06
2023-02-03,4호선,명동,26291,27667,-1376,4,0,07
2023-02-03,4호선,명동,26291,27667,-1376,4,0,08
2023-02-03,4호선,명동,26291,27667,-1376,4,0,09
2023-02-03,4호선,명동,26291,27667,-1376,4,0,10
2023-02-03,4호선,명동,26291,27667,-1376,4,0,11
2023-02-03,4호선,명동,26291,27667,-1376,4,0,12
2023-02-03,4호선,명동,26291,27667,-1376,4,0,13
2023-02-03,4호선,명동,26291,27667,-1376,4,0,14
2023-02-03,4호선,명동,26291,27667,-1376,4,0,15
2023-02-03,4호선,명동,26291,27667,-1376,4,0,16
2023-02-03,4호선,명동,26291,27667,-1376,4,0,17
2023-02-03,4호선,명동,26291,27667,-1376,4,0,18
2023-02-03,4호선,명동,26291,27667,-1376,4,0,19
2023-02-03,4호선,명동,26291,27667,-1376,4,0,20
2023-02-03,4호선,명동,26291,27667,-1376,4,0,21
2023-02-03,4호선,명동,26291,27667,-1376,4,0,22
2023-02-03,4호선,명동,26291,27667,-1376,4,0,23
2023-02-04,4호선,명동,22961,25524,-2563,5,1,00
2023-02-04,4호선,명동,22961,25524,-2563,5,1,01
2023-02-04,4호선,명동,22961,25524,-2563,5,1,02
2023-02-04,4호선,명동,22961,25524,-2563,5,1,03
2023-02-04,4호선,명동,22961,25524,-2563,5,1,04
2023-02-04,4호선,명동,22961,25524,-2563,5,1,05
2023-02-04,4호선,명동,22961,25524,-2563,5,1,06
2023-02-04,4호선,명동,22961,25524,-2563,5,1,07
2023-02-04,4호선,명동,22961,25524,-2563,5,1,08
2023-02-04,4호선,명동,22961,25524,-2563,5,1,09
2023-02-04,4호선,명동,22961,25524,-2563,5,1,10
2023-02-04,4호선,명동,22961,25524,-2563,5,1,11
2023-02-04,4호선,명동,22961,25524,-2563,5,1,12
2023-02-04,4호선,명동,22961,25524,-2563,5,1,13
2023-02-04,4호선,명동,22961,25524,-2563,5,1,14
2023-02-04,4호선,명동,22961,25524,-2563,5,1,15
2023-02-04,4호선,명동,22961,25524,-2563,5,1,16
2023-02-04,4호선,명동,22961,25524,-2563,5,1,17
2023-02-04,4호선,명동,22961,25524,-2563,5,1,18
2023-02-04,4호선,명동,22961,25524,-2563,5,1,19
2023-02-04,4호선,명동,22961,25524,-2563,5,1,20
2023-02-04,4호선,명동,22961,25524,-2563,5,1,21
2023-02-04,4호선,명동,22961,25524,-2563,5,1,22
2023-02-04,4호선,명동,22961,25524,-2563,5,1,23
2023-02-05,4호선,명동,18023,19164,-1141,6,1,00
2023-02-05,4호선,명동,18023,19164,-1141,6,1,01
2023-02-05,4호선,명동,18023,19164,-1141,6,1,02
2023-02-05,4호선,명동,18023,19164,-1141,6,1,03
2023-02-05,4호선,명동,18023,19164,-1141,6,1,04
2023-02-05,4호선,명동,18023,19164,-1141,6,1,05
2023-02-05,4호선,명동,18023,19164,-1141,6,1,06
2023-02-05,4호선,명동,18023,19164,-1141,6,1,07
2023-02-05,4호선,명동,18023,19164,-1141,6,1,08
2023-02-05,4호선,명동,18023,19164,-1141,6,1,09
2023-02-05,4호선,명동,18023,19164,-1141,6,1,10
2023-02-05,4호선,명동,18023,19164,-1141,6,1,11
2023-02-05,4호선,명동,18023,19164,-1141,6,1,12
2023-02-05,4호선,명동,18023,19164,-1141,6,1,13
2023-02-05,4호선,명동,18023,19164,-1141,6,1,14
2023-02-05,4호선,명동,18023,19164,-1141,6,1,15
2023-02-05,4호선,명동,18023,19164,-1141,6,1,16
2023-02-05,4호선,명동,18023,19164,-1141,6,1,17
2023-02-05,4호선,명동,18023,19164,-1141,6,1,18
2023-02-05,4호선,명동,18023,19164,-1141,6,1,19
2023-02-05,4호선,명동,18023,19164,-1141,6,1,20
2023-02-05,4호선,명동,18023,19164,-1141,6,1,21
2023-02-05,4호선,명동,18023,19164,-1141,6,1,22
2023-02-05,4호선,명동,18023,19164,-1141,6,1,23
2023-02-06,4호선,명동,24572,25664,-1092,0,0,00
2023-02-06,4호선,명동,24572,25664,-1092,0,0,01
2023-02-06,4호선,명동,24572,25664,-1092,0,0,02
2023-02-06,4호선,명동,24572,25664,-1092,0,0,03
2023-02-06,4호선,명동,24572,25664,-1092,0,0,04
2023-02-06,4호선,명동,24572,25664,-1092,0,0,05
2023-02-06,4호선,명동,24572,25664,-1092,0,0,06
2023-02-06,4호선,명동,24572,25664,-1092,0,0,07
2023-02-06,4호선,명동,24572,25664,-1092,0,0,08
2023-02-06,4호선,명동,24572,25664,-1092,0,0,09
2023-02-06,4호선,명동,24572,25664,-1092,0,0,10
2023-02-06,4호선,명동,24572,25664,-1092,0,0,11
2023-02-06,4호선,명동,24572,25664,-1092,0,0,12
2023-02-06,4호선,명동,24572,25664,-1092,0,0,13
2023-02-06,4호선,명동,24572,25664,-1092,0,0,14
2023-02-06,4호선,명동,24572,25664,-1092,0,0,15
2023-02-06,4호선,명동,24572,25664,-1092,0,0,16
2023-02-06,4호선,명동,24572,25664,-1092,0,0,17
2023-02-06,4호선,명동,24572,25664,-1092,0,0,18
2023-02-06,4호선,명동,24572,25664,-1092,0,0,19
2023-02-06,4호선,명동,24572,25664,-1092,0,0,20
2023-02-06,4호선,명동,24572,25664,-1092,0,0,21
2023-02-06,4호선,명동,24572,25664,-1092,0,0,22
2023-02-06,4호선,명동,24572,25664,-1092,0,0,23
2023-02-07,4호선,명동,25168,26261,-1093,1,0,00
2023-02-07,4호선,명동,25168,26261,-1093,1,0,01
2023-02-07,4호선,명동,25168,26261,-1093,1,0,02
2023-02-07,4호선,명동,25168,26261,-1093,1,0,03
2023-02-07,4호선,명동,25168,26261,-1093,1,0,04
2023-02-07,4호선,명동,25168,26261,-1093,1,0,05
2023-02-07,4호선,명동,25168,26261,-1093,1,0,06
2023-02-07,4호선,명동,25168,26261,-1093,1,0,07
2023-02-07,4호선,명동,25168,26261,-1093,1,0,08
2023-02-07,4호선,명동,25168,26261,-1093,1,0,09
2023-02-07,4호선,명동,25168,26261,-1093,1,0,10
2023-02-07,4호선,명동,25168,26261,-1093,1,0,11
2023-02-07,4호선,명동,25168,26261,-1093,1,0,12
2023-02-07,4호선,명동,25168,26261,-1093,1,0,13
2023-02-07,4호선,명동,25168,26261,-1093,1,0,14
2023-02-07,4호선,명동,25168,26261,-1093,1,0,15
2023-02-07,4호선,명동,25168,26261,-1093,1,0,16
2023-02-07,4호선,명동,25168,26261,-1093,1,0,17
2023-02-07,4호선,명동,25168,26261,-1093,1,0,18
2023-02-07,4호선,명동,25168,26261,-1093,1,0,19
2023-02-07,4호선,명동,25168,26261,-1093,1,0,20
2023-02-07,4호선,명동,25168,26261,-1093,1,0,21
2023-02-07,4호선,명동,25168,26261,-1093,1,0,22
2023-02-07,4호선,명동,25168,26261,-1093,1,0,23
2023-02-08,4호선,명동,25598,27377,-1779,2,0,00
2023-02-08,4호선,명동,25598,27377,-1779,2,0,01
2023-02-08,4호선,명동,25598,27377,-1779,2,0,02
2023-02-08,4호선,명동,25598,27377,-1779,2,0,03
2023-02-08,4호선,명동,25598,27377,-1779,2,0,04
2023-02-08,4호선,명동,25598,27377,-1779,2,0,05
2023-02-08,4호선,명동,25598,27377,-1779,2,0,06
2023-02-08,4호선,명동,25598,27377,-1779,2,0,07
2023-02-08,4호선,명동,25598,27377,-1779,2,0,08
2023-02-08,4호선,명동,25598,27377,-1779,2,0,09
2023-02-08,4호선,명동,25598,27377,-1779,2,0,10
2023-02-08,4호선,명동,25598,27377,-1779,2,0,11
2023-02-08,4호선,명동,25598,27377,-1779,2,0,12
2023-02-08,4호선,명동,25598,27377,-1779,2,0,13
2023-02-08,4호선,명동,25598,27377,-1779,2,0,14
2023-02-08,4호선,명동,25598,27377,-1779,2,0,15
2023-02-08,4호선,명동,25598,27377,-1779,2,0,16
2023-02-08,4호선,명동,25598,27377,-1779,2,0,17
2023-02-08,4호선,명동,25598,27377,-1779,2,0,18
2023-02-08,4호선,명동,25598,27377,-1779,2,0,19
2023-02-08,4호선,명동,25598,27377,-1779,2,0,20
2023-02-08,4호선,명동,25598,27377,-1779,2,0,21
2023-02-08,4호선,명동,25598,27377,-1779,2,0,22
2023-02-08,4호선,명동,25598,27377,-1779,2,0,23
2023-02-09,4호선,명동,25707,27067,-1360,3,0,00
2023-02-09,4호선,명동,25707,27067,-1360,3,0,01
2023-02-09,4호선,명동,25707,27067,-1360,3,0,02
2023-02-09,4호선,명동,25707,27067,-1360,3,0,03
2023-02-09,4호선,명동,25707,27067,-1360,3,0,04
2023-02-09,4호선,명동,25707,27067,-1360,3,0,05
2023-02-09,4호선,명동,25707,27067,-1360,3,0,06
2023-02-09,4호선,명동,25707,27067,-1360,3,0,07
2023-02-09,4호선,명동,25707,27067,-1360,3,0,08
2023-02-09,4호선,명동,25707,27067,-1360,3,0,09
2023-02-09,4호선,명동,25707,27067,-1360,3,0,10
2023-02-09,4호선,명동,25707,27067,-1360,3,0,11
2023-02-09,4호선,명동,25707,27067,-1360,3,0,12
2023-02-09,4호선,명동,25707,27067,-1360,3,0,13
2023-02-09,4호선,명동,25707,27067,-1360,3,0,14
2023-02-09,4호선,명동,25707,27067,-1360,3,0,15
2023-02-09,4호선,명동,25707,27067,-1360,3,0,16
2023-02-09,4호선,명동,25707,27067,-1360,3,0,17
2023-02-09,4호선,명동,25707,27067,-1360,3,0,18
2023-02-09,4호선,명동,25707,27067,-1360,3,0,19
2023-02-09,4호선,명동,25707,27067,-1360,3,0,20
2023-02-09,4호선,명동,25707,27067,-1360,3,0,21
2023-02-09,4호선,명동,25707,27067,-1360,3,0,22
2023-02-09,4호선,명동,25707,27067,-1360,3,0,23
2023-02-10,4호선,명동,27219,29077,-1858,4,0,00
2023-02-10,4호선,명동,27219,29077,-1858,4,0,01
2023-02-10,4호선,명동,27219,29077,-1858,4,0,02
2023-02-10,4호선,명동,27219,29077,-1858,4,0,03
2023-02-10,4호선,명동,27219,29077,-1858,4,0,04
2023-02-10,4호선,명동,27219,29077,-1858,4,0,05
2023-02-10,4호선,명동,27219,29077,-1858,4,0,06
2023-02-10,4호선,명동,27219,29077,-1858,4,0,07
2023-02-10,4호선,명동,27219,29077,-1858,4,0,08
2023-02-10,4호선,명동,27219,29077,-1858,4,0,09
2023-02-10,4호선,명동,27219,29077,-1858,4,0,10
2023-02-10,4호선,명동,27219,29077,-1858,4,0,11
2023-02-10,4호선,명동,27219,29077,-1858,4,0,12
2023-02-10,4호선,명동,27219,29077,-1858,4,0,13
2023-02-10,4호선,명동,27219,29077,-1858,4,0,14
2023-02-10,4호선,명동,27219,29077,-1858,4,0,15
2023-02-10,4호선,명동,27219,29077,-1858,4,0,16
2023-02-10,4호선,명동,27219,29077,-1858,4,0,17
2023-02-10,4호선,명동,27219,29077,-1858,4,0,18
2023-02-10,4호선,명동,27219,29077,-1858,4,0,19
2023-02-10,4호선,명동,27219,29077,-1858,4,0,20
2023-02-10,4호선,명동,27219,29077,-1858,4,0,21
2023-02-10,4호선,명동,27219,29077,-1858,4,0,22
2023-02-10,4호선,명동,27219,29077,-1858,4,0,23
2023-02-11,4호선,명동,23964,26918,-2954,5,1,00
2023-02-11,4호선,명동,23964,26918,-2954,5,1,01
2023-02-11,4호선,명동,23964,26918,-2954,5,1,02
2023-02-11,4호선,명동,23964,26918,-2954,5,1,03
2023-02-11,4호선,명동,23964,26918,-2954,5,1,04
2023-02-11,4호선,명동,23964,26918,-2954,5,1,05
2023-02-11,4호선,명동,23964,26918,-2954,5,1,06
2023-02-11,4호선,명동,23964,26918,-2954,5,1,07
2023-02-11,4호선,명동,23964,26918,-2954,5,1,08
2023-02-11,4호선,명동,23964,26918,-2954,5,1,09
2023-02-11,4호선,명동,23964,26918,-2954,5,1,10
2023-02-11,4호선,명동,23964,26918,-2954,5,1,11
2023-02-11,4호선,명동,23964,26918,-2954,5,1,12
2023-02-11,4호선,명동,23964,26918,-2954,5,1,13
2023-02-11,4호선,명동,23964,26918,-2954,5,1,14
2023-02-11,4호선,명동,23964,26918,-2954,5,1,15
2023-02-11,4호선,명동,23964,26918,-2954,5,1,16
2023-02-11,4호선,명동,23964,26918,-2954,5,1,17
2023-02-11,4호선,명동,23964,26918,-2954,5,1,18
2023-02-11,4호선,명동,23964,26918,-2954,5,1,19
2023-02-11,4호선,명동,23964,26918,-2954,5,1,20
2023-02-11,4호선,명동,23964,26918,-2954,5,1,21
2023-02-11,4호선,명동,23964,26918,-2954,5,1,22
2023-02-11,4호선,명동,23964,26918,-2954,5,1,23
2023-02-12,4호선,명동,19712,21064,-1352,6,1,00
2023-02-12,4호선,명동,19712,21064,-1352,6,1,01
2023-02-12,4호선,명동,19712,21064,-1352,6,1,02
2023-02-12,4호선,명동,19712,21064,-1352,6,1,03
2023-02-12,4호선,명동,19712,21064,-1352,6,1,04
2023-02-12,4호선,명동,19712,21064,-1352,6,1,05
2023-02-12,4호선,명동,19712,21064,-1352,6,1,06
2023-02-12,4호선,명동,19712,21064,-1352,6,1,07
2023-02-12,4호선,명동,19712,21064,-1352,6,1,08
2023-02-12,4호선,명동,19712,21064,-1352,6,1,09
2023-02-12,4호선,명동,19712,21064,-1352,6,1,10
2023-02-12,4호선,명동,19712,21064,-1352,6,1,11
2023-02-12,4호선,명동,19712,21064,-1352,6,1,12
2023-02-12,4호선,명동,19712,21064,-1352,6,1,13
2023-02-12,4호선,명동,19712,21064,-1352,6,1,14
2023-02-12,4호선,명동,19712,21064,-1352,6,1,15
2023-02-12,4호선,명동,19712,21064,-1352,6,1,16
2023-02-12,4호선,명동,19712,21064,-1352,6,1,17
2023-02-12,4호선,명동,19712,21064,-1352,6,1,18
2023-02-12,4호선,명동,19712,21064,-1352,6,1,19
2023-02-12,4호선,명동,19712,21064,-1352,6,1,20
2023-02-12,4호선,명동,19712,21064,-1352,6,1,21
2023-02-12,4호선,명동,19712,21064,-1352,6,1,22
2023-02-12,4호선,명동,19712,21064,-1352,6,1,23
2023-02-13,4호선,명동,25317,26472,-1155,0,0,00
2023-02-13,4호선,명동,25317,26472,-1155,0,0,01
2023-02-13,4호선,명동,25317,26472,-1155,0,0,02
2023-02-13,4호선,명동,25317,26472,-1155,0,0,03
2023-02-13,4호선,명동,25317,26472,-1155,0,0,04
2023-02-13,4호선,명동,25317,26472,-1155,0,0,05
2023-02-13,4호선,명동,25317,26472,-1155,0,0,06
2023-02-13,4호선,명동,25317,26472,-1155,0,0,07
2023-02-13,4호선,명동,25317,26472,-1155,0,0,08
2023-02-13,4호선,명동,25317,26472,-1155,0,0,09
2023-02-13,4호선,명동,25317,26472,-1155,0,0,10
2023-02-13,4호선,명동,25317,26472,-1155,0,0,11
2023-02-13,4호선,명동,25317,26472,-1155,0,0,12
2023-02-13,4호선,명동,25317,26472,-1155,0,0,13
2023-02-13,4호선,명동,25317,26472,-1155,0,0,14
2023-02-13,4호선,명동,25317,26472,-1155,0,0,15
2023-02-13,4호선,명동,25317,26472,-1155,0,0,16
2023-02-13,4호선,명동,25317,26472,-1155,0,0,17
2023-02-13,4호선,명동,25317,26472,-1155,0,0,18
2023-02-13,4호선,명동,25317,26472,-1155,0,0,19
2023-02-13,4호선,명동,25317,26472,-1155,0,0,20
2023-02-13,4호선,명동,25317,26472,-1155,0,0,21
2023-02-13,4호선,명동,25317,26472,-1155,0,0,22
2023-02-13,4호선,명동,25317,26472,-1155,0,0,23
2023-02-14,4호선,명동,26160,27552,-1392,1,0,00
2023-02-14,4호선,명동,26160,27552,-1392,1,0,01
2023-02-14,4호선,명동,26160,27552,-1392,1,0,02
2023-02-14,4호선,명동,26160,27552,-1392,1,0,03
2023-02-14,4호선,명동,26160,27552,-1392,1,0,04
2023-02-14,4호선,명동,26160,27552,-1392,1,0,05
2023-02-14,4호선,명동,26160,27552,-1392,1,0,06
2023-02-14,4호선,명동,26160,27552,-1392,1,0,07
2023-02-14,4호선,명동,26160,27552,-1392,1,0,08
2023-02-14,4호선,명동,26160,27552,-1392,1,0,09
2023-02-14,4호선,명동,26160,27552,-1392,1,0,10
2023-02-14,4호선,명동,26160,27552,-1392,1,0,11
2023-02-14,4호선,명동,26160,27552,-1392,1,0,12
2023-02-14,4호선,명동,26160,27552,-1392,1,0,13
2023-02-14,4호선,명동,26160,27552,-1392,1,0,14
2023-02-14,4호선,명동,26160,27552,-1392,1,0,15
2023-02-14,4호선,명동,26160,27552,-1392,1,0,16
2023-02-14,4호선,명동,26160,27552,-1392,1,0,17
2023-02-14,4호선,명동,26160,27552,-1392,1,0,18
2023-02-14,4호선,명동,26160,27552,-1392,1,0,19
2023-02-14,4호선,명동,26160,27552,-1392,1,0,20
2023-02-14,4호선,명동,26160,27552,-1392,1,0,21
2023-02-14,4호선,명동,26160,27552,-1392,1,0,22
2023-02-14,4호선,명동,26160,27552,-1392,1,0,23
2023-02-15,4호선,명동,26595,27815,-1220,2,0,00
2023-02-15,4호선,명동,26595,27815,-1220,2,0,01
2023-02-15,4호선,명동,26595,27815,-1220,2,0,02
2023-02-15,4호선,명동,26595,27815,-1220,2,0,03
2023-02-15,4호선,명동,26595,27815,-1220,2,0,04
2023-02-15,4호선,명동,26595,27815,-1220,2,0,05
2023-02-15,4호선,명동,26595,27815,-1220,2,0,06
2023-02-15,4호선,명동,26595,27815,-1220,2,0,07
2023-02-15,4호선,명동,26595,27815,-1220,2,0,08
2023-02-15,4호선,명동,26595,27815,-1220,2,0,09
2023-02-15,4호선,명동,26595,27815,-1220,2,0,10
2023-02-15,4호선,명동,26595,27815,-1220,2,0,11
2023-02-15,4호선,명동,26595,27815,-1220,2,0,12
2023-02-15,4호선,명동,26595,27815,-1220,2,0,13
2023-02-15,4호선,명동,26595,27815,-1220,2,0,14
2023-02-15,4호선,명동,26595,27815,-1220,2,0,15
2023-02-15,4호선,명동,26595,27815,-1220,2,0,16
2023-02-15,4호선,명동,26595,27815,-1220,2,0,17
2023-02-15,4호선,명동,26595,27815,-1220,2,0,18
2023-02-15,4호선,명동,26595,27815,-1220,2,0,19
2023-02-15,4호선,명동,26595,27815,-1220,2,0,20
2023-02-15,4호선,명동,26595,27815,-1220,2,0,21
2023-02-15,4호선,명동,26595,27815,-1220,2,0,22
2023-02-15,4호선,명동,26595,27815,-1220,2,0,23
2023-02-16,4호선,명동,26478,28001,-1523,3,0,00
2023-02-16,4호선,명동,26478,28001,-1523,3,0,01
2023-02-16,4호선,명동,26478,28001,-1523,3,0,02
2023-02-16,4호선,명동,26478,28001,-1523,3,0,03
2023-02-16,4호선,명동,26478,28001,-1523,3,0,04
2023-02-16,4호선,명동,26478,28001,-1523,3,0,05
2023-02-16,4호선,명동,26478,28001,-1523,3,0,06
2023-02-16,4호선,명동,26478,28001,-1523,3,0,07
2023-02-16,4호선,명동,26478,28001,-1523,3,0,08
2023-02-16,4호선,명동,26478,28001,-1523,3,0,09
2023-02-16,4호선,명동,26478,28001,-1523,3,0,10
2023-02-16,4호선,명동,26478,28001,-1523,3,0,11
2023-02-16,4호선,명동,26478,28001,-1523,3,0,12
2023-02-16,4호선,명동,26478,28001,-1523,3,0,13
2023-02-16,4호선,명동,26478,28001,-1523,3,0,14
2023-02-16,4호선,명동,26478,28001,-1523,3,0,15
2023-02-16,4호선,명동,26478,28001,-1523,3,0,16
2023-02-16,4호선,명동,26478,28001,-1523,3,0,17
2023-02-16,4호선,명동,26478,28001,-1523,3,0,18
2023-02-16,4호선,명동,26478,28001,-1523,3,0,19
2023-02-16,4호선,명동,26478,28001,-1523,3,0,20
2023-02-16,4호선,명동,26478,28001,-1523,3,0,21
2023-02-16,4호선,명동,26478,28001,-1523,3,0,22
2023-02-16,4호선,명동,26478,28001,-1523,3,0,23
2023-02-17,4호선,명동,28052,30065,-2013,4,0,00
2023-02-17,4호선,명동,28052,30065,-2013,4,0,01
2023-02-17,4호선,명동,28052,30065,-2013,4,0,02
2023-02-17,4호선,명동,28052,30065,-2013,4,0,03
2023-02-17,4호선,명동,28052,30065,-2013,4,0,04
2023-02-17,4호선,명동,28052,30065,-2013,4,0,05
2023-02-17,4호선,명동,28052,30065,-2013,4,0,06
2023-02-17,4호선,명동,28052,30065,-2013,4,0,07
2023-02-17,4호선,명동,28052,30065,-2013,4,0,08
2023-02-17,4호선,명동,28052,30065,-2013,4,0,09
2023-02-17,4호선,명동,28052,30065,-2013,4,0,10
2023-02-17,4호선,명동,28052,30065,-2013,4,0,11
2023-02-17,4호선,명동,28052,30065,-2013,4,0,12
2023-02-17,4호선,명동,28052,30065,-2013,4,0,13
2023-02-17,4호선,명동,28052,30065,-2013,4,0,14
2023-02-17,4호선,명동,28052,30065,-2013,4,0,15
2023-02-17,4호선,명동,28052,30065,-2013,4,0,16
2023-02-17,4호선,명동,28052,30065,-2013,4,0,17
2023-02-17,4호선,명동,28052,30065,-2013,4,0,18
2023-02-17,4호선,명동,28052,30065,-2013,4,0,19
2023-02-17,4호선,명동,28052,30065,-2013,4,0,20
2023-02-17,4호선,명동,28052,30065,-2013,4,0,21
2023-02-17,4호선,명동,28052,30065,-2013,4,0,22
2023-02-17,4호선,명동,28052,30065,-2013,4,0,23
2023-02-18,4호선,명동,24322,27236,-2914,5,1,00
2023-02-18,4호선,명동,24322,27236,-2914,5,1,01
2023-02-18,4호선,명동,24322,27236,-2914,5,1,02
2023-02-18,4호선,명동,24322,27236,-2914,5,1,03
2023-02-18,4호선,명동,24322,27236,-2914,5,1,04
2023-02-18,4호선,명동,24322,27236,-2914,5,1,05
2023-02-18,4호선,명동,24322,27236,-2914,5,1,06
2023-02-18,4호선,명동,24322,27236,-2914,5,1,07
2023-02-18,4호선,명동,24322,27236,-2914,5,1,08
2023-02-18,4호선,명동,24322,27236,-2914,5,1,09
2023-02-18,4호선,명동,24322,27236,-2914,5,1,10
2023-02-18,4호선,명동,24322,27236,-2914,5,1,11
2023-02-18,4호선,명동,24322,27236,-2914,5,1,12
2023-02-18,4호선,명동,24322,27236,-2914,5,1,13
2023-02-18,4호선,명동,24322,27236,-2914,5,1,14
2023-02-18,4호선,명동,24322,27236,-2914,5,1,15
2023-02-18,4호선,명동,24322,27236,-2914,5,1,16
2023-02-18,4호선,명동,24322,27236,-2914,5,1,17
2023-02-18,4호선,명동,24322,27236,-2914,5,1,18
2023-02-18,4호선,명동,24322,27236,-2914,5,1,19
2023-02-18,4호선,명동,24322,27236,-2914,5,1,20
2023-02-18,4호선,명동,24322,27236,-2914,5,1,21
2023-02-18,4호선,명동,24322,27236,-2914,5,1,22
2023-02-18,4호선,명동,24322,27236,-2914,5,1,23
2023-02-19,4호선,명동,20644,22070,-1426,6,1,00
2023-02-19,4호선,명동,20644,22070,-1426,6,1,01
2023-02-19,4호선,명동,20644,22070,-1426,6,1,02
2023-02-19,4호선,명동,20644,22070,-1426,6,1,03
2023-02-19,4호선,명동,20644,22070,-1426,6,1,04
2023-02-19,4호선,명동,20644,22070,-1426,6,1,05
2023-02-19,4호선,명동,20644,22070,-1426,6,1,06
2023-02-19,4호선,명동,20644,22070,-1426,6,1,07
2023-02-19,4호선,명동,20644,22070,-1426,6,1,08
2023-02-19,4호선,명동,20644,22070,-1426,6,1,09
2023-02-19,4호선,명동,20644,22070,-1426,6,1,10
2023-02-19,4호선,명동,20644,22070,-1426,6,1,11
2023-02-19,4호선,명동,20644,22070,-1426,6,1,12
2023-02-19,4호선,명동,20644,22070,-1426,6,1,13
2023-02-19,4호선,명동,20644,22070,-1426,6,1,14
2023-02-19,4호선,명동,20644,22070,-1426,6,1,15
2023-02-19,4호선,명동,20644,22070,-1426,6,1,16
2023-02-19,4호선,명동,20644,22070,-1426,6,1,17
2023-02-19,4호선,명동,20644,22070,-1426,6,1,18
2023-02-19,4호선,명동,20644,22070,-1426,6,1,19
2023-02-19,4호선,명동,20644,22070,-1426,6,1,20
2023-02-19,4호선,명동,20644,22070,-1426,6,1,21
2023-02-19,4호선,명동,20644,22070,-1426,6,1,22
2023-02-19,4호선,명동,20644,22070,-1426,6,1,23
2023-02-20,4호선,명동,26678,27819,-1141,0,0,00
2023-02-20,4호선,명동,26678,27819,-1141,0,0,01
2023-02-20,4호선,명동,26678,27819,-1141,0,0,02
2023-02-20,4호선,명동,26678,27819,-1141,0,0,03
2023-02-20,4호선,명동,26678,27819,-1141,0,0,04
2023-02-20,4호선,명동,26678,27819,-1141,0,0,05
2023-02-20,4호선,명동,26678,27819,-1141,0,0,06
2023-02-20,4호선,명동,26678,27819,-1141,0,0,07
2023-02-20,4호선,명동,26678,27819,-1141,0,0,08
2023-02-20,4호선,명동,26678,27819,-1141,0,0,09
2023-02-20,4호선,명동,26678,27819,-1141,0,0,10
2023-02-20,4호선,명동,26678,27819,-1141,0,0,11
2023-02-20,4호선,명동,26678,27819,-1141,0,0,12
2023-02-20,4호선,명동,26678,27819,-1141,0,0,13
2023-02-20,4호선,명동,26678,27819,-1141,0,0,14
2023-02-20,4호선,명동,26678,27819,-1141,0,0,15
2023-02-20,4호선,명동,26678,27819,-1141,0,0,16
2023-02-20,4호선,명동,26678,27819,-1141,0,0,17
2023-02-20,4호선,명동,26678,27819,-1141,0,0,18
2023-02-20,4호선,명동,26678,27819,-1141,0,0,19
2023-02-20,4호선,명동,26678,27819,-1141,0,0,20
2023-02-20,4호선,명동,26678,27819,-1141,0,0,21
2023-02-20,4호선,명동,26678,27819,-1141,0,0,22
2023-02-20,4호선,명동,26678,27819,-1141,0,0,23
2023-02-21,4호선,명동,27081,28561,-1480,1,0,00
2023-02-21,4호선,명동,27081,28561,-1480,1,0,01
2023-02-21,4호선,명동,27081,28561,-1480,1,0,02
2023-02-21,4호선,명동,27081,28561,-1480,1,0,03
2023-02-21,4호선,명동,27081,28561,-1480,1,0,04
2023-02-21,4호선,명동,27081,28561,-1480,1,0,05
2023-02-21,4호선,명동,27081,28561,-1480,1,0,06
2023-02-21,4호선,명동,27081,28561,-1480,1,0,07
2023-02-21,4호선,명동,27081,28561,-1480,1,0,08
2023-02-21,4호선,명동,27081,28561,-1480,1,0,09
2023-02-21,4호선,명동,27081,28561,-1480,1,0,10
2023-02-21,4호선,명동,27081,28561,-1480,1,0,11
2023-02-21,4호선,명동,27081,28561,-1480,1,0,12
2023-02-21,4호선,명동,27081,28561,-1480,1,0,13
2023-02-21,4호선,명동,27081,28561,-1480,1,0,14
2023-02-21,4호선,명동,27081,28561,-1480,1,0,15
2023-02-21,4호선,명동,27081,28561,-1480,1,0,16
2023-02-21,4호선,명동,27081,28561,-1480,1,0,17
2023-02-21,4호선,명동,27081,28561,-1480,1,0,18
2023-02-21,4호선,명동,27081,28561,-1480,1,0,19
2023-02-21,4호선,명동,27081,28561,-1480,1,0,20
2023-02-21,4호선,명동,27081,28561,-1480,1,0,21
2023-02-21,4호선,명동,27081,28561,-1480,1,0,22
2023-02-21,4호선,명동,27081,28561,-1480,1,0,23
2023-02-22,4호선,명동,28449,29707,-1258,2,0,00
2023-02-22,4호선,명동,28449,29707,-1258,2,0,01
2023-02-22,4호선,명동,28449,29707,-1258,2,0,02
2023-02-22,4호선,명동,28449,29707,-1258,2,0,03
2023-02-22,4호선,명동,28449,29707,-1258,2,0,04
2023-02-22,4호선,명동,28449,29707,-1258,2,0,05
2023-02-22,4호선,명동,28449,29707,-1258,2,0,06
2023-02-22,4호선,명동,28449,29707,-1258,2,0,07
2023-02-22,4호선,명동,28449,29707,-1258,2,0,08
2023-02-22,4호선,명동,28449,29707,-1258,2,0,09
2023-02-22,4호선,명동,28449,29707,-1258,2,0,10
2023-02-22,4호선,명동,28449,29707,-1258,2,0,11
2023-02-22,4호선,명동,28449,29707,-1258,2,0,12
2023-02-22,4호선,명동,28449,29707,-1258,2,0,13
2023-02-22,4호선,명동,28449,29707,-1258,2,0,14
2023-02-22,4호선,명동,28449,29707,-1258,2,0,15
2023-02-22,4호선,명동,28449,29707,-1258,2,0,16
2023-02-22,4호선,명동,28449,29707,-1258,2,0,17
2023-02-22,4호선,명동,28449,29707,-1258,2,0,18
2023-02-22,4호선,명동,28449,29707,-1258,2,0,19
2023-02-22,4호선,명동,28449,29707,-1258,2,0,20
2023-02-22,4호선,명동,28449,29707,-1258,2,0,21
2023-02-22,4호선,명동,28449,29707,-1258,2,0,22
2023-02-22,4호선,명동,28449,29707,-1258,2,0,23
2023-02-23,4호선,명동,28708,31132,-2424,3,0,00
2023-02-23,4호선,명동,28708,31132,-2424,3,0,01
2023-02-23,4호선,명동,28708,31132,-2424,3,0,02
2023-02-23,4호선,명동,28708,31132,-2424,3,0,03
2023-02-23,4호선,명동,28708,31132,-2424,3,0,04
2023-02-23,4호선,명동,28708,31132,-2424,3,0,05
2023-02-23,4호선,명동,28708,31132,-2424,3,0,06
2023-02-23,4호선,명동,28708,31132,-2424,3,0,07
2023-02-23,4호선,명동,28708,31132,-2424,3,0,08
2023-02-23,4호선,명동,28708,31132,-2424,3,0,09
2023-02-23,4호선,명동,28708,31132,-2424,3,0,10
2023-02-23,4호선,명동,28708,31132,-2424,3,0,11
2023-02-23,4호선,명동,28708,31132,-2424,3,0,12
2023-02-23,4호선,명동,28708,31132,-2424,3,0,13
2023-02-23,4호선,명동,28708,31132,-2424,3,0,14
2023-02-23,4호선,명동,28708,31132,-2424,3,0,15
2023-02-23,4호선,명동,28708,31132,-2424,3,0,16
2023-02-23,4호선,명동,28708,31132,-2424,3,0,17
2023-02-23,4호선,명동,28708,31132,-2424,3,0,18
2023-02-23,4호선,명동,28708,31132,-2424,3,0,19
2023-02-23,4호선,명동,28708,31132,-2424,3,0,20
2023-02-23,4호선,명동,28708,31132,-2424,3,0,21
2023-02-23,4호선,명동,28708,31132,-2424,3,0,22
2023-02-23,4호선,명동,28708,31132,-2424,3,0,23
2023-02-24,4호선,명동,30977,33181,-2204,4,0,00
2023-02-24,4호선,명동,30977,33181,-2204,4,0,01
2023-02-24,4호선,명동,30977,33181,-2204,4,0,02
2023-02-24,4호선,명동,30977,33181,-2204,4,0,03
2023-02-24,4호선,명동,30977,33181,-2204,4,0,04
2023-02-24,4호선,명동,30977,33181,-2204,4,0,05
2023-02-24,4호선,명동,30977,33181,-2204,4,0,06
2023-02-24,4호선,명동,30977,33181,-2204,4,0,07
2023-02-24,4호선,명동,30977,33181,-2204,4,0,08
2023-02-24,4호선,명동,30977,33181,-2204,4,0,09
2023-02-24,4호선,명동,30977,33181,-2204,4,0,10
2023-02-24,4호선,명동,30977,33181,-2204,4,0,11
2023-02-24,4호선,명동,30977,33181,-2204,4,0,12
2023-02-24,4호선,명동,30977,33181,-2204,4,0,13
2023-02-24,4호선,명동,30977,33181,-2204,4,0,14
2023-02-24,4호선,명동,30977,33181,-2204,4,0,15
2023-02-24,4호선,명동,30977,33181,-2204,4,0,16
2023-02-24,4호선,명동,30977,33181,-2204,4,0,17
2023-02-24,4호선,명동,30977,33181,-2204,4,0,18
2023-02-24,4호선,명동,30977,33181,-2204,4,0,19
2023-02-24,4호선,명동,30977,33181,-2204,4,0,20
2023-02-24,4호선,명동,30977,33181,-2204,4,0,21
2023-02-24,4호선,명동,30977,33181,-2204,4,0,22
2023-02-24,4호선,명동,30977,33181,-2204,4,0,23
2023-02-25,4호선,명동,27269,30616,-3347,5,1,00
2023-02-25,4호선,명동,27269,30616,-3347,5,1,01
2023-02-25,4호선,명동,27269,30616,-3347,5,1,02
2023-02-25,4호선,명동,27269,30616,-3347,5,1,03
2023-02-25,4호선,명동,27269,30616,-3347,5,1,04
2023-02-25,4호선,명동,27269,30616,-3347,5,1,05
2023-02-25,4호선,명동,27269,30616,-3347,5,1,06
2023-02-25,4호선,명동,27269,30616,-3347,5,1,07
2023-02-25,4호선,명동,27269,30616,-3347,5,1,08
2023-02-25,4호선,명동,27269,30616,-3347,5,1,09
2023-02-25,4호선,명동,27269,30616,-3347,5,1,10
2023-02-25,4호선,명동,27269,30616,-3347,5,1,11
2023-02-25,4호선,명동,27269,30616,-3347,5,1,12
2023-02-25,4호선,명동,27269,30616,-3347,5,1,13
2023-02-25,4호선,명동,27269,30616,-3347,5,1,14
2023-02-25,4호선,명동,27269,30616,-3347,5,1,15
2023-02-25,4호선,명동,27269,30616,-3347,5,1,16
2023-02-25,4호선,명동,27269,30616,-3347,5,1,17
2023-02-25,4호선,명동,27269,30616,-3347,5,1,18
2023-02-25,4호선,명동,27269,30616,-3347,5,1,19
2023-02-25,4호선,명동,27269,30616,-3347,5,1,20
2023-02-25,4호선,명동,27269,30616,-3347,5,1,21
2023-02-25,4호선,명동,27269,30616,-3347,5,1,22
2023-02-25,4호선,명동,27269,30616,-3347,5,1,23
2023-02-26,4호선,명동,22355,24345,-1990,6,1,00
2023-02-26,4호선,명동,22355,24345,-1990,6,1,01
2023-02-26,4호선,명동,22355,24345,-1990,6,1,02
2023-02-26,4호선,명동,22355,24345,-1990,6,1,03
2023-02-26,4호선,명동,22355,24345,-1990,6,1,04
2023-02-26,4호선,명동,22355,24345,-1990,6,1,05
2023-02-26,4호선,명동,22355,24345,-1990,6,1,06
2023-02-26,4호선,명동,22355,24345,-1990,6,1,07
2023-02-26,4호선,명동,22355,24345,-1990,6,1,08
2023-02-26,4호선,명동,22355,24345,-1990,6,1,09
2023-02-26,4호선,명동,22355,24345,-1990,6,1,10
2023-02-26,4호선,명동,22355,24345,-1990,6,1,11
2023-02-26,4호선,명동,22355,24345,-1990,6,1,12
2023-02-26,4호선,명동,22355,24345,-1990,6,1,13
2023-02-26,4호선,명동,22355,24345,-1990,6,1,14
2023-02-26,4호선,명동,22355,24345,-1990,6,1,15
2023-02-26,4호선,명동,22355,24345,-1990,6,1,16
2023-02-26,4호선,명동,22355,24345,-1990,6,1,17
2023-02-26,4호선,명동,22355,24345,-1990,6,1,18
2023-02-26,4호선,명동,22355,24345,-1990,6,1,19
2023-02-26,4호선,명동,22355,24345,-1990,6,1,20
2023-02-26,4호선,명동,22355,24345,-1990,6,1,21
2023-02-26,4호선,명동,22355,24345,-1990,6,1,22
2023-02-26,4호선,명동,22355,24345,-1990,6,1,23
2023-02-27,4호선,명동,27613,29351,-1738,0,0,00
2023-02-27,4호선,명동,27613,29351,-1738,0,0,01
2023-02-27,4호선,명동,27613,29351,-1738,0,0,02
2023-02-27,4호선,명동,27613,29351,-1738,0,0,03
2023-02-27,4호선,명동,27613,29351,-1738,0,0,04
2023-02-27,4호선,명동,27613,29351,-1738,0,0,05
2023-02-27,4호선,명동,27613,29351,-1738,0,0,06
2023-02-27,4호선,명동,27613,29351,-1738,0,0,07
2023-02-27,4호선,명동,27613,29351,-1738,0,0,08
2023-02-27,4호선,명동,27613,29351,-1738,0,0,09
2023-02-27,4호선,명동,27613,29351,-1738,0,0,10
2023-02-27,4호선,명동,27613,29351,-1738,0,0,11
2023-02-27,4호선,명동,27613,29351,-1738,0,0,12
2023-02-27,4호선,명동,27613,29351,-1738,0,0,13
2023-02-27,4호선,명동,27613,29351,-1738,0,0,14
2023-02-27,4호선,명동,27613,29351,-1738,0,0,15
2023-02-27,4호선,명동,27613,29351,-1738,0,0,16
2023-02-27,4호선,명동,27613,29351,-1738,0,0,17
2023-02-27,4호선,명동,27613,29351,-1738,0,0,18
2023-02-27,4호선,명동,27613,29351,-1738,0,0,19
2023-02-27,4호선,명동,27613,29351,-1738,0,0,20
2023-02-27,4호선,명동,27613,29351,-1738,0,0,21
2023-02-27,4호선,명동,27613,29351,-1738,0,0,22
2023-02-27,4호선,명동,27613,29351,-1738,0,0,23
2023-02-28,4호선,명동,29967,31031,-1064,1,0,00
2023-02-28,4호선,명동,29967,31031,-1064,1,0,01
2023-02-28,4호선,명동,29967,31031,-1064,1,0,02
2023-02-28,4호선,명동,29967,31031,-1064,1,0,03
2023-02-28,4호선,명동,29967,31031,-1064,1,0,04
2023-02-28,4호선,명동,29967,31031,-1064,1,0,05
2023-02-28,4호선,명동,29967,31031,-1064,1,0,06
2023-02-28,4호선,명동,29967,31031,-1064,1,0,07
2023-02-28,4호선,명동,29967,31031,-1064,1,0,08
2023-02-28,4호선,명동,29967,31031,-1064,1,0,09
2023-02-28,4호선,명동,29967,31031,-1064,1,0,10
2023-02-28,4호선,명동,29967,31031,-1064,1,0,11
2023-02-28,4호선,명동,29967,31031,-1064,1,0,12
2023-02-28,4호선,명동,29967,31031,-1064,1,0,13
2023-02-28,4호선,명동,29967,31031,-1064,1,0,14
2023-02-28,4호선,명동,29967,31031,-1064,1,0,15
2023-02-28,4호선,명동,29967,31031,-1064,1,0,16
2023-02-28,4호선,명동,29967,31031,-1064,1,0,17
2023-02-28,4호선,명동,29967,31031,-1064,1,0,18
2023-02-28,4호선,명동,29967,31031,-1064,1,0,19
2023-02-28,4호선,명동,29967,31031,-1064,1,0,20
2023-02-28,4호선,명동,29967,31031,-1064,1,0,21
2023-02-28,4호선,명동,29967,31031,-1064,1,0,22
2023-02-28,4호선,명동,29967,31031,-1064,1,0,23
2023-03-01,4호선,명동,22007,23680,-1673,2,1,00
2023-03-01,4호선,명동,22007,23680,-1673,2,1,01
2023-03-01,4호선,명동,22007,23680,-1673,2,1,02
2023-03-01,4호선,명동,22007,23680,-1673,2,1,03
2023-03-01,4호선,명동,22007,23680,-1673,2,1,04
2023-03-01,4호선,명동,22007,23680,-1673,2,1,05
2023-03-01,4호선,명동,22007,23680,-1673,2,1,06
2023-03-01,4호선,명동,22007,23680,-1673,2,1,07
2023-03-01,4호선,명동,22007,23680,-1673,2,1,08
2023-03-01,4호선,명동,22007,23680,-1673,2,1,09
2023-03-01,4호선,명동,22007,23680,-1673,2,1,10
2023-03-01,4호선,명동,22007,23680,-1673,2,1,11
2023-03-01,4호선,명동,22007,23680,-1673,2,1,12
2023-03-01,4호선,명동,22007,23680,-1673,2,1,13
2023-03-01,4호선,명동,22007,23680,-1673,2,1,14
2023-03-01,4호선,명동,22007,23680,-1673,2,1,15
2023-03-01,4호선,명동,22007,23680,-1673,2,1,16
2023-03-01,4호선,명동,22007,23680,-1673,2,1,17
2023-03-01,4호선,명동,22007,23680,-1673,2,1,18
2023-03-01,4호선,명동,22007,23680,-1673,2,1,19
2023-03-01,4호선,명동,22007,23680,-1673,2,1,20
2023-03-01,4호선,명동,22007,23680,-1673,2,1,21
2023-03-01,4호선,명동,22007,23680,-1673,2,1,22
2023-03-01,4호선,명동,22007,23680,-1673,2,1,23
2023-03-02,4호선,명동,29691,31724,-2033,3,0,00
2023-03-02,4호선,명동,29691,31724,-2033,3,0,01
2023-03-02,4호선,명동,29691,31724,-2033,3,0,02
2023-03-02,4호선,명동,29691,31724,-2033,3,0,03
2023-03-02,4호선,명동,29691,31724,-2033,3,0,04
2023-03-02,4호선,명동,29691,31724,-2033,3,0,05
2023-03-02,4호선,명동,29691,31724,-2033,3,0,06
2023-03-02,4호선,명동,29691,31724,-2033,3,0,07
2023-03-02,4호선,명동,29691,31724,-2033,3,0,08
2023-03-02,4호선,명동,29691,31724,-2033,3,0,09
2023-03-02,4호선,명동,29691,31724,-2033,3,0,10
2023-03-02,4호선,명동,29691,31724,-2033,3,0,11
2023-03-02,4호선,명동,29691,31724,-2033,3,0,12
2023-03-02,4호선,명동,29691,31724,-2033,3,0,13
2023-03-02,4호선,명동,29691,31724,-2033,3,0,14
2023-03-02,4호선,명동,29691,31724,-2033,3,0,15
2023-03-02,4호선,명동,29691,31724,-2033,3,0,16
2023-03-02,4호선,명동,29691,31724,-2033,3,0,17
2023-03-02,4호선,명동,29691,31724,-2033,3,0,18
2023-03-02,4호선,명동,29691,31724,-2033,3,0,19
2023-03-02,4호선,명동,29691,31724,-2033,3,0,20
2023-03-02,4호선,명동,29691,31724,-2033,3,0,21
2023-03-02,4호선,명동,29691,31724,-2033,3,0,22
2023-03-02,4호선,명동,29691,31724,-2033,3,0,23
2023-03-03,4호선,명동,31001,32986,-1985,4,0,00
2023-03-03,4호선,명동,31001,32986,-1985,4,0,01
2023-03-03,4호선,명동,31001,32986,-1985,4,0,02
2023-03-03,4호선,명동,31001,32986,-1985,4,0,03
2023-03-03,4호선,명동,31001,32986,-1985,4,0,04
2023-03-03,4호선,명동,31001,32986,-1985,4,0,05
2023-03-03,4호선,명동,31001,32986,-1985,4,0,06
2023-03-03,4호선,명동,31001,32986,-1985,4,0,07
2023-03-03,4호선,명동,31001,32986,-1985,4,0,08
2023-03-03,4호선,명동,31001,32986,-1985,4,0,09
2023-03-03,4호선,명동,31001,32986,-1985,4,0,10
2023-03-03,4호선,명동,31001,32986,-1985,4,0,11
2023-03-03,4호선,명동,31001,32986,-1985,4,0,12
2023-03-03,4호선,명동,31001,32986,-1985,4,0,13
2023-03-03,4호선,명동,31001,32986,-1985,4,0,14
2023-03-03,4호선,명동,31001,32986,-1985,4,0,15
2023-03-03,4호선,명동,31001,32986,-1985,4,0,16
2023-03-03,4호선,명동,31001,32986,-1985,4,0,17
2023-03-03,4호선,명동,31001,32986,-1985,4,0,18
2023-03-03,4호선,명동,31001,32986,-1985,4,0,19
2023-03-03,4호선,명동,31001,32986,-1985,4,0,20
2023-03-03,4호선,명동,31001,32986,-1985,4,0,21
2023-03-03,4호선,명동,31001,32986,-1985,4,0,22
2023-03-03,4호선,명동,31001,32986,-1985,4,0,23
2023-03-04,4호선,명동,24929,28483,-3554,5,1,00
2023-03-04,4호선,명동,24929,28483,-3554,5,1,01
2023-03-04,4호선,명동,24929,28483,-3554,5,1,02
2023-03-04,4호선,명동,24929,28483,-3554,5,1,03
2023-03-04,4호선,명동,24929,28483,-3554,5,1,04
2023-03-04,4호선,명동,24929,28483,-3554,5,1,05
2023-03-04,4호선,명동,24929,28483,-3554,5,1,06
2023-03-04,4호선,명동,24929,28483,-3554,5,1,07
2023-03-04,4호선,명동,24929,28483,-3554,5,1,08
2023-03-04,4호선,명동,24929,28483,-3554,5,1,09
2023-03-04,4호선,명동,24929,28483,-3554,5,1,10
2023-03-04,4호선,명동,24929,28483,-3554,5,1,11
2023-03-04,4호선,명동,24929,28483,-3554,5,1,12
2023-03-04,4호선,명동,24929,28483,-3554,5,1,13
2023-03-04,4호선,명동,24929,28483,-3554,5,1,14
2023-03-04,4호선,명동,24929,28483,-3554,5,1,15
2023-03-04,4호선,명동,24929,28483,-3554,5,1,16
2023-03-04,4호선,명동,24929,28483,-3554,5,1,17
2023-03-04,4호선,명동,24929,28483,-3554,5,1,18
2023-03-04,4호선,명동,24929,28483,-3554,5,1,19
2023-03-04,4호선,명동,24929,28483,-3554,5,1,20
2023-03-04,4호선,명동,24929,28483,-3554,5,1,21
2023-03-04,4호선,명동,24929,28483,-3554,5,1,22
2023-03-04,4호선,명동,24929,28483,-3554,5,1,23
2023-03-05,4호선,명동,20988,22333,-1345,6,1,00
2023-03-05,4호선,명동,20988,22333,-1345,6,1,01
2023-03-05,4호선,명동,20988,22333,-1345,6,1,02
2023-03-05,4호선,명동,20988,22333,-1345,6,1,03
2023-03-05,4호선,명동,20988,22333,-1345,6,1,04
2023-03-05,4호선,명동,20988,22333,-1345,6,1,05
2023-03-05,4호선,명동,20988,22333,-1345,6,1,06
2023-03-05,4호선,명동,20988,22333,-1345,6,1,07
2023-03-05,4호선,명동,20988,22333,-1345,6,1,08
2023-03-05,4호선,명동,20988,22333,-1345,6,1,09
2023-03-05,4호선,명동,20988,22333,-1345,6,1,10
2023-03-05,4호선,명동,20988,22333,-1345,6,1,11
2023-03-05,4호선,명동,20988,22333,-1345,6,1,12
2023-03-05,4호선,명동,20988,22333,-1345,6,1,13
2023-03-05,4호선,명동,20988,22333,-1345,6,1,14
2023-03-05,4호선,명동,20988,22333,-1345,6,1,15
2023-03-05,4호선,명동,20988,22333,-1345,6,1,16
2023-03-05,4호선,명동,20988,22333,-1345,6,1,17
2023-03-05,4호선,명동,20988,22333,-1345,6,1,18
2023-03-05,4호선,명동,20988,22333,-1345,6,1,19
2023-03-05,4호선,명동,20988,22333,-1345,6,1,20
2023-03-05,4호선,명동,20988,22333,-1345,6,1,21
2023-03-05,4호선,명동,20988,22333,-1345,6,1,22
2023-03-05,4호선,명동,20988,22333,-1345,6,1,23
2023-03-06,4호선,명동,31020,32574,-1554,0,0,00
2023-03-06,4호선,명동,31020,32574,-1554,0,0,01
2023-03-06,4호선,명동,31020,32574,-1554,0,0,02
2023-03-06,4호선,명동,31020,32574,-1554,0,0,03
2023-03-06,4호선,명동,31020,32574,-1554,0,0,04
2023-03-06,4호선,명동,31020,32574,-1554,0,0,05
2023-03-06,4호선,명동,31020,32574,-1554,0,0,06
2023-03-06,4호선,명동,31020,32574,-1554,0,0,07
2023-03-06,4호선,명동,31020,32574,-1554,0,0,08
2023-03-06,4호선,명동,31020,32574,-1554,0,0,09
2023-03-06,4호선,명동,31020,32574,-1554,0,0,10
2023-03-06,4호선,명동,31020,32574,-1554,0,0,11
2023-03-06,4호선,명동,31020,32574,-1554,0,0,12
2023-03-06,4호선,명동,31020,32574,-1554,0,0,13
2023-03-06,4호선,명동,31020,32574,-1554,0,0,14
2023-03-06,4호선,명동,31020,32574,-1554,0,0,15
2023-03-06,4호선,명동,31020,32574,-1554,0,0,16
2023-03-06,4호선,명동,31020,32574,-1554,0,0,17
2023-03-06,4호선,명동,31020,32574,-1554,0,0,18
2023-03-06,4호선,명동,31020,32574,-1554,0,0,19
2023-03-06,4호선,명동,31020,32574,-1554,0,0,20
2023-03-06,4호선,명동,31020,32574,-1554,0,0,21
2023-03-06,4호선,명동,31020,32574,-1554,0,0,22
2023-03-06,4호선,명동,31020,32574,-1554,0,0,23
2023-03-07,4호선,명동,31824,33905,-2081,1,0,00
2023-03-07,4호선,명동,31824,33905,-2081,1,0,01
2023-03-07,4호선,명동,31824,33905,-2081,1,0,02
2023-03-07,4호선,명동,31824,33905,-2081,1,0,03
2023-03-07,4호선,명동,31824,33905,-2081,1,0,04
2023-03-07,4호선,명동,31824,33905,-2081,1,0,05
2023-03-07,4호선,명동,31824,33905,-2081,1,0,06
2023-03-07,4호선,명동,31824,33905,-2081,1,0,07
2023-03-07,4호선,명동,31824,33905,-2081,1,0,08
2023-03-07,4호선,명동,31824,33905,-2081,1,0,09
2023-03-07,4호선,명동,31824,33905,-2081,1,0,10
2023-03-07,4호선,명동,31824,33905,-2081,1,0,11
2023-03-07,4호선,명동,31824,33905,-2081,1,0,12
2023-03-07,4호선,명동,31824,33905,-2081,1,0,13
2023-03-07,4호선,명동,31824,33905,-2081,1,0,14
2023-03-07,4호선,명동,31824,33905,-2081,1,0,15
2023-03-07,4호선,명동,31824,33905,-2081,1,0,16
2023-03-07,4호선,명동,31824,33905,-2081,1,0,17
2023-03-07,4호선,명동,31824,33905,-2081,1,0,18
2023-03-07,4호선,명동,31824,33905,-2081,1,0,19
2023-03-07,4호선,명동,31824,33905,-2081,1,0,20
2023-03-07,4호선,명동,31824,33905,-2081,1,0,21
2023-03-07,4호선,명동,31824,33905,-2081,1,0,22
2023-03-07,4호선,명동,31824,33905,-2081,1,0,23
2023-03-08,4호선,명동,32867,34659,-1792,2,0,00
2023-03-08,4호선,명동,32867,34659,-1792,2,0,01
2023-03-08,4호선,명동,32867,34659,-1792,2,0,02
2023-03-08,4호선,명동,32867,34659,-1792,2,0,03
2023-03-08,4호선,명동,32867,34659,-1792,2,0,04
2023-03-08,4호선,명동,32867,34659,-1792,2,0,05
2023-03-08,4호선,명동,32867,34659,-1792,2,0,06
2023-03-08,4호선,명동,32867,34659,-1792,2,0,07
2023-03-08,4호선,명동,32867,34659,-1792,2,0,08
2023-03-08,4호선,명동,32867,34659,-1792,2,0,09
2023-03-08,4호선,명동,32867,34659,-1792,2,0,10
2023-03-08,4호선,명동,32867,34659,-1792,2,0,11
2023-03-08,4호선,명동,32867,34659,-1792,2,0,12
2023-03-08,4호선,명동,32867,34659,-1792,2,0,13
2023-03-08,4호선,명동,32867,34659,-1792,2,0,14
2023-03-08,4호선,명동,32867,34659,-1792,2,0,15
2023-03-08,4호선,명동,32867,34659,-1792,2,0,16
2023-03-08,4호선,명동,32867,34659,-1792,2,0,17
2023-03-08,4호선,명동,32867,34659,-1792,2,0,18
2023-03-08,4호선,명동,32867,34659,-1792,2,0,19
2023-03-08,4호선,명동,32867,34659,-1792,2,0,20
2023-03-08,4호선,명동,32867,34659,-1792,2,0,21
2023-03-08,4호선,명동,32867,34659,-1792,2,0,22
2023-03-08,4호선,명동,32867,34659,-1792,2,0,23
2023-03-09,4호선,명동,33099,34867,-1768,3,0,00
2023-03-09,4호선,명동,33099,34867,-1768,3,0,01
2023-03-09,4호선,명동,33099,34867,-1768,3,0,02
2023-03-09,4호선,명동,33099,34867,-1768,3,0,03
2023-03-09,4호선,명동,33099,34867,-1768,3,0,04
2023-03-09,4호선,명동,33099,34867,-1768,3,0,05
2023-03-09,4호선,명동,33099,34867,-1768,3,0,06
2023-03-09,4호선,명동,33099,34867,-1768,3,0,07
2023-03-09,4호선,명동,33099,34867,-1768,3,0,08
2023-03-09,4호선,명동,33099,34867,-1768,3,0,09
2023-03-09,4호선,명동,33099,34867,-1768,3,0,10
2023-03-09,4호선,명동,33099,34867,-1768,3,0,11
2023-03-09,4호선,명동,33099,34867,-1768,3,0,12
2023-03-09,4호선,명동,33099,34867,-1768,3,0,13
2023-03-09,4호선,명동,33099,34867,-1768,3,0,14
2023-03-09,4호선,명동,33099,34867,-1768,3,0,15
2023-03-09,4호선,명동,33099,34867,-1768,3,0,16
2023-03-09,4호선,명동,33099,34867,-1768,3,0,17
2023-03-09,4호선,명동,33099,34867,-1768,3,0,18
2023-03-09,4호선,명동,33099,34867,-1768,3,0,19
2023-03-09,4호선,명동,33099,34867,-1768,3,0,20
2023-03-09,4호선,명동,33099,34867,-1768,3,0,21
2023-03-09,4호선,명동,33099,34867,-1768,3,0,22
2023-03-09,4호선,명동,33099,34867,-1768,3,0,23
2023-03-10,4호선,명동,34347,36670,-2323,4,0,00
2023-03-10,4호선,명동,34347,36670,-2323,4,0,01
2023-03-10,4호선,명동,34347,36670,-2323,4,0,02
2023-03-10,4호선,명동,34347,36670,-2323,4,0,03
2023-03-10,4호선,명동,34347,36670,-2323,4,0,04
2023-03-10,4호선,명동,34347,36670,-2323,4,0,05
2023-03-10,4호선,명동,34347,36670,-2323,4,0,06
2023-03-10,4호선,명동,34347,36670,-2323,4,0,07
2023-03-10,4호선,명동,34347,36670,-2323,4,0,08
2023-03-10,4호선,명동,34347,36670,-2323,4,0,09
2023-03-10,4호선,명동,34347,36670,-2323,4,0,10
2023-03-10,4호선,명동,34347,36670,-2323,4,0,11
2023-03-10,4호선,명동,34347,36670,-2323,4,0,12
2023-03-10,4호선,명동,34347,36670,-2323,4,0,13
2023-03-10,4호선,명동,34347,36670,-2323,4,0,14
2023-03-10,4호선,명동,34347,36670,-2323,4,0,15
2023-03-10,4호선,명동,34347,36670,-2323,4,0,16
2023-03-10,4호선,명동,34347,36670,-2323,4,0,17
2023-03-10,4호선,명동,34347,36670,-2323,4,0,18
2023-03-10,4호선,명동,34347,36670,-2323,4,0,19
2023-03-10,4호선,명동,34347,36670,-2323,4,0,20
2023-03-10,4호선,명동,34347,36670,-2323,4,0,21
2023-03-10,4호선,명동,34347,36670,-2323,4,0,22
2023-03-10,4호선,명동,34347,36670,-2323,4,0,23
2023-03-11,4호선,명동,30223,34090,-3867,5,1,00
2023-03-11,4호선,명동,30223,34090,-3867,5,1,01
2023-03-11,4호선,명동,30223,34090,-3867,5,1,02
2023-03-11,4호선,명동,30223,34090,-3867,5,1,03
2023-03-11,4호선,명동,30223,34090,-3867,5,1,04
2023-03-11,4호선,명동,30223,34090,-3867,5,1,05
2023-03-11,4호선,명동,30223,34090,-3867,5,1,06
2023-03-11,4호선,명동,30223,34090,-3867,5,1,07
2023-03-11,4호선,명동,30223,34090,-3867,5,1,08
2023-03-11,4호선,명동,30223,34090,-3867,5,1,09
2023-03-11,4호선,명동,30223,34090,-3867,5,1,10
2023-03-11,4호선,명동,30223,34090,-3867,5,1,11
2023-03-11,4호선,명동,30223,34090,-3867,5,1,12
2023-03-11,4호선,명동,30223,34090,-3867,5,1,13
2023-03-11,4호선,명동,30223,34090,-3867,5,1,14
2023-03-11,4호선,명동,30223,34090,-3867,5,1,15
2023-03-11,4호선,명동,30223,34090,-3867,5,1,16
2023-03-11,4호선,명동,30223,34090,-3867,5,1,17
2023-03-11,4호선,명동,30223,34090,-3867,5,1,18
2023-03-11,4호선,명동,30223,34090,-3867,5,1,19
2023-03-11,4호선,명동,30223,34090,-3867,5,1,20
2023-03-11,4호선,명동,30223,34090,-3867,5,1,21
2023-03-11,4호선,명동,30223,34090,-3867,5,1,22
2023-03-11,4호선,명동,30223,34090,-3867,5,1,23
2023-03-12,4호선,명동,22283,23667,-1384,6,1,00
2023-03-12,4호선,명동,22283,23667,-1384,6,1,01
2023-03-12,4호선,명동,22283,23667,-1384,6,1,02
2023-03-12,4호선,명동,22283,23667,-1384,6,1,03
2023-03-12,4호선,명동,22283,23667,-1384,6,1,04
2023-03-12,4호선,명동,22283,23667,-1384,6,1,05
2023-03-12,4호선,명동,22283,23667,-1384,6,1,06
2023-03-12,4호선,명동,22283,23667,-1384,6,1,07
2023-03-12,4호선,명동,22283,23667,-1384,6,1,08
2023-03-12,4호선,명동,22283,23667,-1384,6,1,09
2023-03-12,4호선,명동,22283,23667,-1384,6,1,10
2023-03-12,4호선,명동,22283,23667,-1384,6,1,11
2023-03-12,4호선,명동,22283,23667,-1384,6,1,12
2023-03-12,4호선,명동,22283,23667,-1384,6,1,13
2023-03-12,4호선,명동,22283,23667,-1384,6,1,14
2023-03-12,4호선,명동,22283,23667,-1384,6,1,15
2023-03-12,4호선,명동,22283,23667,-1384,6,1,16
2023-03-12,4호선,명동,22283,23667,-1384,6,1,17
2023-03-12,4호선,명동,22283,23667,-1384,6,1,18
2023-03-12,4호선,명동,22283,23667,-1384,6,1,19
2023-03-12,4호선,명동,22283,23667,-1384,6,1,20
2023-03-12,4호선,명동,22283,23667,-1384,6,1,21
2023-03-12,4호선,명동,22283,23667,-1384,6,1,22
2023-03-12,4호선,명동,22283,23667,-1384,6,1,23
2023-03-13,4호선,명동,33295,35145,-1850,0,0,00
2023-03-13,4호선,명동,33295,35145,-1850,0,0,01
2023-03-13,4호선,명동,33295,35145,-1850,0,0,02
2023-03-13,4호선,명동,33295,35145,-1850,0,0,03
2023-03-13,4호선,명동,33295,35145,-1850,0,0,04
2023-03-13,4호선,명동,33295,35145,-1850,0,0,05
2023-03-13,4호선,명동,33295,35145,-1850,0,0,06
2023-03-13,4호선,명동,33295,35145,-1850,0,0,07
2023-03-13,4호선,명동,33295,35145,-1850,0,0,08
2023-03-13,4호선,명동,33295,35145,-1850,0,0,09
2023-03-13,4호선,명동,33295,35145,-1850,0,0,10
2023-03-13,4호선,명동,33295,35145,-1850,0,0,11
2023-03-13,4호선,명동,33295,35145,-1850,0,0,12
2023-03-13,4호선,명동,33295,35145,-1850,0,0,13
2023-03-13,4호선,명동,33295,35145,-1850,0,0,14
2023-03-13,4호선,명동,33295,35145,-1850,0,0,15
2023-03-13,4호선,명동,33295,35145,-1850,0,0,16
2023-03-13,4호선,명동,33295,35145,-1850,0,0,17
2023-03-13,4호선,명동,33295,35145,-1850,0,0,18
2023-03-13,4호선,명동,33295,35145,-1850,0,0,19
2023-03-13,4호선,명동,33295,35145,-1850,0,0,20
2023-03-13,4호선,명동,33295,35145,-1850,0,0,21
2023-03-13,4호선,명동,33295,35145,-1850,0,0,22
2023-03-13,4호선,명동,33295,35145,-1850,0,0,23
2023-03-14,4호선,명동,33921,35670,-1749,1,0,00
2023-03-14,4호선,명동,33921,35670,-1749,1,0,01
2023-03-14,4호선,명동,33921,35670,-1749,1,0,02
2023-03-14,4호선,명동,33921,35670,-1749,1,0,03
2023-03-14,4호선,명동,33921,35670,-1749,1,0,04
2023-03-14,4호선,명동,33921,35670,-1749,1,0,05
2023-03-14,4호선,명동,33921,35670,-1749,1,0,06
2023-03-14,4호선,명동,33921,35670,-1749,1,0,07
2023-03-14,4호선,명동,33921,35670,-1749,1,0,08
2023-03-14,4호선,명동,33921,35670,-1749,1,0,09
2023-03-14,4호선,명동,33921,35670,-1749,1,0,10
2023-03-14,4호선,명동,33921,35670,-1749,1,0,11
2023-03-14,4호선,명동,33921,35670,-1749,1,0,12
2023-03-14,4호선,명동,33921,35670,-1749,1,0,13
2023-03-14,4호선,명동,33921,35670,-1749,1,0,14
2023-03-14,4호선,명동,33921,35670,-1749,1,0,15
2023-03-14,4호선,명동,33921,35670,-1749,1,0,16
2023-03-14,4호선,명동,33921,35670,-1749,1,0,17
2023-03-14,4호선,명동,33921,35670,-1749,1,0,18
2023-03-14,4호선,명동,33921,35670,-1749,1,0,19
2023-03-14,4호선,명동,33921,35670,-1749,1,0,20
2023-03-14,4호선,명동,33921,35670,-1749,1,0,21
2023-03-14,4호선,명동,33921,35670,-1749,1,0,22
2023-03-14,4호선,명동,33921,35670,-1749,1,0,23
2023-03-15,4호선,명동,34735,36475,-1740,2,0,00
2023-03-15,4호선,명동,34735,36475,-1740,2,0,01
2023-03-15,4호선,명동,34735,36475,-1740,2,0,02
2023-03-15,4호선,명동,34735,36475,-1740,2,0,03
2023-03-15,4호선,명동,34735,36475,-1740,2,0,04
2023-03-15,4호선,명동,34735,36475,-1740,2,0,05
2023-03-15,4호선,명동,34735,36475,-1740,2,0,06
2023-03-15,4호선,명동,34735,36475,-1740,2,0,07
2023-03-15,4호선,명동,34735,36475,-1740,2,0,08
2023-03-15,4호선,명동,34735,36475,-1740,2,0,09
2023-03-15,4호선,명동,34735,36475,-1740,2,0,10
2023-03-15,4호선,명동,34735,36475,-1740,2,0,11
2023-03-15,4호선,명동,34735,36475,-1740,2,0,12
2023-03-15,4호선,명동,34735,36475,-1740,2,0,13
2023-03-15,4호선,명동,34735,36475,-1740,2,0,14
2023-03-15,4호선,명동,34735,36475,-1740,2,0,15
2023-03-15,4호선,명동,34735,36475,-1740,2,0,16
2023-03-15,4호선,명동,34735,36475,-1740,2,0,17
2023-03-15,4호선,명동,34735,36475,-1740,2,0,18
2023-03-15,4호선,명동,34735,36475,-1740,2,0,19
2023-03-15,4호선,명동,34735,36475,-1740,2,0,20
2023-03-15,4호선,명동,34735,36475,-1740,2,0,21
2023-03-15,4호선,명동,34735,36475,-1740,2,0,22
2023-03-15,4호선,명동,34735,36475,-1740,2,0,23
2023-03-16,4호선,명동,34553,36602,-2049,3,0,00
2023-03-16,4호선,명동,34553,36602,-2049,3,0,01
2023-03-16,4호선,명동,34553,36602,-2049,3,0,02
2023-03-16,4호선,명동,34553,36602,-2049,3,0,03
2023-03-16,4호선,명동,34553,36602,-2049,3,0,04
2023-03-16,4호선,명동,34553,36602,-2049,3,0,05
2023-03-16,4호선,명동,34553,36602,-2049,3,0,06
2023-03-16,4호선,명동,34553,36602,-2049,3,0,07
2023-03-16,4호선,명동,34553,36602,-2049,3,0,08
2023-03-16,4호선,명동,34553,36602,-2049,3,0,09
2023-03-16,4호선,명동,34553,36602,-2049,3,0,10
2023-03-16,4호선,명동,34553,36602,-2049,3,0,11
2023-03-16,4호선,명동,34553,36602,-2049,3,0,12
2023-03-16,4호선,명동,34553,36602,-2049,3,0,13
2023-03-16,4호선,명동,34553,36602,-2049,3,0,14
2023-03-16,4호선,명동,34553,36602,-2049,3,0,15
2023-03-16,4호선,명동,34553,36602,-2049,3,0,16
2023-03-16,4호선,명동,34553,36602,-2049,3,0,17
2023-03-16,4호선,명동,34553,36602,-2049,3,0,18
2023-03-16,4호선,명동,34553,36602,-2049,3,0,19
2023-03-16,4호선,명동,34553,36602,-2049,3,0,20
2023-03-16,4호선,명동,34553,36602,-2049,3,0,21
2023-03-16,4호선,명동,34553,36602,-2049,3,0,22
2023-03-16,4호선,명동,34553,36602,-2049,3,0,23
2023-03-17,4호선,명동,35100,37446,-2346,4,0,00
2023-03-17,4호선,명동,35100,37446,-2346,4,0,01
2023-03-17,4호선,명동,35100,37446,-2346,4,0,02
2023-03-17,4호선,명동,35100,37446,-2346,4,0,03
2023-03-17,4호선,명동,35100,37446,-2346,4,0,04
2023-03-17,4호선,명동,35100,37446,-2346,4,0,05
2023-03-17,4호선,명동,35100,37446,-2346,4,0,06
2023-03-17,4호선,명동,35100,37446,-2346,4,0,07
2023-03-17,4호선,명동,35100,37446,-2346,4,0,08
2023-03-17,4호선,명동,35100,37446,-2346,4,0,09
2023-03-17,4호선,명동,35100,37446,-2346,4,0,10
2023-03-17,4호선,명동,35100,37446,-2346,4,0,11
2023-03-17,4호선,명동,35100,37446,-2346,4,0,12
2023-03-17,4호선,명동,35100,37446,-2346,4,0,13
2023-03-17,4호선,명동,35100,37446,-2346,4,0,14
2023-03-17,4호선,명동,35100,37446,-2346,4,0,15
2023-03-17,4호선,명동,35100,37446,-2346,4,0,16
2023-03-17,4호선,명동,35100,37446,-2346,4,0,17
2023-03-17,4호선,명동,35100,37446,-2346,4,0,18
2023-03-17,4호선,명동,35100,37446,-2346,4,0,19
2023-03-17,4호선,명동,35100,37446,-2346,4,0,20
2023-03-17,4호선,명동,35100,37446,-2346,4,0,21
2023-03-17,4호선,명동,35100,37446,-2346,4,0,22
2023-03-17,4호선,명동,35100,37446,-2346,4,0,23
2023-03-18,4호선,명동,31501,35415,-3914,5,1,00
2023-03-18,4호선,명동,31501,35415,-3914,5,1,01
2023-03-18,4호선,명동,31501,35415,-3914,5,1,02
2023-03-18,4호선,명동,31501,35415,-3914,5,1,03
2023-03-18,4호선,명동,31501,35415,-3914,5,1,04
2023-03-18,4호선,명동,31501,35415,-3914,5,1,05
2023-03-18,4호선,명동,31501,35415,-3914,5,1,06
2023-03-18,4호선,명동,31501,35415,-3914,5,1,07
2023-03-18,4호선,명동,31501,35415,-3914,5,1,08
2023-03-18,4호선,명동,31501,35415,-3914,5,1,09
2023-03-18,4호선,명동,31501,35415,-3914,5,1,10
2023-03-18,4호선,명동,31501,35415,-3914,5,1,11
2023-03-18,4호선,명동,31501,35415,-3914,5,1,12
2023-03-18,4호선,명동,31501,35415,-3914,5,1,13
2023-03-18,4호선,명동,31501,35415,-3914,5,1,14
2023-03-18,4호선,명동,31501,35415,-3914,5,1,15
2023-03-18,4호선,명동,31501,35415,-3914,5,1,16
2023-03-18,4호선,명동,31501,35415,-3914,5,1,17
2023-03-18,4호선,명동,31501,35415,-3914,5,1,18
2023-03-18,4호선,명동,31501,35415,-3914,5,1,19
2023-03-18,4호선,명동,31501,35415,-3914,5,1,20
2023-03-18,4호선,명동,31501,35415,-3914,5,1,21
2023-03-18,4호선,명동,31501,35415,-3914,5,1,22
2023-03-18,4호선,명동,31501,35415,-3914,5,1,23
2023-03-19,4호선,명동,26272,29279,-3007,6,1,00
2023-03-19,4호선,명동,26272,29279,-3007,6,1,01
2023-03-19,4호선,명동,26272,29279,-3007,6,1,02
2023-03-19,4호선,명동,26272,29279,-3007,6,1,03
2023-03-19,4호선,명동,26272,29279,-3007,6,1,04
2023-03-19,4호선,명동,26272,29279,-3007,6,1,05
2023-03-19,4호선,명동,26272,29279,-3007,6,1,06
2023-03-19,4호선,명동,26272,29279,-3007,6,1,07
2023-03-19,4호선,명동,26272,29279,-3007,6,1,08
2023-03-19,4호선,명동,26272,29279,-3007,6,1,09
2023-03-19,4호선,명동,26272,29279,-3007,6,1,10
2023-03-19,4호선,명동,26272,29279,-3007,6,1,11
2023-03-19,4호선,명동,26272,29279,-3007,6,1,12
2023-03-19,4호선,명동,26272,29279,-3007,6,1,13
2023-03-19,4호선,명동,26272,29279,-3007,6,1,14
2023-03-19,4호선,명동,26272,29279,-3007,6,1,15
2023-03-19,4호선,명동,26272,29279,-3007,6,1,16
2023-03-19,4호선,명동,26272,29279,-3007,6,1,17
2023-03-19,4호선,명동,26272,29279,-3007,6,1,18
2023-03-19,4호선,명동,26272,29279,-3007,6,1,19
2023-03-19,4호선,명동,26272,29279,-3007,6,1,20
2023-03-19,4호선,명동,26272,29279,-3007,6,1,21
2023-03-19,4호선,명동,26272,29279,-3007,6,1,22
2023-03-19,4호선,명동,26272,29279,-3007,6,1,23
2023-03-20,4호선,명동,34214,36395,-2181,0,0,00
2023-03-20,4호선,명동,34214,36395,-2181,0,0,01
2023-03-20,4호선,명동,34214,36395,-2181,0,0,02
2023-03-20,4호선,명동,34214,36395,-2181,0,0,03
2023-03-20,4호선,명동,34214,36395,-2181,0,0,04
2023-03-20,4호선,명동,34214,36395,-2181,0,0,05
2023-03-20,4호선,명동,34214,36395,-2181,0,0,06
2023-03-20,4호선,명동,34214,36395,-2181,0,0,07
2023-03-20,4호선,명동,34214,36395,-2181,0,0,08
2023-03-20,4호선,명동,34214,36395,-2181,0,0,09
2023-03-20,4호선,명동,34214,36395,-2181,0,0,10
2023-03-20,4호선,명동,34214,36395,-2181,0,0,11
2023-03-20,4호선,명동,34214,36395,-2181,0,0,12
2023-03-20,4호선,명동,34214,36395,-2181,0,0,13
2023-03-20,4호선,명동,34214,36395,-2181,0,0,14
2023-03-20,4호선,명동,34214,36395,-2181,0,0,15
2023-03-20,4호선,명동,34214,36395,-2181,0,0,16
2023-03-20,4호선,명동,34214,36395,-2181,0,0,17
2023-03-20,4호선,명동,34214,36395,-2181,0,0,18
2023-03-20,4호선,명동,34214,36395,-2181,0,0,19
2023-03-20,4호선,명동,34214,36395,-2181,0,0,20
2023-03-20,4호선,명동,34214,36395,-2181,0,0,21
2023-03-20,4호선,명동,34214,36395,-2181,0,0,22
2023-03-20,4호선,명동,34214,36395,-2181,0,0,23
2023-03-21,4호선,명동,33802,35827,-2025,1,0,00
2023-03-21,4호선,명동,33802,35827,-2025,1,0,01
2023-03-21,4호선,명동,33802,35827,-2025,1,0,02
2023-03-21,4호선,명동,33802,35827,-2025,1,0,03
2023-03-21,4호선,명동,33802,35827,-2025,1,0,04
2023-03-21,4호선,명동,33802,35827,-2025,1,0,05
2023-03-21,4호선,명동,33802,35827,-2025,1,0,06
2023-03-21,4호선,명동,33802,35827,-2025,1,0,07
2023-03-21,4호선,명동,33802,35827,-2025,1,0,08
2023-03-21,4호선,명동,33802,35827,-2025,1,0,09
2023-03-21,4호선,명동,33802,35827,-2025,1,0,10
2023-03-21,4호선,명동,33802,35827,-2025,1,0,11
2023-03-21,4호선,명동,33802,35827,-2025,1,0,12
2023-03-21,4호선,명동,33802,35827,-2025,1,0,13
2023-03-21,4호선,명동,33802,35827,-2025,1,0,14
2023-03-21,4호선,명동,33802,35827,-2025,1,0,15
2023-03-21,4호선,명동,33802,35827,-2025,1,0,16
2023-03-21,4호선,명동,33802,35827,-2025,1,0,17
2023-03-21,4호선,명동,33802,35827,-2025,1,0,18
2023-03-21,4호선,명동,33802,35827,-2025,1,0,19
2023-03-21,4호선,명동,33802,35827,-2025,1,0,20
2023-03-21,4호선,명동,33802,35827,-2025,1,0,21
2023-03-21,4호선,명동,33802,35827,-2025,1,0,22
2023-03-21,4호선,명동,33802,35827,-2025,1,0,23
2023-03-22,4호선,명동,33766,35585,-1819,2,0,00
2023-03-22,4호선,명동,33766,35585,-1819,2,0,01
2023-03-22,4호선,명동,33766,35585,-1819,2,0,02
2023-03-22,4호선,명동,33766,35585,-1819,2,0,03
2023-03-22,4호선,명동,33766,35585,-1819,2,0,04
2023-03-22,4호선,명동,33766,35585,-1819,2,0,05
2023-03-22,4호선,명동,33766,35585,-1819,2,0,06
2023-03-22,4호선,명동,33766,35585,-1819,2,0,07
2023-03-22,4호선,명동,33766,35585,-1819,2,0,08
2023-03-22,4호선,명동,33766,35585,-1819,2,0,09
2023-03-22,4호선,명동,33766,35585,-1819,2,0,10
2023-03-22,4호선,명동,33766,35585,-1819,2,0,11
2023-03-22,4호선,명동,33766,35585,-1819,2,0,12
2023-03-22,4호선,명동,33766,35585,-1819,2,0,13
2023-03-22,4호선,명동,33766,35585,-1819,2,0,14
2023-03-22,4호선,명동,33766,35585,-1819,2,0,15
2023-03-22,4호선,명동,33766,35585,-1819,2,0,16
2023-03-22,4호선,명동,33766,35585,-1819,2,0,17
2023-03-22,4호선,명동,33766,35585,-1819,2,0,18
2023-03-22,4호선,명동,33766,35585,-1819,2,0,19
2023-03-22,4호선,명동,33766,35585,-1819,2,0,20
2023-03-22,4호선,명동,33766,35585,-1819,2,0,21
2023-03-22,4호선,명동,33766,35585,-1819,2,0,22
2023-03-22,4호선,명동,33766,35585,-1819,2,0,23
2023-03-23,4호선,명동,34162,35940,-1778,3,0,00
2023-03-23,4호선,명동,34162,35940,-1778,3,0,01
2023-03-23,4호선,명동,34162,35940,-1778,3,0,02
2023-03-23,4호선,명동,34162,35940,-1778,3,0,03
2023-03-23,4호선,명동,34162,35940,-1778,3,0,04
2023-03-23,4호선,명동,34162,35940,-1778,3,0,05
2023-03-23,4호선,명동,34162,35940,-1778,3,0,06
2023-03-23,4호선,명동,34162,35940,-1778,3,0,07
2023-03-23,4호선,명동,34162,35940,-1778,3,0,08
2023-03-23,4호선,명동,34162,35940,-1778,3,0,09
2023-03-23,4호선,명동,34162,35940,-1778,3,0,10
2023-03-23,4호선,명동,34162,35940,-1778,3,0,11
2023-03-23,4호선,명동,34162,35940,-1778,3,0,12
2023-03-23,4호선,명동,34162,35940,-1778,3,0,13
2023-03-23,4호선,명동,34162,35940,-1778,3,0,14
2023-03-23,4호선,명동,34162,35940,-1778,3,0,15
2023-03-23,4호선,명동,34162,35940,-1778,3,0,16
2023-03-23,4호선,명동,34162,35940,-1778,3,0,17
2023-03-23,4호선,명동,34162,35940,-1778,3,0,18
2023-03-23,4호선,명동,34162,35940,-1778,3,0,19
2023-03-23,4호선,명동,34162,35940,-1778,3,0,20
2023-03-23,4호선,명동,34162,35940,-1778,3,0,21
2023-03-23,4호선,명동,34162,35940,-1778,3,0,22
2023-03-23,4호선,명동,34162,35940,-1778,3,0,23
2023-03-24,4호선,명동,35503,37751,-2248,4,0,00
2023-03-24,4호선,명동,35503,37751,-2248,4,0,01
2023-03-24,4호선,명동,35503,37751,-2248,4,0,02
2023-03-24,4호선,명동,35503,37751,-2248,4,0,03
2023-03-24,4호선,명동,35503,37751,-2248,4,0,04
2023-03-24,4호선,명동,35503,37751,-2248,4,0,05
2023-03-24,4호선,명동,35503,37751,-2248,4,0,06
2023-03-24,4호선,명동,35503,37751,-2248,4,0,07
2023-03-24,4호선,명동,35503,37751,-2248,4,0,08
2023-03-24,4호선,명동,35503,37751,-2248,4,0,09
2023-03-24,4호선,명동,35503,37751,-2248,4,0,10
2023-03-24,4호선,명동,35503,37751,-2248,4,0,11
2023-03-24,4호선,명동,35503,37751,-2248,4,0,12
2023-03-24,4호선,명동,35503,37751,-2248,4,0,13
2023-03-24,4호선,명동,35503,37751,-2248,4,0,14
2023-03-24,4호선,명동,35503,37751,-2248,4,0,15
2023-03-24,4호선,명동,35503,37751,-2248,4,0,16
2023-03-24,4호선,명동,35503,37751,-2248,4,0,17
2023-03-24,4호선,명동,35503,37751,-2248,4,0,18
2023-03-24,4호선,명동,35503,37751,-2248,4,0,19
2023-03-24,4호선,명동,35503,37751,-2248,4,0,20
2023-03-24,4호선,명동,35503,37751,-2248,4,0,21
2023-03-24,4호선,명동,35503,37751,-2248,4,0,22
2023-03-24,4호선,명동,35503,37751,-2248,4,0,23
2023-03-25,4호선,명동,32206,36407,-4201,5,1,00
2023-03-25,4호선,명동,32206,36407,-4201,5,1,01
2023-03-25,4호선,명동,32206,36407,-4201,5,1,02
2023-03-25,4호선,명동,32206,36407,-4201,5,1,03
2023-03-25,4호선,명동,32206,36407,-4201,5,1,04
2023-03-25,4호선,명동,32206,36407,-4201,5,1,05
2023-03-25,4호선,명동,32206,36407,-4201,5,1,06
2023-03-25,4호선,명동,32206,36407,-4201,5,1,07
2023-03-25,4호선,명동,32206,36407,-4201,5,1,08
2023-03-25,4호선,명동,32206,36407,-4201,5,1,09
2023-03-25,4호선,명동,32206,36407,-4201,5,1,10
2023-03-25,4호선,명동,32206,36407,-4201,5,1,11
2023-03-25,4호선,명동,32206,36407,-4201,5,1,12
2023-03-25,4호선,명동,32206,36407,-4201,5,1,13
2023-03-25,4호선,명동,32206,36407,-4201,5,1,14
2023-03-25,4호선,명동,32206,36407,-4201,5,1,15
2023-03-25,4호선,명동,32206,36407,-4201,5,1,16
2023-03-25,4호선,명동,32206,36407,-4201,5,1,17
2023-03-25,4호선,명동,32206,36407,-4201,5,1,18
2023-03-25,4호선,명동,32206,36407,-4201,5,1,19
2023-03-25,4호선,명동,32206,36407,-4201,5,1,20
2023-03-25,4호선,명동,32206,36407,-4201,5,1,21
2023-03-25,4호선,명동,32206,36407,-4201,5,1,22
2023-03-25,4호선,명동,32206,36407,-4201,5,1,23
2023-03-26,4호선,명동,25608,27432,-1824,6,1,00
2023-03-26,4호선,명동,25608,27432,-1824,6,1,01
2023-03-26,4호선,명동,25608,27432,-1824,6,1,02
2023-03-26,4호선,명동,25608,27432,-1824,6,1,03
2023-03-26,4호선,명동,25608,27432,-1824,6,1,04
2023-03-26,4호선,명동,25608,27432,-1824,6,1,05
2023-03-26,4호선,명동,25608,27432,-1824,6,1,06
2023-03-26,4호선,명동,25608,27432,-1824,6,1,07
2023-03-26,4호선,명동,25608,27432,-1824,6,1,08
2023-03-26,4호선,명동,25608,27432,-1824,6,1,09
2023-03-26,4호선,명동,25608,27432,-1824,6,1,10
2023-03-26,4호선,명동,25608,27432,-1824,6,1,11
2023-03-26,4호선,명동,25608,27432,-1824,6,1,12
2023-03-26,4호선,명동,25608,27432,-1824,6,1,13
2023-03-26,4호선,명동,25608,27432,-1824,6,1,14
2023-03-26,4호선,명동,25608,27432,-1824,6,1,15
2023-03-26,4호선,명동,25608,27432,-1824,6,1,16
2023-03-26,4호선,명동,25608,27432,-1824,6,1,17
2023-03-26,4호선,명동,25608,27432,-1824,6,1,18
2023-03-26,4호선,명동,25608,27432,-1824,6,1,19
2023-03-26,4호선,명동,25608,27432,-1824,6,1,20
2023-03-26,4호선,명동,25608,27432,-1824,6,1,21
2023-03-26,4호선,명동,25608,27432,-1824,6,1,22
2023-03-26,4호선,명동,25608,27432,-1824,6,1,23
2023-03-27,4호선,명동,34293,35852,-1559,0,0,00
2023-03-27,4호선,명동,34293,35852,-1559,0,0,01
2023-03-27,4호선,명동,34293,35852,-1559,0,0,02
2023-03-27,4호선,명동,34293,35852,-1559,0,0,03
2023-03-27,4호선,명동,34293,35852,-1559,0,0,04
2023-03-27,4호선,명동,34293,35852,-1559,0,0,05
2023-03-27,4호선,명동,34293,35852,-1559,0,0,06
2023-03-27,4호선,명동,34293,35852,-1559,0,0,07
2023-03-27,4호선,명동,34293,35852,-1559,0,0,08
2023-03-27,4호선,명동,34293,35852,-1559,0,0,09
2023-03-27,4호선,명동,34293,35852,-1559,0,0,10
2023-03-27,4호선,명동,34293,35852,-1559,0,0,11
2023-03-27,4호선,명동,34293,35852,-1559,0,0,12
2023-03-27,4호선,명동,34293,35852,-1559,0,0,13
2023-03-27,4호선,명동,34293,35852,-1559,0,0,14
2023-03-27,4호선,명동,34293,35852,-1559,0,0,15
2023-03-27,4호선,명동,34293,35852,-1559,0,0,16
2023-03-27,4호선,명동,34293,35852,-1559,0,0,17
2023-03-27,4호선,명동,34293,35852,-1559,0,0,18
2023-03-27,4호선,명동,34293,35852,-1559,0,0,19
2023-03-27,4호선,명동,34293,35852,-1559,0,0,20
2023-03-27,4호선,명동,34293,35852,-1559,0,0,21
2023-03-27,4호선,명동,34293,35852,-1559,0,0,22
2023-03-27,4호선,명동,34293,35852,-1559,0,0,23
2023-03-28,4호선,명동,34074,35970,-1896,1,0,00
2023-03-28,4호선,명동,34074,35970,-1896,1,0,01
2023-03-28,4호선,명동,34074,35970,-1896,1,0,02
2023-03-28,4호선,명동,34074,35970,-1896,1,0,03
2023-03-28,4호선,명동,34074,35970,-1896,1,0,04
2023-03-28,4호선,명동,34074,35970,-1896,1,0,05
2023-03-28,4호선,명동,34074,35970,-1896,1,0,06
2023-03-28,4호선,명동,34074,35970,-1896,1,0,07
2023-03-28,4호선,명동,34074,35970,-1896,1,0,08
2023-03-28,4호선,명동,34074,35970,-1896,1,0,09
2023-03-28,4호선,명동,34074,35970,-1896,1,0,10
2023-03-28,4호선,명동,34074,35970,-1896,1,0,11
2023-03-28,4호선,명동,34074,35970,-1896,1,0,12
2023-03-28,4호선,명동,34074,35970,-1896,1,0,13
2023-03-28,4호선,명동,34074,35970,-1896,1,0,14
2023-03-28,4호선,명동,34074,35970,-1896,1,0,15
2023-03-28,4호선,명동,34074,35970,-1896,1,0,16
2023-03-28,4호선,명동,34074,35970,-1896,1,0,17
2023-03-28,4호선,명동,34074,35970,-1896,1,0,18
2023-03-28,4호선,명동,34074,35970,-1896,1,0,19
2023-03-28,4호선,명동,34074,35970,-1896,1,0,20
2023-03-28,4호선,명동,34074,35970,-1896,1,0,21
2023-03-28,4호선,명동,34074,35970,-1896,1,0,22
2023-03-28,4호선,명동,34074,35970,-1896,1,0,23
2023-03-29,4호선,명동,33887,35924,-2037,2,0,00
2023-03-29,4호선,명동,33887,35924,-2037,2,0,01
2023-03-29,4호선,명동,33887,35924,-2037,2,0,02
2023-03-29,4호선,명동,33887,35924,-2037,2,0,03
2023-03-29,4호선,명동,33887,35924,-2037,2,0,04
2023-03-29,4호선,명동,33887,35924,-2037,2,0,05
2023-03-29,4호선,명동,33887,35924,-2037,2,0,06
2023-03-29,4호선,명동,33887,35924,-2037,2,0,07
2023-03-29,4호선,명동,33887,35924,-2037,2,0,08
2023-03-29,4호선,명동,33887,35924,-2037,2,0,09
2023-03-29,4호선,명동,33887,35924,-2037,2,0,10
2023-03-29,4호선,명동,33887,35924,-2037,2,0,11
2023-03-29,4호선,명동,33887,35924,-2037,2,0,12
2023-03-29,4호선,명동,33887,35924,-2037,2,0,13
2023-03-29,4호선,명동,33887,35924,-2037,2,0,14
2023-03-29,4호선,명동,33887,35924,-2037,2,0,15
2023-03-29,4호선,명동,33887,35924,-2037,2,0,16
2023-03-29,4호선,명동,33887,35924,-2037,2,0,17
2023-03-29,4호선,명동,33887,35924,-2037,2,0,18
2023-03-29,4호선,명동,33887,35924,-2037,2,0,19
2023-03-29,4호선,명동,33887,35924,-2037,2,0,20
2023-03-29,4호선,명동,33887,35924,-2037,2,0,21
2023-03-29,4호선,명동,33887,35924,-2037,2,0,22
2023-03-29,4호선,명동,33887,35924,-2037,2,0,23
2023-03-30,4호선,명동,34223,36216,-1993,3,0,00
2023-03-30,4호선,명동,34223,36216,-1993,3,0,01
2023-03-30,4호선,명동,34223,36216,-1993,3,0,02
2023-03-30,4호선,명동,34223,36216,-1993,3,0,03
2023-03-30,4호선,명동,34223,36216,-1993,3,0,04
2023-03-30,4호선,명동,34223,36216,-1993,3,0,05
2023-03-30,4호선,명동,34223,36216,-1993,3,0,06
2023-03-30,4호선,명동,34223,36216,-1993,3,0,07
2023-03-30,4호선,명동,34223,36216,-1993,3,0,08
2023-03-30,4호선,명동,34223,36216,-1993,3,0,09
2023-03-30,4호선,명동,34223,36216,-1993,3,0,10
2023-03-30,4호선,명동,34223,36216,-1993,3,0,11
2023-03-30,4호선,명동,34223,36216,-1993,3,0,12
2023-03-30,4호선,명동,34223,36216,-1993,3,0,13
2023-03-30,4호선,명동,34223,36216,-1993,3,0,14
2023-03-30,4호선,명동,34223,36216,-1993,3,0,15
2023-03-30,4호선,명동,34223,36216,-1993,3,0,16
2023-03-30,4호선,명동,34223,36216,-1993,3,0,17
2023-03-30,4호선,명동,34223,36216,-1993,3,0,18
2023-03-30,4호선,명동,34223,36216,-1993,3,0,19
2023-03-30,4호선,명동,34223,36216,-1993,3,0,20
2023-03-30,4호선,명동,34223,36216,-1993,3,0,21
2023-03-30,4호선,명동,34223,36216,-1993,3,0,22
2023-03-30,4호선,명동,34223,36216,-1993,3,0,23
2023-03-31,4호선,명동,35405,37706,-2301,4,0,00
2023-03-31,4호선,명동,35405,37706,-2301,4,0,01
2023-03-31,4호선,명동,35405,37706,-2301,4,0,02
2023-03-31,4호선,명동,35405,37706,-2301,4,0,03
2023-03-31,4호선,명동,35405,37706,-2301,4,0,04
2023-03-31,4호선,명동,35405,37706,-2301,4,0,05
2023-03-31,4호선,명동,35405,37706,-2301,4,0,06
2023-03-31,4호선,명동,35405,37706,-2301,4,0,07
2023-03-31,4호선,명동,35405,37706,-2301,4,0,08
2023-03-31,4호선,명동,35405,37706,-2301,4,0,09
2023-03-31,4호선,명동,35405,37706,-2301,4,0,10
2023-03-31,4호선,명동,35405,37706,-2301,4,0,11
2023-03-31,4호선,명동,35405,37706,-2301,4,0,12
2023-03-31,4호선,명동,35405,37706,-2301,4,0,13
2023-03-31,4호선,명동,35405,37706,-2301,4,0,14
2023-03-31,4호선,명동,35405,37706,-2301,4,0,15
2023-03-31,4호선,명동,35405,37706,-2301,4,0,16
2023-03-31,4호선,명동,35405,37706,-2301,4,0,17
2023-03-31,4호선,명동,35405,37706,-2301,4,0,18
2023-03-31,4호선,명동,35405,37706,-2301,4,0,19
2023-03-31,4호선,명동,35405,37706,-2301,4,0,20
2023-03-31,4호선,명동,35405,37706,-2301,4,0,21
2023-03-31,4호선,명동,35405,37706,-2301,4,0,22
2023-03-31,4호선,명동,35405,37706,-2301,4,0,23
2023-04-01,4호선,명동,30744,34973,-4229,5,1,00
2023-04-01,4호선,명동,30744,34973,-4229,5,1,01
2023-04-01,4호선,명동,30744,34973,-4229,5,1,02
2023-04-01,4호선,명동,30744,34973,-4229,5,1,03
2023-04-01,4호선,명동,30744,34973,-4229,5,1,04
2023-04-01,4호선,명동,30744,34973,-4229,5,1,05
2023-04-01,4호선,명동,30744,34973,-4229,5,1,06
2023-04-01,4호선,명동,30744,34973,-4229,5,1,07
2023-04-01,4호선,명동,30744,34973,-4229,5,1,08
2023-04-01,4호선,명동,30744,34973,-4229,5,1,09
2023-04-01,4호선,명동,30744,34973,-4229,5,1,10
2023-04-01,4호선,명동,30744,34973,-4229,5,1,11
2023-04-01,4호선,명동,30744,34973,-4229,5,1,12
2023-04-01,4호선,명동,30744,34973,-4229,5,1,13
2023-04-01,4호선,명동,30744,34973,-4229,5,1,14
2023-04-01,4호선,명동,30744,34973,-4229,5,1,15
2023-04-01,4호선,명동,30744,34973,-4229,5,1,16
2023-04-01,4호선,명동,30744,34973,-4229,5,1,17
2023-04-01,4호선,명동,30744,34973,-4229,5,1,18
2023-04-01,4호선,명동,30744,34973,-4229,5,1,19
2023-04-01,4호선,명동,30744,34973,-4229,5,1,20
2023-04-01,4호선,명동,30744,34973,-4229,5,1,21
2023-04-01,4호선,명동,30744,34973,-4229,5,1,22
2023-04-01,4호선,명동,30744,34973,-4229,5,1,23
2023-04-02,4호선,명동,25652,28825,-3173,6,1,00
2023-04-02,4호선,명동,25652,28825,-3173,6,1,01
2023-04-02,4호선,명동,25652,28825,-3173,6,1,02
2023-04-02,4호선,명동,25652,28825,-3173,6,1,03
2023-04-02,4호선,명동,25652,28825,-3173,6,1,04
2023-04-02,4호선,명동,25652,28825,-3173,6,1,05
2023-04-02,4호선,명동,25652,28825,-3173,6,1,06
2023-04-02,4호선,명동,25652,28825,-3173,6,1,07
2023-04-02,4호선,명동,25652,28825,-3173,6,1,08
2023-04-02,4호선,명동,25652,28825,-3173,6,1,09
2023-04-02,4호선,명동,25652,28825,-3173,6,1,10
2023-04-02,4호선,명동,25652,28825,-3173,6,1,11
2023-04-02,4호선,명동,25652,28825,-3173,6,1,12
2023-04-02,4호선,명동,25652,28825,-3173,6,1,13
2023-04-02,4호선,명동,25652,28825,-3173,6,1,14
2023-04-02,4호선,명동,25652,28825,-3173,6,1,15
2023-04-02,4호선,명동,25652,28825,-3173,6,1,16
2023-04-02,4호선,명동,25652,28825,-3173,6,1,17
2023-04-02,4호선,명동,25652,28825,-3173,6,1,18
2023-04-02,4호선,명동,25652,28825,-3173,6,1,19
2023-04-02,4호선,명동,25652,28825,-3173,6,1,20
2023-04-02,4호선,명동,25652,28825,-3173,6,1,21
2023-04-02,4호선,명동,25652,28825,-3173,6,1,22
2023-04-02,4호선,명동,25652,28825,-3173,6,1,23
2023-04-03,4호선,명동,35093,37616,-2523,0,0,00
2023-04-03,4호선,명동,35093,37616,-2523,0,0,01
2023-04-03,4호선,명동,35093,37616,-2523,0,0,02
2023-04-03,4호선,명동,35093,37616,-2523,0,0,03
2023-04-03,4호선,명동,35093,37616,-2523,0,0,04
2023-04-03,4호선,명동,35093,37616,-2523,0,0,05
2023-04-03,4호선,명동,35093,37616,-2523,0,0,06
2023-04-03,4호선,명동,35093,37616,-2523,0,0,07
2023-04-03,4호선,명동,35093,37616,-2523,0,0,08
2023-04-03,4호선,명동,35093,37616,-2523,0,0,09
2023-04-03,4호선,명동,35093,37616,-2523,0,0,10
2023-04-03,4호선,명동,35093,37616,-2523,0,0,11
2023-04-03,4호선,명동,35093,37616,-2523,0,0,12
2023-04-03,4호선,명동,35093,37616,-2523,0,0,13
2023-04-03,4호선,명동,35093,37616,-2523,0,0,14
2023-04-03,4호선,명동,35093,37616,-2523,0,0,15
2023-04-03,4호선,명동,35093,37616,-2523,0,0,16
2023-04-03,4호선,명동,35093,37616,-2523,0,0,17
2023-04-03,4호선,명동,35093,37616,-2523,0,0,18
2023-04-03,4호선,명동,35093,37616,-2523,0,0,19
2023-04-03,4호선,명동,35093,37616,-2523,0,0,20
2023-04-03,4호선,명동,35093,37616,-2523,0,0,21
2023-04-03,4호선,명동,35093,37616,-2523,0,0,22
2023-04-03,4호선,명동,35093,37616,-2523,0,0,23
2023-04-04,4호선,명동,34485,36179,-1694,1,0,00
2023-04-04,4호선,명동,34485,36179,-1694,1,0,01
2023-04-04,4호선,명동,34485,36179,-1694,1,0,02
2023-04-04,4호선,명동,34485,36179,-1694,1,0,03
2023-04-04,4호선,명동,34485,36179,-1694,1,0,04
2023-04-04,4호선,명동,34485,36179,-1694,1,0,05
2023-04-04,4호선,명동,34485,36179,-1694,1,0,06
2023-04-04,4호선,명동,34485,36179,-1694,1,0,07
2023-04-04,4호선,명동,34485,36179,-1694,1,0,08
2023-04-04,4호선,명동,34485,36179,-1694,1,0,09
2023-04-04,4호선,명동,34485,36179,-1694,1,0,10
2023-04-04,4호선,명동,34485,36179,-1694,1,0,11
2023-04-04,4호선,명동,34485,36179,-1694,1,0,12
2023-04-04,4호선,명동,34485,36179,-1694,1,0,13
2023-04-04,4호선,명동,34485,36179,-1694,1,0,14
2023-04-04,4호선,명동,34485,36179,-1694,1,0,15
2023-04-04,4호선,명동,34485,36179,-1694,1,0,16
2023-04-04,4호선,명동,34485,36179,-1694,1,0,17
2023-04-04,4호선,명동,34485,36179,-1694,1,0,18
2023-04-04,4호선,명동,34485,36179,-1694,1,0,19
2023-04-04,4호선,명동,34485,36179,-1694,1,0,20
2023-04-04,4호선,명동,34485,36179,-1694,1,0,21
2023-04-04,4호선,명동,34485,36179,-1694,1,0,22
2023-04-04,4호선,명동,34485,36179,-1694,1,0,23
2023-04-05,4호선,명동,32423,34258,-1835,2,0,00
2023-04-05,4호선,명동,32423,34258,-1835,2,0,01
2023-04-05,4호선,명동,32423,34258,-1835,2,0,02
2023-04-05,4호선,명동,32423,34258,-1835,2,0,03
2023-04-05,4호선,명동,32423,34258,-1835,2,0,04
2023-04-05,4호선,명동,32423,34258,-1835,2,0,05
2023-04-05,4호선,명동,32423,34258,-1835,2,0,06
2023-04-05,4호선,명동,32423,34258,-1835,2,0,07
2023-04-05,4호선,명동,32423,34258,-1835,2,0,08
2023-04-05,4호선,명동,32423,34258,-1835,2,0,09
2023-04-05,4호선,명동,32423,34258,-1835,2,0,10
2023-04-05,4호선,명동,32423,34258,-1835,2,0,11
2023-04-05,4호선,명동,32423,34258,-1835,2,0,12
2023-04-05,4호선,명동,32423,34258,-1835,2,0,13
2023-04-05,4호선,명동,32423,34258,-1835,2,0,14
2023-04-05,4호선,명동,32423,34258,-1835,2,0,15
2023-04-05,4호선,명동,32423,34258,-1835,2,0,16
2023-04-05,4호선,명동,32423,34258,-1835,2,0,17
2023-04-05,4호선,명동,32423,34258,-1835,2,0,18
2023-04-05,4호선,명동,32423,34258,-1835,2,0,19
2023-04-05,4호선,명동,32423,34258,-1835,2,0,20
2023-04-05,4호선,명동,32423,34258,-1835,2,0,21
2023-04-05,4호선,명동,32423,34258,-1835,2,0,22
2023-04-05,4호선,명동,32423,34258,-1835,2,0,23
2023-04-06,4호선,명동,34078,36525,-2447,3,0,00
2023-04-06,4호선,명동,34078,36525,-2447,3,0,01
2023-04-06,4호선,명동,34078,36525,-2447,3,0,02
2023-04-06,4호선,명동,34078,36525,-2447,3,0,03
2023-04-06,4호선,명동,34078,36525,-2447,3,0,04
2023-04-06,4호선,명동,34078,36525,-2447,3,0,05
2023-04-06,4호선,명동,34078,36525,-2447,3,0,06
2023-04-06,4호선,명동,34078,36525,-2447,3,0,07
2023-04-06,4호선,명동,34078,36525,-2447,3,0,08
2023-04-06,4호선,명동,34078,36525,-2447,3,0,09
2023-04-06,4호선,명동,34078,36525,-2447,3,0,10
2023-04-06,4호선,명동,34078,36525,-2447,3,0,11
2023-04-06,4호선,명동,34078,36525,-2447,3,0,12
2023-04-06,4호선,명동,34078,36525,-2447,3,0,13
2023-04-06,4호선,명동,34078,36525,-2447,3,0,14
2023-04-06,4호선,명동,34078,36525,-2447,3,0,15
2023-04-06,4호선,명동,34078,36525,-2447,3,0,16
2023-04-06,4호선,명동,34078,36525,-2447,3,0,17
2023-04-06,4호선,명동,34078,36525,-2447,3,0,18
2023-04-06,4호선,명동,34078,36525,-2447,3,0,19
2023-04-06,4호선,명동,34078,36525,-2447,3,0,20
2023-04-06,4호선,명동,34078,36525,-2447,3,0,21
2023-04-06,4호선,명동,34078,36525,-2447,3,0,22
2023-04-06,4호선,명동,34078,36525,-2447,3,0,23
2023-04-07,4호선,명동,36469,38872,-2403,4,0,00
2023-04-07,4호선,명동,36469,38872,-2403,4,0,01
2023-04-07,4호선,명동,36469,38872,-2403,4,0,02
2023-04-07,4호선,명동,36469,38872,-2403,4,0,03
2023-04-07,4호선,명동,36469,38872,-2403,4,0,04
2023-04-07,4호선,명동,36469,38872,-2403,4,0,05
2023-04-07,4호선,명동,36469,38872,-2403,4,0,06
2023-04-07,4호선,명동,36469,38872,-2403,4,0,07
2023-04-07,4호선,명동,36469,38872,-2403,4,0,08
2023-04-07,4호선,명동,36469,38872,-2403,4,0,09
2023-04-07,4호선,명동,36469,38872,-2403,4,0,10
2023-04-07,4호선,명동,36469,38872,-2403,4,0,11
2023-04-07,4호선,명동,36469,38872,-2403,4,0,12
2023-04-07,4호선,명동,36469,38872,-2403,4,0,13
2023-04-07,4호선,명동,36469,38872,-2403,4,0,14
2023-04-07,4호선,명동,36469,38872,-2403,4,0,15
2023-04-07,4호선,명동,36469,38872,-2403,4,0,16
2023-04-07,4호선,명동,36469,38872,-2403,4,0,17
2023-04-07,4호선,명동,36469,38872,-2403,4,0,18
2023-04-07,4호선,명동,36469,38872,-2403,4,0,19
2023-04-07,4호선,명동,36469,38872,-2403,4,0,20
2023-04-07,4호선,명동,36469,38872,-2403,4,0,21
2023-04-07,4호선,명동,36469,38872,-2403,4,0,22
2023-04-07,4호선,명동,36469,38872,-2403,4,0,23
2023-04-08,4호선,명동,31076,35107,-4031,5,1,00
2023-04-08,4호선,명동,31076,35107,-4031,5,1,01
2023-04-08,4호선,명동,31076,35107,-4031,5,1,02
2023-04-08,4호선,명동,31076,35107,-4031,5,1,03
2023-04-08,4호선,명동,31076,35107,-4031,5,1,04
2023-04-08,4호선,명동,31076,35107,-4031,5,1,05
2023-04-08,4호선,명동,31076,35107,-4031,5,1,06
2023-04-08,4호선,명동,31076,35107,-4031,5,1,07
2023-04-08,4호선,명동,31076,35107,-4031,5,1,08
2023-04-08,4호선,명동,31076,35107,-4031,5,1,09
2023-04-08,4호선,명동,31076,35107,-4031,5,1,10
2023-04-08,4호선,명동,31076,35107,-4031,5,1,11
2023-04-08,4호선,명동,31076,35107,-4031,5,1,12
2023-04-08,4호선,명동,31076,35107,-4031,5,1,13
2023-04-08,4호선,명동,31076,35107,-4031,5,1,14
2023-04-08,4호선,명동,31076,35107,-4031,5,1,15
2023-04-08,4호선,명동,31076,35107,-4031,5,1,16
2023-04-08,4호선,명동,31076,35107,-4031,5,1,17
2023-04-08,4호선,명동,31076,35107,-4031,5,1,18
2023-04-08,4호선,명동,31076,35107,-4031,5,1,19
2023-04-08,4호선,명동,31076,35107,-4031,5,1,20
2023-04-08,4호선,명동,31076,35107,-4031,5,1,21
2023-04-08,4호선,명동,31076,35107,-4031,5,1,22
2023-04-08,4호선,명동,31076,35107,-4031,5,1,23
2023-04-09,4호선,명동,25625,28743,-3118,6,1,00
2023-04-09,4호선,명동,25625,28743,-3118,6,1,01
2023-04-09,4호선,명동,25625,28743,-3118,6,1,02
2023-04-09,4호선,명동,25625,28743,-3118,6,1,03
2023-04-09,4호선,명동,25625,28743,-3118,6,1,04
2023-04-09,4호선,명동,25625,28743,-3118,6,1,05
2023-04-09,4호선,명동,25625,28743,-3118,6,1,06
2023-04-09,4호선,명동,25625,28743,-3118,6,1,07
2023-04-09,4호선,명동,25625,28743,-3118,6,1,08
2023-04-09,4호선,명동,25625,28743,-3118,6,1,09
2023-04-09,4호선,명동,25625,28743,-3118,6,1,10
2023-04-09,4호선,명동,25625,28743,-3118,6,1,11
2023-04-09,4호선,명동,25625,28743,-3118,6,1,12
2023-04-09,4호선,명동,25625,28743,-3118,6,1,13
2023-04-09,4호선,명동,25625,28743,-3118,6,1,14
2023-04-09,4호선,명동,25625,28743,-3118,6,1,15
2023-04-09,4호선,명동,25625,28743,-3118,6,1,16
2023-04-09,4호선,명동,25625,28743,-3118,6,1,17
2023-04-09,4호선,명동,25625,28743,-3118,6,1,18
2023-04-09,4호선,명동,25625,28743,-3118,6,1,19
2023-04-09,4호선,명동,25625,28743,-3118,6,1,20
2023-04-09,4호선,명동,25625,28743,-3118,6,1,21
2023-04-09,4호선,명동,25625,28743,-3118,6,1,22
2023-04-09,4호선,명동,25625,28743,-3118,6,1,23
2023-04-10,4호선,명동,32822,34693,-1871,0,0,00
2023-04-10,4호선,명동,32822,34693,-1871,0,0,01
2023-04-10,4호선,명동,32822,34693,-1871,0,0,02
2023-04-10,4호선,명동,32822,34693,-1871,0,0,03
2023-04-10,4호선,명동,32822,34693,-1871,0,0,04
2023-04-10,4호선,명동,32822,34693,-1871,0,0,05
2023-04-10,4호선,명동,32822,34693,-1871,0,0,06
2023-04-10,4호선,명동,32822,34693,-1871,0,0,07
2023-04-10,4호선,명동,32822,34693,-1871,0,0,08
2023-04-10,4호선,명동,32822,34693,-1871,0,0,09
2023-04-10,4호선,명동,32822,34693,-1871,0,0,10
2023-04-10,4호선,명동,32822,34693,-1871,0,0,11
2023-04-10,4호선,명동,32822,34693,-1871,0,0,12
2023-04-10,4호선,명동,32822,34693,-1871,0,0,13
2023-04-10,4호선,명동,32822,34693,-1871,0,0,14
2023-04-10,4호선,명동,32822,34693,-1871,0,0,15
2023-04-10,4호선,명동,32822,34693,-1871,0,0,16
2023-04-10,4호선,명동,32822,34693,-1871,0,0,17
2023-04-10,4호선,명동,32822,34693,-1871,0,0,18
2023-04-10,4호선,명동,32822,34693,-1871,0,0,19
2023-04-10,4호선,명동,32822,34693,-1871,0,0,20
2023-04-10,4호선,명동,32822,34693,-1871,0,0,21
2023-04-10,4호선,명동,32822,34693,-1871,0,0,22
2023-04-10,4호선,명동,32822,34693,-1871,0,0,23
2023-04-11,4호선,명동,31674,33335,-1661,1,0,00
2023-04-11,4호선,명동,31674,33335,-1661,1,0,01
2023-04-11,4호선,명동,31674,33335,-1661,1,0,02
2023-04-11,4호선,명동,31674,33335,-1661,1,0,03
2023-04-11,4호선,명동,31674,33335,-1661,1,0,04
2023-04-11,4호선,명동,31674,33335,-1661,1,0,05
2023-04-11,4호선,명동,31674,33335,-1661,1,0,06
2023-04-11,4호선,명동,31674,33335,-1661,1,0,07
2023-04-11,4호선,명동,31674,33335,-1661,1,0,08
2023-04-11,4호선,명동,31674,33335,-1661,1,0,09
2023-04-11,4호선,명동,31674,33335,-1661,1,0,10
2023-04-11,4호선,명동,31674,33335,-1661,1,0,11
2023-04-11,4호선,명동,31674,33335,-1661,1,0,12
2023-04-11,4호선,명동,31674,33335,-1661,1,0,13
2023-04-11,4호선,명동,31674,33335,-1661,1,0,14
2023-04-11,4호선,명동,31674,33335,-1661,1,0,15
2023-04-11,4호선,명동,31674,33335,-1661,1,0,16
2023-04-11,4호선,명동,31674,33335,-1661,1,0,17
2023-04-11,4호선,명동,31674,33335,-1661,1,0,18
2023-04-11,4호선,명동,31674,33335,-1661,1,0,19
2023-04-11,4호선,명동,31674,33335,-1661,1,0,20
2023-04-11,4호선,명동,31674,33335,-1661,1,0,21
2023-04-11,4호선,명동,31674,33335,-1661,1,0,22
2023-04-11,4호선,명동,31674,33335,-1661,1,0,23
2023-04-12,4호선,명동,33931,36029,-2098,2,0,00
2023-04-12,4호선,명동,33931,36029,-2098,2,0,01
2023-04-12,4호선,명동,33931,36029,-2098,2,0,02
2023-04-12,4호선,명동,33931,36029,-2098,2,0,03
2023-04-12,4호선,명동,33931,36029,-2098,2,0,04
2023-04-12,4호선,명동,33931,36029,-2098,2,0,05
2023-04-12,4호선,명동,33931,36029,-2098,2,0,06
2023-04-12,4호선,명동,33931,36029,-2098,2,0,07
2023-04-12,4호선,명동,33931,36029,-2098,2,0,08
2023-04-12,4호선,명동,33931,36029,-2098,2,0,09
2023-04-12,4호선,명동,33931,36029,-2098,2,0,10
2023-04-12,4호선,명동,33931,36029,-2098,2,0,11
2023-04-12,4호선,명동,33931,36029,-2098,2,0,12
2023-04-12,4호선,명동,33931,36029,-2098,2,0,13
2023-04-12,4호선,명동,33931,36029,-2098,2,0,14
2023-04-12,4호선,명동,33931,36029,-2098,2,0,15
2023-04-12,4호선,명동,33931,36029,-2098,2,0,16
2023-04-12,4호선,명동,33931,36029,-2098,2,0,17
2023-04-12,4호선,명동,33931,36029,-2098,2,0,18
2023-04-12,4호선,명동,33931,36029,-2098,2,0,19
2023-04-12,4호선,명동,33931,36029,-2098,2,0,20
2023-04-12,4호선,명동,33931,36029,-2098,2,0,21
2023-04-12,4호선,명동,33931,36029,-2098,2,0,22
2023-04-12,4호선,명동,33931,36029,-2098,2,0,23
2023-04-13,4호선,명동,33813,35899,-2086,3,0,00
2023-04-13,4호선,명동,33813,35899,-2086,3,0,01
2023-04-13,4호선,명동,33813,35899,-2086,3,0,02
2023-04-13,4호선,명동,33813,35899,-2086,3,0,03
2023-04-13,4호선,명동,33813,35899,-2086,3,0,04
2023-04-13,4호선,명동,33813,35899,-2086,3,0,05
2023-04-13,4호선,명동,33813,35899,-2086,3,0,06
2023-04-13,4호선,명동,33813,35899,-2086,3,0,07
2023-04-13,4호선,명동,33813,35899,-2086,3,0,08
2023-04-13,4호선,명동,33813,35899,-2086,3,0,09
2023-04-13,4호선,명동,33813,35899,-2086,3,0,10
2023-04-13,4호선,명동,33813,35899,-2086,3,0,11
2023-04-13,4호선,명동,33813,35899,-2086,3,0,12
2023-04-13,4호선,명동,33813,35899,-2086,3,0,13
2023-04-13,4호선,명동,33813,35899,-2086,3,0,14
2023-04-13,4호선,명동,33813,35899,-2086,3,0,15
2023-04-13,4호선,명동,33813,35899,-2086,3,0,16
2023-04-13,4호선,명동,33813,35899,-2086,3,0,17
2023-04-13,4호선,명동,33813,35899,-2086,3,0,18
2023-04-13,4호선,명동,33813,35899,-2086,3,0,19
2023-04-13,4호선,명동,33813,35899,-2086,3,0,20
2023-04-13,4호선,명동,33813,35899,-2086,3,0,21
2023-04-13,4호선,명동,33813,35899,-2086,3,0,22
2023-04-13,4호선,명동,33813,35899,-2086,3,0,23
2023-04-14,4호선,명동,34955,37578,-2623,4,0,00
2023-04-14,4호선,명동,34955,37578,-2623,4,0,01
2023-04-14,4호선,명동,34955,37578,-2623,4,0,02
2023-04-14,4호선,명동,34955,37578,-2623,4,0,03
2023-04-14,4호선,명동,34955,37578,-2623,4,0,04
2023-04-14,4호선,명동,34955,37578,-2623,4,0,05
2023-04-14,4호선,명동,34955,37578,-2623,4,0,06
2023-04-14,4호선,명동,34955,37578,-2623,4,0,07
2023-04-14,4호선,명동,34955,37578,-2623,4,0,08
2023-04-14,4호선,명동,34955,37578,-2623,4,0,09
2023-04-14,4호선,명동,34955,37578,-2623,4,0,10
2023-04-14,4호선,명동,34955,37578,-2623,4,0,11
2023-04-14,4호선,명동,34955,37578,-2623,4,0,12
2023-04-14,4호선,명동,34955,37578,-2623,4,0,13
2023-04-14,4호선,명동,34955,37578,-2623,4,0,14
2023-04-14,4호선,명동,34955,37578,-2623,4,0,15
2023-04-14,4호선,명동,34955,37578,-2623,4,0,16
2023-04-14,4호선,명동,34955,37578,-2623,4,0,17
2023-04-14,4호선,명동,34955,37578,-2623,4,0,18
2023-04-14,4호선,명동,34955,37578,-2623,4,0,19
2023-04-14,4호선,명동,34955,37578,-2623,4,0,20
2023-04-14,4호선,명동,34955,37578,-2623,4,0,21
2023-04-14,4호선,명동,34955,37578,-2623,4,0,22
2023-04-14,4호선,명동,34955,37578,-2623,4,0,23
2023-04-15,4호선,명동,28272,31839,-3567,5,1,00
2023-04-15,4호선,명동,28272,31839,-3567,5,1,01
2023-04-15,4호선,명동,28272,31839,-3567,5,1,02
2023-04-15,4호선,명동,28272,31839,-3567,5,1,03
2023-04-15,4호선,명동,28272,31839,-3567,5,1,04
2023-04-15,4호선,명동,28272,31839,-3567,5,1,05
2023-04-15,4호선,명동,28272,31839,-3567,5,1,06
2023-04-15,4호선,명동,28272,31839,-3567,5,1,07
2023-04-15,4호선,명동,28272,31839,-3567,5,1,08
2023-04-15,4호선,명동,28272,31839,-3567,5,1,09
2023-04-15,4호선,명동,28272,31839,-3567,5,1,10
2023-04-15,4호선,명동,28272,31839,-3567,5,1,11
2023-04-15,4호선,명동,28272,31839,-3567,5,1,12
2023-04-15,4호선,명동,28272,31839,-3567,5,1,13
2023-04-15,4호선,명동,28272,31839,-3567,5,1,14
2023-04-15,4호선,명동,28272,31839,-3567,5,1,15
2023-04-15,4호선,명동,28272,31839,-3567,5,1,16
2023-04-15,4호선,명동,28272,31839,-3567,5,1,17
2023-04-15,4호선,명동,28272,31839,-3567,5,1,18
2023-04-15,4호선,명동,28272,31839,-3567,5,1,19
2023-04-15,4호선,명동,28272,31839,-3567,5,1,20
2023-04-15,4호선,명동,28272,31839,-3567,5,1,21
2023-04-15,4호선,명동,28272,31839,-3567,5,1,22
2023-04-15,4호선,명동,28272,31839,-3567,5,1,23
2023-04-16,4호선,명동,23383,25733,-2350,6,1,00
2023-04-16,4호선,명동,23383,25733,-2350,6,1,01
2023-04-16,4호선,명동,23383,25733,-2350,6,1,02
2023-04-16,4호선,명동,23383,25733,-2350,6,1,03
2023-04-16,4호선,명동,23383,25733,-2350,6,1,04
2023-04-16,4호선,명동,23383,25733,-2350,6,1,05
2023-04-16,4호선,명동,23383,25733,-2350,6,1,06
2023-04-16,4호선,명동,23383,25733,-2350,6,1,07
2023-04-16,4호선,명동,23383,25733,-2350,6,1,08
2023-04-16,4호선,명동,23383,25733,-2350,6,1,09
2023-04-16,4호선,명동,23383,25733,-2350,6,1,10
2023-04-16,4호선,명동,23383,25733,-2350,6,1,11
2023-04-16,4호선,명동,23383,25733,-2350,6,1,12
2023-04-16,4호선,명동,23383,25733,-2350,6,1,13
2023-04-16,4호선,명동,23383,25733,-2350,6,1,14
2023-04-16,4호선,명동,23383,25733,-2350,6,1,15
2023-04-16,4호선,명동,23383,25733,-2350,6,1,16
2023-04-16,4호선,명동,23383,25733,-2350,6,1,17
2023-04-16,4호선,명동,23383,25733,-2350,6,1,18
2023-04-16,4호선,명동,23383,25733,-2350,6,1,19
2023-04-16,4호선,명동,23383,25733,-2350,6,1,20
2023-04-16,4호선,명동,23383,25733,-2350,6,1,21
2023-04-16,4호선,명동,23383,25733,-2350,6,1,22
2023-04-16,4호선,명동,23383,25733,-2350,6,1,23
2023-04-17,4호선,명동,32519,33920,-1401,0,0,00
2023-04-17,4호선,명동,32519,33920,-1401,0,0,01
2023-04-17,4호선,명동,32519,33920,-1401,0,0,02
2023-04-17,4호선,명동,32519,33920,-1401,0,0,03
2023-04-17,4호선,명동,32519,33920,-1401,0,0,04
2023-04-17,4호선,명동,32519,33920,-1401,0,0,05
2023-04-17,4호선,명동,32519,33920,-1401,0,0,06
2023-04-17,4호선,명동,32519,33920,-1401,0,0,07
2023-04-17,4호선,명동,32519,33920,-1401,0,0,08
2023-04-17,4호선,명동,32519,33920,-1401,0,0,09
2023-04-17,4호선,명동,32519,33920,-1401,0,0,10
2023-04-17,4호선,명동,32519,33920,-1401,0,0,11
2023-04-17,4호선,명동,32519,33920,-1401,0,0,12
2023-04-17,4호선,명동,32519,33920,-1401,0,0,13
2023-04-17,4호선,명동,32519,33920,-1401,0,0,14
2023-04-17,4호선,명동,32519,33920,-1401,0,0,15
2023-04-17,4호선,명동,32519,33920,-1401,0,0,16
2023-04-17,4호선,명동,32519,33920,-1401,0,0,17
2023-04-17,4호선,명동,32519,33920,-1401,0,0,18
2023-04-17,4호선,명동,32519,33920,-1401,0,0,19
2023-04-17,4호선,명동,32519,33920,-1401,0,0,20
2023-04-17,4호선,명동,32519,33920,-1401,0,0,21
2023-04-17,4호선,명동,32519,33920,-1401,0,0,22
2023-04-17,4호선,명동,32519,33920,-1401,0,0,23
2023-04-18,4호선,명동,30870,32214,-1344,1,0,00
2023-04-18,4호선,명동,30870,32214,-1344,1,0,01
2023-04-18,4호선,명동,30870,32214,-1344,1,0,02
2023-04-18,4호선,명동,30870,32214,-1344,1,0,03
2023-04-18,4호선,명동,30870,32214,-1344,1,0,04
2023-04-18,4호선,명동,30870,32214,-1344,1,0,05
2023-04-18,4호선,명동,30870,32214,-1344,1,0,06
2023-04-18,4호선,명동,30870,32214,-1344,1,0,07
2023-04-18,4호선,명동,30870,32214,-1344,1,0,08
2023-04-18,4호선,명동,30870,32214,-1344,1,0,09
2023-04-18,4호선,명동,30870,32214,-1344,1,0,10
2023-04-18,4호선,명동,30870,32214,-1344,1,0,11
2023-04-18,4호선,명동,30870,32214,-1344,1,0,12
2023-04-18,4호선,명동,30870,32214,-1344,1,0,13
2023-04-18,4호선,명동,30870,32214,-1344,1,0,14
2023-04-18,4호선,명동,30870,32214,-1344,1,0,15
2023-04-18,4호선,명동,30870,32214,-1344,1,0,16
2023-04-18,4호선,명동,30870,32214,-1344,1,0,17
2023-04-18,4호선,명동,30870,32214,-1344,1,0,18
2023-04-18,4호선,명동,30870,32214,-1344,1,0,19
2023-04-18,4호선,명동,30870,32214,-1344,1,0,20
2023-04-18,4호선,명동,30870,32214,-1344,1,0,21
2023-04-18,4호선,명동,30870,32214,-1344,1,0,22
2023-04-18,4호선,명동,30870,32214,-1344,1,0,23
2023-04-19,4호선,명동,33601,34382,-781,2,0,00
2023-04-19,4호선,명동,33601,34382,-781,2,0,01
2023-04-19,4호선,명동,33601,34382,-781,2,0,02
2023-04-19,4호선,명동,33601,34382,-781,2,0,03
2023-04-19,4호선,명동,33601,34382,-781,2,0,04
2023-04-19,4호선,명동,33601,34382,-781,2,0,05
2023-04-19,4호선,명동,33601,34382,-781,2,0,06
2023-04-19,4호선,명동,33601,34382,-781,2,0,07
2023-04-19,4호선,명동,33601,34382,-781,2,0,08
2023-04-19,4호선,명동,33601,34382,-781,2,0,09
2023-04-19,4호선,명동,33601,34382,-781,2,0,10
2023-04-19,4호선,명동,33601,34382,-781,2,0,11
2023-04-19,4호선,명동,33601,34382,-781,2,0,12
2023-04-19,4호선,명동,33601,34382,-781,2,0,13
2023-04-19,4호선,명동,33601,34382,-781,2,0,14
2023-04-19,4호선,명동,33601,34382,-781,2,0,15
2023-04-19,4호선,명동,33601,34382,-781,2,0,16
2023-04-19,4호선,명동,33601,34382,-781,2,0,17
2023-04-19,4호선,명동,33601,34382,-781,2,0,18
2023-04-19,4호선,명동,33601,34382,-781,2,0,19
2023-04-19,4호선,명동,33601,34382,-781,2,0,20
2023-04-19,4호선,명동,33601,34382,-781,2,0,21
2023-04-19,4호선,명동,33601,34382,-781,2,0,22
2023-04-19,4호선,명동,33601,34382,-781,2,0,23
2023-04-20,4호선,명동,32221,33421,-1200,3,0,00
2023-04-20,4호선,명동,32221,33421,-1200,3,0,01
2023-04-20,4호선,명동,32221,33421,-1200,3,0,02
2023-04-20,4호선,명동,32221,33421,-1200,3,0,03
2023-04-20,4호선,명동,32221,33421,-1200,3,0,04
2023-04-20,4호선,명동,32221,33421,-1200,3,0,05
2023-04-20,4호선,명동,32221,33421,-1200,3,0,06
2023-04-20,4호선,명동,32221,33421,-1200,3,0,07
2023-04-20,4호선,명동,32221,33421,-1200,3,0,08
2023-04-20,4호선,명동,32221,33421,-1200,3,0,09
2023-04-20,4호선,명동,32221,33421,-1200,3,0,10
2023-04-20,4호선,명동,32221,33421,-1200,3,0,11
2023-04-20,4호선,명동,32221,33421,-1200,3,0,12
2023-04-20,4호선,명동,32221,33421,-1200,3,0,13
2023-04-20,4호선,명동,32221,33421,-1200,3,0,14
2023-04-20,4호선,명동,32221,33421,-1200,3,0,15
2023-04-20,4호선,명동,32221,33421,-1200,3,0,16
2023-04-20,4호선,명동,32221,33421,-1200,3,0,17
2023-04-20,4호선,명동,32221,33421,-1200,3,0,18
2023-04-20,4호선,명동,32221,33421,-1200,3,0,19
2023-04-20,4호선,명동,32221,33421,-1200,3,0,20
2023-04-20,4호선,명동,32221,33421,-1200,3,0,21
2023-04-20,4호선,명동,32221,33421,-1200,3,0,22
2023-04-20,4호선,명동,32221,33421,-1200,3,0,23
2023-04-21,4호선,명동,33994,36302,-2308,4,0,00
2023-04-21,4호선,명동,33994,36302,-2308,4,0,01
2023-04-21,4호선,명동,33994,36302,-2308,4,0,02
2023-04-21,4호선,명동,33994,36302,-2308,4,0,03
2023-04-21,4호선,명동,33994,36302,-2308,4,0,04
2023-04-21,4호선,명동,33994,36302,-2308,4,0,05
2023-04-21,4호선,명동,33994,36302,-2308,4,0,06
2023-04-21,4호선,명동,33994,36302,-2308,4,0,07
2023-04-21,4호선,명동,33994,36302,-2308,4,0,08
2023-04-21,4호선,명동,33994,36302,-2308,4,0,09
2023-04-21,4호선,명동,33994,36302,-2308,4,0,10
2023-04-21,4호선,명동,33994,36302,-2308,4,0,11
2023-04-21,4호선,명동,33994,36302,-2308,4,0,12
2023-04-21,4호선,명동,33994,36302,-2308,4,0,13
2023-04-21,4호선,명동,33994,36302,-2308,4,0,14
2023-04-21,4호선,명동,33994,36302,-2308,4,0,15
2023-04-21,4호선,명동,33994,36302,-2308,4,0,16
2023-04-21,4호선,명동,33994,36302,-2308,4,0,17
2023-04-21,4호선,명동,33994,36302,-2308,4,0,18
2023-04-21,4호선,명동,33994,36302,-2308,4,0,19
2023-04-21,4호선,명동,33994,36302,-2308,4,0,20
2023-04-21,4호선,명동,33994,36302,-2308,4,0,21
2023-04-21,4호선,명동,33994,36302,-2308,4,0,22
2023-04-21,4호선,명동,33994,36302,-2308,4,0,23
2023-04-22,4호선,명동,28215,32248,-4033,5,1,00
2023-04-22,4호선,명동,28215,32248,-4033,5,1,01
2023-04-22,4호선,명동,28215,32248,-4033,5,1,02
2023-04-22,4호선,명동,28215,32248,-4033,5,1,03
2023-04-22,4호선,명동,28215,32248,-4033,5,1,04
2023-04-22,4호선,명동,28215,32248,-4033,5,1,05
2023-04-22,4호선,명동,28215,32248,-4033,5,1,06
2023-04-22,4호선,명동,28215,32248,-4033,5,1,07
2023-04-22,4호선,명동,28215,32248,-4033,5,1,08
2023-04-22,4호선,명동,28215,32248,-4033,5,1,09
2023-04-22,4호선,명동,28215,32248,-4033,5,1,10
2023-04-22,4호선,명동,28215,32248,-4033,5,1,11
2023-04-22,4호선,명동,28215,32248,-4033,5,1,12
2023-04-22,4호선,명동,28215,32248,-4033,5,1,13
2023-04-22,4호선,명동,28215,32248,-4033,5,1,14
2023-04-22,4호선,명동,28215,32248,-4033,5,1,15
2023-04-22,4호선,명동,28215,32248,-4033,5,1,16
2023-04-22,4호선,명동,28215,32248,-4033,5,1,17
2023-04-22,4호선,명동,28215,32248,-4033,5,1,18
2023-04-22,4호선,명동,28215,32248,-4033,5,1,19
2023-04-22,4호선,명동,28215,32248,-4033,5,1,20
2023-04-22,4호선,명동,28215,32248,-4033,5,1,21
2023-04-22,4호선,명동,28215,32248,-4033,5,1,22
2023-04-22,4호선,명동,28215,32248,-4033,5,1,23
2023-04-23,4호선,명동,22382,24459,-2077,6,1,00
2023-04-23,4호선,명동,22382,24459,-2077,6,1,01
2023-04-23,4호선,명동,22382,24459,-2077,6,1,02
2023-04-23,4호선,명동,22382,24459,-2077,6,1,03
2023-04-23,4호선,명동,22382,24459,-2077,6,1,04
2023-04-23,4호선,명동,22382,24459,-2077,6,1,05
2023-04-23,4호선,명동,22382,24459,-2077,6,1,06
2023-04-23,4호선,명동,22382,24459,-2077,6,1,07
2023-04-23,4호선,명동,22382,24459,-2077,6,1,08
2023-04-23,4호선,명동,22382,24459,-2077,6,1,09
2023-04-23,4호선,명동,22382,24459,-2077,6,1,10
2023-04-23,4호선,명동,22382,24459,-2077,6,1,11
2023-04-23,4호선,명동,22382,24459,-2077,6,1,12
2023-04-23,4호선,명동,22382,24459,-2077,6,1,13
2023-04-23,4호선,명동,22382,24459,-2077,6,1,14
2023-04-23,4호선,명동,22382,24459,-2077,6,1,15
2023-04-23,4호선,명동,22382,24459,-2077,6,1,16
2023-04-23,4호선,명동,22382,24459,-2077,6,1,17
2023-04-23,4호선,명동,22382,24459,-2077,6,1,18
2023-04-23,4호선,명동,22382,24459,-2077,6,1,19
2023-04-23,4호선,명동,22382,24459,-2077,6,1,20
2023-04-23,4호선,명동,22382,24459,-2077,6,1,21
2023-04-23,4호선,명동,22382,24459,-2077,6,1,22
2023-04-23,4호선,명동,22382,24459,-2077,6,1,23
2023-04-24,4호선,명동,32741,33707,-966,0,0,00
2023-04-24,4호선,명동,32741,33707,-966,0,0,01
2023-04-24,4호선,명동,32741,33707,-966,0,0,02
2023-04-24,4호선,명동,32741,33707,-966,0,0,03
2023-04-24,4호선,명동,32741,33707,-966,0,0,04
2023-04-24,4호선,명동,32741,33707,-966,0,0,05
2023-04-24,4호선,명동,32741,33707,-966,0,0,06
2023-04-24,4호선,명동,32741,33707,-966,0,0,07
2023-04-24,4호선,명동,32741,33707,-966,0,0,08
2023-04-24,4호선,명동,32741,33707,-966,0,0,09
2023-04-24,4호선,명동,32741,33707,-966,0,0,10
2023-04-24,4호선,명동,32741,33707,-966,0,0,11
2023-04-24,4호선,명동,32741,33707,-966,0,0,12
2023-04-24,4호선,명동,32741,33707,-966,0,0,13
2023-04-24,4호선,명동,32741,33707,-966,0,0,14
2023-04-24,4호선,명동,32741,33707,-966,0,0,15
2023-04-24,4호선,명동,32741,33707,-966,0,0,16
2023-04-24,4호선,명동,32741,33707,-966,0,0,17
2023-04-24,4호선,명동,32741,33707,-966,0,0,18
2023-04-24,4호선,명동,32741,33707,-966,0,0,19
2023-04-24,4호선,명동,32741,33707,-966,0,0,20
2023-04-24,4호선,명동,32741,33707,-966,0,0,21
2023-04-24,4호선,명동,32741,33707,-966,0,0,22
2023-04-24,4호선,명동,32741,33707,-966,0,0,23
2023-04-25,4호선,명동,31560,33033,-1473,1,0,00
2023-04-25,4호선,명동,31560,33033,-1473,1,0,01
2023-04-25,4호선,명동,31560,33033,-1473,1,0,02
2023-04-25,4호선,명동,31560,33033,-1473,1,0,03
2023-04-25,4호선,명동,31560,33033,-1473,1,0,04
2023-04-25,4호선,명동,31560,33033,-1473,1,0,05
2023-04-25,4호선,명동,31560,33033,-1473,1,0,06
2023-04-25,4호선,명동,31560,33033,-1473,1,0,07
2023-04-25,4호선,명동,31560,33033,-1473,1,0,08
2023-04-25,4호선,명동,31560,33033,-1473,1,0,09
2023-04-25,4호선,명동,31560,33033,-1473,1,0,10
2023-04-25,4호선,명동,31560,33033,-1473,1,0,11
2023-04-25,4호선,명동,31560,33033,-1473,1,0,12
2023-04-25,4호선,명동,31560,33033,-1473,1,0,13
2023-04-25,4호선,명동,31560,33033,-1473,1,0,14
2023-04-25,4호선,명동,31560,33033,-1473,1,0,15
2023-04-25,4호선,명동,31560,33033,-1473,1,0,16
2023-04-25,4호선,명동,31560,33033,-1473,1,0,17
2023-04-25,4호선,명동,31560,33033,-1473,1,0,18
2023-04-25,4호선,명동,31560,33033,-1473,1,0,19
2023-04-25,4호선,명동,31560,33033,-1473,1,0,20
2023-04-25,4호선,명동,31560,33033,-1473,1,0,21
2023-04-25,4호선,명동,31560,33033,-1473,1,0,22
2023-04-25,4호선,명동,31560,33033,-1473,1,0,23
2023-04-26,4호선,명동,33295,34898,-1603,2,0,00
2023-04-26,4호선,명동,33295,34898,-1603,2,0,01
2023-04-26,4호선,명동,33295,34898,-1603,2,0,02
2023-04-26,4호선,명동,33295,34898,-1603,2,0,03
2023-04-26,4호선,명동,33295,34898,-1603,2,0,04
2023-04-26,4호선,명동,33295,34898,-1603,2,0,05
2023-04-26,4호선,명동,33295,34898,-1603,2,0,06
2023-04-26,4호선,명동,33295,34898,-1603,2,0,07
2023-04-26,4호선,명동,33295,34898,-1603,2,0,08
2023-04-26,4호선,명동,33295,34898,-1603,2,0,09
2023-04-26,4호선,명동,33295,34898,-1603,2,0,10
2023-04-26,4호선,명동,33295,34898,-1603,2,0,11
2023-04-26,4호선,명동,33295,34898,-1603,2,0,12
2023-04-26,4호선,명동,33295,34898,-1603,2,0,13
2023-04-26,4호선,명동,33295,34898,-1603,2,0,14
2023-04-26,4호선,명동,33295,34898,-1603,2,0,15
2023-04-26,4호선,명동,33295,34898,-1603,2,0,16
2023-04-26,4호선,명동,33295,34898,-1603,2,0,17
2023-04-26,4호선,명동,33295,34898,-1603,2,0,18
2023-04-26,4호선,명동,33295,34898,-1603,2,0,19
2023-04-26,4호선,명동,33295,34898,-1603,2,0,20
2023-04-26,4호선,명동,33295,34898,-1603,2,0,21
2023-04-26,4호선,명동,33295,34898,-1603,2,0,22
2023-04-26,4호선,명동,33295,34898,-1603,2,0,23
2023-04-27,4호선,명동,33128,35103,-1975,3,0,00
2023-04-27,4호선,명동,33128,35103,-1975,3,0,01
2023-04-27,4호선,명동,33128,35103,-1975,3,0,02
2023-04-27,4호선,명동,33128,35103,-1975,3,0,03
2023-04-27,4호선,명동,33128,35103,-1975,3,0,04
2023-04-27,4호선,명동,33128,35103,-1975,3,0,05
2023-04-27,4호선,명동,33128,35103,-1975,3,0,06
2023-04-27,4호선,명동,33128,35103,-1975,3,0,07
2023-04-27,4호선,명동,33128,35103,-1975,3,0,08
2023-04-27,4호선,명동,33128,35103,-1975,3,0,09
2023-04-27,4호선,명동,33128,35103,-1975,3,0,10
2023-04-27,4호선,명동,33128,35103,-1975,3,0,11
2023-04-27,4호선,명동,33128,35103,-1975,3,0,12
2023-04-27,4호선,명동,33128,35103,-1975,3,0,13
2023-04-27,4호선,명동,33128,35103,-1975,3,0,14
2023-04-27,4호선,명동,33128,35103,-1975,3,0,15
2023-04-27,4호선,명동,33128,35103,-1975,3,0,16
2023-04-27,4호선,명동,33128,35103,-1975,3,0,17
2023-04-27,4호선,명동,33128,35103,-1975,3,0,18
2023-04-27,4호선,명동,33128,35103,-1975,3,0,19
2023-04-27,4호선,명동,33128,35103,-1975,3,0,20
2023-04-27,4호선,명동,33128,35103,-1975,3,0,21
2023-04-27,4호선,명동,33128,35103,-1975,3,0,22
2023-04-27,4호선,명동,33128,35103,-1975,3,0,23
2023-04-28,4호선,명동,34755,37379,-2624,4,0,00
2023-04-28,4호선,명동,34755,37379,-2624,4,0,01
2023-04-28,4호선,명동,34755,37379,-2624,4,0,02
2023-04-28,4호선,명동,34755,37379,-2624,4,0,03
2023-04-28,4호선,명동,34755,37379,-2624,4,0,04
2023-04-28,4호선,명동,34755,37379,-2624,4,0,05
2023-04-28,4호선,명동,34755,37379,-2624,4,0,06
2023-04-28,4호선,명동,34755,37379,-2624,4,0,07
2023-04-28,4호선,명동,34755,37379,-2624,4,0,08
2023-04-28,4호선,명동,34755,37379,-2624,4,0,09
2023-04-28,4호선,명동,34755,37379,-2624,4,0,10
2023-04-28,4호선,명동,34755,37379,-2624,4,0,11
2023-04-28,4호선,명동,34755,37379,-2624,4,0,12
2023-04-28,4호선,명동,34755,37379,-2624,4,0,13
2023-04-28,4호선,명동,34755,37379,-2624,4,0,14
2023-04-28,4호선,명동,34755,37379,-2624,4,0,15
2023-04-28,4호선,명동,34755,37379,-2624,4,0,16
2023-04-28,4호선,명동,34755,37379,-2624,4,0,17
2023-04-28,4호선,명동,34755,37379,-2624,4,0,18
2023-04-28,4호선,명동,34755,37379,-2624,4,0,19
2023-04-28,4호선,명동,34755,37379,-2624,4,0,20
2023-04-28,4호선,명동,34755,37379,-2624,4,0,21
2023-04-28,4호선,명동,34755,37379,-2624,4,0,22
2023-04-28,4호선,명동,34755,37379,-2624,4,0,23
2023-04-29,4호선,명동,27733,32106,-4373,5,1,00
2023-04-29,4호선,명동,27733,32106,-4373,5,1,01
2023-04-29,4호선,명동,27733,32106,-4373,5,1,02
2023-04-29,4호선,명동,27733,32106,-4373,5,1,03
2023-04-29,4호선,명동,27733,32106,-4373,5,1,04
2023-04-29,4호선,명동,27733,32106,-4373,5,1,05
2023-04-29,4호선,명동,27733,32106,-4373,5,1,06
2023-04-29,4호선,명동,27733,32106,-4373,5,1,07
2023-04-29,4호선,명동,27733,32106,-4373,5,1,08
2023-04-29,4호선,명동,27733,32106,-4373,5,1,09
2023-04-29,4호선,명동,27733,32106,-4373,5,1,10
2023-04-29,4호선,명동,27733,32106,-4373,5,1,11
2023-04-29,4호선,명동,27733,32106,-4373,5,1,12
2023-04-29,4호선,명동,27733,32106,-4373,5,1,13
2023-04-29,4호선,명동,27733,32106,-4373,5,1,14
2023-04-29,4호선,명동,27733,32106,-4373,5,1,15
2023-04-29,4호선,명동,27733,32106,-4373,5,1,16
2023-04-29,4호선,명동,27733,32106,-4373,5,1,17
2023-04-29,4호선,명동,27733,32106,-4373,5,1,18
2023-04-29,4호선,명동,27733,32106,-4373,5,1,19
2023-04-29,4호선,명동,27733,32106,-4373,5,1,20
2023-04-29,4호선,명동,27733,32106,-4373,5,1,21
2023-04-29,4호선,명동,27733,32106,-4373,5,1,22
2023-04-29,4호선,명동,27733,32106,-4373,5,1,23
2023-04-30,4호선,명동,28941,32610,-3669,6,1,00
2023-04-30,4호선,명동,28941,32610,-3669,6,1,01
2023-04-30,4호선,명동,28941,32610,-3669,6,1,02
2023-04-30,4호선,명동,28941,32610,-3669,6,1,03
2023-04-30,4호선,명동,28941,32610,-3669,6,1,04
2023-04-30,4호선,명동,28941,32610,-3669,6,1,05
2023-04-30,4호선,명동,28941,32610,-3669,6,1,06
2023-04-30,4호선,명동,28941,32610,-3669,6,1,07
2023-04-30,4호선,명동,28941,32610,-3669,6,1,08
2023-04-30,4호선,명동,28941,32610,-3669,6,1,09
2023-04-30,4호선,명동,28941,32610,-3669,6,1,10
2023-04-30,4호선,명동,28941,32610,-3669,6,1,11
2023-04-30,4호선,명동,28941,32610,-3669,6,1,12
2023-04-30,4호선,명동,28941,32610,-3669,6,1,13
2023-04-30,4호선,명동,28941,32610,-3669,6,1,14
2023-04-30,4호선,명동,28941,32610,-3669,6,1,15
2023-04-30,4호선,명동,28941,32610,-3669,6,1,16
2023-04-30,4호선,명동,28941,32610,-3669,6,1,17
2023-04-30,4호선,명동,28941,32610,-3669,6,1,18
2023-04-30,4호선,명동,28941,32610,-3669,6,1,19
2023-04-30,4호선,명동,28941,32610,-3669,6,1,20
2023-04-30,4호선,명동,28941,32610,-3669,6,1,21
2023-04-30,4호선,명동,28941,32610,-3669,6,1,22
2023-04-30,4호선,명동,28941,32610,-3669,6,1,23
2023-05-01,4호선,명동,28644,31756,-3112,0,0,00
2023-05-01,4호선,명동,28644,31756,-3112,0,0,01
2023-05-01,4호선,명동,28644,31756,-3112,0,0,02
2023-05-01,4호선,명동,28644,31756,-3112,0,0,03
2023-05-01,4호선,명동,28644,31756,-3112,0,0,04
2023-05-01,4호선,명동,28644,31756,-3112,0,0,05
2023-05-01,4호선,명동,28644,31756,-3112,0,0,06
2023-05-01,4호선,명동,28644,31756,-3112,0,0,07
2023-05-01,4호선,명동,28644,31756,-3112,0,0,08
2023-05-01,4호선,명동,28644,31756,-3112,0,0,09
2023-05-01,4호선,명동,28644,31756,-3112,0,0,10
2023-05-01,4호선,명동,28644,31756,-3112,0,0,11
2023-05-01,4호선,명동,28644,31756,-3112,0,0,12
2023-05-01,4호선,명동,28644,31756,-3112,0,0,13
2023-05-01,4호선,명동,28644,31756,-3112,0,0,14
2023-05-01,4호선,명동,28644,31756,-3112,0,0,15
2023-05-01,4호선,명동,28644,31756,-3112,0,0,16
2023-05-01,4호선,명동,28644,31756,-3112,0,0,17
2023-05-01,4호선,명동,28644,31756,-3112,0,0,18
2023-05-01,4호선,명동,28644,31756,-3112,0,0,19
2023-05-01,4호선,명동,28644,31756,-3112,0,0,20
2023-05-01,4호선,명동,28644,31756,-3112,0,0,21
2023-05-01,4호선,명동,28644,31756,-3112,0,0,22
2023-05-01,4호선,명동,28644,31756,-3112,0,0,23
2023-05-02,4호선,명동,34206,36154,-1948,1,0,00
2023-05-02,4호선,명동,34206,36154,-1948,1,0,01
2023-05-02,4호선,명동,34206,36154,-1948,1,0,02
2023-05-02,4호선,명동,34206,36154,-1948,1,0,03
2023-05-02,4호선,명동,34206,36154,-1948,1,0,04
2023-05-02,4호선,명동,34206,36154,-1948,1,0,05
2023-05-02,4호선,명동,34206,36154,-1948,1,0,06
2023-05-02,4호선,명동,34206,36154,-1948,1,0,07
2023-05-02,4호선,명동,34206,36154,-1948,1,0,08
2023-05-02,4호선,명동,34206,36154,-1948,1,0,09
2023-05-02,4호선,명동,34206,36154,-1948,1,0,10
2023-05-02,4호선,명동,34206,36154,-1948,1,0,11
2023-05-02,4호선,명동,34206,36154,-1948,1,0,12
2023-05-02,4호선,명동,34206,36154,-1948,1,0,13
2023-05-02,4호선,명동,34206,36154,-1948,1,0,14
2023-05-02,4호선,명동,34206,36154,-1948,1,0,15
2023-05-02,4호선,명동,34206,36154,-1948,1,0,16
2023-05-02,4호선,명동,34206,36154,-1948,1,0,17
2023-05-02,4호선,명동,34206,36154,-1948,1,0,18
2023-05-02,4호선,명동,34206,36154,-1948,1,0,19
2023-05-02,4호선,명동,34206,36154,-1948,1,0,20
2023-05-02,4호선,명동,34206,36154,-1948,1,0,21
2023-05-02,4호선,명동,34206,36154,-1948,1,0,22
2023-05-02,4호선,명동,34206,36154,-1948,1,0,23
2023-05-03,4호선,명동,35767,38738,-2971,2,0,00
2023-05-03,4호선,명동,35767,38738,-2971,2,0,01
2023-05-03,4호선,명동,35767,38738,-2971,2,0,02
2023-05-03,4호선,명동,35767,38738,-2971,2,0,03
2023-05-03,4호선,명동,35767,38738,-2971,2,0,04
2023-05-03,4호선,명동,35767,38738,-2971,2,0,05
2023-05-03,4호선,명동,35767,38738,-2971,2,0,06
2023-05-03,4호선,명동,35767,38738,-2971,2,0,07
2023-05-03,4호선,명동,35767,38738,-2971,2,0,08
2023-05-03,4호선,명동,35767,38738,-2971,2,0,09
2023-05-03,4호선,명동,35767,38738,-2971,2,0,10
2023-05-03,4호선,명동,35767,38738,-2971,2,0,11
2023-05-03,4호선,명동,35767,38738,-2971,2,0,12
2023-05-03,4호선,명동,35767,38738,-2971,2,0,13
2023-05-03,4호선,명동,35767,38738,-2971,2,0,14
2023-05-03,4호선,명동,35767,38738,-2971,2,0,15
2023-05-03,4호선,명동,35767,38738,-2971,2,0,16
2023-05-03,4호선,명동,35767,38738,-2971,2,0,17
2023-05-03,4호선,명동,35767,38738,-2971,2,0,18
2023-05-03,4호선,명동,35767,38738,-2971,2,0,19
2023-05-03,4호선,명동,35767,38738,-2971,2,0,20
2023-05-03,4호선,명동,35767,38738,-2971,2,0,21
2023-05-03,4호선,명동,35767,38738,-2971,2,0,22
2023-05-03,4호선,명동,35767,38738,-2971,2,0,23
2023-05-04,4호선,명동,36713,39619,-2906,3,0,00
2023-05-04,4호선,명동,36713,39619,-2906,3,0,01
2023-05-04,4호선,명동,36713,39619,-2906,3,0,02
2023-05-04,4호선,명동,36713,39619,-2906,3,0,03
2023-05-04,4호선,명동,36713,39619,-2906,3,0,04
2023-05-04,4호선,명동,36713,39619,-2906,3,0,05
2023-05-04,4호선,명동,36713,39619,-2906,3,0,06
2023-05-04,4호선,명동,36713,39619,-2906,3,0,07
2023-05-04,4호선,명동,36713,39619,-2906,3,0,08
2023-05-04,4호선,명동,36713,39619,-2906,3,0,09
2023-05-04,4호선,명동,36713,39619,-2906,3,0,10
2023-05-04,4호선,명동,36713,39619,-2906,3,0,11
2023-05-04,4호선,명동,36713,39619,-2906,3,0,12
2023-05-04,4호선,명동,36713,39619,-2906,3,0,13
2023-05-04,4호선,명동,36713,39619,-2906,3,0,14
2023-05-04,4호선,명동,36713,39619,-2906,3,0,15
2023-05-04,4호선,명동,36713,39619,-2906,3,0,16
2023-05-04,4호선,명동,36713,39619,-2906,3,0,17
2023-05-04,4호선,명동,36713,39619,-2906,3,0,18
2023-05-04,4호선,명동,36713,39619,-2906,3,0,19
2023-05-04,4호선,명동,36713,39619,-2906,3,0,20
2023-05-04,4호선,명동,36713,39619,-2906,3,0,21
2023-05-04,4호선,명동,36713,39619,-2906,3,0,22
2023-05-04,4호선,명동,36713,39619,-2906,3,0,23
2023-05-05,4호선,명동,24116,27400,-3284,4,1,00
2023-05-05,4호선,명동,24116,27400,-3284,4,1,01
2023-05-05,4호선,명동,24116,27400,-3284,4,1,02
2023-05-05,4호선,명동,24116,27400,-3284,4,1,03
2023-05-05,4호선,명동,24116,27400,-3284,4,1,04
2023-05-05,4호선,명동,24116,27400,-3284,4,1,05
2023-05-05,4호선,명동,24116,27400,-3284,4,1,06
2023-05-05,4호선,명동,24116,27400,-3284,4,1,07
2023-05-05,4호선,명동,24116,27400,-3284,4,1,08
2023-05-05,4호선,명동,24116,27400,-3284,4,1,09
2023-05-05,4호선,명동,24116,27400,-3284,4,1,10
2023-05-05,4호선,명동,24116,27400,-3284,4,1,11
2023-05-05,4호선,명동,24116,27400,-3284,4,1,12
2023-05-05,4호선,명동,24116,27400,-3284,4,1,13
2023-05-05,4호선,명동,24116,27400,-3284,4,1,14
2023-05-05,4호선,명동,24116,27400,-3284,4,1,15
2023-05-05,4호선,명동,24116,27400,-3284,4,1,16
2023-05-05,4호선,명동,24116,27400,-3284,4,1,17
2023-05-05,4호선,명동,24116,27400,-3284,4,1,18
2023-05-05,4호선,명동,24116,27400,-3284,4,1,19
2023-05-05,4호선,명동,24116,27400,-3284,4,1,20
2023-05-05,4호선,명동,24116,27400,-3284,4,1,21
2023-05-05,4호선,명동,24116,27400,-3284,4,1,22
2023-05-05,4호선,명동,24116,27400,-3284,4,1,23
2023-05-06,4호선,명동,25811,28601,-2790,5,1,00
2023-05-06,4호선,명동,25811,28601,-2790,5,1,01
2023-05-06,4호선,명동,25811,28601,-2790,5,1,02
2023-05-06,4호선,명동,25811,28601,-2790,5,1,03
2023-05-06,4호선,명동,25811,28601,-2790,5,1,04
2023-05-06,4호선,명동,25811,28601,-2790,5,1,05
2023-05-06,4호선,명동,25811,28601,-2790,5,1,06
2023-05-06,4호선,명동,25811,28601,-2790,5,1,07
2023-05-06,4호선,명동,25811,28601,-2790,5,1,08
2023-05-06,4호선,명동,25811,28601,-2790,5,1,09
2023-05-06,4호선,명동,25811,28601,-2790,5,1,10
2023-05-06,4호선,명동,25811,28601,-2790,5,1,11
2023-05-06,4호선,명동,25811,28601,-2790,5,1,12
2023-05-06,4호선,명동,25811,28601,-2790,5,1,13
2023-05-06,4호선,명동,25811,28601,-2790,5,1,14
2023-05-06,4호선,명동,25811,28601,-2790,5,1,15
2023-05-06,4호선,명동,25811,28601,-2790,5,1,16
2023-05-06,4호선,명동,25811,28601,-2790,5,1,17
2023-05-06,4호선,명동,25811,28601,-2790,5,1,18
2023-05-06,4호선,명동,25811,28601,-2790,5,1,19
2023-05-06,4호선,명동,25811,28601,-2790,5,1,20
2023-05-06,4호선,명동,25811,28601,-2790,5,1,21
2023-05-06,4호선,명동,25811,28601,-2790,5,1,22
2023-05-06,4호선,명동,25811,28601,-2790,5,1,23
2023-05-07,4호선,명동,23071,24039,-968,6,1,00
2023-05-07,4호선,명동,23071,24039,-968,6,1,01
2023-05-07,4호선,명동,23071,24039,-968,6,1,02
2023-05-07,4호선,명동,23071,24039,-968,6,1,03
2023-05-07,4호선,명동,23071,24039,-968,6,1,04
2023-05-07,4호선,명동,23071,24039,-968,6,1,05
2023-05-07,4호선,명동,23071,24039,-968,6,1,06
2023-05-07,4호선,명동,23071,24039,-968,6,1,07
2023-05-07,4호선,명동,23071,24039,-968,6,1,08
2023-05-07,4호선,명동,23071,24039,-968,6,1,09
2023-05-07,4호선,명동,23071,24039,-968,6,1,10
2023-05-07,4호선,명동,23071,24039,-968,6,1,11
2023-05-07,4호선,명동,23071,24039,-968,6,1,12
2023-05-07,4호선,명동,23071,24039,-968,6,1,13
2023-05-07,4호선,명동,23071,24039,-968,6,1,14
2023-05-07,4호선,명동,23071,24039,-968,6,1,15
2023-05-07,4호선,명동,23071,24039,-968,6,1,16
2023-05-07,4호선,명동,23071,24039,-968,6,1,17
2023-05-07,4호선,명동,23071,24039,-968,6,1,18
2023-05-07,4호선,명동,23071,24039,-968,6,1,19
2023-05-07,4호선,명동,23071,24039,-968,6,1,20
2023-05-07,4호선,명동,23071,24039,-968,6,1,21
2023-05-07,4호선,명동,23071,24039,-968,6,1,22
2023-05-07,4호선,명동,23071,24039,-968,6,1,23
2023-05-08,4호선,명동,30496,31681,-1185,0,0,00
2023-05-08,4호선,명동,30496,31681,-1185,0,0,01
2023-05-08,4호선,명동,30496,31681,-1185,0,0,02
2023-05-08,4호선,명동,30496,31681,-1185,0,0,03
2023-05-08,4호선,명동,30496,31681,-1185,0,0,04
2023-05-08,4호선,명동,30496,31681,-1185,0,0,05
2023-05-08,4호선,명동,30496,31681,-1185,0,0,06
2023-05-08,4호선,명동,30496,31681,-1185,0,0,07
2023-05-08,4호선,명동,30496,31681,-1185,0,0,08
2023-05-08,4호선,명동,30496,31681,-1185,0,0,09
2023-05-08,4호선,명동,30496,31681,-1185,0,0,10
2023-05-08,4호선,명동,30496,31681,-1185,0,0,11
2023-05-08,4호선,명동,30496,31681,-1185,0,0,12
2023-05-08,4호선,명동,30496,31681,-1185,0,0,13
2023-05-08,4호선,명동,30496,31681,-1185,0,0,14
2023-05-08,4호선,명동,30496,31681,-1185,0,0,15
2023-05-08,4호선,명동,30496,31681,-1185,0,0,16
2023-05-08,4호선,명동,30496,31681,-1185,0,0,17
2023-05-08,4호선,명동,30496,31681,-1185,0,0,18
2023-05-08,4호선,명동,30496,31681,-1185,0,0,19
2023-05-08,4호선,명동,30496,31681,-1185,0,0,20
2023-05-08,4호선,명동,30496,31681,-1185,0,0,21
2023-05-08,4호선,명동,30496,31681,-1185,0,0,22
2023-05-08,4호선,명동,30496,31681,-1185,0,0,23
2023-05-09,4호선,명동,31423,33295,-1872,1,0,00
2023-05-09,4호선,명동,31423,33295,-1872,1,0,01
2023-05-09,4호선,명동,31423,33295,-1872,1,0,02
2023-05-09,4호선,명동,31423,33295,-1872,1,0,03
2023-05-09,4호선,명동,31423,33295,-1872,1,0,04
2023-05-09,4호선,명동,31423,33295,-1872,1,0,05
2023-05-09,4호선,명동,31423,33295,-1872,1,0,06
2023-05-09,4호선,명동,31423,33295,-1872,1,0,07
2023-05-09,4호선,명동,31423,33295,-1872,1,0,08
2023-05-09,4호선,명동,31423,33295,-1872,1,0,09
2023-05-09,4호선,명동,31423,33295,-1872,1,0,10
2023-05-09,4호선,명동,31423,33295,-1872,1,0,11
2023-05-09,4호선,명동,31423,33295,-1872,1,0,12
2023-05-09,4호선,명동,31423,33295,-1872,1,0,13
2023-05-09,4호선,명동,31423,33295,-1872,1,0,14
2023-05-09,4호선,명동,31423,33295,-1872,1,0,15
2023-05-09,4호선,명동,31423,33295,-1872,1,0,16
2023-05-09,4호선,명동,31423,33295,-1872,1,0,17
2023-05-09,4호선,명동,31423,33295,-1872,1,0,18
2023-05-09,4호선,명동,31423,33295,-1872,1,0,19
2023-05-09,4호선,명동,31423,33295,-1872,1,0,20
2023-05-09,4호선,명동,31423,33295,-1872,1,0,21
2023-05-09,4호선,명동,31423,33295,-1872,1,0,22
2023-05-09,4호선,명동,31423,33295,-1872,1,0,23
2023-05-10,4호선,명동,32555,34548,-1993,2,0,00
2023-05-10,4호선,명동,32555,34548,-1993,2,0,01
2023-05-10,4호선,명동,32555,34548,-1993,2,0,02
2023-05-10,4호선,명동,32555,34548,-1993,2,0,03
2023-05-10,4호선,명동,32555,34548,-1993,2,0,04
2023-05-10,4호선,명동,32555,34548,-1993,2,0,05
2023-05-10,4호선,명동,32555,34548,-1993,2,0,06
2023-05-10,4호선,명동,32555,34548,-1993,2,0,07
2023-05-10,4호선,명동,32555,34548,-1993,2,0,08
2023-05-10,4호선,명동,32555,34548,-1993,2,0,09
2023-05-10,4호선,명동,32555,34548,-1993,2,0,10
2023-05-10,4호선,명동,32555,34548,-1993,2,0,11
2023-05-10,4호선,명동,32555,34548,-1993,2,0,12
2023-05-10,4호선,명동,32555,34548,-1993,2,0,13
2023-05-10,4호선,명동,32555,34548,-1993,2,0,14
2023-05-10,4호선,명동,32555,34548,-1993,2,0,15
2023-05-10,4호선,명동,32555,34548,-1993,2,0,16
2023-05-10,4호선,명동,32555,34548,-1993,2,0,17
2023-05-10,4호선,명동,32555,34548,-1993,2,0,18
2023-05-10,4호선,명동,32555,34548,-1993,2,0,19
2023-05-10,4호선,명동,32555,34548,-1993,2,0,20
2023-05-10,4호선,명동,32555,34548,-1993,2,0,21
2023-05-10,4호선,명동,32555,34548,-1993,2,0,22
2023-05-10,4호선,명동,32555,34548,-1993,2,0,23
2023-05-11,4호선,명동,32325,33902,-1577,3,0,00
2023-05-11,4호선,명동,32325,33902,-1577,3,0,01
2023-05-11,4호선,명동,32325,33902,-1577,3,0,02
2023-05-11,4호선,명동,32325,33902,-1577,3,0,03
2023-05-11,4호선,명동,32325,33902,-1577,3,0,04
2023-05-11,4호선,명동,32325,33902,-1577,3,0,05
2023-05-11,4호선,명동,32325,33902,-1577,3,0,06
2023-05-11,4호선,명동,32325,33902,-1577,3,0,07
2023-05-11,4호선,명동,32325,33902,-1577,3,0,08
2023-05-11,4호선,명동,32325,33902,-1577,3,0,09
2023-05-11,4호선,명동,32325,33902,-1577,3,0,10
2023-05-11,4호선,명동,32325,33902,-1577,3,0,11
2023-05-11,4호선,명동,32325,33902,-1577,3,0,12
2023-05-11,4호선,명동,32325,33902,-1577,3,0,13
2023-05-11,4호선,명동,32325,33902,-1577,3,0,14
2023-05-11,4호선,명동,32325,33902,-1577,3,0,15
2023-05-11,4호선,명동,32325,33902,-1577,3,0,16
2023-05-11,4호선,명동,32325,33902,-1577,3,0,17
2023-05-11,4호선,명동,32325,33902,-1577,3,0,18
2023-05-11,4호선,명동,32325,33902,-1577,3,0,19
2023-05-11,4호선,명동,32325,33902,-1577,3,0,20
2023-05-11,4호선,명동,32325,33902,-1577,3,0,21
2023-05-11,4호선,명동,32325,33902,-1577,3,0,22
2023-05-11,4호선,명동,32325,33902,-1577,3,0,23
2023-05-12,4호선,명동,34921,36355,-1434,4,0,00
2023-05-12,4호선,명동,34921,36355,-1434,4,0,01
2023-05-12,4호선,명동,34921,36355,-1434,4,0,02
2023-05-12,4호선,명동,34921,36355,-1434,4,0,03
2023-05-12,4호선,명동,34921,36355,-1434,4,0,04
2023-05-12,4호선,명동,34921,36355,-1434,4,0,05
2023-05-12,4호선,명동,34921,36355,-1434,4,0,06
2023-05-12,4호선,명동,34921,36355,-1434,4,0,07
2023-05-12,4호선,명동,34921,36355,-1434,4,0,08
2023-05-12,4호선,명동,34921,36355,-1434,4,0,09
2023-05-12,4호선,명동,34921,36355,-1434,4,0,10
2023-05-12,4호선,명동,34921,36355,-1434,4,0,11
2023-05-12,4호선,명동,34921,36355,-1434,4,0,12
2023-05-12,4호선,명동,34921,36355,-1434,4,0,13
2023-05-12,4호선,명동,34921,36355,-1434,4,0,14
2023-05-12,4호선,명동,34921,36355,-1434,4,0,15
2023-05-12,4호선,명동,34921,36355,-1434,4,0,16
2023-05-12,4호선,명동,34921,36355,-1434,4,0,17
2023-05-12,4호선,명동,34921,36355,-1434,4,0,18
2023-05-12,4호선,명동,34921,36355,-1434,4,0,19
2023-05-12,4호선,명동,34921,36355,-1434,4,0,20
2023-05-12,4호선,명동,34921,36355,-1434,4,0,21
2023-05-12,4호선,명동,34921,36355,-1434,4,0,22
2023-05-12,4호선,명동,34921,36355,-1434,4,0,23
2023-05-13,4호선,명동,29722,33506,-3784,5,1,00
2023-05-13,4호선,명동,29722,33506,-3784,5,1,01
2023-05-13,4호선,명동,29722,33506,-3784,5,1,02
2023-05-13,4호선,명동,29722,33506,-3784,5,1,03
2023-05-13,4호선,명동,29722,33506,-3784,5,1,04
2023-05-13,4호선,명동,29722,33506,-3784,5,1,05
2023-05-13,4호선,명동,29722,33506,-3784,5,1,06
2023-05-13,4호선,명동,29722,33506,-3784,5,1,07
2023-05-13,4호선,명동,29722,33506,-3784,5,1,08
2023-05-13,4호선,명동,29722,33506,-3784,5,1,09
2023-05-13,4호선,명동,29722,33506,-3784,5,1,10
2023-05-13,4호선,명동,29722,33506,-3784,5,1,11
2023-05-13,4호선,명동,29722,33506,-3784,5,1,12
2023-05-13,4호선,명동,29722,33506,-3784,5,1,13
2023-05-13,4호선,명동,29722,33506,-3784,5,1,14
2023-05-13,4호선,명동,29722,33506,-3784,5,1,15
2023-05-13,4호선,명동,29722,33506,-3784,5,1,16
2023-05-13,4호선,명동,29722,33506,-3784,5,1,17
2023-05-13,4호선,명동,29722,33506,-3784,5,1,18
2023-05-13,4호선,명동,29722,33506,-3784,5,1,19
2023-05-13,4호선,명동,29722,33506,-3784,5,1,20
2023-05-13,4호선,명동,29722,33506,-3784,5,1,21
2023-05-13,4호선,명동,29722,33506,-3784,5,1,22
2023-05-13,4호선,명동,29722,33506,-3784,5,1,23
2023-05-14,4호선,명동,24091,26178,-2087,6,1,00
2023-05-14,4호선,명동,24091,26178,-2087,6,1,01
2023-05-14,4호선,명동,24091,26178,-2087,6,1,02
2023-05-14,4호선,명동,24091,26178,-2087,6,1,03
2023-05-14,4호선,명동,24091,26178,-2087,6,1,04
2023-05-14,4호선,명동,24091,26178,-2087,6,1,05
2023-05-14,4호선,명동,24091,26178,-2087,6,1,06
2023-05-14,4호선,명동,24091,26178,-2087,6,1,07
2023-05-14,4호선,명동,24091,26178,-2087,6,1,08
2023-05-14,4호선,명동,24091,26178,-2087,6,1,09
2023-05-14,4호선,명동,24091,26178,-2087,6,1,10
2023-05-14,4호선,명동,24091,26178,-2087,6,1,11
2023-05-14,4호선,명동,24091,26178,-2087,6,1,12
2023-05-14,4호선,명동,24091,26178,-2087,6,1,13
2023-05-14,4호선,명동,24091,26178,-2087,6,1,14
2023-05-14,4호선,명동,24091,26178,-2087,6,1,15
2023-05-14,4호선,명동,24091,26178,-2087,6,1,16
2023-05-14,4호선,명동,24091,26178,-2087,6,1,17
2023-05-14,4호선,명동,24091,26178,-2087,6,1,18
2023-05-14,4호선,명동,24091,26178,-2087,6,1,19
2023-05-14,4호선,명동,24091,26178,-2087,6,1,20
2023-05-14,4호선,명동,24091,26178,-2087,6,1,21
2023-05-14,4호선,명동,24091,26178,-2087,6,1,22
2023-05-14,4호선,명동,24091,26178,-2087,6,1,23
2023-05-15,4호선,명동,32456,33799,-1343,0,0,00
2023-05-15,4호선,명동,32456,33799,-1343,0,0,01
2023-05-15,4호선,명동,32456,33799,-1343,0,0,02
2023-05-15,4호선,명동,32456,33799,-1343,0,0,03
2023-05-15,4호선,명동,32456,33799,-1343,0,0,04
2023-05-15,4호선,명동,32456,33799,-1343,0,0,05
2023-05-15,4호선,명동,32456,33799,-1343,0,0,06
2023-05-15,4호선,명동,32456,33799,-1343,0,0,07
2023-05-15,4호선,명동,32456,33799,-1343,0,0,08
2023-05-15,4호선,명동,32456,33799,-1343,0,0,09
2023-05-15,4호선,명동,32456,33799,-1343,0,0,10
2023-05-15,4호선,명동,32456,33799,-1343,0,0,11
2023-05-15,4호선,명동,32456,33799,-1343,0,0,12
2023-05-15,4호선,명동,32456,33799,-1343,0,0,13
2023-05-15,4호선,명동,32456,33799,-1343,0,0,14
2023-05-15,4호선,명동,32456,33799,-1343,0,0,15
2023-05-15,4호선,명동,32456,33799,-1343,0,0,16
2023-05-15,4호선,명동,32456,33799,-1343,0,0,17
2023-05-15,4호선,명동,32456,33799,-1343,0,0,18
2023-05-15,4호선,명동,32456,33799,-1343,0,0,19
2023-05-15,4호선,명동,32456,33799,-1343,0,0,20
2023-05-15,4호선,명동,32456,33799,-1343,0,0,21
2023-05-15,4호선,명동,32456,33799,-1343,0,0,22
2023-05-15,4호선,명동,32456,33799,-1343,0,0,23
2023-05-16,4호선,명동,33405,34060,-655,1,0,00
2023-05-16,4호선,명동,33405,34060,-655,1,0,01
2023-05-16,4호선,명동,33405,34060,-655,1,0,02
2023-05-16,4호선,명동,33405,34060,-655,1,0,03
2023-05-16,4호선,명동,33405,34060,-655,1,0,04
2023-05-16,4호선,명동,33405,34060,-655,1,0,05
2023-05-16,4호선,명동,33405,34060,-655,1,0,06
2023-05-16,4호선,명동,33405,34060,-655,1,0,07
2023-05-16,4호선,명동,33405,34060,-655,1,0,08
2023-05-16,4호선,명동,33405,34060,-655,1,0,09
2023-05-16,4호선,명동,33405,34060,-655,1,0,10
2023-05-16,4호선,명동,33405,34060,-655,1,0,11
2023-05-16,4호선,명동,33405,34060,-655,1,0,12
2023-05-16,4호선,명동,33405,34060,-655,1,0,13
2023-05-16,4호선,명동,33405,34060,-655,1,0,14
2023-05-16,4호선,명동,33405,34060,-655,1,0,15
2023-05-16,4호선,명동,33405,34060,-655,1,0,16
2023-05-16,4호선,명동,33405,34060,-655,1,0,17
2023-05-16,4호선,명동,33405,34060,-655,1,0,18
2023-05-16,4호선,명동,33405,34060,-655,1,0,19
2023-05-16,4호선,명동,33405,34060,-655,1,0,20
2023-05-16,4호선,명동,33405,34060,-655,1,0,21
2023-05-16,4호선,명동,33405,34060,-655,1,0,22
2023-05-16,4호선,명동,33405,34060,-655,1,0,23
2023-05-17,4호선,명동,34784,35731,-947,2,0,00
2023-05-17,4호선,명동,34784,35731,-947,2,0,01
2023-05-17,4호선,명동,34784,35731,-947,2,0,02
2023-05-17,4호선,명동,34784,35731,-947,2,0,03
2023-05-17,4호선,명동,34784,35731,-947,2,0,04
2023-05-17,4호선,명동,34784,35731,-947,2,0,05
2023-05-17,4호선,명동,34784,35731,-947,2,0,06
2023-05-17,4호선,명동,34784,35731,-947,2,0,07
2023-05-17,4호선,명동,34784,35731,-947,2,0,08
2023-05-17,4호선,명동,34784,35731,-947,2,0,09
2023-05-17,4호선,명동,34784,35731,-947,2,0,10
2023-05-17,4호선,명동,34784,35731,-947,2,0,11
2023-05-17,4호선,명동,34784,35731,-947,2,0,12
2023-05-17,4호선,명동,34784,35731,-947,2,0,13
2023-05-17,4호선,명동,34784,35731,-947,2,0,14
2023-05-17,4호선,명동,34784,35731,-947,2,0,15
2023-05-17,4호선,명동,34784,35731,-947,2,0,16
2023-05-17,4호선,명동,34784,35731,-947,2,0,17
2023-05-17,4호선,명동,34784,35731,-947,2,0,18
2023-05-17,4호선,명동,34784,35731,-947,2,0,19
2023-05-17,4호선,명동,34784,35731,-947,2,0,20
2023-05-17,4호선,명동,34784,35731,-947,2,0,21
2023-05-17,4호선,명동,34784,35731,-947,2,0,22
2023-05-17,4호선,명동,34784,35731,-947,2,0,23
2023-05-18,4호선,명동,32473,34538,-2065,3,0,00
2023-05-18,4호선,명동,32473,34538,-2065,3,0,01
2023-05-18,4호선,명동,32473,34538,-2065,3,0,02
2023-05-18,4호선,명동,32473,34538,-2065,3,0,03
2023-05-18,4호선,명동,32473,34538,-2065,3,0,04
2023-05-18,4호선,명동,32473,34538,-2065,3,0,05
2023-05-18,4호선,명동,32473,34538,-2065,3,0,06
2023-05-18,4호선,명동,32473,34538,-2065,3,0,07
2023-05-18,4호선,명동,32473,34538,-2065,3,0,08
2023-05-18,4호선,명동,32473,34538,-2065,3,0,09
2023-05-18,4호선,명동,32473,34538,-2065,3,0,10
2023-05-18,4호선,명동,32473,34538,-2065,3,0,11
2023-05-18,4호선,명동,32473,34538,-2065,3,0,12
2023-05-18,4호선,명동,32473,34538,-2065,3,0,13
2023-05-18,4호선,명동,32473,34538,-2065,3,0,14
2023-05-18,4호선,명동,32473,34538,-2065,3,0,15
2023-05-18,4호선,명동,32473,34538,-2065,3,0,16
2023-05-18,4호선,명동,32473,34538,-2065,3,0,17
2023-05-18,4호선,명동,32473,34538,-2065,3,0,18
2023-05-18,4호선,명동,32473,34538,-2065,3,0,19
2023-05-18,4호선,명동,32473,34538,-2065,3,0,20
2023-05-18,4호선,명동,32473,34538,-2065,3,0,21
2023-05-18,4호선,명동,32473,34538,-2065,3,0,22
2023-05-18,4호선,명동,32473,34538,-2065,3,0,23
2023-05-19,4호선,명동,34209,36270,-2061,4,0,00
2023-05-19,4호선,명동,34209,36270,-2061,4,0,01
2023-05-19,4호선,명동,34209,36270,-2061,4,0,02
2023-05-19,4호선,명동,34209,36270,-2061,4,0,03
2023-05-19,4호선,명동,34209,36270,-2061,4,0,04
2023-05-19,4호선,명동,34209,36270,-2061,4,0,05
2023-05-19,4호선,명동,34209,36270,-2061,4,0,06
2023-05-19,4호선,명동,34209,36270,-2061,4,0,07
2023-05-19,4호선,명동,34209,36270,-2061,4,0,08
2023-05-19,4호선,명동,34209,36270,-2061,4,0,09
2023-05-19,4호선,명동,34209,36270,-2061,4,0,10
2023-05-19,4호선,명동,34209,36270,-2061,4,0,11
2023-05-19,4호선,명동,34209,36270,-2061,4,0,12
2023-05-19,4호선,명동,34209,36270,-2061,4,0,13
2023-05-19,4호선,명동,34209,36270,-2061,4,0,14
2023-05-19,4호선,명동,34209,36270,-2061,4,0,15
2023-05-19,4호선,명동,34209,36270,-2061,4,0,16
2023-05-19,4호선,명동,34209,36270,-2061,4,0,17
2023-05-19,4호선,명동,34209,36270,-2061,4,0,18
2023-05-19,4호선,명동,34209,36270,-2061,4,0,19
2023-05-19,4호선,명동,34209,36270,-2061,4,0,20
2023-05-19,4호선,명동,34209,36270,-2061,4,0,21
2023-05-19,4호선,명동,34209,36270,-2061,4,0,22
2023-05-19,4호선,명동,34209,36270,-2061,4,0,23
2023-05-20,4호선,명동,32629,36858,-4229,5,1,00
2023-05-20,4호선,명동,32629,36858,-4229,5,1,01
2023-05-20,4호선,명동,32629,36858,-4229,5,1,02
2023-05-20,4호선,명동,32629,36858,-4229,5,1,03
2023-05-20,4호선,명동,32629,36858,-4229,5,1,04
2023-05-20,4호선,명동,32629,36858,-4229,5,1,05
2023-05-20,4호선,명동,32629,36858,-4229,5,1,06
2023-05-20,4호선,명동,32629,36858,-4229,5,1,07
2023-05-20,4호선,명동,32629,36858,-4229,5,1,08
2023-05-20,4호선,명동,32629,36858,-4229,5,1,09
2023-05-20,4호선,명동,32629,36858,-4229,5,1,10
2023-05-20,4호선,명동,32629,36858,-4229,5,1,11
2023-05-20,4호선,명동,32629,36858,-4229,5,1,12
2023-05-20,4호선,명동,32629,36858,-4229,5,1,13
2023-05-20,4호선,명동,32629,36858,-4229,5,1,14
2023-05-20,4호선,명동,32629,36858,-4229,5,1,15
2023-05-20,4호선,명동,32629,36858,-4229,5,1,16
2023-05-20,4호선,명동,32629,36858,-4229,5,1,17
2023-05-20,4호선,명동,32629,36858,-4229,5,1,18
2023-05-20,4호선,명동,32629,36858,-4229,5,1,19
2023-05-20,4호선,명동,32629,36858,-4229,5,1,20
2023-05-20,4호선,명동,32629,36858,-4229,5,1,21
2023-05-20,4호선,명동,32629,36858,-4229,5,1,22
2023-05-20,4호선,명동,32629,36858,-4229,5,1,23
2023-05-21,4호선,명동,26026,27695,-1669,6,1,00
2023-05-21,4호선,명동,26026,27695,-1669,6,1,01
2023-05-21,4호선,명동,26026,27695,-1669,6,1,02
2023-05-21,4호선,명동,26026,27695,-1669,6,1,03
2023-05-21,4호선,명동,26026,27695,-1669,6,1,04
2023-05-21,4호선,명동,26026,27695,-1669,6,1,05
2023-05-21,4호선,명동,26026,27695,-1669,6,1,06
2023-05-21,4호선,명동,26026,27695,-1669,6,1,07
2023-05-21,4호선,명동,26026,27695,-1669,6,1,08
2023-05-21,4호선,명동,26026,27695,-1669,6,1,09
2023-05-21,4호선,명동,26026,27695,-1669,6,1,10
2023-05-21,4호선,명동,26026,27695,-1669,6,1,11
2023-05-21,4호선,명동,26026,27695,-1669,6,1,12
2023-05-21,4호선,명동,26026,27695,-1669,6,1,13
2023-05-21,4호선,명동,26026,27695,-1669,6,1,14
2023-05-21,4호선,명동,26026,27695,-1669,6,1,15
2023-05-21,4호선,명동,26026,27695,-1669,6,1,16
2023-05-21,4호선,명동,26026,27695,-1669,6,1,17
2023-05-21,4호선,명동,26026,27695,-1669,6,1,18
2023-05-21,4호선,명동,26026,27695,-1669,6,1,19
2023-05-21,4호선,명동,26026,27695,-1669,6,1,20
2023-05-21,4호선,명동,26026,27695,-1669,6,1,21
2023-05-21,4호선,명동,26026,27695,-1669,6,1,22
2023-05-21,4호선,명동,26026,27695,-1669,6,1,23
2023-05-22,4호선,명동,32919,34396,-1477,0,0,00
2023-05-22,4호선,명동,32919,34396,-1477,0,0,01
2023-05-22,4호선,명동,32919,34396,-1477,0,0,02
2023-05-22,4호선,명동,32919,34396,-1477,0,0,03
2023-05-22,4호선,명동,32919,34396,-1477,0,0,04
2023-05-22,4호선,명동,32919,34396,-1477,0,0,05
2023-05-22,4호선,명동,32919,34396,-1477,0,0,06
2023-05-22,4호선,명동,32919,34396,-1477,0,0,07
2023-05-22,4호선,명동,32919,34396,-1477,0,0,08
2023-05-22,4호선,명동,32919,34396,-1477,0,0,09
2023-05-22,4호선,명동,32919,34396,-1477,0,0,10
2023-05-22,4호선,명동,32919,34396,-1477,0,0,11
2023-05-22,4호선,명동,32919,34396,-1477,0,0,12
2023-05-22,4호선,명동,32919,34396,-1477,0,0,13
2023-05-22,4호선,명동,32919,34396,-1477,0,0,14
2023-05-22,4호선,명동,32919,34396,-1477,0,0,15
2023-05-22,4호선,명동,32919,34396,-1477,0,0,16
2023-05-22,4호선,명동,32919,34396,-1477,0,0,17
2023-05-22,4호선,명동,32919,34396,-1477,0,0,18
2023-05-22,4호선,명동,32919,34396,-1477,0,0,19
2023-05-22,4호선,명동,32919,34396,-1477,0,0,20
2023-05-22,4호선,명동,32919,34396,-1477,0,0,21
2023-05-22,4호선,명동,32919,34396,-1477,0,0,22
2023-05-22,4호선,명동,32919,34396,-1477,0,0,23
2023-05-23,4호선,명동,32644,34314,-1670,1,0,00
2023-05-23,4호선,명동,32644,34314,-1670,1,0,01
2023-05-23,4호선,명동,32644,34314,-1670,1,0,02
2023-05-23,4호선,명동,32644,34314,-1670,1,0,03
2023-05-23,4호선,명동,32644,34314,-1670,1,0,04
2023-05-23,4호선,명동,32644,34314,-1670,1,0,05
2023-05-23,4호선,명동,32644,34314,-1670,1,0,06
2023-05-23,4호선,명동,32644,34314,-1670,1,0,07
2023-05-23,4호선,명동,32644,34314,-1670,1,0,08
2023-05-23,4호선,명동,32644,34314,-1670,1,0,09
2023-05-23,4호선,명동,32644,34314,-1670,1,0,10
2023-05-23,4호선,명동,32644,34314,-1670,1,0,11
2023-05-23,4호선,명동,32644,34314,-1670,1,0,12
2023-05-23,4호선,명동,32644,34314,-1670,1,0,13
2023-05-23,4호선,명동,32644,34314,-1670,1,0,14
2023-05-23,4호선,명동,32644,34314,-1670,1,0,15
2023-05-23,4호선,명동,32644,34314,-1670,1,0,16
2023-05-23,4호선,명동,32644,34314,-1670,1,0,17
2023-05-23,4호선,명동,32644,34314,-1670,1,0,18
2023-05-23,4호선,명동,32644,34314,-1670,1,0,19
2023-05-23,4호선,명동,32644,34314,-1670,1,0,20
2023-05-23,4호선,명동,32644,34314,-1670,1,0,21
2023-05-23,4호선,명동,32644,34314,-1670,1,0,22
2023-05-23,4호선,명동,32644,34314,-1670,1,0,23
2023-05-24,4호선,명동,32656,34224,-1568,2,0,00
2023-05-24,4호선,명동,32656,34224,-1568,2,0,01
2023-05-24,4호선,명동,32656,34224,-1568,2,0,02
2023-05-24,4호선,명동,32656,34224,-1568,2,0,03
2023-05-24,4호선,명동,32656,34224,-1568,2,0,04
2023-05-24,4호선,명동,32656,34224,-1568,2,0,05
2023-05-24,4호선,명동,32656,34224,-1568,2,0,06
2023-05-24,4호선,명동,32656,34224,-1568,2,0,07
2023-05-24,4호선,명동,32656,34224,-1568,2,0,08
2023-05-24,4호선,명동,32656,34224,-1568,2,0,09
2023-05-24,4호선,명동,32656,34224,-1568,2,0,10
2023-05-24,4호선,명동,32656,34224,-1568,2,0,11
2023-05-24,4호선,명동,32656,34224,-1568,2,0,12
2023-05-24,4호선,명동,32656,34224,-1568,2,0,13
2023-05-24,4호선,명동,32656,34224,-1568,2,0,14
2023-05-24,4호선,명동,32656,34224,-1568,2,0,15
2023-05-24,4호선,명동,32656,34224,-1568,2,0,16
2023-05-24,4호선,명동,32656,34224,-1568,2,0,17
2023-05-24,4호선,명동,32656,34224,-1568,2,0,18
2023-05-24,4호선,명동,32656,34224,-1568,2,0,19
2023-05-24,4호선,명동,32656,34224,-1568,2,0,20
2023-05-24,4호선,명동,32656,34224,-1568,2,0,21
2023-05-24,4호선,명동,32656,34224,-1568,2,0,22
2023-05-24,4호선,명동,32656,34224,-1568,2,0,23
2023-05-25,4호선,명동,32772,34542,-1770,3,0,00
2023-05-25,4호선,명동,32772,34542,-1770,3,0,01
2023-05-25,4호선,명동,32772,34542,-1770,3,0,02
2023-05-25,4호선,명동,32772,34542,-1770,3,0,03
2023-05-25,4호선,명동,32772,34542,-1770,3,0,04
2023-05-25,4호선,명동,32772,34542,-1770,3,0,05
2023-05-25,4호선,명동,32772,34542,-1770,3,0,06
2023-05-25,4호선,명동,32772,34542,-1770,3,0,07
2023-05-25,4호선,명동,32772,34542,-1770,3,0,08
2023-05-25,4호선,명동,32772,34542,-1770,3,0,09
2023-05-25,4호선,명동,32772,34542,-1770,3,0,10
2023-05-25,4호선,명동,32772,34542,-1770,3,0,11
2023-05-25,4호선,명동,32772,34542,-1770,3,0,12
2023-05-25,4호선,명동,32772,34542,-1770,3,0,13
2023-05-25,4호선,명동,32772,34542,-1770,3,0,14
2023-05-25,4호선,명동,32772,34542,-1770,3,0,15
2023-05-25,4호선,명동,32772,34542,-1770,3,0,16
2023-05-25,4호선,명동,32772,34542,-1770,3,0,17
2023-05-25,4호선,명동,32772,34542,-1770,3,0,18
2023-05-25,4호선,명동,32772,34542,-1770,3,0,19
2023-05-25,4호선,명동,32772,34542,-1770,3,0,20
2023-05-25,4호선,명동,32772,34542,-1770,3,0,21
2023-05-25,4호선,명동,32772,34542,-1770,3,0,22
2023-05-25,4호선,명동,32772,34542,-1770,3,0,23
2023-05-26,4호선,명동,34422,36451,-2029,4,0,00
2023-05-26,4호선,명동,34422,36451,-2029,4,0,01
2023-05-26,4호선,명동,34422,36451,-2029,4,0,02
2023-05-26,4호선,명동,34422,36451,-2029,4,0,03
2023-05-26,4호선,명동,34422,36451,-2029,4,0,04
2023-05-26,4호선,명동,34422,36451,-2029,4,0,05
2023-05-26,4호선,명동,34422,36451,-2029,4,0,06
2023-05-26,4호선,명동,34422,36451,-2029,4,0,07
2023-05-26,4호선,명동,34422,36451,-2029,4,0,08
2023-05-26,4호선,명동,34422,36451,-2029,4,0,09
2023-05-26,4호선,명동,34422,36451,-2029,4,0,10
2023-05-26,4호선,명동,34422,36451,-2029,4,0,11
2023-05-26,4호선,명동,34422,36451,-2029,4,0,12
2023-05-26,4호선,명동,34422,36451,-2029,4,0,13
2023-05-26,4호선,명동,34422,36451,-2029,4,0,14
2023-05-26,4호선,명동,34422,36451,-2029,4,0,15
2023-05-26,4호선,명동,34422,36451,-2029,4,0,16
2023-05-26,4호선,명동,34422,36451,-2029,4,0,17
2023-05-26,4호선,명동,34422,36451,-2029,4,0,18
2023-05-26,4호선,명동,34422,36451,-2029,4,0,19
2023-05-26,4호선,명동,34422,36451,-2029,4,0,20
2023-05-26,4호선,명동,34422,36451,-2029,4,0,21
2023-05-26,4호선,명동,34422,36451,-2029,4,0,22
2023-05-26,4호선,명동,34422,36451,-2029,4,0,23
2023-05-27,4호선,명동,25513,29338,-3825,5,1,00
2023-05-27,4호선,명동,25513,29338,-3825,5,1,01
2023-05-27,4호선,명동,25513,29338,-3825,5,1,02
2023-05-27,4호선,명동,25513,29338,-3825,5,1,03
2023-05-27,4호선,명동,25513,29338,-3825,5,1,04
2023-05-27,4호선,명동,25513,29338,-3825,5,1,05
2023-05-27,4호선,명동,25513,29338,-3825,5,1,06
2023-05-27,4호선,명동,25513,29338,-3825,5,1,07
2023-05-27,4호선,명동,25513,29338,-3825,5,1,08
2023-05-27,4호선,명동,25513,29338,-3825,5,1,09
2023-05-27,4호선,명동,25513,29338,-3825,5,1,10
2023-05-27,4호선,명동,25513,29338,-3825,5,1,11
2023-05-27,4호선,명동,25513,29338,-3825,5,1,12
2023-05-27,4호선,명동,25513,29338,-3825,5,1,13
2023-05-27,4호선,명동,25513,29338,-3825,5,1,14
2023-05-27,4호선,명동,25513,29338,-3825,5,1,15
2023-05-27,4호선,명동,25513,29338,-3825,5,1,16
2023-05-27,4호선,명동,25513,29338,-3825,5,1,17
2023-05-27,4호선,명동,25513,29338,-3825,5,1,18
2023-05-27,4호선,명동,25513,29338,-3825,5,1,19
2023-05-27,4호선,명동,25513,29338,-3825,5,1,20
2023-05-27,4호선,명동,25513,29338,-3825,5,1,21
2023-05-27,4호선,명동,25513,29338,-3825,5,1,22
2023-05-27,4호선,명동,25513,29338,-3825,5,1,23
2023-05-28,4호선,명동,24107,26189,-2082,6,1,00
2023-05-28,4호선,명동,24107,26189,-2082,6,1,01
2023-05-28,4호선,명동,24107,26189,-2082,6,1,02
2023-05-28,4호선,명동,24107,26189,-2082,6,1,03
2023-05-28,4호선,명동,24107,26189,-2082,6,1,04
2023-05-28,4호선,명동,24107,26189,-2082,6,1,05
2023-05-28,4호선,명동,24107,26189,-2082,6,1,06
2023-05-28,4호선,명동,24107,26189,-2082,6,1,07
2023-05-28,4호선,명동,24107,26189,-2082,6,1,08
2023-05-28,4호선,명동,24107,26189,-2082,6,1,09
2023-05-28,4호선,명동,24107,26189,-2082,6,1,10
2023-05-28,4호선,명동,24107,26189,-2082,6,1,11
2023-05-28,4호선,명동,24107,26189,-2082,6,1,12
2023-05-28,4호선,명동,24107,26189,-2082,6,1,13
2023-05-28,4호선,명동,24107,26189,-2082,6,1,14
2023-05-28,4호선,명동,24107,26189,-2082,6,1,15
2023-05-28,4호선,명동,24107,26189,-2082,6,1,16
2023-05-28,4호선,명동,24107,26189,-2082,6,1,17
2023-05-28,4호선,명동,24107,26189,-2082,6,1,18
2023-05-28,4호선,명동,24107,26189,-2082,6,1,19
2023-05-28,4호선,명동,24107,26189,-2082,6,1,20
2023-05-28,4호선,명동,24107,26189,-2082,6,1,21
2023-05-28,4호선,명동,24107,26189,-2082,6,1,22
2023-05-28,4호선,명동,24107,26189,-2082,6,1,23
2023-05-29,4호선,명동,23458,24499,-1041,0,0,00
2023-05-29,4호선,명동,23458,24499,-1041,0,0,01
2023-05-29,4호선,명동,23458,24499,-1041,0,0,02
2023-05-29,4호선,명동,23458,24499,-1041,0,0,03
2023-05-29,4호선,명동,23458,24499,-1041,0,0,04
2023-05-29,4호선,명동,23458,24499,-1041,0,0,05
2023-05-29,4호선,명동,23458,24499,-1041,0,0,06
2023-05-29,4호선,명동,23458,24499,-1041,0,0,07
2023-05-29,4호선,명동,23458,24499,-1041,0,0,08
2023-05-29,4호선,명동,23458,24499,-1041,0,0,09
2023-05-29,4호선,명동,23458,24499,-1041,0,0,10
2023-05-29,4호선,명동,23458,24499,-1041,0,0,11
2023-05-29,4호선,명동,23458,24499,-1041,0,0,12
2023-05-29,4호선,명동,23458,24499,-1041,0,0,13
2023-05-29,4호선,명동,23458,24499,-1041,0,0,14
2023-05-29,4호선,명동,23458,24499,-1041,0,0,15
2023-05-29,4호선,명동,23458,24499,-1041,0,0,16
2023-05-29,4호선,명동,23458,24499,-1041,0,0,17
2023-05-29,4호선,명동,23458,24499,-1041,0,0,18
2023-05-29,4호선,명동,23458,24499,-1041,0,0,19
2023-05-29,4호선,명동,23458,24499,-1041,0,0,20
2023-05-29,4호선,명동,23458,24499,-1041,0,0,21
2023-05-29,4호선,명동,23458,24499,-1041,0,0,22
2023-05-29,4호선,명동,23458,24499,-1041,0,0,23
2023-05-30,4호선,명동,31549,33182,-1633,1,0,00
2023-05-30,4호선,명동,31549,33182,-1633,1,0,01
2023-05-30,4호선,명동,31549,33182,-1633,1,0,02
2023-05-30,4호선,명동,31549,33182,-1633,1,0,03
2023-05-30,4호선,명동,31549,33182,-1633,1,0,04
2023-05-30,4호선,명동,31549,33182,-1633,1,0,05
2023-05-30,4호선,명동,31549,33182,-1633,1,0,06
2023-05-30,4호선,명동,31549,33182,-1633,1,0,07
2023-05-30,4호선,명동,31549,33182,-1633,1,0,08
2023-05-30,4호선,명동,31549,33182,-1633,1,0,09
2023-05-30,4호선,명동,31549,33182,-1633,1,0,10
2023-05-30,4호선,명동,31549,33182,-1633,1,0,11
2023-05-30,4호선,명동,31549,33182,-1633,1,0,12
2023-05-30,4호선,명동,31549,33182,-1633,1,0,13
2023-05-30,4호선,명동,31549,33182,-1633,1,0,14
2023-05-30,4호선,명동,31549,33182,-1633,1,0,15
2023-05-30,4호선,명동,31549,33182,-1633,1,0,16
2023-05-30,4호선,명동,31549,33182,-1633,1,0,17
2023-05-30,4호선,명동,31549,33182,-1633,1,0,18
2023-05-30,4호선,명동,31549,33182,-1633,1,0,19
2023-05-30,4호선,명동,31549,33182,-1633,1,0,20
2023-05-30,4호선,명동,31549,33182,-1633,1,0,21
2023-05-30,4호선,명동,31549,33182,-1633,1,0,22
2023-05-30,4호선,명동,31549,33182,-1633,1,0,23
2023-05-31,4호선,명동,33247,34118,-871,2,0,00
2023-05-31,4호선,명동,33247,34118,-871,2,0,01
2023-05-31,4호선,명동,33247,34118,-871,2,0,02
2023-05-31,4호선,명동,33247,34118,-871,2,0,03
2023-05-31,4호선,명동,33247,34118,-871,2,0,04
2023-05-31,4호선,명동,33247,34118,-871,2,0,05
2023-05-31,4호선,명동,33247,34118,-871,2,0,06
2023-05-31,4호선,명동,33247,34118,-871,2,0,07
2023-05-31,4호선,명동,33247,34118,-871,2,0,08
2023-05-31,4호선,명동,33247,34118,-871,2,0,09
2023-05-31,4호선,명동,33247,34118,-871,2,0,10
2023-05-31,4호선,명동,33247,34118,-871,2,0,11
2023-05-31,4호선,명동,33247,34118,-871,2,0,12
2023-05-31,4호선,명동,33247,34118,-871,2,0,13
2023-05-31,4호선,명동,33247,34118,-871,2,0,14
2023-05-31,4호선,명동,33247,34118,-871,2,0,15
2023-05-31,4호선,명동,33247,34118,-871,2,0,16
2023-05-31,4호선,명동,33247,34118,-871,2,0,17
2023-05-31,4호선,명동,33247,34118,-871,2,0,18
2023-05-31,4호선,명동,33247,34118,-871,2,0,19
2023-05-31,4호선,명동,33247,34118,-871,2,0,20
2023-05-31,4호선,명동,33247,34118,-871,2,0,21
2023-05-31,4호선,명동,33247,34118,-871,2,0,22
2023-05-31,4호선,명동,33247,34118,-871,2,0,23
2023-06-01,4호선,명동,31767,33834,-2067,3,0,00
2023-06-01,4호선,명동,31767,33834,-2067,3,0,01
2023-06-01,4호선,명동,31767,33834,-2067,3,0,02
2023-06-01,4호선,명동,31767,33834,-2067,3,0,03
2023-06-01,4호선,명동,31767,33834,-2067,3,0,04
2023-06-01,4호선,명동,31767,33834,-2067,3,0,05
2023-06-01,4호선,명동,31767,33834,-2067,3,0,06
2023-06-01,4호선,명동,31767,33834,-2067,3,0,07
2023-06-01,4호선,명동,31767,33834,-2067,3,0,08
2023-06-01,4호선,명동,31767,33834,-2067,3,0,09
2023-06-01,4호선,명동,31767,33834,-2067,3,0,10
2023-06-01,4호선,명동,31767,33834,-2067,3,0,11
2023-06-01,4호선,명동,31767,33834,-2067,3,0,12
2023-06-01,4호선,명동,31767,33834,-2067,3,0,13
2023-06-01,4호선,명동,31767,33834,-2067,3,0,14
2023-06-01,4호선,명동,31767,33834,-2067,3,0,15
2023-06-01,4호선,명동,31767,33834,-2067,3,0,16
2023-06-01,4호선,명동,31767,33834,-2067,3,0,17
2023-06-01,4호선,명동,31767,33834,-2067,3,0,18
2023-06-01,4호선,명동,31767,33834,-2067,3,0,19
2023-06-01,4호선,명동,31767,33834,-2067,3,0,20
2023-06-01,4호선,명동,31767,33834,-2067,3,0,21
2023-06-01,4호선,명동,31767,33834,-2067,3,0,22
2023-06-01,4호선,명동,31767,33834,-2067,3,0,23
2023-06-02,4호선,명동,34460,36777,-2317,4,0,00
2023-06-02,4호선,명동,34460,36777,-2317,4,0,01
2023-06-02,4호선,명동,34460,36777,-2317,4,0,02
2023-06-02,4호선,명동,34460,36777,-2317,4,0,03
2023-06-02,4호선,명동,34460,36777,-2317,4,0,04
2023-06-02,4호선,명동,34460,36777,-2317,4,0,05
2023-06-02,4호선,명동,34460,36777,-2317,4,0,06
2023-06-02,4호선,명동,34460,36777,-2317,4,0,07
2023-06-02,4호선,명동,34460,36777,-2317,4,0,08
2023-06-02,4호선,명동,34460,36777,-2317,4,0,09
2023-06-02,4호선,명동,34460,36777,-2317,4,0,10
2023-06-02,4호선,명동,34460,36777,-2317,4,0,11
2023-06-02,4호선,명동,34460,36777,-2317,4,0,12
2023-06-02,4호선,명동,34460,36777,-2317,4,0,13
2023-06-02,4호선,명동,34460,36777,-2317,4,0,14
2023-06-02,4호선,명동,34460,36777,-2317,4,0,15
2023-06-02,4호선,명동,34460,36777,-2317,4,0,16
2023-06-02,4호선,명동,34460,36777,-2317,4,0,17
2023-06-02,4호선,명동,34460,36777,-2317,4,0,18
2023-06-02,4호선,명동,34460,36777,-2317,4,0,19
2023-06-02,4호선,명동,34460,36777,-2317,4,0,20
2023-06-02,4호선,명동,34460,36777,-2317,4,0,21
2023-06-02,4호선,명동,34460,36777,-2317,4,0,22
2023-06-02,4호선,명동,34460,36777,-2317,4,0,23
2023-06-03,4호선,명동,30713,34856,-4143,5,1,00
2023-06-03,4호선,명동,30713,34856,-4143,5,1,01
2023-06-03,4호선,명동,30713,34856,-4143,5,1,02
2023-06-03,4호선,명동,30713,34856,-4143,5,1,03
2023-06-03,4호선,명동,30713,34856,-4143,5,1,04
2023-06-03,4호선,명동,30713,34856,-4143,5,1,05
2023-06-03,4호선,명동,30713,34856,-4143,5,1,06
2023-06-03,4호선,명동,30713,34856,-4143,5,1,07
2023-06-03,4호선,명동,30713,34856,-4143,5,1,08
2023-06-03,4호선,명동,30713,34856,-4143,5,1,09
2023-06-03,4호선,명동,30713,34856,-4143,5,1,10
2023-06-03,4호선,명동,30713,34856,-4143,5,1,11
2023-06-03,4호선,명동,30713,34856,-4143,5,1,12
2023-06-03,4호선,명동,30713,34856,-4143,5,1,13
2023-06-03,4호선,명동,30713,34856,-4143,5,1,14
2023-06-03,4호선,명동,30713,34856,-4143,5,1,15
2023-06-03,4호선,명동,30713,34856,-4143,5,1,16
2023-06-03,4호선,명동,30713,34856,-4143,5,1,17
2023-06-03,4호선,명동,30713,34856,-4143,5,1,18
2023-06-03,4호선,명동,30713,34856,-4143,5,1,19
2023-06-03,4호선,명동,30713,34856,-4143,5,1,20
2023-06-03,4호선,명동,30713,34856,-4143,5,1,21
2023-06-03,4호선,명동,30713,34856,-4143,5,1,22
2023-06-03,4호선,명동,30713,34856,-4143,5,1,23
2023-06-04,4호선,명동,26643,29381,-2738,6,1,00
2023-06-04,4호선,명동,26643,29381,-2738,6,1,01
2023-06-04,4호선,명동,26643,29381,-2738,6,1,02
2023-06-04,4호선,명동,26643,29381,-2738,6,1,03
2023-06-04,4호선,명동,26643,29381,-2738,6,1,04
2023-06-04,4호선,명동,26643,29381,-2738,6,1,05
2023-06-04,4호선,명동,26643,29381,-2738,6,1,06
2023-06-04,4호선,명동,26643,29381,-2738,6,1,07
2023-06-04,4호선,명동,26643,29381,-2738,6,1,08
2023-06-04,4호선,명동,26643,29381,-2738,6,1,09
2023-06-04,4호선,명동,26643,29381,-2738,6,1,10
2023-06-04,4호선,명동,26643,29381,-2738,6,1,11
2023-06-04,4호선,명동,26643,29381,-2738,6,1,12
2023-06-04,4호선,명동,26643,29381,-2738,6,1,13
2023-06-04,4호선,명동,26643,29381,-2738,6,1,14
2023-06-04,4호선,명동,26643,29381,-2738,6,1,15
2023-06-04,4호선,명동,26643,29381,-2738,6,1,16
2023-06-04,4호선,명동,26643,29381,-2738,6,1,17
2023-06-04,4호선,명동,26643,29381,-2738,6,1,18
2023-06-04,4호선,명동,26643,29381,-2738,6,1,19
2023-06-04,4호선,명동,26643,29381,-2738,6,1,20
2023-06-04,4호선,명동,26643,29381,-2738,6,1,21
2023-06-04,4호선,명동,26643,29381,-2738,6,1,22
2023-06-04,4호선,명동,26643,29381,-2738,6,1,23
2023-06-05,4호선,명동,33972,35793,-1821,0,0,00
2023-06-05,4호선,명동,33972,35793,-1821,0,0,01
2023-06-05,4호선,명동,33972,35793,-1821,0,0,02
2023-06-05,4호선,명동,33972,35793,-1821,0,0,03
2023-06-05,4호선,명동,33972,35793,-1821,0,0,04
2023-06-05,4호선,명동,33972,35793,-1821,0,0,05
2023-06-05,4호선,명동,33972,35793,-1821,0,0,06
2023-06-05,4호선,명동,33972,35793,-1821,0,0,07
2023-06-05,4호선,명동,33972,35793,-1821,0,0,08
2023-06-05,4호선,명동,33972,35793,-1821,0,0,09
2023-06-05,4호선,명동,33972,35793,-1821,0,0,10
2023-06-05,4호선,명동,33972,35793,-1821,0,0,11
2023-06-05,4호선,명동,33972,35793,-1821,0,0,12
2023-06-05,4호선,명동,33972,35793,-1821,0,0,13
2023-06-05,4호선,명동,33972,35793,-1821,0,0,14
2023-06-05,4호선,명동,33972,35793,-1821,0,0,15
2023-06-05,4호선,명동,33972,35793,-1821,0,0,16
2023-06-05,4호선,명동,33972,35793,-1821,0,0,17
2023-06-05,4호선,명동,33972,35793,-1821,0,0,18
2023-06-05,4호선,명동,33972,35793,-1821,0,0,19
2023-06-05,4호선,명동,33972,35793,-1821,0,0,20
2023-06-05,4호선,명동,33972,35793,-1821,0,0,21
2023-06-05,4호선,명동,33972,35793,-1821,0,0,22
2023-06-05,4호선,명동,33972,35793,-1821,0,0,23
2023-06-06,4호선,명동,23034,24483,-1449,1,1,00
2023-06-06,4호선,명동,23034,24483,-1449,1,1,01
2023-06-06,4호선,명동,23034,24483,-1449,1,1,02
2023-06-06,4호선,명동,23034,24483,-1449,1,1,03
2023-06-06,4호선,명동,23034,24483,-1449,1,1,04
2023-06-06,4호선,명동,23034,24483,-1449,1,1,05
2023-06-06,4호선,명동,23034,24483,-1449,1,1,06
2023-06-06,4호선,명동,23034,24483,-1449,1,1,07
2023-06-06,4호선,명동,23034,24483,-1449,1,1,08
2023-06-06,4호선,명동,23034,24483,-1449,1,1,09
2023-06-06,4호선,명동,23034,24483,-1449,1,1,10
2023-06-06,4호선,명동,23034,24483,-1449,1,1,11
2023-06-06,4호선,명동,23034,24483,-1449,1,1,12
2023-06-06,4호선,명동,23034,24483,-1449,1,1,13
2023-06-06,4호선,명동,23034,24483,-1449,1,1,14
2023-06-06,4호선,명동,23034,24483,-1449,1,1,15
2023-06-06,4호선,명동,23034,24483,-1449,1,1,16
2023-06-06,4호선,명동,23034,24483,-1449,1,1,17
2023-06-06,4호선,명동,23034,24483,-1449,1,1,18
2023-06-06,4호선,명동,23034,24483,-1449,1,1,19
2023-06-06,4호선,명동,23034,24483,-1449,1,1,20
2023-06-06,4호선,명동,23034,24483,-1449,1,1,21
2023-06-06,4호선,명동,23034,24483,-1449,1,1,22
2023-06-06,4호선,명동,23034,24483,-1449,1,1,23
2023-06-07,4호선,명동,31832,32929,-1097,2,0,00
2023-06-07,4호선,명동,31832,32929,-1097,2,0,01
2023-06-07,4호선,명동,31832,32929,-1097,2,0,02
2023-06-07,4호선,명동,31832,32929,-1097,2,0,03
2023-06-07,4호선,명동,31832,32929,-1097,2,0,04
2023-06-07,4호선,명동,31832,32929,-1097,2,0,05
2023-06-07,4호선,명동,31832,32929,-1097,2,0,06
2023-06-07,4호선,명동,31832,32929,-1097,2,0,07
2023-06-07,4호선,명동,31832,32929,-1097,2,0,08
2023-06-07,4호선,명동,31832,32929,-1097,2,0,09
2023-06-07,4호선,명동,31832,32929,-1097,2,0,10
2023-06-07,4호선,명동,31832,32929,-1097,2,0,11
2023-06-07,4호선,명동,31832,32929,-1097,2,0,12
2023-06-07,4호선,명동,31832,32929,-1097,2,0,13
2023-06-07,4호선,명동,31832,32929,-1097,2,0,14
2023-06-07,4호선,명동,31832,32929,-1097,2,0,15
2023-06-07,4호선,명동,31832,32929,-1097,2,0,16
2023-06-07,4호선,명동,31832,32929,-1097,2,0,17
2023-06-07,4호선,명동,31832,32929,-1097,2,0,18
2023-06-07,4호선,명동,31832,32929,-1097,2,0,19
2023-06-07,4호선,명동,31832,32929,-1097,2,0,20
2023-06-07,4호선,명동,31832,32929,-1097,2,0,21
2023-06-07,4호선,명동,31832,32929,-1097,2,0,22
2023-06-07,4호선,명동,31832,32929,-1097,2,0,23
2023-06-08,4호선,명동,30766,32599,-1833,3,0,00
2023-06-08,4호선,명동,30766,32599,-1833,3,0,01
2023-06-08,4호선,명동,30766,32599,-1833,3,0,02
2023-06-08,4호선,명동,30766,32599,-1833,3,0,03
2023-06-08,4호선,명동,30766,32599,-1833,3,0,04
2023-06-08,4호선,명동,30766,32599,-1833,3,0,05
2023-06-08,4호선,명동,30766,32599,-1833,3,0,06
2023-06-08,4호선,명동,30766,32599,-1833,3,0,07
2023-06-08,4호선,명동,30766,32599,-1833,3,0,08
2023-06-08,4호선,명동,30766,32599,-1833,3,0,09
2023-06-08,4호선,명동,30766,32599,-1833,3,0,10
2023-06-08,4호선,명동,30766,32599,-1833,3,0,11
2023-06-08,4호선,명동,30766,32599,-1833,3,0,12
2023-06-08,4호선,명동,30766,32599,-1833,3,0,13
2023-06-08,4호선,명동,30766,32599,-1833,3,0,14
2023-06-08,4호선,명동,30766,32599,-1833,3,0,15
2023-06-08,4호선,명동,30766,32599,-1833,3,0,16
2023-06-08,4호선,명동,30766,32599,-1833,3,0,17
2023-06-08,4호선,명동,30766,32599,-1833,3,0,18
2023-06-08,4호선,명동,30766,32599,-1833,3,0,19
2023-06-08,4호선,명동,30766,32599,-1833,3,0,20
2023-06-08,4호선,명동,30766,32599,-1833,3,0,21
2023-06-08,4호선,명동,30766,32599,-1833,3,0,22
2023-06-08,4호선,명동,30766,32599,-1833,3,0,23
2023-06-09,4호선,명동,33736,36475,-2739,4,0,00
2023-06-09,4호선,명동,33736,36475,-2739,4,0,01
2023-06-09,4호선,명동,33736,36475,-2739,4,0,02
2023-06-09,4호선,명동,33736,36475,-2739,4,0,03
2023-06-09,4호선,명동,33736,36475,-2739,4,0,04
2023-06-09,4호선,명동,33736,36475,-2739,4,0,05
2023-06-09,4호선,명동,33736,36475,-2739,4,0,06
2023-06-09,4호선,명동,33736,36475,-2739,4,0,07
2023-06-09,4호선,명동,33736,36475,-2739,4,0,08
2023-06-09,4호선,명동,33736,36475,-2739,4,0,09
2023-06-09,4호선,명동,33736,36475,-2739,4,0,10
2023-06-09,4호선,명동,33736,36475,-2739,4,0,11
2023-06-09,4호선,명동,33736,36475,-2739,4,0,12
2023-06-09,4호선,명동,33736,36475,-2739,4,0,13
2023-06-09,4호선,명동,33736,36475,-2739,4,0,14
2023-06-09,4호선,명동,33736,36475,-2739,4,0,15
2023-06-09,4호선,명동,33736,36475,-2739,4,0,16
2023-06-09,4호선,명동,33736,36475,-2739,4,0,17
2023-06-09,4호선,명동,33736,36475,-2739,4,0,18
2023-06-09,4호선,명동,33736,36475,-2739,4,0,19
2023-06-09,4호선,명동,33736,36475,-2739,4,0,20
2023-06-09,4호선,명동,33736,36475,-2739,4,0,21
2023-06-09,4호선,명동,33736,36475,-2739,4,0,22
2023-06-09,4호선,명동,33736,36475,-2739,4,0,23
2023-06-10,4호선,명동,28330,32381,-4051,5,1,00
2023-06-10,4호선,명동,28330,32381,-4051,5,1,01
2023-06-10,4호선,명동,28330,32381,-4051,5,1,02
2023-06-10,4호선,명동,28330,32381,-4051,5,1,03
2023-06-10,4호선,명동,28330,32381,-4051,5,1,04
2023-06-10,4호선,명동,28330,32381,-4051,5,1,05
2023-06-10,4호선,명동,28330,32381,-4051,5,1,06
2023-06-10,4호선,명동,28330,32381,-4051,5,1,07
2023-06-10,4호선,명동,28330,32381,-4051,5,1,08
2023-06-10,4호선,명동,28330,32381,-4051,5,1,09
2023-06-10,4호선,명동,28330,32381,-4051,5,1,10
2023-06-10,4호선,명동,28330,32381,-4051,5,1,11
2023-06-10,4호선,명동,28330,32381,-4051,5,1,12
2023-06-10,4호선,명동,28330,32381,-4051,5,1,13
2023-06-10,4호선,명동,28330,32381,-4051,5,1,14
2023-06-10,4호선,명동,28330,32381,-4051,5,1,15
2023-06-10,4호선,명동,28330,32381,-4051,5,1,16
2023-06-10,4호선,명동,28330,32381,-4051,5,1,17
2023-06-10,4호선,명동,28330,32381,-4051,5,1,18
2023-06-10,4호선,명동,28330,32381,-4051,5,1,19
2023-06-10,4호선,명동,28330,32381,-4051,5,1,20
2023-06-10,4호선,명동,28330,32381,-4051,5,1,21
2023-06-10,4호선,명동,28330,32381,-4051,5,1,22
2023-06-10,4호선,명동,28330,32381,-4051,5,1,23
2023-06-11,4호선,명동,23518,25611,-2093,6,1,00
2023-06-11,4호선,명동,23518,25611,-2093,6,1,01
2023-06-11,4호선,명동,23518,25611,-2093,6,1,02
2023-06-11,4호선,명동,23518,25611,-2093,6,1,03
2023-06-11,4호선,명동,23518,25611,-2093,6,1,04
2023-06-11,4호선,명동,23518,25611,-2093,6,1,05
2023-06-11,4호선,명동,23518,25611,-2093,6,1,06
2023-06-11,4호선,명동,23518,25611,-2093,6,1,07
2023-06-11,4호선,명동,23518,25611,-2093,6,1,08
2023-06-11,4호선,명동,23518,25611,-2093,6,1,09
2023-06-11,4호선,명동,23518,25611,-2093,6,1,10
2023-06-11,4호선,명동,23518,25611,-2093,6,1,11
2023-06-11,4호선,명동,23518,25611,-2093,6,1,12
2023-06-11,4호선,명동,23518,25611,-2093,6,1,13
2023-06-11,4호선,명동,23518,25611,-2093,6,1,14
2023-06-11,4호선,명동,23518,25611,-2093,6,1,15
2023-06-11,4호선,명동,23518,25611,-2093,6,1,16
2023-06-11,4호선,명동,23518,25611,-2093,6,1,17
2023-06-11,4호선,명동,23518,25611,-2093,6,1,18
2023-06-11,4호선,명동,23518,25611,-2093,6,1,19
2023-06-11,4호선,명동,23518,25611,-2093,6,1,20
2023-06-11,4호선,명동,23518,25611,-2093,6,1,21
2023-06-11,4호선,명동,23518,25611,-2093,6,1,22
2023-06-11,4호선,명동,23518,25611,-2093,6,1,23
2023-06-12,4호선,명동,33253,35146,-1893,0,0,00
2023-06-12,4호선,명동,33253,35146,-1893,0,0,01
2023-06-12,4호선,명동,33253,35146,-1893,0,0,02
2023-06-12,4호선,명동,33253,35146,-1893,0,0,03
2023-06-12,4호선,명동,33253,35146,-1893,0,0,04
2023-06-12,4호선,명동,33253,35146,-1893,0,0,05
2023-06-12,4호선,명동,33253,35146,-1893,0,0,06
2023-06-12,4호선,명동,33253,35146,-1893,0,0,07
2023-06-12,4호선,명동,33253,35146,-1893,0,0,08
2023-06-12,4호선,명동,33253,35146,-1893,0,0,09
2023-06-12,4호선,명동,33253,35146,-1893,0,0,10
2023-06-12,4호선,명동,33253,35146,-1893,0,0,11
2023-06-12,4호선,명동,33253,35146,-1893,0,0,12
2023-06-12,4호선,명동,33253,35146,-1893,0,0,13
2023-06-12,4호선,명동,33253,35146,-1893,0,0,14
2023-06-12,4호선,명동,33253,35146,-1893,0,0,15
2023-06-12,4호선,명동,33253,35146,-1893,0,0,16
2023-06-12,4호선,명동,33253,35146,-1893,0,0,17
2023-06-12,4호선,명동,33253,35146,-1893,0,0,18
2023-06-12,4호선,명동,33253,35146,-1893,0,0,19
2023-06-12,4호선,명동,33253,35146,-1893,0,0,20
2023-06-12,4호선,명동,33253,35146,-1893,0,0,21
2023-06-12,4호선,명동,33253,35146,-1893,0,0,22
2023-06-12,4호선,명동,33253,35146,-1893,0,0,23
2023-06-13,4호선,명동,34193,35883,-1690,1,0,00
2023-06-13,4호선,명동,34193,35883,-1690,1,0,01
2023-06-13,4호선,명동,34193,35883,-1690,1,0,02
2023-06-13,4호선,명동,34193,35883,-1690,1,0,03
2023-06-13,4호선,명동,34193,35883,-1690,1,0,04
2023-06-13,4호선,명동,34193,35883,-1690,1,0,05
2023-06-13,4호선,명동,34193,35883,-1690,1,0,06
2023-06-13,4호선,명동,34193,35883,-1690,1,0,07
2023-06-13,4호선,명동,34193,35883,-1690,1,0,08
2023-06-13,4호선,명동,34193,35883,-1690,1,0,09
2023-06-13,4호선,명동,34193,35883,-1690,1,0,10
2023-06-13,4호선,명동,34193,35883,-1690,1,0,11
2023-06-13,4호선,명동,34193,35883,-1690,1,0,12
2023-06-13,4호선,명동,34193,35883,-1690,1,0,13
2023-06-13,4호선,명동,34193,35883,-1690,1,0,14
2023-06-13,4호선,명동,34193,35883,-1690,1,0,15
2023-06-13,4호선,명동,34193,35883,-1690,1,0,16
2023-06-13,4호선,명동,34193,35883,-1690,1,0,17
2023-06-13,4호선,명동,34193,35883,-1690,1,0,18
2023-06-13,4호선,명동,34193,35883,-1690,1,0,19
2023-06-13,4호선,명동,34193,35883,-1690,1,0,20
2023-06-13,4호선,명동,34193,35883,-1690,1,0,21
2023-06-13,4호선,명동,34193,35883,-1690,1,0,22
2023-06-13,4호선,명동,34193,35883,-1690,1,0,23
2023-06-14,4호선,명동,34236,36228,-1992,2,0,00
2023-06-14,4호선,명동,34236,36228,-1992,2,0,01
2023-06-14,4호선,명동,34236,36228,-1992,2,0,02
2023-06-14,4호선,명동,34236,36228,-1992,2,0,03
2023-06-14,4호선,명동,34236,36228,-1992,2,0,04
2023-06-14,4호선,명동,34236,36228,-1992,2,0,05
2023-06-14,4호선,명동,34236,36228,-1992,2,0,06
2023-06-14,4호선,명동,34236,36228,-1992,2,0,07
2023-06-14,4호선,명동,34236,36228,-1992,2,0,08
2023-06-14,4호선,명동,34236,36228,-1992,2,0,09
2023-06-14,4호선,명동,34236,36228,-1992,2,0,10
2023-06-14,4호선,명동,34236,36228,-1992,2,0,11
2023-06-14,4호선,명동,34236,36228,-1992,2,0,12
2023-06-14,4호선,명동,34236,36228,-1992,2,0,13
2023-06-14,4호선,명동,34236,36228,-1992,2,0,14
2023-06-14,4호선,명동,34236,36228,-1992,2,0,15
2023-06-14,4호선,명동,34236,36228,-1992,2,0,16
2023-06-14,4호선,명동,34236,36228,-1992,2,0,17
2023-06-14,4호선,명동,34236,36228,-1992,2,0,18
2023-06-14,4호선,명동,34236,36228,-1992,2,0,19
2023-06-14,4호선,명동,34236,36228,-1992,2,0,20
2023-06-14,4호선,명동,34236,36228,-1992,2,0,21
2023-06-14,4호선,명동,34236,36228,-1992,2,0,22
2023-06-14,4호선,명동,34236,36228,-1992,2,0,23
2023-06-15,4호선,명동,33512,35716,-2204,3,0,00
2023-06-15,4호선,명동,33512,35716,-2204,3,0,01
2023-06-15,4호선,명동,33512,35716,-2204,3,0,02
2023-06-15,4호선,명동,33512,35716,-2204,3,0,03
2023-06-15,4호선,명동,33512,35716,-2204,3,0,04
2023-06-15,4호선,명동,33512,35716,-2204,3,0,05
2023-06-15,4호선,명동,33512,35716,-2204,3,0,06
2023-06-15,4호선,명동,33512,35716,-2204,3,0,07
2023-06-15,4호선,명동,33512,35716,-2204,3,0,08
2023-06-15,4호선,명동,33512,35716,-2204,3,0,09
2023-06-15,4호선,명동,33512,35716,-2204,3,0,10
2023-06-15,4호선,명동,33512,35716,-2204,3,0,11
2023-06-15,4호선,명동,33512,35716,-2204,3,0,12
2023-06-15,4호선,명동,33512,35716,-2204,3,0,13
2023-06-15,4호선,명동,33512,35716,-2204,3,0,14
2023-06-15,4호선,명동,33512,35716,-2204,3,0,15
2023-06-15,4호선,명동,33512,35716,-2204,3,0,16
2023-06-15,4호선,명동,33512,35716,-2204,3,0,17
2023-06-15,4호선,명동,33512,35716,-2204,3,0,18
2023-06-15,4호선,명동,33512,35716,-2204,3,0,19
2023-06-15,4호선,명동,33512,35716,-2204,3,0,20
2023-06-15,4호선,명동,33512,35716,-2204,3,0,21
2023-06-15,4호선,명동,33512,35716,-2204,3,0,22
2023-06-15,4호선,명동,33512,35716,-2204,3,0,23
2023-06-16,4호선,명동,35694,38556,-2862,4,0,00
2023-06-16,4호선,명동,35694,38556,-2862,4,0,01
2023-06-16,4호선,명동,35694,38556,-2862,4,0,02
2023-06-16,4호선,명동,35694,38556,-2862,4,0,03
2023-06-16,4호선,명동,35694,38556,-2862,4,0,04
2023-06-16,4호선,명동,35694,38556,-2862,4,0,05
2023-06-16,4호선,명동,35694,38556,-2862,4,0,06
2023-06-16,4호선,명동,35694,38556,-2862,4,0,07
2023-06-16,4호선,명동,35694,38556,-2862,4,0,08
2023-06-16,4호선,명동,35694,38556,-2862,4,0,09
2023-06-16,4호선,명동,35694,38556,-2862,4,0,10
2023-06-16,4호선,명동,35694,38556,-2862,4,0,11
2023-06-16,4호선,명동,35694,38556,-2862,4,0,12
2023-06-16,4호선,명동,35694,38556,-2862,4,0,13
2023-06-16,4호선,명동,35694,38556,-2862,4,0,14
2023-06-16,4호선,명동,35694,38556,-2862,4,0,15
2023-06-16,4호선,명동,35694,38556,-2862,4,0,16
2023-06-16,4호선,명동,35694,38556,-2862,4,0,17
2023-06-16,4호선,명동,35694,38556,-2862,4,0,18
2023-06-16,4호선,명동,35694,38556,-2862,4,0,19
2023-06-16,4호선,명동,35694,38556,-2862,4,0,20
2023-06-16,4호선,명동,35694,38556,-2862,4,0,21
2023-06-16,4호선,명동,35694,38556,-2862,4,0,22
2023-06-16,4호선,명동,35694,38556,-2862,4,0,23
2023-06-17,4호선,명동,31785,35960,-4175,5,1,00
2023-06-17,4호선,명동,31785,35960,-4175,5,1,01
2023-06-17,4호선,명동,31785,35960,-4175,5,1,02
2023-06-17,4호선,명동,31785,35960,-4175,5,1,03
2023-06-17,4호선,명동,31785,35960,-4175,5,1,04
2023-06-17,4호선,명동,31785,35960,-4175,5,1,05
2023-06-17,4호선,명동,31785,35960,-4175,5,1,06
2023-06-17,4호선,명동,31785,35960,-4175,5,1,07
2023-06-17,4호선,명동,31785,35960,-4175,5,1,08
2023-06-17,4호선,명동,31785,35960,-4175,5,1,09
2023-06-17,4호선,명동,31785,35960,-4175,5,1,10
2023-06-17,4호선,명동,31785,35960,-4175,5,1,11
2023-06-17,4호선,명동,31785,35960,-4175,5,1,12
2023-06-17,4호선,명동,31785,35960,-4175,5,1,13
2023-06-17,4호선,명동,31785,35960,-4175,5,1,14
2023-06-17,4호선,명동,31785,35960,-4175,5,1,15
2023-06-17,4호선,명동,31785,35960,-4175,5,1,16
2023-06-17,4호선,명동,31785,35960,-4175,5,1,17
2023-06-17,4호선,명동,31785,35960,-4175,5,1,18
2023-06-17,4호선,명동,31785,35960,-4175,5,1,19
2023-06-17,4호선,명동,31785,35960,-4175,5,1,20
2023-06-17,4호선,명동,31785,35960,-4175,5,1,21
2023-06-17,4호선,명동,31785,35960,-4175,5,1,22
2023-06-17,4호선,명동,31785,35960,-4175,5,1,23
2023-06-18,4호선,명동,25875,28174,-2299,6,1,00
2023-06-18,4호선,명동,25875,28174,-2299,6,1,01
2023-06-18,4호선,명동,25875,28174,-2299,6,1,02
2023-06-18,4호선,명동,25875,28174,-2299,6,1,03
2023-06-18,4호선,명동,25875,28174,-2299,6,1,04
2023-06-18,4호선,명동,25875,28174,-2299,6,1,05
2023-06-18,4호선,명동,25875,28174,-2299,6,1,06
2023-06-18,4호선,명동,25875,28174,-2299,6,1,07
2023-06-18,4호선,명동,25875,28174,-2299,6,1,08
2023-06-18,4호선,명동,25875,28174,-2299,6,1,09
2023-06-18,4호선,명동,25875,28174,-2299,6,1,10
2023-06-18,4호선,명동,25875,28174,-2299,6,1,11
2023-06-18,4호선,명동,25875,28174,-2299,6,1,12
2023-06-18,4호선,명동,25875,28174,-2299,6,1,13
2023-06-18,4호선,명동,25875,28174,-2299,6,1,14
2023-06-18,4호선,명동,25875,28174,-2299,6,1,15
2023-06-18,4호선,명동,25875,28174,-2299,6,1,16
2023-06-18,4호선,명동,25875,28174,-2299,6,1,17
2023-06-18,4호선,명동,25875,28174,-2299,6,1,18
2023-06-18,4호선,명동,25875,28174,-2299,6,1,19
2023-06-18,4호선,명동,25875,28174,-2299,6,1,20
2023-06-18,4호선,명동,25875,28174,-2299,6,1,21
2023-06-18,4호선,명동,25875,28174,-2299,6,1,22
2023-06-18,4호선,명동,25875,28174,-2299,6,1,23
2023-06-19,4호선,명동,33467,35335,-1868,0,0,00
2023-06-19,4호선,명동,33467,35335,-1868,0,0,01
2023-06-19,4호선,명동,33467,35335,-1868,0,0,02
2023-06-19,4호선,명동,33467,35335,-1868,0,0,03
2023-06-19,4호선,명동,33467,35335,-1868,0,0,04
2023-06-19,4호선,명동,33467,35335,-1868,0,0,05
2023-06-19,4호선,명동,33467,35335,-1868,0,0,06
2023-06-19,4호선,명동,33467,35335,-1868,0,0,07
2023-06-19,4호선,명동,33467,35335,-1868,0,0,08
2023-06-19,4호선,명동,33467,35335,-1868,0,0,09
2023-06-19,4호선,명동,33467,35335,-1868,0,0,10
2023-06-19,4호선,명동,33467,35335,-1868,0,0,11
2023-06-19,4호선,명동,33467,35335,-1868,0,0,12
2023-06-19,4호선,명동,33467,35335,-1868,0,0,13
2023-06-19,4호선,명동,33467,35335,-1868,0,0,14
2023-06-19,4호선,명동,33467,35335,-1868,0,0,15
2023-06-19,4호선,명동,33467,35335,-1868,0,0,16
2023-06-19,4호선,명동,33467,35335,-1868,0,0,17
2023-06-19,4호선,명동,33467,35335,-1868,0,0,18
2023-06-19,4호선,명동,33467,35335,-1868,0,0,19
2023-06-19,4호선,명동,33467,35335,-1868,0,0,20
2023-06-19,4호선,명동,33467,35335,-1868,0,0,21
2023-06-19,4호선,명동,33467,35335,-1868,0,0,22
2023-06-19,4호선,명동,33467,35335,-1868,0,0,23
2023-06-20,4호선,명동,33139,34863,-1724,1,0,00
2023-06-20,4호선,명동,33139,34863,-1724,1,0,01
2023-06-20,4호선,명동,33139,34863,-1724,1,0,02
2023-06-20,4호선,명동,33139,34863,-1724,1,0,03
2023-06-20,4호선,명동,33139,34863,-1724,1,0,04
2023-06-20,4호선,명동,33139,34863,-1724,1,0,05
2023-06-20,4호선,명동,33139,34863,-1724,1,0,06
2023-06-20,4호선,명동,33139,34863,-1724,1,0,07
2023-06-20,4호선,명동,33139,34863,-1724,1,0,08
2023-06-20,4호선,명동,33139,34863,-1724,1,0,09
2023-06-20,4호선,명동,33139,34863,-1724,1,0,10
2023-06-20,4호선,명동,33139,34863,-1724,1,0,11
2023-06-20,4호선,명동,33139,34863,-1724,1,0,12
2023-06-20,4호선,명동,33139,34863,-1724,1,0,13
2023-06-20,4호선,명동,33139,34863,-1724,1,0,14
2023-06-20,4호선,명동,33139,34863,-1724,1,0,15
2023-06-20,4호선,명동,33139,34863,-1724,1,0,16
2023-06-20,4호선,명동,33139,34863,-1724,1,0,17
2023-06-20,4호선,명동,33139,34863,-1724,1,0,18
2023-06-20,4호선,명동,33139,34863,-1724,1,0,19
2023-06-20,4호선,명동,33139,34863,-1724,1,0,20
2023-06-20,4호선,명동,33139,34863,-1724,1,0,21
2023-06-20,4호선,명동,33139,34863,-1724,1,0,22
2023-06-20,4호선,명동,33139,34863,-1724,1,0,23
2023-06-21,4호선,명동,32965,34720,-1755,2,0,00
2023-06-21,4호선,명동,32965,34720,-1755,2,0,01
2023-06-21,4호선,명동,32965,34720,-1755,2,0,02
2023-06-21,4호선,명동,32965,34720,-1755,2,0,03
2023-06-21,4호선,명동,32965,34720,-1755,2,0,04
2023-06-21,4호선,명동,32965,34720,-1755,2,0,05
2023-06-21,4호선,명동,32965,34720,-1755,2,0,06
2023-06-21,4호선,명동,32965,34720,-1755,2,0,07
2023-06-21,4호선,명동,32965,34720,-1755,2,0,08
2023-06-21,4호선,명동,32965,34720,-1755,2,0,09
2023-06-21,4호선,명동,32965,34720,-1755,2,0,10
2023-06-21,4호선,명동,32965,34720,-1755,2,0,11
2023-06-21,4호선,명동,32965,34720,-1755,2,0,12
2023-06-21,4호선,명동,32965,34720,-1755,2,0,13
2023-06-21,4호선,명동,32965,34720,-1755,2,0,14
2023-06-21,4호선,명동,32965,34720,-1755,2,0,15
2023-06-21,4호선,명동,32965,34720,-1755,2,0,16
2023-06-21,4호선,명동,32965,34720,-1755,2,0,17
2023-06-21,4호선,명동,32965,34720,-1755,2,0,18
2023-06-21,4호선,명동,32965,34720,-1755,2,0,19
2023-06-21,4호선,명동,32965,34720,-1755,2,0,20
2023-06-21,4호선,명동,32965,34720,-1755,2,0,21
2023-06-21,4호선,명동,32965,34720,-1755,2,0,22
2023-06-21,4호선,명동,32965,34720,-1755,2,0,23
2023-06-22,4호선,명동,33501,36167,-2666,3,0,00
2023-06-22,4호선,명동,33501,36167,-2666,3,0,01
2023-06-22,4호선,명동,33501,36167,-2666,3,0,02
2023-06-22,4호선,명동,33501,36167,-2666,3,0,03
2023-06-22,4호선,명동,33501,36167,-2666,3,0,04
2023-06-22,4호선,명동,33501,36167,-2666,3,0,05
2023-06-22,4호선,명동,33501,36167,-2666,3,0,06
2023-06-22,4호선,명동,33501,36167,-2666,3,0,07
2023-06-22,4호선,명동,33501,36167,-2666,3,0,08
2023-06-22,4호선,명동,33501,36167,-2666,3,0,09
2023-06-22,4호선,명동,33501,36167,-2666,3,0,10
2023-06-22,4호선,명동,33501,36167,-2666,3,0,11
2023-06-22,4호선,명동,33501,36167,-2666,3,0,12
2023-06-22,4호선,명동,33501,36167,-2666,3,0,13
2023-06-22,4호선,명동,33501,36167,-2666,3,0,14
2023-06-22,4호선,명동,33501,36167,-2666,3,0,15
2023-06-22,4호선,명동,33501,36167,-2666,3,0,16
2023-06-22,4호선,명동,33501,36167,-2666,3,0,17
2023-06-22,4호선,명동,33501,36167,-2666,3,0,18
2023-06-22,4호선,명동,33501,36167,-2666,3,0,19
2023-06-22,4호선,명동,33501,36167,-2666,3,0,20
2023-06-22,4호선,명동,33501,36167,-2666,3,0,21
2023-06-22,4호선,명동,33501,36167,-2666,3,0,22
2023-06-22,4호선,명동,33501,36167,-2666,3,0,23
2023-06-23,4호선,명동,35217,38117,-2900,4,0,00
2023-06-23,4호선,명동,35217,38117,-2900,4,0,01
2023-06-23,4호선,명동,35217,38117,-2900,4,0,02
2023-06-23,4호선,명동,35217,38117,-2900,4,0,03
2023-06-23,4호선,명동,35217,38117,-2900,4,0,04
2023-06-23,4호선,명동,35217,38117,-2900,4,0,05
2023-06-23,4호선,명동,35217,38117,-2900,4,0,06
2023-06-23,4호선,명동,35217,38117,-2900,4,0,07
2023-06-23,4호선,명동,35217,38117,-2900,4,0,08
2023-06-23,4호선,명동,35217,38117,-2900,4,0,09
2023-06-23,4호선,명동,35217,38117,-2900,4,0,10
2023-06-23,4호선,명동,35217,38117,-2900,4,0,11
2023-06-23,4호선,명동,35217,38117,-2900,4,0,12
2023-06-23,4호선,명동,35217,38117,-2900,4,0,13
2023-06-23,4호선,명동,35217,38117,-2900,4,0,14
2023-06-23,4호선,명동,35217,38117,-2900,4,0,15
2023-06-23,4호선,명동,35217,38117,-2900,4,0,16
2023-06-23,4호선,명동,35217,38117,-2900,4,0,17
2023-06-23,4호선,명동,35217,38117,-2900,4,0,18
2023-06-23,4호선,명동,35217,38117,-2900,4,0,19
2023-06-23,4호선,명동,35217,38117,-2900,4,0,20
2023-06-23,4호선,명동,35217,38117,-2900,4,0,21
2023-06-23,4호선,명동,35217,38117,-2900,4,0,22
2023-06-23,4호선,명동,35217,38117,-2900,4,0,23
2023-06-24,4호선,명동,31535,35356,-3821,5,1,00
2023-06-24,4호선,명동,31535,35356,-3821,5,1,01
2023-06-24,4호선,명동,31535,35356,-3821,5,1,02
2023-06-24,4호선,명동,31535,35356,-3821,5,1,03
2023-06-24,4호선,명동,31535,35356,-3821,5,1,04
2023-06-24,4호선,명동,31535,35356,-3821,5,1,05
2023-06-24,4호선,명동,31535,35356,-3821,5,1,06
2023-06-24,4호선,명동,31535,35356,-3821,5,1,07
2023-06-24,4호선,명동,31535,35356,-3821,5,1,08
2023-06-24,4호선,명동,31535,35356,-3821,5,1,09
2023-06-24,4호선,명동,31535,35356,-3821,5,1,10
2023-06-24,4호선,명동,31535,35356,-3821,5,1,11
2023-06-24,4호선,명동,31535,35356,-3821,5,1,12
2023-06-24,4호선,명동,31535,35356,-3821,5,1,13
2023-06-24,4호선,명동,31535,35356,-3821,5,1,14
2023-06-24,4호선,명동,31535,35356,-3821,5,1,15
2023-06-24,4호선,명동,31535,35356,-3821,5,1,16
2023-06-24,4호선,명동,31535,35356,-3821,5,1,17
2023-06-24,4호선,명동,31535,35356,-3821,5,1,18
2023-06-24,4호선,명동,31535,35356,-3821,5,1,19
2023-06-24,4호선,명동,31535,35356,-3821,5,1,20
2023-06-24,4호선,명동,31535,35356,-3821,5,1,21
2023-06-24,4호선,명동,31535,35356,-3821,5,1,22
2023-06-24,4호선,명동,31535,35356,-3821,5,1,23
2023-06-25,4호선,명동,25326,27948,-2622,6,1,00
2023-06-25,4호선,명동,25326,27948,-2622,6,1,01
2023-06-25,4호선,명동,25326,27948,-2622,6,1,02
2023-06-25,4호선,명동,25326,27948,-2622,6,1,03
2023-06-25,4호선,명동,25326,27948,-2622,6,1,04
2023-06-25,4호선,명동,25326,27948,-2622,6,1,05
2023-06-25,4호선,명동,25326,27948,-2622,6,1,06
2023-06-25,4호선,명동,25326,27948,-2622,6,1,07
2023-06-25,4호선,명동,25326,27948,-2622,6,1,08
2023-06-25,4호선,명동,25326,27948,-2622,6,1,09
2023-06-25,4호선,명동,25326,27948,-2622,6,1,10
2023-06-25,4호선,명동,25326,27948,-2622,6,1,11
2023-06-25,4호선,명동,25326,27948,-2622,6,1,12
2023-06-25,4호선,명동,25326,27948,-2622,6,1,13
2023-06-25,4호선,명동,25326,27948,-2622,6,1,14
2023-06-25,4호선,명동,25326,27948,-2622,6,1,15
2023-06-25,4호선,명동,25326,27948,-2622,6,1,16
2023-06-25,4호선,명동,25326,27948,-2622,6,1,17
2023-06-25,4호선,명동,25326,27948,-2622,6,1,18
2023-06-25,4호선,명동,25326,27948,-2622,6,1,19
2023-06-25,4호선,명동,25326,27948,-2622,6,1,20
2023-06-25,4호선,명동,25326,27948,-2622,6,1,21
2023-06-25,4호선,명동,25326,27948,-2622,6,1,22
2023-06-25,4호선,명동,25326,27948,-2622,6,1,23
2023-06-26,4호선,명동,30963,32702,-1739,0,0,00
2023-06-26,4호선,명동,30963,32702,-1739,0,0,01
2023-06-26,4호선,명동,30963,32702,-1739,0,0,02
2023-06-26,4호선,명동,30963,32702,-1739,0,0,03
2023-06-26,4호선,명동,30963,32702,-1739,0,0,04
2023-06-26,4호선,명동,30963,32702,-1739,0,0,05
2023-06-26,4호선,명동,30963,32702,-1739,0,0,06
2023-06-26,4호선,명동,30963,32702,-1739,0,0,07
2023-06-26,4호선,명동,30963,32702,-1739,0,0,08
2023-06-26,4호선,명동,30963,32702,-1739,0,0,09
2023-06-26,4호선,명동,30963,32702,-1739,0,0,10
2023-06-26,4호선,명동,30963,32702,-1739,0,0,11
2023-06-26,4호선,명동,30963,32702,-1739,0,0,12
2023-06-26,4호선,명동,30963,32702,-1739,0,0,13
2023-06-26,4호선,명동,30963,32702,-1739,0,0,14
2023-06-26,4호선,명동,30963,32702,-1739,0,0,15
2023-06-26,4호선,명동,30963,32702,-1739,0,0,16
2023-06-26,4호선,명동,30963,32702,-1739,0,0,17
2023-06-26,4호선,명동,30963,32702,-1739,0,0,18
2023-06-26,4호선,명동,30963,32702,-1739,0,0,19
2023-06-26,4호선,명동,30963,32702,-1739,0,0,20
2023-06-26,4호선,명동,30963,32702,-1739,0,0,21
2023-06-26,4호선,명동,30963,32702,-1739,0,0,22
2023-06-26,4호선,명동,30963,32702,-1739,0,0,23
2023-06-27,4호선,명동,31717,33924,-2207,1,0,00
2023-06-27,4호선,명동,31717,33924,-2207,1,0,01
2023-06-27,4호선,명동,31717,33924,-2207,1,0,02
2023-06-27,4호선,명동,31717,33924,-2207,1,0,03
2023-06-27,4호선,명동,31717,33924,-2207,1,0,04
2023-06-27,4호선,명동,31717,33924,-2207,1,0,05
2023-06-27,4호선,명동,31717,33924,-2207,1,0,06
2023-06-27,4호선,명동,31717,33924,-2207,1,0,07
2023-06-27,4호선,명동,31717,33924,-2207,1,0,08
2023-06-27,4호선,명동,31717,33924,-2207,1,0,09
2023-06-27,4호선,명동,31717,33924,-2207,1,0,10
2023-06-27,4호선,명동,31717,33924,-2207,1,0,11
2023-06-27,4호선,명동,31717,33924,-2207,1,0,12
2023-06-27,4호선,명동,31717,33924,-2207,1,0,13
2023-06-27,4호선,명동,31717,33924,-2207,1,0,14
2023-06-27,4호선,명동,31717,33924,-2207,1,0,15
2023-06-27,4호선,명동,31717,33924,-2207,1,0,16
2023-06-27,4호선,명동,31717,33924,-2207,1,0,17
2023-06-27,4호선,명동,31717,33924,-2207,1,0,18
2023-06-27,4호선,명동,31717,33924,-2207,1,0,19
2023-06-27,4호선,명동,31717,33924,-2207,1,0,20
2023-06-27,4호선,명동,31717,33924,-2207,1,0,21
2023-06-27,4호선,명동,31717,33924,-2207,1,0,22
2023-06-27,4호선,명동,31717,33924,-2207,1,0,23
2023-06-28,4호선,명동,32262,33892,-1630,2,0,00
2023-06-28,4호선,명동,32262,33892,-1630,2,0,01
2023-06-28,4호선,명동,32262,33892,-1630,2,0,02
2023-06-28,4호선,명동,32262,33892,-1630,2,0,03
2023-06-28,4호선,명동,32262,33892,-1630,2,0,04
2023-06-28,4호선,명동,32262,33892,-1630,2,0,05
2023-06-28,4호선,명동,32262,33892,-1630,2,0,06
2023-06-28,4호선,명동,32262,33892,-1630,2,0,07
2023-06-28,4호선,명동,32262,33892,-1630,2,0,08
2023-06-28,4호선,명동,32262,33892,-1630,2,0,09
2023-06-28,4호선,명동,32262,33892,-1630,2,0,10
2023-06-28,4호선,명동,32262,33892,-1630,2,0,11
2023-06-28,4호선,명동,32262,33892,-1630,2,0,12
2023-06-28,4호선,명동,32262,33892,-1630,2,0,13
2023-06-28,4호선,명동,32262,33892,-1630,2,0,14
2023-06-28,4호선,명동,32262,33892,-1630,2,0,15
2023-06-28,4호선,명동,32262,33892,-1630,2,0,16
2023-06-28,4호선,명동,32262,33892,-1630,2,0,17
2023-06-28,4호선,명동,32262,33892,-1630,2,0,18
2023-06-28,4호선,명동,32262,33892,-1630,2,0,19
2023-06-28,4호선,명동,32262,33892,-1630,2,0,20
2023-06-28,4호선,명동,32262,33892,-1630,2,0,21
2023-06-28,4호선,명동,32262,33892,-1630,2,0,22
2023-06-28,4호선,명동,32262,33892,-1630,2,0,23
2023-06-29,4호선,명동,27938,29956,-2018,3,0,00
2023-06-29,4호선,명동,27938,29956,-2018,3,0,01
2023-06-29,4호선,명동,27938,29956,-2018,3,0,02
2023-06-29,4호선,명동,27938,29956,-2018,3,0,03
2023-06-29,4호선,명동,27938,29956,-2018,3,0,04
2023-06-29,4호선,명동,27938,29956,-2018,3,0,05
2023-06-29,4호선,명동,27938,29956,-2018,3,0,06
2023-06-29,4호선,명동,27938,29956,-2018,3,0,07
2023-06-29,4호선,명동,27938,29956,-2018,3,0,08
2023-06-29,4호선,명동,27938,29956,-2018,3,0,09
2023-06-29,4호선,명동,27938,29956,-2018,3,0,10
2023-06-29,4호선,명동,27938,29956,-2018,3,0,11
2023-06-29,4호선,명동,27938,29956,-2018,3,0,12
2023-06-29,4호선,명동,27938,29956,-2018,3,0,13
2023-06-29,4호선,명동,27938,29956,-2018,3,0,14
2023-06-29,4호선,명동,27938,29956,-2018,3,0,15
2023-06-29,4호선,명동,27938,29956,-2018,3,0,16
2023-06-29,4호선,명동,27938,29956,-2018,3,0,17
2023-06-29,4호선,명동,27938,29956,-2018,3,0,18
2023-06-29,4호선,명동,27938,29956,-2018,3,0,19
2023-06-29,4호선,명동,27938,29956,-2018,3,0,20
2023-06-29,4호선,명동,27938,29956,-2018,3,0,21
2023-06-29,4호선,명동,27938,29956,-2018,3,0,22
2023-06-29,4호선,명동,27938,29956,-2018,3,0,23
2023-06-30,4호선,명동,32899,35200,-2301,4,0,00
2023-06-30,4호선,명동,32899,35200,-2301,4,0,01
2023-06-30,4호선,명동,32899,35200,-2301,4,0,02
2023-06-30,4호선,명동,32899,35200,-2301,4,0,03
2023-06-30,4호선,명동,32899,35200,-2301,4,0,04
2023-06-30,4호선,명동,32899,35200,-2301,4,0,05
2023-06-30,4호선,명동,32899,35200,-2301,4,0,06
2023-06-30,4호선,명동,32899,35200,-2301,4,0,07
2023-06-30,4호선,명동,32899,35200,-2301,4,0,08
2023-06-30,4호선,명동,32899,35200,-2301,4,0,09
2023-06-30,4호선,명동,32899,35200,-2301,4,0,10
2023-06-30,4호선,명동,32899,35200,-2301,4,0,11
2023-06-30,4호선,명동,32899,35200,-2301,4,0,12
2023-06-30,4호선,명동,32899,35200,-2301,4,0,13
2023-06-30,4호선,명동,32899,35200,-2301,4,0,14
2023-06-30,4호선,명동,32899,35200,-2301,4,0,15
2023-06-30,4호선,명동,32899,35200,-2301,4,0,16
2023-06-30,4호선,명동,32899,35200,-2301,4,0,17
2023-06-30,4호선,명동,32899,35200,-2301,4,0,18
2023-06-30,4호선,명동,32899,35200,-2301,4,0,19
2023-06-30,4호선,명동,32899,35200,-2301,4,0,20
2023-06-30,4호선,명동,32899,35200,-2301,4,0,21
2023-06-30,4호선,명동,32899,35200,-2301,4,0,22
2023-06-30,4호선,명동,32899,35200,-2301,4,0,23
2023-07-01,4호선,명동,31059,33242,-2183,5,1,00
2023-07-01,4호선,명동,31059,33242,-2183,5,1,01
2023-07-01,4호선,명동,31059,33242,-2183,5,1,02
2023-07-01,4호선,명동,31059,33242,-2183,5,1,03
2023-07-01,4호선,명동,31059,33242,-2183,5,1,04
2023-07-01,4호선,명동,31059,33242,-2183,5,1,05
2023-07-01,4호선,명동,31059,33242,-2183,5,1,06
2023-07-01,4호선,명동,31059,33242,-2183,5,1,07
2023-07-01,4호선,명동,31059,33242,-2183,5,1,08
2023-07-01,4호선,명동,31059,33242,-2183,5,1,09
2023-07-01,4호선,명동,31059,33242,-2183,5,1,10
2023-07-01,4호선,명동,31059,33242,-2183,5,1,11
2023-07-01,4호선,명동,31059,33242,-2183,5,1,12
2023-07-01,4호선,명동,31059,33242,-2183,5,1,13
2023-07-01,4호선,명동,31059,33242,-2183,5,1,14
2023-07-01,4호선,명동,31059,33242,-2183,5,1,15
2023-07-01,4호선,명동,31059,33242,-2183,5,1,16
2023-07-01,4호선,명동,31059,33242,-2183,5,1,17
2023-07-01,4호선,명동,31059,33242,-2183,5,1,18
2023-07-01,4호선,명동,31059,33242,-2183,5,1,19
2023-07-01,4호선,명동,31059,33242,-2183,5,1,20
2023-07-01,4호선,명동,31059,33242,-2183,5,1,21
2023-07-01,4호선,명동,31059,33242,-2183,5,1,22
2023-07-01,4호선,명동,31059,33242,-2183,5,1,23
2023-07-02,4호선,명동,23457,25564,-2107,6,1,00
2023-07-02,4호선,명동,23457,25564,-2107,6,1,01
2023-07-02,4호선,명동,23457,25564,-2107,6,1,02
2023-07-02,4호선,명동,23457,25564,-2107,6,1,03
2023-07-02,4호선,명동,23457,25564,-2107,6,1,04
2023-07-02,4호선,명동,23457,25564,-2107,6,1,05
2023-07-02,4호선,명동,23457,25564,-2107,6,1,06
2023-07-02,4호선,명동,23457,25564,-2107,6,1,07
2023-07-02,4호선,명동,23457,25564,-2107,6,1,08
2023-07-02,4호선,명동,23457,25564,-2107,6,1,09
2023-07-02,4호선,명동,23457,25564,-2107,6,1,10
2023-07-02,4호선,명동,23457,25564,-2107,6,1,11
2023-07-02,4호선,명동,23457,25564,-2107,6,1,12
2023-07-02,4호선,명동,23457,25564,-2107,6,1,13
2023-07-02,4호선,명동,23457,25564,-2107,6,1,14
2023-07-02,4호선,명동,23457,25564,-2107,6,1,15
2023-07-02,4호선,명동,23457,25564,-2107,6,1,16
2023-07-02,4호선,명동,23457,25564,-2107,6,1,17
2023-07-02,4호선,명동,23457,25564,-2107,6,1,18
2023-07-02,4호선,명동,23457,25564,-2107,6,1,19
2023-07-02,4호선,명동,23457,25564,-2107,6,1,20
2023-07-02,4호선,명동,23457,25564,-2107,6,1,21
2023-07-02,4호선,명동,23457,25564,-2107,6,1,22
2023-07-02,4호선,명동,23457,25564,-2107,6,1,23
2023-07-03,4호선,명동,30706,32571,-1865,0,0,00
2023-07-03,4호선,명동,30706,32571,-1865,0,0,01
2023-07-03,4호선,명동,30706,32571,-1865,0,0,02
2023-07-03,4호선,명동,30706,32571,-1865,0,0,03
2023-07-03,4호선,명동,30706,32571,-1865,0,0,04
2023-07-03,4호선,명동,30706,32571,-1865,0,0,05
2023-07-03,4호선,명동,30706,32571,-1865,0,0,06
2023-07-03,4호선,명동,30706,32571,-1865,0,0,07
2023-07-03,4호선,명동,30706,32571,-1865,0,0,08
2023-07-03,4호선,명동,30706,32571,-1865,0,0,09
2023-07-03,4호선,명동,30706,32571,-1865,0,0,10
2023-07-03,4호선,명동,30706,32571,-1865,0,0,11
2023-07-03,4호선,명동,30706,32571,-1865,0,0,12
2023-07-03,4호선,명동,30706,32571,-1865,0,0,13
2023-07-03,4호선,명동,30706,32571,-1865,0,0,14
2023-07-03,4호선,명동,30706,32571,-1865,0,0,15
2023-07-03,4호선,명동,30706,32571,-1865,0,0,16
2023-07-03,4호선,명동,30706,32571,-1865,0,0,17
2023-07-03,4호선,명동,30706,32571,-1865,0,0,18
2023-07-03,4호선,명동,30706,32571,-1865,0,0,19
2023-07-03,4호선,명동,30706,32571,-1865,0,0,20
2023-07-03,4호선,명동,30706,32571,-1865,0,0,21
2023-07-03,4호선,명동,30706,32571,-1865,0,0,22
2023-07-03,4호선,명동,30706,32571,-1865,0,0,23
2023-07-04,4호선,명동,28083,30346,-2263,1,0,00
2023-07-04,4호선,명동,28083,30346,-2263,1,0,01
2023-07-04,4호선,명동,28083,30346,-2263,1,0,02
2023-07-04,4호선,명동,28083,30346,-2263,1,0,03
2023-07-04,4호선,명동,28083,30346,-2263,1,0,04
2023-07-04,4호선,명동,28083,30346,-2263,1,0,05
2023-07-04,4호선,명동,28083,30346,-2263,1,0,06
2023-07-04,4호선,명동,28083,30346,-2263,1,0,07
2023-07-04,4호선,명동,28083,30346,-2263,1,0,08
2023-07-04,4호선,명동,28083,30346,-2263,1,0,09
2023-07-04,4호선,명동,28083,30346,-2263,1,0,10
2023-07-04,4호선,명동,28083,30346,-2263,1,0,11
2023-07-04,4호선,명동,28083,30346,-2263,1,0,12
2023-07-04,4호선,명동,28083,30346,-2263,1,0,13
2023-07-04,4호선,명동,28083,30346,-2263,1,0,14
2023-07-04,4호선,명동,28083,30346,-2263,1,0,15
2023-07-04,4호선,명동,28083,30346,-2263,1,0,16
2023-07-04,4호선,명동,28083,30346,-2263,1,0,17
2023-07-04,4호선,명동,28083,30346,-2263,1,0,18
2023-07-04,4호선,명동,28083,30346,-2263,1,0,19
2023-07-04,4호선,명동,28083,30346,-2263,1,0,20
2023-07-04,4호선,명동,28083,30346,-2263,1,0,21
2023-07-04,4호선,명동,28083,30346,-2263,1,0,22
2023-07-04,4호선,명동,28083,30346,-2263,1,0,23
2023-07-05,4호선,명동,31156,33231,-2075,2,0,00
2023-07-05,4호선,명동,31156,33231,-2075,2,0,01
2023-07-05,4호선,명동,31156,33231,-2075,2,0,02
2023-07-05,4호선,명동,31156,33231,-2075,2,0,03
2023-07-05,4호선,명동,31156,33231,-2075,2,0,04
2023-07-05,4호선,명동,31156,33231,-2075,2,0,05
2023-07-05,4호선,명동,31156,33231,-2075,2,0,06
2023-07-05,4호선,명동,31156,33231,-2075,2,0,07
2023-07-05,4호선,명동,31156,33231,-2075,2,0,08
2023-07-05,4호선,명동,31156,33231,-2075,2,0,09
2023-07-05,4호선,명동,31156,33231,-2075,2,0,10
2023-07-05,4호선,명동,31156,33231,-2075,2,0,11
2023-07-05,4호선,명동,31156,33231,-2075,2,0,12
2023-07-05,4호선,명동,31156,33231,-2075,2,0,13
2023-07-05,4호선,명동,31156,33231,-2075,2,0,14
2023-07-05,4호선,명동,31156,33231,-2075,2,0,15
2023-07-05,4호선,명동,31156,33231,-2075,2,0,16
2023-07-05,4호선,명동,31156,33231,-2075,2,0,17
2023-07-05,4호선,명동,31156,33231,-2075,2,0,18
2023-07-05,4호선,명동,31156,33231,-2075,2,0,19
2023-07-05,4호선,명동,31156,33231,-2075,2,0,20
2023-07-05,4호선,명동,31156,33231,-2075,2,0,21
2023-07-05,4호선,명동,31156,33231,-2075,2,0,22
2023-07-05,4호선,명동,31156,33231,-2075,2,0,23
2023-07-06,4호선,명동,31239,33006,-1767,3,0,00
2023-07-06,4호선,명동,31239,33006,-1767,3,0,01
2023-07-06,4호선,명동,31239,33006,-1767,3,0,02
2023-07-06,4호선,명동,31239,33006,-1767,3,0,03
2023-07-06,4호선,명동,31239,33006,-1767,3,0,04
2023-07-06,4호선,명동,31239,33006,-1767,3,0,05
2023-07-06,4호선,명동,31239,33006,-1767,3,0,06
2023-07-06,4호선,명동,31239,33006,-1767,3,0,07
2023-07-06,4호선,명동,31239,33006,-1767,3,0,08
2023-07-06,4호선,명동,31239,33006,-1767,3,0,09
2023-07-06,4호선,명동,31239,33006,-1767,3,0,10
2023-07-06,4호선,명동,31239,33006,-1767,3,0,11
2023-07-06,4호선,명동,31239,33006,-1767,3,0,12
2023-07-06,4호선,명동,31239,33006,-1767,3,0,13
2023-07-06,4호선,명동,31239,33006,-1767,3,0,14
2023-07-06,4호선,명동,31239,33006,-1767,3,0,15
2023-07-06,4호선,명동,31239,33006,-1767,3,0,16
2023-07-06,4호선,명동,31239,33006,-1767,3,0,17
2023-07-06,4호선,명동,31239,33006,-1767,3,0,18
2023-07-06,4호선,명동,31239,33006,-1767,3,0,19
2023-07-06,4호선,명동,31239,33006,-1767,3,0,20
2023-07-06,4호선,명동,31239,33006,-1767,3,0,21
2023-07-06,4호선,명동,31239,33006,-1767,3,0,22
2023-07-06,4호선,명동,31239,33006,-1767,3,0,23
2023-07-07,4호선,명동,31793,34343,-2550,4,0,00
2023-07-07,4호선,명동,31793,34343,-2550,4,0,01
2023-07-07,4호선,명동,31793,34343,-2550,4,0,02
2023-07-07,4호선,명동,31793,34343,-2550,4,0,03
2023-07-07,4호선,명동,31793,34343,-2550,4,0,04
2023-07-07,4호선,명동,31793,34343,-2550,4,0,05
2023-07-07,4호선,명동,31793,34343,-2550,4,0,06
2023-07-07,4호선,명동,31793,34343,-2550,4,0,07
2023-07-07,4호선,명동,31793,34343,-2550,4,0,08
2023-07-07,4호선,명동,31793,34343,-2550,4,0,09
2023-07-07,4호선,명동,31793,34343,-2550,4,0,10
2023-07-07,4호선,명동,31793,34343,-2550,4,0,11
2023-07-07,4호선,명동,31793,34343,-2550,4,0,12
2023-07-07,4호선,명동,31793,34343,-2550,4,0,13
2023-07-07,4호선,명동,31793,34343,-2550,4,0,14
2023-07-07,4호선,명동,31793,34343,-2550,4,0,15
2023-07-07,4호선,명동,31793,34343,-2550,4,0,16
2023-07-07,4호선,명동,31793,34343,-2550,4,0,17
2023-07-07,4호선,명동,31793,34343,-2550,4,0,18
2023-07-07,4호선,명동,31793,34343,-2550,4,0,19
2023-07-07,4호선,명동,31793,34343,-2550,4,0,20
2023-07-07,4호선,명동,31793,34343,-2550,4,0,21
2023-07-07,4호선,명동,31793,34343,-2550,4,0,22
2023-07-07,4호선,명동,31793,34343,-2550,4,0,23
2023-07-08,4호선,명동,28815,32579,-3764,5,1,00
2023-07-08,4호선,명동,28815,32579,-3764,5,1,01
2023-07-08,4호선,명동,28815,32579,-3764,5,1,02
2023-07-08,4호선,명동,28815,32579,-3764,5,1,03
2023-07-08,4호선,명동,28815,32579,-3764,5,1,04
2023-07-08,4호선,명동,28815,32579,-3764,5,1,05
2023-07-08,4호선,명동,28815,32579,-3764,5,1,06
2023-07-08,4호선,명동,28815,32579,-3764,5,1,07
2023-07-08,4호선,명동,28815,32579,-3764,5,1,08
2023-07-08,4호선,명동,28815,32579,-3764,5,1,09
2023-07-08,4호선,명동,28815,32579,-3764,5,1,10
2023-07-08,4호선,명동,28815,32579,-3764,5,1,11
2023-07-08,4호선,명동,28815,32579,-3764,5,1,12
2023-07-08,4호선,명동,28815,32579,-3764,5,1,13
2023-07-08,4호선,명동,28815,32579,-3764,5,1,14
2023-07-08,4호선,명동,28815,32579,-3764,5,1,15
2023-07-08,4호선,명동,28815,32579,-3764,5,1,16
2023-07-08,4호선,명동,28815,32579,-3764,5,1,17
2023-07-08,4호선,명동,28815,32579,-3764,5,1,18
2023-07-08,4호선,명동,28815,32579,-3764,5,1,19
2023-07-08,4호선,명동,28815,32579,-3764,5,1,20
2023-07-08,4호선,명동,28815,32579,-3764,5,1,21
2023-07-08,4호선,명동,28815,32579,-3764,5,1,22
2023-07-08,4호선,명동,28815,32579,-3764,5,1,23
2023-07-09,4호선,명동,21581,22996,-1415,6,1,00
2023-07-09,4호선,명동,21581,22996,-1415,6,1,01
2023-07-09,4호선,명동,21581,22996,-1415,6,1,02
2023-07-09,4호선,명동,21581,22996,-1415,6,1,03
2023-07-09,4호선,명동,21581,22996,-1415,6,1,04
2023-07-09,4호선,명동,21581,22996,-1415,6,1,05
2023-07-09,4호선,명동,21581,22996,-1415,6,1,06
2023-07-09,4호선,명동,21581,22996,-1415,6,1,07
2023-07-09,4호선,명동,21581,22996,-1415,6,1,08
2023-07-09,4호선,명동,21581,22996,-1415,6,1,09
2023-07-09,4호선,명동,21581,22996,-1415,6,1,10
2023-07-09,4호선,명동,21581,22996,-1415,6,1,11
2023-07-09,4호선,명동,21581,22996,-1415,6,1,12
2023-07-09,4호선,명동,21581,22996,-1415,6,1,13
2023-07-09,4호선,명동,21581,22996,-1415,6,1,14
2023-07-09,4호선,명동,21581,22996,-1415,6,1,15
2023-07-09,4호선,명동,21581,22996,-1415,6,1,16
2023-07-09,4호선,명동,21581,22996,-1415,6,1,17
2023-07-09,4호선,명동,21581,22996,-1415,6,1,18
2023-07-09,4호선,명동,21581,22996,-1415,6,1,19
2023-07-09,4호선,명동,21581,22996,-1415,6,1,20
2023-07-09,4호선,명동,21581,22996,-1415,6,1,21
2023-07-09,4호선,명동,21581,22996,-1415,6,1,22
2023-07-09,4호선,명동,21581,22996,-1415,6,1,23
2023-07-10,4호선,명동,30012,31234,-1222,0,0,00
2023-07-10,4호선,명동,30012,31234,-1222,0,0,01
2023-07-10,4호선,명동,30012,31234,-1222,0,0,02
2023-07-10,4호선,명동,30012,31234,-1222,0,0,03
2023-07-10,4호선,명동,30012,31234,-1222,0,0,04
2023-07-10,4호선,명동,30012,31234,-1222,0,0,05
2023-07-10,4호선,명동,30012,31234,-1222,0,0,06
2023-07-10,4호선,명동,30012,31234,-1222,0,0,07
2023-07-10,4호선,명동,30012,31234,-1222,0,0,08
2023-07-10,4호선,명동,30012,31234,-1222,0,0,09
2023-07-10,4호선,명동,30012,31234,-1222,0,0,10
2023-07-10,4호선,명동,30012,31234,-1222,0,0,11
2023-07-10,4호선,명동,30012,31234,-1222,0,0,12
2023-07-10,4호선,명동,30012,31234,-1222,0,0,13
2023-07-10,4호선,명동,30012,31234,-1222,0,0,14
2023-07-10,4호선,명동,30012,31234,-1222,0,0,15
2023-07-10,4호선,명동,30012,31234,-1222,0,0,16
2023-07-10,4호선,명동,30012,31234,-1222,0,0,17
2023-07-10,4호선,명동,30012,31234,-1222,0,0,18
2023-07-10,4호선,명동,30012,31234,-1222,0,0,19
2023-07-10,4호선,명동,30012,31234,-1222,0,0,20
2023-07-10,4호선,명동,30012,31234,-1222,0,0,21
2023-07-10,4호선,명동,30012,31234,-1222,0,0,22
2023-07-10,4호선,명동,30012,31234,-1222,0,0,23
2023-07-11,4호선,명동,27428,29632,-2204,1,0,00
2023-07-11,4호선,명동,27428,29632,-2204,1,0,01
2023-07-11,4호선,명동,27428,29632,-2204,1,0,02
2023-07-11,4호선,명동,27428,29632,-2204,1,0,03
2023-07-11,4호선,명동,27428,29632,-2204,1,0,04
2023-07-11,4호선,명동,27428,29632,-2204,1,0,05
2023-07-11,4호선,명동,27428,29632,-2204,1,0,06
2023-07-11,4호선,명동,27428,29632,-2204,1,0,07
2023-07-11,4호선,명동,27428,29632,-2204,1,0,08
2023-07-11,4호선,명동,27428,29632,-2204,1,0,09
2023-07-11,4호선,명동,27428,29632,-2204,1,0,10
2023-07-11,4호선,명동,27428,29632,-2204,1,0,11
2023-07-11,4호선,명동,27428,29632,-2204,1,0,12
2023-07-11,4호선,명동,27428,29632,-2204,1,0,13
2023-07-11,4호선,명동,27428,29632,-2204,1,0,14
2023-07-11,4호선,명동,27428,29632,-2204,1,0,15
2023-07-11,4호선,명동,27428,29632,-2204,1,0,16
2023-07-11,4호선,명동,27428,29632,-2204,1,0,17
2023-07-11,4호선,명동,27428,29632,-2204,1,0,18
2023-07-11,4호선,명동,27428,29632,-2204,1,0,19
2023-07-11,4호선,명동,27428,29632,-2204,1,0,20
2023-07-11,4호선,명동,27428,29632,-2204,1,0,21
2023-07-11,4호선,명동,27428,29632,-2204,1,0,22
2023-07-11,4호선,명동,27428,29632,-2204,1,0,23
2023-07-12,4호선,명동,30786,32442,-1656,2,0,00
2023-07-12,4호선,명동,30786,32442,-1656,2,0,01
2023-07-12,4호선,명동,30786,32442,-1656,2,0,02
2023-07-12,4호선,명동,30786,32442,-1656,2,0,03
2023-07-12,4호선,명동,30786,32442,-1656,2,0,04
2023-07-12,4호선,명동,30786,32442,-1656,2,0,05
2023-07-12,4호선,명동,30786,32442,-1656,2,0,06
2023-07-12,4호선,명동,30786,32442,-1656,2,0,07
2023-07-12,4호선,명동,30786,32442,-1656,2,0,08
2023-07-12,4호선,명동,30786,32442,-1656,2,0,09
2023-07-12,4호선,명동,30786,32442,-1656,2,0,10
2023-07-12,4호선,명동,30786,32442,-1656,2,0,11
2023-07-12,4호선,명동,30786,32442,-1656,2,0,12
2023-07-12,4호선,명동,30786,32442,-1656,2,0,13
2023-07-12,4호선,명동,30786,32442,-1656,2,0,14
2023-07-12,4호선,명동,30786,32442,-1656,2,0,15
2023-07-12,4호선,명동,30786,32442,-1656,2,0,16
2023-07-12,4호선,명동,30786,32442,-1656,2,0,17
2023-07-12,4호선,명동,30786,32442,-1656,2,0,18
2023-07-12,4호선,명동,30786,32442,-1656,2,0,19
2023-07-12,4호선,명동,30786,32442,-1656,2,0,20
2023-07-12,4호선,명동,30786,32442,-1656,2,0,21
2023-07-12,4호선,명동,30786,32442,-1656,2,0,22
2023-07-12,4호선,명동,30786,32442,-1656,2,0,23
2023-07-13,4호선,명동,27958,29807,-1849,3,0,00
2023-07-13,4호선,명동,27958,29807,-1849,3,0,01
2023-07-13,4호선,명동,27958,29807,-1849,3,0,02
2023-07-13,4호선,명동,27958,29807,-1849,3,0,03
2023-07-13,4호선,명동,27958,29807,-1849,3,0,04
2023-07-13,4호선,명동,27958,29807,-1849,3,0,05
2023-07-13,4호선,명동,27958,29807,-1849,3,0,06
2023-07-13,4호선,명동,27958,29807,-1849,3,0,07
2023-07-13,4호선,명동,27958,29807,-1849,3,0,08
2023-07-13,4호선,명동,27958,29807,-1849,3,0,09
2023-07-13,4호선,명동,27958,29807,-1849,3,0,10
2023-07-13,4호선,명동,27958,29807,-1849,3,0,11
2023-07-13,4호선,명동,27958,29807,-1849,3,0,12
2023-07-13,4호선,명동,27958,29807,-1849,3,0,13
2023-07-13,4호선,명동,27958,29807,-1849,3,0,14
2023-07-13,4호선,명동,27958,29807,-1849,3,0,15
2023-07-13,4호선,명동,27958,29807,-1849,3,0,16
2023-07-13,4호선,명동,27958,29807,-1849,3,0,17
2023-07-13,4호선,명동,27958,29807,-1849,3,0,18
2023-07-13,4호선,명동,27958,29807,-1849,3,0,19
2023-07-13,4호선,명동,27958,29807,-1849,3,0,20
2023-07-13,4호선,명동,27958,29807,-1849,3,0,21
2023-07-13,4호선,명동,27958,29807,-1849,3,0,22
2023-07-13,4호선,명동,27958,29807,-1849,3,0,23
2023-07-14,4호선,명동,30486,32641,-2155,4,0,00
2023-07-14,4호선,명동,30486,32641,-2155,4,0,01
2023-07-14,4호선,명동,30486,32641,-2155,4,0,02
2023-07-14,4호선,명동,30486,32641,-2155,4,0,03
2023-07-14,4호선,명동,30486,32641,-2155,4,0,04
2023-07-14,4호선,명동,30486,32641,-2155,4,0,05
2023-07-14,4호선,명동,30486,32641,-2155,4,0,06
2023-07-14,4호선,명동,30486,32641,-2155,4,0,07
2023-07-14,4호선,명동,30486,32641,-2155,4,0,08
2023-07-14,4호선,명동,30486,32641,-2155,4,0,09
2023-07-14,4호선,명동,30486,32641,-2155,4,0,10
2023-07-14,4호선,명동,30486,32641,-2155,4,0,11
2023-07-14,4호선,명동,30486,32641,-2155,4,0,12
2023-07-14,4호선,명동,30486,32641,-2155,4,0,13
2023-07-14,4호선,명동,30486,32641,-2155,4,0,14
2023-07-14,4호선,명동,30486,32641,-2155,4,0,15
2023-07-14,4호선,명동,30486,32641,-2155,4,0,16
2023-07-14,4호선,명동,30486,32641,-2155,4,0,17
2023-07-14,4호선,명동,30486,32641,-2155,4,0,18
2023-07-14,4호선,명동,30486,32641,-2155,4,0,19
2023-07-14,4호선,명동,30486,32641,-2155,4,0,20
2023-07-14,4호선,명동,30486,32641,-2155,4,0,21
2023-07-14,4호선,명동,30486,32641,-2155,4,0,22
2023-07-14,4호선,명동,30486,32641,-2155,4,0,23
2023-07-15,4호선,명동,26939,30851,-3912,5,1,00
2023-07-15,4호선,명동,26939,30851,-3912,5,1,01
2023-07-15,4호선,명동,26939,30851,-3912,5,1,02
2023-07-15,4호선,명동,26939,30851,-3912,5,1,03
2023-07-15,4호선,명동,26939,30851,-3912,5,1,04
2023-07-15,4호선,명동,26939,30851,-3912,5,1,05
2023-07-15,4호선,명동,26939,30851,-3912,5,1,06
2023-07-15,4호선,명동,26939,30851,-3912,5,1,07
2023-07-15,4호선,명동,26939,30851,-3912,5,1,08
2023-07-15,4호선,명동,26939,30851,-3912,5,1,09
2023-07-15,4호선,명동,26939,30851,-3912,5,1,10
2023-07-15,4호선,명동,26939,30851,-3912,5,1,11
2023-07-15,4호선,명동,26939,30851,-3912,5,1,12
2023-07-15,4호선,명동,26939,30851,-3912,5,1,13
2023-07-15,4호선,명동,26939,30851,-3912,5,1,14
2023-07-15,4호선,명동,26939,30851,-3912,5,1,15
2023-07-15,4호선,명동,26939,30851,-3912,5,1,16
2023-07-15,4호선,명동,26939,30851,-3912,5,1,17
2023-07-15,4호선,명동,26939,30851,-3912,5,1,18
2023-07-15,4호선,명동,26939,30851,-3912,5,1,19
2023-07-15,4호선,명동,26939,30851,-3912,5,1,20
2023-07-15,4호선,명동,26939,30851,-3912,5,1,21
2023-07-15,4호선,명동,26939,30851,-3912,5,1,22
2023-07-15,4호선,명동,26939,30851,-3912,5,1,23
2023-07-16,4호선,명동,25023,27565,-2542,6,1,00
2023-07-16,4호선,명동,25023,27565,-2542,6,1,01
2023-07-16,4호선,명동,25023,27565,-2542,6,1,02
2023-07-16,4호선,명동,25023,27565,-2542,6,1,03
2023-07-16,4호선,명동,25023,27565,-2542,6,1,04
2023-07-16,4호선,명동,25023,27565,-2542,6,1,05
2023-07-16,4호선,명동,25023,27565,-2542,6,1,06
2023-07-16,4호선,명동,25023,27565,-2542,6,1,07
2023-07-16,4호선,명동,25023,27565,-2542,6,1,08
2023-07-16,4호선,명동,25023,27565,-2542,6,1,09
2023-07-16,4호선,명동,25023,27565,-2542,6,1,10
2023-07-16,4호선,명동,25023,27565,-2542,6,1,11
2023-07-16,4호선,명동,25023,27565,-2542,6,1,12
2023-07-16,4호선,명동,25023,27565,-2542,6,1,13
2023-07-16,4호선,명동,25023,27565,-2542,6,1,14
2023-07-16,4호선,명동,25023,27565,-2542,6,1,15
2023-07-16,4호선,명동,25023,27565,-2542,6,1,16
2023-07-16,4호선,명동,25023,27565,-2542,6,1,17
2023-07-16,4호선,명동,25023,27565,-2542,6,1,18
2023-07-16,4호선,명동,25023,27565,-2542,6,1,19
2023-07-16,4호선,명동,25023,27565,-2542,6,1,20
2023-07-16,4호선,명동,25023,27565,-2542,6,1,21
2023-07-16,4호선,명동,25023,27565,-2542,6,1,22
2023-07-16,4호선,명동,25023,27565,-2542,6,1,23
2023-07-17,4호선,명동,31737,32881,-1144,0,0,00
2023-07-17,4호선,명동,31737,32881,-1144,0,0,01
2023-07-17,4호선,명동,31737,32881,-1144,0,0,02
2023-07-17,4호선,명동,31737,32881,-1144,0,0,03
2023-07-17,4호선,명동,31737,32881,-1144,0,0,04
2023-07-17,4호선,명동,31737,32881,-1144,0,0,05
2023-07-17,4호선,명동,31737,32881,-1144,0,0,06
2023-07-17,4호선,명동,31737,32881,-1144,0,0,07
2023-07-17,4호선,명동,31737,32881,-1144,0,0,08
2023-07-17,4호선,명동,31737,32881,-1144,0,0,09
2023-07-17,4호선,명동,31737,32881,-1144,0,0,10
2023-07-17,4호선,명동,31737,32881,-1144,0,0,11
2023-07-17,4호선,명동,31737,32881,-1144,0,0,12
2023-07-17,4호선,명동,31737,32881,-1144,0,0,13
2023-07-17,4호선,명동,31737,32881,-1144,0,0,14
2023-07-17,4호선,명동,31737,32881,-1144,0,0,15
2023-07-17,4호선,명동,31737,32881,-1144,0,0,16
2023-07-17,4호선,명동,31737,32881,-1144,0,0,17
2023-07-17,4호선,명동,31737,32881,-1144,0,0,18
2023-07-17,4호선,명동,31737,32881,-1144,0,0,19
2023-07-17,4호선,명동,31737,32881,-1144,0,0,20
2023-07-17,4호선,명동,31737,32881,-1144,0,0,21
2023-07-17,4호선,명동,31737,32881,-1144,0,0,22
2023-07-17,4호선,명동,31737,32881,-1144,0,0,23
2023-07-18,4호선,명동,30360,32108,-1748,1,0,00
2023-07-18,4호선,명동,30360,32108,-1748,1,0,01
2023-07-18,4호선,명동,30360,32108,-1748,1,0,02
2023-07-18,4호선,명동,30360,32108,-1748,1,0,03
2023-07-18,4호선,명동,30360,32108,-1748,1,0,04
2023-07-18,4호선,명동,30360,32108,-1748,1,0,05
2023-07-18,4호선,명동,30360,32108,-1748,1,0,06
2023-07-18,4호선,명동,30360,32108,-1748,1,0,07
2023-07-18,4호선,명동,30360,32108,-1748,1,0,08
2023-07-18,4호선,명동,30360,32108,-1748,1,0,09
2023-07-18,4호선,명동,30360,32108,-1748,1,0,10
2023-07-18,4호선,명동,30360,32108,-1748,1,0,11
2023-07-18,4호선,명동,30360,32108,-1748,1,0,12
2023-07-18,4호선,명동,30360,32108,-1748,1,0,13
2023-07-18,4호선,명동,30360,32108,-1748,1,0,14
2023-07-18,4호선,명동,30360,32108,-1748,1,0,15
2023-07-18,4호선,명동,30360,32108,-1748,1,0,16
2023-07-18,4호선,명동,30360,32108,-1748,1,0,17
2023-07-18,4호선,명동,30360,32108,-1748,1,0,18
2023-07-18,4호선,명동,30360,32108,-1748,1,0,19
2023-07-18,4호선,명동,30360,32108,-1748,1,0,20
2023-07-18,4호선,명동,30360,32108,-1748,1,0,21
2023-07-18,4호선,명동,30360,32108,-1748,1,0,22
2023-07-18,4호선,명동,30360,32108,-1748,1,0,23
2023-07-19,4호선,명동,31862,33955,-2093,2,0,00
2023-07-19,4호선,명동,31862,33955,-2093,2,0,01
2023-07-19,4호선,명동,31862,33955,-2093,2,0,02
2023-07-19,4호선,명동,31862,33955,-2093,2,0,03
2023-07-19,4호선,명동,31862,33955,-2093,2,0,04
2023-07-19,4호선,명동,31862,33955,-2093,2,0,05
2023-07-19,4호선,명동,31862,33955,-2093,2,0,06
2023-07-19,4호선,명동,31862,33955,-2093,2,0,07
2023-07-19,4호선,명동,31862,33955,-2093,2,0,08
2023-07-19,4호선,명동,31862,33955,-2093,2,0,09
2023-07-19,4호선,명동,31862,33955,-2093,2,0,10
2023-07-19,4호선,명동,31862,33955,-2093,2,0,11
2023-07-19,4호선,명동,31862,33955,-2093,2,0,12
2023-07-19,4호선,명동,31862,33955,-2093,2,0,13
2023-07-19,4호선,명동,31862,33955,-2093,2,0,14
2023-07-19,4호선,명동,31862,33955,-2093,2,0,15
2023-07-19,4호선,명동,31862,33955,-2093,2,0,16
2023-07-19,4호선,명동,31862,33955,-2093,2,0,17
2023-07-19,4호선,명동,31862,33955,-2093,2,0,18
2023-07-19,4호선,명동,31862,33955,-2093,2,0,19
2023-07-19,4호선,명동,31862,33955,-2093,2,0,20
2023-07-19,4호선,명동,31862,33955,-2093,2,0,21
2023-07-19,4호선,명동,31862,33955,-2093,2,0,22
2023-07-19,4호선,명동,31862,33955,-2093,2,0,23
2023-07-20,4호선,명동,33307,35808,-2501,3,0,00
2023-07-20,4호선,명동,33307,35808,-2501,3,0,01
2023-07-20,4호선,명동,33307,35808,-2501,3,0,02
2023-07-20,4호선,명동,33307,35808,-2501,3,0,03
2023-07-20,4호선,명동,33307,35808,-2501,3,0,04
2023-07-20,4호선,명동,33307,35808,-2501,3,0,05
2023-07-20,4호선,명동,33307,35808,-2501,3,0,06
2023-07-20,4호선,명동,33307,35808,-2501,3,0,07
2023-07-20,4호선,명동,33307,35808,-2501,3,0,08
2023-07-20,4호선,명동,33307,35808,-2501,3,0,09
2023-07-20,4호선,명동,33307,35808,-2501,3,0,10
2023-07-20,4호선,명동,33307,35808,-2501,3,0,11
2023-07-20,4호선,명동,33307,35808,-2501,3,0,12
2023-07-20,4호선,명동,33307,35808,-2501,3,0,13
2023-07-20,4호선,명동,33307,35808,-2501,3,0,14
2023-07-20,4호선,명동,33307,35808,-2501,3,0,15
2023-07-20,4호선,명동,33307,35808,-2501,3,0,16
2023-07-20,4호선,명동,33307,35808,-2501,3,0,17
2023-07-20,4호선,명동,33307,35808,-2501,3,0,18
2023-07-20,4호선,명동,33307,35808,-2501,3,0,19
2023-07-20,4호선,명동,33307,35808,-2501,3,0,20
2023-07-20,4호선,명동,33307,35808,-2501,3,0,21
2023-07-20,4호선,명동,33307,35808,-2501,3,0,22
2023-07-20,4호선,명동,33307,35808,-2501,3,0,23
2023-07-21,4호선,명동,33959,36236,-2277,4,0,00
2023-07-21,4호선,명동,33959,36236,-2277,4,0,01
2023-07-21,4호선,명동,33959,36236,-2277,4,0,02
2023-07-21,4호선,명동,33959,36236,-2277,4,0,03
2023-07-21,4호선,명동,33959,36236,-2277,4,0,04
2023-07-21,4호선,명동,33959,36236,-2277,4,0,05
2023-07-21,4호선,명동,33959,36236,-2277,4,0,06
2023-07-21,4호선,명동,33959,36236,-2277,4,0,07
2023-07-21,4호선,명동,33959,36236,-2277,4,0,08
2023-07-21,4호선,명동,33959,36236,-2277,4,0,09
2023-07-21,4호선,명동,33959,36236,-2277,4,0,10
2023-07-21,4호선,명동,33959,36236,-2277,4,0,11
2023-07-21,4호선,명동,33959,36236,-2277,4,0,12
2023-07-21,4호선,명동,33959,36236,-2277,4,0,13
2023-07-21,4호선,명동,33959,36236,-2277,4,0,14
2023-07-21,4호선,명동,33959,36236,-2277,4,0,15
2023-07-21,4호선,명동,33959,36236,-2277,4,0,16
2023-07-21,4호선,명동,33959,36236,-2277,4,0,17
2023-07-21,4호선,명동,33959,36236,-2277,4,0,18
2023-07-21,4호선,명동,33959,36236,-2277,4,0,19
2023-07-21,4호선,명동,33959,36236,-2277,4,0,20
2023-07-21,4호선,명동,33959,36236,-2277,4,0,21
2023-07-21,4호선,명동,33959,36236,-2277,4,0,22
2023-07-21,4호선,명동,33959,36236,-2277,4,0,23
2023-07-22,4호선,명동,28168,30847,-2679,5,1,00
2023-07-22,4호선,명동,28168,30847,-2679,5,1,01
2023-07-22,4호선,명동,28168,30847,-2679,5,1,02
2023-07-22,4호선,명동,28168,30847,-2679,5,1,03
2023-07-22,4호선,명동,28168,30847,-2679,5,1,04
2023-07-22,4호선,명동,28168,30847,-2679,5,1,05
2023-07-22,4호선,명동,28168,30847,-2679,5,1,06
2023-07-22,4호선,명동,28168,30847,-2679,5,1,07
2023-07-22,4호선,명동,28168,30847,-2679,5,1,08
2023-07-22,4호선,명동,28168,30847,-2679,5,1,09
2023-07-22,4호선,명동,28168,30847,-2679,5,1,10
2023-07-22,4호선,명동,28168,30847,-2679,5,1,11
2023-07-22,4호선,명동,28168,30847,-2679,5,1,12
2023-07-22,4호선,명동,28168,30847,-2679,5,1,13
2023-07-22,4호선,명동,28168,30847,-2679,5,1,14
2023-07-22,4호선,명동,28168,30847,-2679,5,1,15
2023-07-22,4호선,명동,28168,30847,-2679,5,1,16
2023-07-22,4호선,명동,28168,30847,-2679,5,1,17
2023-07-22,4호선,명동,28168,30847,-2679,5,1,18
2023-07-22,4호선,명동,28168,30847,-2679,5,1,19
2023-07-22,4호선,명동,28168,30847,-2679,5,1,20
2023-07-22,4호선,명동,28168,30847,-2679,5,1,21
2023-07-22,4호선,명동,28168,30847,-2679,5,1,22
2023-07-22,4호선,명동,28168,30847,-2679,5,1,23
2023-07-23,4호선,명동,22729,24139,-1410,6,1,00
2023-07-23,4호선,명동,22729,24139,-1410,6,1,01
2023-07-23,4호선,명동,22729,24139,-1410,6,1,02
2023-07-23,4호선,명동,22729,24139,-1410,6,1,03
2023-07-23,4호선,명동,22729,24139,-1410,6,1,04
2023-07-23,4호선,명동,22729,24139,-1410,6,1,05
2023-07-23,4호선,명동,22729,24139,-1410,6,1,06
2023-07-23,4호선,명동,22729,24139,-1410,6,1,07
2023-07-23,4호선,명동,22729,24139,-1410,6,1,08
2023-07-23,4호선,명동,22729,24139,-1410,6,1,09
2023-07-23,4호선,명동,22729,24139,-1410,6,1,10
2023-07-23,4호선,명동,22729,24139,-1410,6,1,11
2023-07-23,4호선,명동,22729,24139,-1410,6,1,12
2023-07-23,4호선,명동,22729,24139,-1410,6,1,13
2023-07-23,4호선,명동,22729,24139,-1410,6,1,14
2023-07-23,4호선,명동,22729,24139,-1410,6,1,15
2023-07-23,4호선,명동,22729,24139,-1410,6,1,16
2023-07-23,4호선,명동,22729,24139,-1410,6,1,17
2023-07-23,4호선,명동,22729,24139,-1410,6,1,18
2023-07-23,4호선,명동,22729,24139,-1410,6,1,19
2023-07-23,4호선,명동,22729,24139,-1410,6,1,20
2023-07-23,4호선,명동,22729,24139,-1410,6,1,21
2023-07-23,4호선,명동,22729,24139,-1410,6,1,22
2023-07-23,4호선,명동,22729,24139,-1410,6,1,23
2023-07-24,4호선,명동,31461,33160,-1699,0,0,00
2023-07-24,4호선,명동,31461,33160,-1699,0,0,01
2023-07-24,4호선,명동,31461,33160,-1699,0,0,02
2023-07-24,4호선,명동,31461,33160,-1699,0,0,03
2023-07-24,4호선,명동,31461,33160,-1699,0,0,04
2023-07-24,4호선,명동,31461,33160,-1699,0,0,05
2023-07-24,4호선,명동,31461,33160,-1699,0,0,06
2023-07-24,4호선,명동,31461,33160,-1699,0,0,07
2023-07-24,4호선,명동,31461,33160,-1699,0,0,08
2023-07-24,4호선,명동,31461,33160,-1699,0,0,09
2023-07-24,4호선,명동,31461,33160,-1699,0,0,10
2023-07-24,4호선,명동,31461,33160,-1699,0,0,11
2023-07-24,4호선,명동,31461,33160,-1699,0,0,12
2023-07-24,4호선,명동,31461,33160,-1699,0,0,13
2023-07-24,4호선,명동,31461,33160,-1699,0,0,14
2023-07-24,4호선,명동,31461,33160,-1699,0,0,15
2023-07-24,4호선,명동,31461,33160,-1699,0,0,16
2023-07-24,4호선,명동,31461,33160,-1699,0,0,17
2023-07-24,4호선,명동,31461,33160,-1699,0,0,18
2023-07-24,4호선,명동,31461,33160,-1699,0,0,19
2023-07-24,4호선,명동,31461,33160,-1699,0,0,20
2023-07-24,4호선,명동,31461,33160,-1699,0,0,21
2023-07-24,4호선,명동,31461,33160,-1699,0,0,22
2023-07-24,4호선,명동,31461,33160,-1699,0,0,23
2023-07-25,4호선,명동,30813,32274,-1461,1,0,00
2023-07-25,4호선,명동,30813,32274,-1461,1,0,01
2023-07-25,4호선,명동,30813,32274,-1461,1,0,02
2023-07-25,4호선,명동,30813,32274,-1461,1,0,03
2023-07-25,4호선,명동,30813,32274,-1461,1,0,04
2023-07-25,4호선,명동,30813,32274,-1461,1,0,05
2023-07-25,4호선,명동,30813,32274,-1461,1,0,06
2023-07-25,4호선,명동,30813,32274,-1461,1,0,07
2023-07-25,4호선,명동,30813,32274,-1461,1,0,08
2023-07-25,4호선,명동,30813,32274,-1461,1,0,09
2023-07-25,4호선,명동,30813,32274,-1461,1,0,10
2023-07-25,4호선,명동,30813,32274,-1461,1,0,11
2023-07-25,4호선,명동,30813,32274,-1461,1,0,12
2023-07-25,4호선,명동,30813,32274,-1461,1,0,13
2023-07-25,4호선,명동,30813,32274,-1461,1,0,14
2023-07-25,4호선,명동,30813,32274,-1461,1,0,15
2023-07-25,4호선,명동,30813,32274,-1461,1,0,16
2023-07-25,4호선,명동,30813,32274,-1461,1,0,17
2023-07-25,4호선,명동,30813,32274,-1461,1,0,18
2023-07-25,4호선,명동,30813,32274,-1461,1,0,19
2023-07-25,4호선,명동,30813,32274,-1461,1,0,20
2023-07-25,4호선,명동,30813,32274,-1461,1,0,21
2023-07-25,4호선,명동,30813,32274,-1461,1,0,22
2023-07-25,4호선,명동,30813,32274,-1461,1,0,23
2023-07-26,4호선,명동,30613,32611,-1998,2,0,00
2023-07-26,4호선,명동,30613,32611,-1998,2,0,01
2023-07-26,4호선,명동,30613,32611,-1998,2,0,02
2023-07-26,4호선,명동,30613,32611,-1998,2,0,03
2023-07-26,4호선,명동,30613,32611,-1998,2,0,04
2023-07-26,4호선,명동,30613,32611,-1998,2,0,05
2023-07-26,4호선,명동,30613,32611,-1998,2,0,06
2023-07-26,4호선,명동,30613,32611,-1998,2,0,07
2023-07-26,4호선,명동,30613,32611,-1998,2,0,08
2023-07-26,4호선,명동,30613,32611,-1998,2,0,09
2023-07-26,4호선,명동,30613,32611,-1998,2,0,10
2023-07-26,4호선,명동,30613,32611,-1998,2,0,11
2023-07-26,4호선,명동,30613,32611,-1998,2,0,12
2023-07-26,4호선,명동,30613,32611,-1998,2,0,13
2023-07-26,4호선,명동,30613,32611,-1998,2,0,14
2023-07-26,4호선,명동,30613,32611,-1998,2,0,15
2023-07-26,4호선,명동,30613,32611,-1998,2,0,16
2023-07-26,4호선,명동,30613,32611,-1998,2,0,17
2023-07-26,4호선,명동,30613,32611,-1998,2,0,18
2023-07-26,4호선,명동,30613,32611,-1998,2,0,19
2023-07-26,4호선,명동,30613,32611,-1998,2,0,20
2023-07-26,4호선,명동,30613,32611,-1998,2,0,21
2023-07-26,4호선,명동,30613,32611,-1998,2,0,22
2023-07-26,4호선,명동,30613,32611,-1998,2,0,23
2023-07-27,4호선,명동,31951,34193,-2242,3,0,00
2023-07-27,4호선,명동,31951,34193,-2242,3,0,01
2023-07-27,4호선,명동,31951,34193,-2242,3,0,02
2023-07-27,4호선,명동,31951,34193,-2242,3,0,03
2023-07-27,4호선,명동,31951,34193,-2242,3,0,04
2023-07-27,4호선,명동,31951,34193,-2242,3,0,05
2023-07-27,4호선,명동,31951,34193,-2242,3,0,06
2023-07-27,4호선,명동,31951,34193,-2242,3,0,07
2023-07-27,4호선,명동,31951,34193,-2242,3,0,08
2023-07-27,4호선,명동,31951,34193,-2242,3,0,09
2023-07-27,4호선,명동,31951,34193,-2242,3,0,10
2023-07-27,4호선,명동,31951,34193,-2242,3,0,11
2023-07-27,4호선,명동,31951,34193,-2242,3,0,12
2023-07-27,4호선,명동,31951,34193,-2242,3,0,13
2023-07-27,4호선,명동,31951,34193,-2242,3,0,14
2023-07-27,4호선,명동,31951,34193,-2242,3,0,15
2023-07-27,4호선,명동,31951,34193,-2242,3,0,16
2023-07-27,4호선,명동,31951,34193,-2242,3,0,17
2023-07-27,4호선,명동,31951,34193,-2242,3,0,18
2023-07-27,4호선,명동,31951,34193,-2242,3,0,19
2023-07-27,4호선,명동,31951,34193,-2242,3,0,20
2023-07-27,4호선,명동,31951,34193,-2242,3,0,21
2023-07-27,4호선,명동,31951,34193,-2242,3,0,22
2023-07-27,4호선,명동,31951,34193,-2242,3,0,23
2023-07-28,4호선,명동,31809,34230,-2421,4,0,00
2023-07-28,4호선,명동,31809,34230,-2421,4,0,01
2023-07-28,4호선,명동,31809,34230,-2421,4,0,02
2023-07-28,4호선,명동,31809,34230,-2421,4,0,03
2023-07-28,4호선,명동,31809,34230,-2421,4,0,04
2023-07-28,4호선,명동,31809,34230,-2421,4,0,05
2023-07-28,4호선,명동,31809,34230,-2421,4,0,06
2023-07-28,4호선,명동,31809,34230,-2421,4,0,07
2023-07-28,4호선,명동,31809,34230,-2421,4,0,08
2023-07-28,4호선,명동,31809,34230,-2421,4,0,09
2023-07-28,4호선,명동,31809,34230,-2421,4,0,10
2023-07-28,4호선,명동,31809,34230,-2421,4,0,11
2023-07-28,4호선,명동,31809,34230,-2421,4,0,12
2023-07-28,4호선,명동,31809,34230,-2421,4,0,13
2023-07-28,4호선,명동,31809,34230,-2421,4,0,14
2023-07-28,4호선,명동,31809,34230,-2421,4,0,15
2023-07-28,4호선,명동,31809,34230,-2421,4,0,16
2023-07-28,4호선,명동,31809,34230,-2421,4,0,17
2023-07-28,4호선,명동,31809,34230,-2421,4,0,18
2023-07-28,4호선,명동,31809,34230,-2421,4,0,19
2023-07-28,4호선,명동,31809,34230,-2421,4,0,20
2023-07-28,4호선,명동,31809,34230,-2421,4,0,21
2023-07-28,4호선,명동,31809,34230,-2421,4,0,22
2023-07-28,4호선,명동,31809,34230,-2421,4,0,23
2023-07-29,4호선,명동,26372,30065,-3693,5,1,00
2023-07-29,4호선,명동,26372,30065,-3693,5,1,01
2023-07-29,4호선,명동,26372,30065,-3693,5,1,02
2023-07-29,4호선,명동,26372,30065,-3693,5,1,03
2023-07-29,4호선,명동,26372,30065,-3693,5,1,04
2023-07-29,4호선,명동,26372,30065,-3693,5,1,05
2023-07-29,4호선,명동,26372,30065,-3693,5,1,06
2023-07-29,4호선,명동,26372,30065,-3693,5,1,07
2023-07-29,4호선,명동,26372,30065,-3693,5,1,08
2023-07-29,4호선,명동,26372,30065,-3693,5,1,09
2023-07-29,4호선,명동,26372,30065,-3693,5,1,10
2023-07-29,4호선,명동,26372,30065,-3693,5,1,11
2023-07-29,4호선,명동,26372,30065,-3693,5,1,12
2023-07-29,4호선,명동,26372,30065,-3693,5,1,13
2023-07-29,4호선,명동,26372,30065,-3693,5,1,14
2023-07-29,4호선,명동,26372,30065,-3693,5,1,15
2023-07-29,4호선,명동,26372,30065,-3693,5,1,16
2023-07-29,4호선,명동,26372,30065,-3693,5,1,17
2023-07-29,4호선,명동,26372,30065,-3693,5,1,18
2023-07-29,4호선,명동,26372,30065,-3693,5,1,19
2023-07-29,4호선,명동,26372,30065,-3693,5,1,20
2023-07-29,4호선,명동,26372,30065,-3693,5,1,21
2023-07-29,4호선,명동,26372,30065,-3693,5,1,22
2023-07-29,4호선,명동,26372,30065,-3693,5,1,23
2023-07-30,4호선,명동,24356,27169,-2813,6,1,00
2023-07-30,4호선,명동,24356,27169,-2813,6,1,01
2023-07-30,4호선,명동,24356,27169,-2813,6,1,02
2023-07-30,4호선,명동,24356,27169,-2813,6,1,03
2023-07-30,4호선,명동,24356,27169,-2813,6,1,04
2023-07-30,4호선,명동,24356,27169,-2813,6,1,05
2023-07-30,4호선,명동,24356,27169,-2813,6,1,06
2023-07-30,4호선,명동,24356,27169,-2813,6,1,07
2023-07-30,4호선,명동,24356,27169,-2813,6,1,08
2023-07-30,4호선,명동,24356,27169,-2813,6,1,09
2023-07-30,4호선,명동,24356,27169,-2813,6,1,10
2023-07-30,4호선,명동,24356,27169,-2813,6,1,11
2023-07-30,4호선,명동,24356,27169,-2813,6,1,12
2023-07-30,4호선,명동,24356,27169,-2813,6,1,13
2023-07-30,4호선,명동,24356,27169,-2813,6,1,14
2023-07-30,4호선,명동,24356,27169,-2813,6,1,15
2023-07-30,4호선,명동,24356,27169,-2813,6,1,16
2023-07-30,4호선,명동,24356,27169,-2813,6,1,17
2023-07-30,4호선,명동,24356,27169,-2813,6,1,18
2023-07-30,4호선,명동,24356,27169,-2813,6,1,19
2023-07-30,4호선,명동,24356,27169,-2813,6,1,20
2023-07-30,4호선,명동,24356,27169,-2813,6,1,21
2023-07-30,4호선,명동,24356,27169,-2813,6,1,22
2023-07-30,4호선,명동,24356,27169,-2813,6,1,23
2023-07-31,4호선,명동,32157,34700,-2543,0,0,00
2023-07-31,4호선,명동,32157,34700,-2543,0,0,01
2023-07-31,4호선,명동,32157,34700,-2543,0,0,02
2023-07-31,4호선,명동,32157,34700,-2543,0,0,03
2023-07-31,4호선,명동,32157,34700,-2543,0,0,04
2023-07-31,4호선,명동,32157,34700,-2543,0,0,05
2023-07-31,4호선,명동,32157,34700,-2543,0,0,06
2023-07-31,4호선,명동,32157,34700,-2543,0,0,07
2023-07-31,4호선,명동,32157,34700,-2543,0,0,08
2023-07-31,4호선,명동,32157,34700,-2543,0,0,09
2023-07-31,4호선,명동,32157,34700,-2543,0,0,10
2023-07-31,4호선,명동,32157,34700,-2543,0,0,11
2023-07-31,4호선,명동,32157,34700,-2543,0,0,12
2023-07-31,4호선,명동,32157,34700,-2543,0,0,13
2023-07-31,4호선,명동,32157,34700,-2543,0,0,14
2023-07-31,4호선,명동,32157,34700,-2543,0,0,15
2023-07-31,4호선,명동,32157,34700,-2543,0,0,16
2023-07-31,4호선,명동,32157,34700,-2543,0,0,17
2023-07-31,4호선,명동,32157,34700,-2543,0,0,18
2023-07-31,4호선,명동,32157,34700,-2543,0,0,19
2023-07-31,4호선,명동,32157,34700,-2543,0,0,20
2023-07-31,4호선,명동,32157,34700,-2543,0,0,21
2023-07-31,4호선,명동,32157,34700,-2543,0,0,22
2023-07-31,4호선,명동,32157,34700,-2543,0,0,23
2023-08-01,4호선,명동,31620,33337,-1717,1,0,00
2023-08-01,4호선,명동,31620,33337,-1717,1,0,01
2023-08-01,4호선,명동,31620,33337,-1717,1,0,02
2023-08-01,4호선,명동,31620,33337,-1717,1,0,03
2023-08-01,4호선,명동,31620,33337,-1717,1,0,04
2023-08-01,4호선,명동,31620,33337,-1717,1,0,05
2023-08-01,4호선,명동,31620,33337,-1717,1,0,06
2023-08-01,4호선,명동,31620,33337,-1717,1,0,07
2023-08-01,4호선,명동,31620,33337,-1717,1,0,08
2023-08-01,4호선,명동,31620,33337,-1717,1,0,09
2023-08-01,4호선,명동,31620,33337,-1717,1,0,10
2023-08-01,4호선,명동,31620,33337,-1717,1,0,11
2023-08-01,4호선,명동,31620,33337,-1717,1,0,12
2023-08-01,4호선,명동,31620,33337,-1717,1,0,13
2023-08-01,4호선,명동,31620,33337,-1717,1,0,14
2023-08-01,4호선,명동,31620,33337,-1717,1,0,15
2023-08-01,4호선,명동,31620,33337,-1717,1,0,16
2023-08-01,4호선,명동,31620,33337,-1717,1,0,17
2023-08-01,4호선,명동,31620,33337,-1717,1,0,18
2023-08-01,4호선,명동,31620,33337,-1717,1,0,19
2023-08-01,4호선,명동,31620,33337,-1717,1,0,20
2023-08-01,4호선,명동,31620,33337,-1717,1,0,21
2023-08-01,4호선,명동,31620,33337,-1717,1,0,22
2023-08-01,4호선,명동,31620,33337,-1717,1,0,23
2023-08-02,4호선,명동,30290,32744,-2454,2,0,00
2023-08-02,4호선,명동,30290,32744,-2454,2,0,01
2023-08-02,4호선,명동,30290,32744,-2454,2,0,02
2023-08-02,4호선,명동,30290,32744,-2454,2,0,03
2023-08-02,4호선,명동,30290,32744,-2454,2,0,04
2023-08-02,4호선,명동,30290,32744,-2454,2,0,05
2023-08-02,4호선,명동,30290,32744,-2454,2,0,06
2023-08-02,4호선,명동,30290,32744,-2454,2,0,07
2023-08-02,4호선,명동,30290,32744,-2454,2,0,08
2023-08-02,4호선,명동,30290,32744,-2454,2,0,09
2023-08-02,4호선,명동,30290,32744,-2454,2,0,10
2023-08-02,4호선,명동,30290,32744,-2454,2,0,11
2023-08-02,4호선,명동,30290,32744,-2454,2,0,12
2023-08-02,4호선,명동,30290,32744,-2454,2,0,13
2023-08-02,4호선,명동,30290,32744,-2454,2,0,14
2023-08-02,4호선,명동,30290,32744,-2454,2,0,15
2023-08-02,4호선,명동,30290,32744,-2454,2,0,16
2023-08-02,4호선,명동,30290,32744,-2454,2,0,17
2023-08-02,4호선,명동,30290,32744,-2454,2,0,18
2023-08-02,4호선,명동,30290,32744,-2454,2,0,19
2023-08-02,4호선,명동,30290,32744,-2454,2,0,20
2023-08-02,4호선,명동,30290,32744,-2454,2,0,21
2023-08-02,4호선,명동,30290,32744,-2454,2,0,22
2023-08-02,4호선,명동,30290,32744,-2454,2,0,23
2023-08-03,4호선,명동,30304,32817,-2513,3,0,00
2023-08-03,4호선,명동,30304,32817,-2513,3,0,01
2023-08-03,4호선,명동,30304,32817,-2513,3,0,02
2023-08-03,4호선,명동,30304,32817,-2513,3,0,03
2023-08-03,4호선,명동,30304,32817,-2513,3,0,04
2023-08-03,4호선,명동,30304,32817,-2513,3,0,05
2023-08-03,4호선,명동,30304,32817,-2513,3,0,06
2023-08-03,4호선,명동,30304,32817,-2513,3,0,07
2023-08-03,4호선,명동,30304,32817,-2513,3,0,08
2023-08-03,4호선,명동,30304,32817,-2513,3,0,09
2023-08-03,4호선,명동,30304,32817,-2513,3,0,10
2023-08-03,4호선,명동,30304,32817,-2513,3,0,11
2023-08-03,4호선,명동,30304,32817,-2513,3,0,12
2023-08-03,4호선,명동,30304,32817,-2513,3,0,13
2023-08-03,4호선,명동,30304,32817,-2513,3,0,14
2023-08-03,4호선,명동,30304,32817,-2513,3,0,15
2023-08-03,4호선,명동,30304,32817,-2513,3,0,16
2023-08-03,4호선,명동,30304,32817,-2513,3,0,17
2023-08-03,4호선,명동,30304,32817,-2513,3,0,18
2023-08-03,4호선,명동,30304,32817,-2513,3,0,19
2023-08-03,4호선,명동,30304,32817,-2513,3,0,20
2023-08-03,4호선,명동,30304,32817,-2513,3,0,21
2023-08-03,4호선,명동,30304,32817,-2513,3,0,22
2023-08-03,4호선,명동,30304,32817,-2513,3,0,23
2023-08-04,4호선,명동,30546,32627,-2081,4,0,00
2023-08-04,4호선,명동,30546,32627,-2081,4,0,01
2023-08-04,4호선,명동,30546,32627,-2081,4,0,02
2023-08-04,4호선,명동,30546,32627,-2081,4,0,03
2023-08-04,4호선,명동,30546,32627,-2081,4,0,04
2023-08-04,4호선,명동,30546,32627,-2081,4,0,05
2023-08-04,4호선,명동,30546,32627,-2081,4,0,06
2023-08-04,4호선,명동,30546,32627,-2081,4,0,07
2023-08-04,4호선,명동,30546,32627,-2081,4,0,08
2023-08-04,4호선,명동,30546,32627,-2081,4,0,09
2023-08-04,4호선,명동,30546,32627,-2081,4,0,10
2023-08-04,4호선,명동,30546,32627,-2081,4,0,11
2023-08-04,4호선,명동,30546,32627,-2081,4,0,12
2023-08-04,4호선,명동,30546,32627,-2081,4,0,13
2023-08-04,4호선,명동,30546,32627,-2081,4,0,14
2023-08-04,4호선,명동,30546,32627,-2081,4,0,15
2023-08-04,4호선,명동,30546,32627,-2081,4,0,16
2023-08-04,4호선,명동,30546,32627,-2081,4,0,17
2023-08-04,4호선,명동,30546,32627,-2081,4,0,18
2023-08-04,4호선,명동,30546,32627,-2081,4,0,19
2023-08-04,4호선,명동,30546,32627,-2081,4,0,20
2023-08-04,4호선,명동,30546,32627,-2081,4,0,21
2023-08-04,4호선,명동,30546,32627,-2081,4,0,22
2023-08-04,4호선,명동,30546,32627,-2081,4,0,23
2023-08-05,4호선,명동,23865,26169,-2304,5,1,00
2023-08-05,4호선,명동,23865,26169,-2304,5,1,01
2023-08-05,4호선,명동,23865,26169,-2304,5,1,02
2023-08-05,4호선,명동,23865,26169,-2304,5,1,03
2023-08-05,4호선,명동,23865,26169,-2304,5,1,04
2023-08-05,4호선,명동,23865,26169,-2304,5,1,05
2023-08-05,4호선,명동,23865,26169,-2304,5,1,06
2023-08-05,4호선,명동,23865,26169,-2304,5,1,07
2023-08-05,4호선,명동,23865,26169,-2304,5,1,08
2023-08-05,4호선,명동,23865,26169,-2304,5,1,09
2023-08-05,4호선,명동,23865,26169,-2304,5,1,10
2023-08-05,4호선,명동,23865,26169,-2304,5,1,11
2023-08-05,4호선,명동,23865,26169,-2304,5,1,12
2023-08-05,4호선,명동,23865,26169,-2304,5,1,13
2023-08-05,4호선,명동,23865,26169,-2304,5,1,14
2023-08-05,4호선,명동,23865,26169,-2304,5,1,15
2023-08-05,4호선,명동,23865,26169,-2304,5,1,16
2023-08-05,4호선,명동,23865,26169,-2304,5,1,17
2023-08-05,4호선,명동,23865,26169,-2304,5,1,18
2023-08-05,4호선,명동,23865,26169,-2304,5,1,19
2023-08-05,4호선,명동,23865,26169,-2304,5,1,20
2023-08-05,4호선,명동,23865,26169,-2304,5,1,21
2023-08-05,4호선,명동,23865,26169,-2304,5,1,22
2023-08-05,4호선,명동,23865,26169,-2304,5,1,23
2023-08-06,4호선,명동,20670,22145,-1475,6,1,00
2023-08-06,4호선,명동,20670,22145,-1475,6,1,01
2023-08-06,4호선,명동,20670,22145,-1475,6,1,02
2023-08-06,4호선,명동,20670,22145,-1475,6,1,03
2023-08-06,4호선,명동,20670,22145,-1475,6,1,04
2023-08-06,4호선,명동,20670,22145,-1475,6,1,05
2023-08-06,4호선,명동,20670,22145,-1475,6,1,06
2023-08-06,4호선,명동,20670,22145,-1475,6,1,07
2023-08-06,4호선,명동,20670,22145,-1475,6,1,08
2023-08-06,4호선,명동,20670,22145,-1475,6,1,09
2023-08-06,4호선,명동,20670,22145,-1475,6,1,10
2023-08-06,4호선,명동,20670,22145,-1475,6,1,11
2023-08-06,4호선,명동,20670,22145,-1475,6,1,12
2023-08-06,4호선,명동,20670,22145,-1475,6,1,13
2023-08-06,4호선,명동,20670,22145,-1475,6,1,14
2023-08-06,4호선,명동,20670,22145,-1475,6,1,15
2023-08-06,4호선,명동,20670,22145,-1475,6,1,16
2023-08-06,4호선,명동,20670,22145,-1475,6,1,17
2023-08-06,4호선,명동,20670,22145,-1475,6,1,18
2023-08-06,4호선,명동,20670,22145,-1475,6,1,19
2023-08-06,4호선,명동,20670,22145,-1475,6,1,20
2023-08-06,4호선,명동,20670,22145,-1475,6,1,21
2023-08-06,4호선,명동,20670,22145,-1475,6,1,22
2023-08-06,4호선,명동,20670,22145,-1475,6,1,23
2023-08-07,4호선,명동,29046,30379,-1333,0,0,00
2023-08-07,4호선,명동,29046,30379,-1333,0,0,01
2023-08-07,4호선,명동,29046,30379,-1333,0,0,02
2023-08-07,4호선,명동,29046,30379,-1333,0,0,03
2023-08-07,4호선,명동,29046,30379,-1333,0,0,04
2023-08-07,4호선,명동,29046,30379,-1333,0,0,05
2023-08-07,4호선,명동,29046,30379,-1333,0,0,06
2023-08-07,4호선,명동,29046,30379,-1333,0,0,07
2023-08-07,4호선,명동,29046,30379,-1333,0,0,08
2023-08-07,4호선,명동,29046,30379,-1333,0,0,09
2023-08-07,4호선,명동,29046,30379,-1333,0,0,10
2023-08-07,4호선,명동,29046,30379,-1333,0,0,11
2023-08-07,4호선,명동,29046,30379,-1333,0,0,12
2023-08-07,4호선,명동,29046,30379,-1333,0,0,13
2023-08-07,4호선,명동,29046,30379,-1333,0,0,14
2023-08-07,4호선,명동,29046,30379,-1333,0,0,15
2023-08-07,4호선,명동,29046,30379,-1333,0,0,16
2023-08-07,4호선,명동,29046,30379,-1333,0,0,17
2023-08-07,4호선,명동,29046,30379,-1333,0,0,18
2023-08-07,4호선,명동,29046,30379,-1333,0,0,19
2023-08-07,4호선,명동,29046,30379,-1333,0,0,20
2023-08-07,4호선,명동,29046,30379,-1333,0,0,21
2023-08-07,4호선,명동,29046,30379,-1333,0,0,22
2023-08-07,4호선,명동,29046,30379,-1333,0,0,23
2023-08-08,4호선,명동,29672,32039,-2367,1,0,00
2023-08-08,4호선,명동,29672,32039,-2367,1,0,01
2023-08-08,4호선,명동,29672,32039,-2367,1,0,02
2023-08-08,4호선,명동,29672,32039,-2367,1,0,03
2023-08-08,4호선,명동,29672,32039,-2367,1,0,04
2023-08-08,4호선,명동,29672,32039,-2367,1,0,05
2023-08-08,4호선,명동,29672,32039,-2367,1,0,06
2023-08-08,4호선,명동,29672,32039,-2367,1,0,07
2023-08-08,4호선,명동,29672,32039,-2367,1,0,08
2023-08-08,4호선,명동,29672,32039,-2367,1,0,09
2023-08-08,4호선,명동,29672,32039,-2367,1,0,10
2023-08-08,4호선,명동,29672,32039,-2367,1,0,11
2023-08-08,4호선,명동,29672,32039,-2367,1,0,12
2023-08-08,4호선,명동,29672,32039,-2367,1,0,13
2023-08-08,4호선,명동,29672,32039,-2367,1,0,14
2023-08-08,4호선,명동,29672,32039,-2367,1,0,15
2023-08-08,4호선,명동,29672,32039,-2367,1,0,16
2023-08-08,4호선,명동,29672,32039,-2367,1,0,17
2023-08-08,4호선,명동,29672,32039,-2367,1,0,18
2023-08-08,4호선,명동,29672,32039,-2367,1,0,19
2023-08-08,4호선,명동,29672,32039,-2367,1,0,20
2023-08-08,4호선,명동,29672,32039,-2367,1,0,21
2023-08-08,4호선,명동,29672,32039,-2367,1,0,22
2023-08-08,4호선,명동,29672,32039,-2367,1,0,23
2023-08-09,4호선,명동,30321,31814,-1493,2,0,00
2023-08-09,4호선,명동,30321,31814,-1493,2,0,01
2023-08-09,4호선,명동,30321,31814,-1493,2,0,02
2023-08-09,4호선,명동,30321,31814,-1493,2,0,03
2023-08-09,4호선,명동,30321,31814,-1493,2,0,04
2023-08-09,4호선,명동,30321,31814,-1493,2,0,05
2023-08-09,4호선,명동,30321,31814,-1493,2,0,06
2023-08-09,4호선,명동,30321,31814,-1493,2,0,07
2023-08-09,4호선,명동,30321,31814,-1493,2,0,08
2023-08-09,4호선,명동,30321,31814,-1493,2,0,09
2023-08-09,4호선,명동,30321,31814,-1493,2,0,10
2023-08-09,4호선,명동,30321,31814,-1493,2,0,11
2023-08-09,4호선,명동,30321,31814,-1493,2,0,12
2023-08-09,4호선,명동,30321,31814,-1493,2,0,13
2023-08-09,4호선,명동,30321,31814,-1493,2,0,14
2023-08-09,4호선,명동,30321,31814,-1493,2,0,15
2023-08-09,4호선,명동,30321,31814,-1493,2,0,16
2023-08-09,4호선,명동,30321,31814,-1493,2,0,17
2023-08-09,4호선,명동,30321,31814,-1493,2,0,18
2023-08-09,4호선,명동,30321,31814,-1493,2,0,19
2023-08-09,4호선,명동,30321,31814,-1493,2,0,20
2023-08-09,4호선,명동,30321,31814,-1493,2,0,21
2023-08-09,4호선,명동,30321,31814,-1493,2,0,22
2023-08-09,4호선,명동,30321,31814,-1493,2,0,23
2023-08-10,4호선,명동,22324,24431,-2107,3,0,00
2023-08-10,4호선,명동,22324,24431,-2107,3,0,01
2023-08-10,4호선,명동,22324,24431,-2107,3,0,02
2023-08-10,4호선,명동,22324,24431,-2107,3,0,03
2023-08-10,4호선,명동,22324,24431,-2107,3,0,04
2023-08-10,4호선,명동,22324,24431,-2107,3,0,05
2023-08-10,4호선,명동,22324,24431,-2107,3,0,06
2023-08-10,4호선,명동,22324,24431,-2107,3,0,07
2023-08-10,4호선,명동,22324,24431,-2107,3,0,08
2023-08-10,4호선,명동,22324,24431,-2107,3,0,09
2023-08-10,4호선,명동,22324,24431,-2107,3,0,10
2023-08-10,4호선,명동,22324,24431,-2107,3,0,11
2023-08-10,4호선,명동,22324,24431,-2107,3,0,12
2023-08-10,4호선,명동,22324,24431,-2107,3,0,13
2023-08-10,4호선,명동,22324,24431,-2107,3,0,14
2023-08-10,4호선,명동,22324,24431,-2107,3,0,15
2023-08-10,4호선,명동,22324,24431,-2107,3,0,16
2023-08-10,4호선,명동,22324,24431,-2107,3,0,17
2023-08-10,4호선,명동,22324,24431,-2107,3,0,18
2023-08-10,4호선,명동,22324,24431,-2107,3,0,19
2023-08-10,4호선,명동,22324,24431,-2107,3,0,20
2023-08-10,4호선,명동,22324,24431,-2107,3,0,21
2023-08-10,4호선,명동,22324,24431,-2107,3,0,22
2023-08-10,4호선,명동,22324,24431,-2107,3,0,23
2023-08-11,4호선,명동,29694,32006,-2312,4,0,00
2023-08-11,4호선,명동,29694,32006,-2312,4,0,01
2023-08-11,4호선,명동,29694,32006,-2312,4,0,02
2023-08-11,4호선,명동,29694,32006,-2312,4,0,03
2023-08-11,4호선,명동,29694,32006,-2312,4,0,04
2023-08-11,4호선,명동,29694,32006,-2312,4,0,05
2023-08-11,4호선,명동,29694,32006,-2312,4,0,06
2023-08-11,4호선,명동,29694,32006,-2312,4,0,07
2023-08-11,4호선,명동,29694,32006,-2312,4,0,08
2023-08-11,4호선,명동,29694,32006,-2312,4,0,09
2023-08-11,4호선,명동,29694,32006,-2312,4,0,10
2023-08-11,4호선,명동,29694,32006,-2312,4,0,11
2023-08-11,4호선,명동,29694,32006,-2312,4,0,12
2023-08-11,4호선,명동,29694,32006,-2312,4,0,13
2023-08-11,4호선,명동,29694,32006,-2312,4,0,14
2023-08-11,4호선,명동,29694,32006,-2312,4,0,15
2023-08-11,4호선,명동,29694,32006,-2312,4,0,16
2023-08-11,4호선,명동,29694,32006,-2312,4,0,17
2023-08-11,4호선,명동,29694,32006,-2312,4,0,18
2023-08-11,4호선,명동,29694,32006,-2312,4,0,19
2023-08-11,4호선,명동,29694,32006,-2312,4,0,20
2023-08-11,4호선,명동,29694,32006,-2312,4,0,21
2023-08-11,4호선,명동,29694,32006,-2312,4,0,22
2023-08-11,4호선,명동,29694,32006,-2312,4,0,23
2023-08-12,4호선,명동,28214,31875,-3661,5,1,00
2023-08-12,4호선,명동,28214,31875,-3661,5,1,01
2023-08-12,4호선,명동,28214,31875,-3661,5,1,02
2023-08-12,4호선,명동,28214,31875,-3661,5,1,03
2023-08-12,4호선,명동,28214,31875,-3661,5,1,04
2023-08-12,4호선,명동,28214,31875,-3661,5,1,05
2023-08-12,4호선,명동,28214,31875,-3661,5,1,06
2023-08-12,4호선,명동,28214,31875,-3661,5,1,07
2023-08-12,4호선,명동,28214,31875,-3661,5,1,08
2023-08-12,4호선,명동,28214,31875,-3661,5,1,09
2023-08-12,4호선,명동,28214,31875,-3661,5,1,10
2023-08-12,4호선,명동,28214,31875,-3661,5,1,11
2023-08-12,4호선,명동,28214,31875,-3661,5,1,12
2023-08-12,4호선,명동,28214,31875,-3661,5,1,13
2023-08-12,4호선,명동,28214,31875,-3661,5,1,14
2023-08-12,4호선,명동,28214,31875,-3661,5,1,15
2023-08-12,4호선,명동,28214,31875,-3661,5,1,16
2023-08-12,4호선,명동,28214,31875,-3661,5,1,17
2023-08-12,4호선,명동,28214,31875,-3661,5,1,18
2023-08-12,4호선,명동,28214,31875,-3661,5,1,19
2023-08-12,4호선,명동,28214,31875,-3661,5,1,20
2023-08-12,4호선,명동,28214,31875,-3661,5,1,21
2023-08-12,4호선,명동,28214,31875,-3661,5,1,22
2023-08-12,4호선,명동,28214,31875,-3661,5,1,23
2023-08-13,4호선,명동,27177,30710,-3533,6,1,00
2023-08-13,4호선,명동,27177,30710,-3533,6,1,01
2023-08-13,4호선,명동,27177,30710,-3533,6,1,02
2023-08-13,4호선,명동,27177,30710,-3533,6,1,03
2023-08-13,4호선,명동,27177,30710,-3533,6,1,04
2023-08-13,4호선,명동,27177,30710,-3533,6,1,05
2023-08-13,4호선,명동,27177,30710,-3533,6,1,06
2023-08-13,4호선,명동,27177,30710,-3533,6,1,07
2023-08-13,4호선,명동,27177,30710,-3533,6,1,08
2023-08-13,4호선,명동,27177,30710,-3533,6,1,09
2023-08-13,4호선,명동,27177,30710,-3533,6,1,10
2023-08-13,4호선,명동,27177,30710,-3533,6,1,11
2023-08-13,4호선,명동,27177,30710,-3533,6,1,12
2023-08-13,4호선,명동,27177,30710,-3533,6,1,13
2023-08-13,4호선,명동,27177,30710,-3533,6,1,14
2023-08-13,4호선,명동,27177,30710,-3533,6,1,15
2023-08-13,4호선,명동,27177,30710,-3533,6,1,16
2023-08-13,4호선,명동,27177,30710,-3533,6,1,17
2023-08-13,4호선,명동,27177,30710,-3533,6,1,18
2023-08-13,4호선,명동,27177,30710,-3533,6,1,19
2023-08-13,4호선,명동,27177,30710,-3533,6,1,20
2023-08-13,4호선,명동,27177,30710,-3533,6,1,21
2023-08-13,4호선,명동,27177,30710,-3533,6,1,22
2023-08-13,4호선,명동,27177,30710,-3533,6,1,23
2023-08-14,4호선,명동,32364,35244,-2880,0,0,00
2023-08-14,4호선,명동,32364,35244,-2880,0,0,01
2023-08-14,4호선,명동,32364,35244,-2880,0,0,02
2023-08-14,4호선,명동,32364,35244,-2880,0,0,03
2023-08-14,4호선,명동,32364,35244,-2880,0,0,04
2023-08-14,4호선,명동,32364,35244,-2880,0,0,05
2023-08-14,4호선,명동,32364,35244,-2880,0,0,06
2023-08-14,4호선,명동,32364,35244,-2880,0,0,07
2023-08-14,4호선,명동,32364,35244,-2880,0,0,08
2023-08-14,4호선,명동,32364,35244,-2880,0,0,09
2023-08-14,4호선,명동,32364,35244,-2880,0,0,10
2023-08-14,4호선,명동,32364,35244,-2880,0,0,11
2023-08-14,4호선,명동,32364,35244,-2880,0,0,12
2023-08-14,4호선,명동,32364,35244,-2880,0,0,13
2023-08-14,4호선,명동,32364,35244,-2880,0,0,14
2023-08-14,4호선,명동,32364,35244,-2880,0,0,15
2023-08-14,4호선,명동,32364,35244,-2880,0,0,16
2023-08-14,4호선,명동,32364,35244,-2880,0,0,17
2023-08-14,4호선,명동,32364,35244,-2880,0,0,18
2023-08-14,4호선,명동,32364,35244,-2880,0,0,19
2023-08-14,4호선,명동,32364,35244,-2880,0,0,20
2023-08-14,4호선,명동,32364,35244,-2880,0,0,21
2023-08-14,4호선,명동,32364,35244,-2880,0,0,22
2023-08-14,4호선,명동,32364,35244,-2880,0,0,23
2023-08-15,4호선,명동,24854,27139,-2285,1,1,00
2023-08-15,4호선,명동,24854,27139,-2285,1,1,01
2023-08-15,4호선,명동,24854,27139,-2285,1,1,02
2023-08-15,4호선,명동,24854,27139,-2285,1,1,03
2023-08-15,4호선,명동,24854,27139,-2285,1,1,04
2023-08-15,4호선,명동,24854,27139,-2285,1,1,05
2023-08-15,4호선,명동,24854,27139,-2285,1,1,06
2023-08-15,4호선,명동,24854,27139,-2285,1,1,07
2023-08-15,4호선,명동,24854,27139,-2285,1,1,08
2023-08-15,4호선,명동,24854,27139,-2285,1,1,09
2023-08-15,4호선,명동,24854,27139,-2285,1,1,10
2023-08-15,4호선,명동,24854,27139,-2285,1,1,11
2023-08-15,4호선,명동,24854,27139,-2285,1,1,12
2023-08-15,4호선,명동,24854,27139,-2285,1,1,13
2023-08-15,4호선,명동,24854,27139,-2285,1,1,14
2023-08-15,4호선,명동,24854,27139,-2285,1,1,15
2023-08-15,4호선,명동,24854,27139,-2285,1,1,16
2023-08-15,4호선,명동,24854,27139,-2285,1,1,17
2023-08-15,4호선,명동,24854,27139,-2285,1,1,18
2023-08-15,4호선,명동,24854,27139,-2285,1,1,19
2023-08-15,4호선,명동,24854,27139,-2285,1,1,20
2023-08-15,4호선,명동,24854,27139,-2285,1,1,21
2023-08-15,4호선,명동,24854,27139,-2285,1,1,22
2023-08-15,4호선,명동,24854,27139,-2285,1,1,23
2023-08-16,4호선,명동,31578,33577,-1999,2,0,00
2023-08-16,4호선,명동,31578,33577,-1999,2,0,01
2023-08-16,4호선,명동,31578,33577,-1999,2,0,02
2023-08-16,4호선,명동,31578,33577,-1999,2,0,03
2023-08-16,4호선,명동,31578,33577,-1999,2,0,04
2023-08-16,4호선,명동,31578,33577,-1999,2,0,05
2023-08-16,4호선,명동,31578,33577,-1999,2,0,06
2023-08-16,4호선,명동,31578,33577,-1999,2,0,07
2023-08-16,4호선,명동,31578,33577,-1999,2,0,08
2023-08-16,4호선,명동,31578,33577,-1999,2,0,09
2023-08-16,4호선,명동,31578,33577,-1999,2,0,10
2023-08-16,4호선,명동,31578,33577,-1999,2,0,11
2023-08-16,4호선,명동,31578,33577,-1999,2,0,12
2023-08-16,4호선,명동,31578,33577,-1999,2,0,13
2023-08-16,4호선,명동,31578,33577,-1999,2,0,14
2023-08-16,4호선,명동,31578,33577,-1999,2,0,15
2023-08-16,4호선,명동,31578,33577,-1999,2,0,16
2023-08-16,4호선,명동,31578,33577,-1999,2,0,17
2023-08-16,4호선,명동,31578,33577,-1999,2,0,18
2023-08-16,4호선,명동,31578,33577,-1999,2,0,19
2023-08-16,4호선,명동,31578,33577,-1999,2,0,20
2023-08-16,4호선,명동,31578,33577,-1999,2,0,21
2023-08-16,4호선,명동,31578,33577,-1999,2,0,22
2023-08-16,4호선,명동,31578,33577,-1999,2,0,23
2023-08-17,4호선,명동,31660,34258,-2598,3,0,00
2023-08-17,4호선,명동,31660,34258,-2598,3,0,01
2023-08-17,4호선,명동,31660,34258,-2598,3,0,02
2023-08-17,4호선,명동,31660,34258,-2598,3,0,03
2023-08-17,4호선,명동,31660,34258,-2598,3,0,04
2023-08-17,4호선,명동,31660,34258,-2598,3,0,05
2023-08-17,4호선,명동,31660,34258,-2598,3,0,06
2023-08-17,4호선,명동,31660,34258,-2598,3,0,07
2023-08-17,4호선,명동,31660,34258,-2598,3,0,08
2023-08-17,4호선,명동,31660,34258,-2598,3,0,09
2023-08-17,4호선,명동,31660,34258,-2598,3,0,10
2023-08-17,4호선,명동,31660,34258,-2598,3,0,11
2023-08-17,4호선,명동,31660,34258,-2598,3,0,12
2023-08-17,4호선,명동,31660,34258,-2598,3,0,13
2023-08-17,4호선,명동,31660,34258,-2598,3,0,14
2023-08-17,4호선,명동,31660,34258,-2598,3,0,15
2023-08-17,4호선,명동,31660,34258,-2598,3,0,16
2023-08-17,4호선,명동,31660,34258,-2598,3,0,17
2023-08-17,4호선,명동,31660,34258,-2598,3,0,18
2023-08-17,4호선,명동,31660,34258,-2598,3,0,19
2023-08-17,4호선,명동,31660,34258,-2598,3,0,20
2023-08-17,4호선,명동,31660,34258,-2598,3,0,21
2023-08-17,4호선,명동,31660,34258,-2598,3,0,22
2023-08-17,4호선,명동,31660,34258,-2598,3,0,23
2023-08-18,4호선,명동,33122,35585,-2463,4,0,00
2023-08-18,4호선,명동,33122,35585,-2463,4,0,01
2023-08-18,4호선,명동,33122,35585,-2463,4,0,02
2023-08-18,4호선,명동,33122,35585,-2463,4,0,03
2023-08-18,4호선,명동,33122,35585,-2463,4,0,04
2023-08-18,4호선,명동,33122,35585,-2463,4,0,05
2023-08-18,4호선,명동,33122,35585,-2463,4,0,06
2023-08-18,4호선,명동,33122,35585,-2463,4,0,07
2023-08-18,4호선,명동,33122,35585,-2463,4,0,08
2023-08-18,4호선,명동,33122,35585,-2463,4,0,09
2023-08-18,4호선,명동,33122,35585,-2463,4,0,10
2023-08-18,4호선,명동,33122,35585,-2463,4,0,11
2023-08-18,4호선,명동,33122,35585,-2463,4,0,12
2023-08-18,4호선,명동,33122,35585,-2463,4,0,13
2023-08-18,4호선,명동,33122,35585,-2463,4,0,14
2023-08-18,4호선,명동,33122,35585,-2463,4,0,15
2023-08-18,4호선,명동,33122,35585,-2463,4,0,16
2023-08-18,4호선,명동,33122,35585,-2463,4,0,17
2023-08-18,4호선,명동,33122,35585,-2463,4,0,18
2023-08-18,4호선,명동,33122,35585,-2463,4,0,19
2023-08-18,4호선,명동,33122,35585,-2463,4,0,20
2023-08-18,4호선,명동,33122,35585,-2463,4,0,21
2023-08-18,4호선,명동,33122,35585,-2463,4,0,22
2023-08-18,4호선,명동,33122,35585,-2463,4,0,23
2023-08-19,4호선,명동,27823,31509,-3686,5,1,00
2023-08-19,4호선,명동,27823,31509,-3686,5,1,01
2023-08-19,4호선,명동,27823,31509,-3686,5,1,02
2023-08-19,4호선,명동,27823,31509,-3686,5,1,03
2023-08-19,4호선,명동,27823,31509,-3686,5,1,04
2023-08-19,4호선,명동,27823,31509,-3686,5,1,05
2023-08-19,4호선,명동,27823,31509,-3686,5,1,06
2023-08-19,4호선,명동,27823,31509,-3686,5,1,07
2023-08-19,4호선,명동,27823,31509,-3686,5,1,08
2023-08-19,4호선,명동,27823,31509,-3686,5,1,09
2023-08-19,4호선,명동,27823,31509,-3686,5,1,10
2023-08-19,4호선,명동,27823,31509,-3686,5,1,11
2023-08-19,4호선,명동,27823,31509,-3686,5,1,12
2023-08-19,4호선,명동,27823,31509,-3686,5,1,13
2023-08-19,4호선,명동,27823,31509,-3686,5,1,14
2023-08-19,4호선,명동,27823,31509,-3686,5,1,15
2023-08-19,4호선,명동,27823,31509,-3686,5,1,16
2023-08-19,4호선,명동,27823,31509,-3686,5,1,17
2023-08-19,4호선,명동,27823,31509,-3686,5,1,18
2023-08-19,4호선,명동,27823,31509,-3686,5,1,19
2023-08-19,4호선,명동,27823,31509,-3686,5,1,20
2023-08-19,4호선,명동,27823,31509,-3686,5,1,21
2023-08-19,4호선,명동,27823,31509,-3686,5,1,22
2023-08-19,4호선,명동,27823,31509,-3686,5,1,23
2023-08-20,4호선,명동,23715,25781,-2066,6,1,00
2023-08-20,4호선,명동,23715,25781,-2066,6,1,01
2023-08-20,4호선,명동,23715,25781,-2066,6,1,02
2023-08-20,4호선,명동,23715,25781,-2066,6,1,03
2023-08-20,4호선,명동,23715,25781,-2066,6,1,04
2023-08-20,4호선,명동,23715,25781,-2066,6,1,05
2023-08-20,4호선,명동,23715,25781,-2066,6,1,06
2023-08-20,4호선,명동,23715,25781,-2066,6,1,07
2023-08-20,4호선,명동,23715,25781,-2066,6,1,08
2023-08-20,4호선,명동,23715,25781,-2066,6,1,09
2023-08-20,4호선,명동,23715,25781,-2066,6,1,10
2023-08-20,4호선,명동,23715,25781,-2066,6,1,11
2023-08-20,4호선,명동,23715,25781,-2066,6,1,12
2023-08-20,4호선,명동,23715,25781,-2066,6,1,13
2023-08-20,4호선,명동,23715,25781,-2066,6,1,14
2023-08-20,4호선,명동,23715,25781,-2066,6,1,15
2023-08-20,4호선,명동,23715,25781,-2066,6,1,16
2023-08-20,4호선,명동,23715,25781,-2066,6,1,17
2023-08-20,4호선,명동,23715,25781,-2066,6,1,18
2023-08-20,4호선,명동,23715,25781,-2066,6,1,19
2023-08-20,4호선,명동,23715,25781,-2066,6,1,20
2023-08-20,4호선,명동,23715,25781,-2066,6,1,21
2023-08-20,4호선,명동,23715,25781,-2066,6,1,22
2023-08-20,4호선,명동,23715,25781,-2066,6,1,23
2023-08-21,4호선,명동,31517,33496,-1979,0,0,00
2023-08-21,4호선,명동,31517,33496,-1979,0,0,01
2023-08-21,4호선,명동,31517,33496,-1979,0,0,02
2023-08-21,4호선,명동,31517,33496,-1979,0,0,03
2023-08-21,4호선,명동,31517,33496,-1979,0,0,04
2023-08-21,4호선,명동,31517,33496,-1979,0,0,05
2023-08-21,4호선,명동,31517,33496,-1979,0,0,06
2023-08-21,4호선,명동,31517,33496,-1979,0,0,07
2023-08-21,4호선,명동,31517,33496,-1979,0,0,08
2023-08-21,4호선,명동,31517,33496,-1979,0,0,09
2023-08-21,4호선,명동,31517,33496,-1979,0,0,10
2023-08-21,4호선,명동,31517,33496,-1979,0,0,11
2023-08-21,4호선,명동,31517,33496,-1979,0,0,12
2023-08-21,4호선,명동,31517,33496,-1979,0,0,13
2023-08-21,4호선,명동,31517,33496,-1979,0,0,14
2023-08-21,4호선,명동,31517,33496,-1979,0,0,15
2023-08-21,4호선,명동,31517,33496,-1979,0,0,16
2023-08-21,4호선,명동,31517,33496,-1979,0,0,17
2023-08-21,4호선,명동,31517,33496,-1979,0,0,18
2023-08-21,4호선,명동,31517,33496,-1979,0,0,19
2023-08-21,4호선,명동,31517,33496,-1979,0,0,20
2023-08-21,4호선,명동,31517,33496,-1979,0,0,21
2023-08-21,4호선,명동,31517,33496,-1979,0,0,22
2023-08-21,4호선,명동,31517,33496,-1979,0,0,23
2023-08-22,4호선,명동,30871,33186,-2315,1,0,00
2023-08-22,4호선,명동,30871,33186,-2315,1,0,01
2023-08-22,4호선,명동,30871,33186,-2315,1,0,02
2023-08-22,4호선,명동,30871,33186,-2315,1,0,03
2023-08-22,4호선,명동,30871,33186,-2315,1,0,04
2023-08-22,4호선,명동,30871,33186,-2315,1,0,05
2023-08-22,4호선,명동,30871,33186,-2315,1,0,06
2023-08-22,4호선,명동,30871,33186,-2315,1,0,07
2023-08-22,4호선,명동,30871,33186,-2315,1,0,08
2023-08-22,4호선,명동,30871,33186,-2315,1,0,09
2023-08-22,4호선,명동,30871,33186,-2315,1,0,10
2023-08-22,4호선,명동,30871,33186,-2315,1,0,11
2023-08-22,4호선,명동,30871,33186,-2315,1,0,12
2023-08-22,4호선,명동,30871,33186,-2315,1,0,13
2023-08-22,4호선,명동,30871,33186,-2315,1,0,14
2023-08-22,4호선,명동,30871,33186,-2315,1,0,15
2023-08-22,4호선,명동,30871,33186,-2315,1,0,16
2023-08-22,4호선,명동,30871,33186,-2315,1,0,17
2023-08-22,4호선,명동,30871,33186,-2315,1,0,18
2023-08-22,4호선,명동,30871,33186,-2315,1,0,19
2023-08-22,4호선,명동,30871,33186,-2315,1,0,20
2023-08-22,4호선,명동,30871,33186,-2315,1,0,21
2023-08-22,4호선,명동,30871,33186,-2315,1,0,22
2023-08-22,4호선,명동,30871,33186,-2315,1,0,23
2023-08-23,4호선,명동,31026,33324,-2298,2,0,00
2023-08-23,4호선,명동,31026,33324,-2298,2,0,01
2023-08-23,4호선,명동,31026,33324,-2298,2,0,02
2023-08-23,4호선,명동,31026,33324,-2298,2,0,03
2023-08-23,4호선,명동,31026,33324,-2298,2,0,04
2023-08-23,4호선,명동,31026,33324,-2298,2,0,05
2023-08-23,4호선,명동,31026,33324,-2298,2,0,06
2023-08-23,4호선,명동,31026,33324,-2298,2,0,07
2023-08-23,4호선,명동,31026,33324,-2298,2,0,08
2023-08-23,4호선,명동,31026,33324,-2298,2,0,09
2023-08-23,4호선,명동,31026,33324,-2298,2,0,10
2023-08-23,4호선,명동,31026,33324,-2298,2,0,11
2023-08-23,4호선,명동,31026,33324,-2298,2,0,12
2023-08-23,4호선,명동,31026,33324,-2298,2,0,13
2023-08-23,4호선,명동,31026,33324,-2298,2,0,14
2023-08-23,4호선,명동,31026,33324,-2298,2,0,15
2023-08-23,4호선,명동,31026,33324,-2298,2,0,16
2023-08-23,4호선,명동,31026,33324,-2298,2,0,17
2023-08-23,4호선,명동,31026,33324,-2298,2,0,18
2023-08-23,4호선,명동,31026,33324,-2298,2,0,19
2023-08-23,4호선,명동,31026,33324,-2298,2,0,20
2023-08-23,4호선,명동,31026,33324,-2298,2,0,21
2023-08-23,4호선,명동,31026,33324,-2298,2,0,22
2023-08-23,4호선,명동,31026,33324,-2298,2,0,23
2023-08-24,4호선,명동,32692,34632,-1940,3,0,00
2023-08-24,4호선,명동,32692,34632,-1940,3,0,01
2023-08-24,4호선,명동,32692,34632,-1940,3,0,02
2023-08-24,4호선,명동,32692,34632,-1940,3,0,03
2023-08-24,4호선,명동,32692,34632,-1940,3,0,04
2023-08-24,4호선,명동,32692,34632,-1940,3,0,05
2023-08-24,4호선,명동,32692,34632,-1940,3,0,06
2023-08-24,4호선,명동,32692,34632,-1940,3,0,07
2023-08-24,4호선,명동,32692,34632,-1940,3,0,08
2023-08-24,4호선,명동,32692,34632,-1940,3,0,09
2023-08-24,4호선,명동,32692,34632,-1940,3,0,10
2023-08-24,4호선,명동,32692,34632,-1940,3,0,11
2023-08-24,4호선,명동,32692,34632,-1940,3,0,12
2023-08-24,4호선,명동,32692,34632,-1940,3,0,13
2023-08-24,4호선,명동,32692,34632,-1940,3,0,14
2023-08-24,4호선,명동,32692,34632,-1940,3,0,15
2023-08-24,4호선,명동,32692,34632,-1940,3,0,16
2023-08-24,4호선,명동,32692,34632,-1940,3,0,17
2023-08-24,4호선,명동,32692,34632,-1940,3,0,18
2023-08-24,4호선,명동,32692,34632,-1940,3,0,19
2023-08-24,4호선,명동,32692,34632,-1940,3,0,20
2023-08-24,4호선,명동,32692,34632,-1940,3,0,21
2023-08-24,4호선,명동,32692,34632,-1940,3,0,22
2023-08-24,4호선,명동,32692,34632,-1940,3,0,23
2023-08-25,4호선,명동,33888,36915,-3027,4,0,00
2023-08-25,4호선,명동,33888,36915,-3027,4,0,01
2023-08-25,4호선,명동,33888,36915,-3027,4,0,02
2023-08-25,4호선,명동,33888,36915,-3027,4,0,03
2023-08-25,4호선,명동,33888,36915,-3027,4,0,04
2023-08-25,4호선,명동,33888,36915,-3027,4,0,05
2023-08-25,4호선,명동,33888,36915,-3027,4,0,06
2023-08-25,4호선,명동,33888,36915,-3027,4,0,07
2023-08-25,4호선,명동,33888,36915,-3027,4,0,08
2023-08-25,4호선,명동,33888,36915,-3027,4,0,09
2023-08-25,4호선,명동,33888,36915,-3027,4,0,10
2023-08-25,4호선,명동,33888,36915,-3027,4,0,11
2023-08-25,4호선,명동,33888,36915,-3027,4,0,12
2023-08-25,4호선,명동,33888,36915,-3027,4,0,13
2023-08-25,4호선,명동,33888,36915,-3027,4,0,14
2023-08-25,4호선,명동,33888,36915,-3027,4,0,15
2023-08-25,4호선,명동,33888,36915,-3027,4,0,16
2023-08-25,4호선,명동,33888,36915,-3027,4,0,17
2023-08-25,4호선,명동,33888,36915,-3027,4,0,18
2023-08-25,4호선,명동,33888,36915,-3027,4,0,19
2023-08-25,4호선,명동,33888,36915,-3027,4,0,20
2023-08-25,4호선,명동,33888,36915,-3027,4,0,21
2023-08-25,4호선,명동,33888,36915,-3027,4,0,22
2023-08-25,4호선,명동,33888,36915,-3027,4,0,23
2023-08-26,4호선,명동,30512,34485,-3973,5,1,00
2023-08-26,4호선,명동,30512,34485,-3973,5,1,01
2023-08-26,4호선,명동,30512,34485,-3973,5,1,02
2023-08-26,4호선,명동,30512,34485,-3973,5,1,03
2023-08-26,4호선,명동,30512,34485,-3973,5,1,04
2023-08-26,4호선,명동,30512,34485,-3973,5,1,05
2023-08-26,4호선,명동,30512,34485,-3973,5,1,06
2023-08-26,4호선,명동,30512,34485,-3973,5,1,07
2023-08-26,4호선,명동,30512,34485,-3973,5,1,08
2023-08-26,4호선,명동,30512,34485,-3973,5,1,09
2023-08-26,4호선,명동,30512,34485,-3973,5,1,10
2023-08-26,4호선,명동,30512,34485,-3973,5,1,11
2023-08-26,4호선,명동,30512,34485,-3973,5,1,12
2023-08-26,4호선,명동,30512,34485,-3973,5,1,13
2023-08-26,4호선,명동,30512,34485,-3973,5,1,14
2023-08-26,4호선,명동,30512,34485,-3973,5,1,15
2023-08-26,4호선,명동,30512,34485,-3973,5,1,16
2023-08-26,4호선,명동,30512,34485,-3973,5,1,17
2023-08-26,4호선,명동,30512,34485,-3973,5,1,18
2023-08-26,4호선,명동,30512,34485,-3973,5,1,19
2023-08-26,4호선,명동,30512,34485,-3973,5,1,20
2023-08-26,4호선,명동,30512,34485,-3973,5,1,21
2023-08-26,4호선,명동,30512,34485,-3973,5,1,22
2023-08-26,4호선,명동,30512,34485,-3973,5,1,23
2023-08-27,4호선,명동,25916,28684,-2768,6,1,00
2023-08-27,4호선,명동,25916,28684,-2768,6,1,01
2023-08-27,4호선,명동,25916,28684,-2768,6,1,02
2023-08-27,4호선,명동,25916,28684,-2768,6,1,03
2023-08-27,4호선,명동,25916,28684,-2768,6,1,04
2023-08-27,4호선,명동,25916,28684,-2768,6,1,05
2023-08-27,4호선,명동,25916,28684,-2768,6,1,06
2023-08-27,4호선,명동,25916,28684,-2768,6,1,07
2023-08-27,4호선,명동,25916,28684,-2768,6,1,08
2023-08-27,4호선,명동,25916,28684,-2768,6,1,09
2023-08-27,4호선,명동,25916,28684,-2768,6,1,10
2023-08-27,4호선,명동,25916,28684,-2768,6,1,11
2023-08-27,4호선,명동,25916,28684,-2768,6,1,12
2023-08-27,4호선,명동,25916,28684,-2768,6,1,13
2023-08-27,4호선,명동,25916,28684,-2768,6,1,14
2023-08-27,4호선,명동,25916,28684,-2768,6,1,15
2023-08-27,4호선,명동,25916,28684,-2768,6,1,16
2023-08-27,4호선,명동,25916,28684,-2768,6,1,17
2023-08-27,4호선,명동,25916,28684,-2768,6,1,18
2023-08-27,4호선,명동,25916,28684,-2768,6,1,19
2023-08-27,4호선,명동,25916,28684,-2768,6,1,20
2023-08-27,4호선,명동,25916,28684,-2768,6,1,21
2023-08-27,4호선,명동,25916,28684,-2768,6,1,22
2023-08-27,4호선,명동,25916,28684,-2768,6,1,23
2023-08-28,4호선,명동,32613,34855,-2242,0,0,00
2023-08-28,4호선,명동,32613,34855,-2242,0,0,01
2023-08-28,4호선,명동,32613,34855,-2242,0,0,02
2023-08-28,4호선,명동,32613,34855,-2242,0,0,03
2023-08-28,4호선,명동,32613,34855,-2242,0,0,04
2023-08-28,4호선,명동,32613,34855,-2242,0,0,05
2023-08-28,4호선,명동,32613,34855,-2242,0,0,06
2023-08-28,4호선,명동,32613,34855,-2242,0,0,07
2023-08-28,4호선,명동,32613,34855,-2242,0,0,08
2023-08-28,4호선,명동,32613,34855,-2242,0,0,09
2023-08-28,4호선,명동,32613,34855,-2242,0,0,10
2023-08-28,4호선,명동,32613,34855,-2242,0,0,11
2023-08-28,4호선,명동,32613,34855,-2242,0,0,12
2023-08-28,4호선,명동,32613,34855,-2242,0,0,13
2023-08-28,4호선,명동,32613,34855,-2242,0,0,14
2023-08-28,4호선,명동,32613,34855,-2242,0,0,15
2023-08-28,4호선,명동,32613,34855,-2242,0,0,16
2023-08-28,4호선,명동,32613,34855,-2242,0,0,17
2023-08-28,4호선,명동,32613,34855,-2242,0,0,18
2023-08-28,4호선,명동,32613,34855,-2242,0,0,19
2023-08-28,4호선,명동,32613,34855,-2242,0,0,20
2023-08-28,4호선,명동,32613,34855,-2242,0,0,21
2023-08-28,4호선,명동,32613,34855,-2242,0,0,22
2023-08-28,4호선,명동,32613,34855,-2242,0,0,23
2023-08-29,4호선,명동,31525,34051,-2526,1,0,00
2023-08-29,4호선,명동,31525,34051,-2526,1,0,01
2023-08-29,4호선,명동,31525,34051,-2526,1,0,02
2023-08-29,4호선,명동,31525,34051,-2526,1,0,03
2023-08-29,4호선,명동,31525,34051,-2526,1,0,04
2023-08-29,4호선,명동,31525,34051,-2526,1,0,05
2023-08-29,4호선,명동,31525,34051,-2526,1,0,06
2023-08-29,4호선,명동,31525,34051,-2526,1,0,07
2023-08-29,4호선,명동,31525,34051,-2526,1,0,08
2023-08-29,4호선,명동,31525,34051,-2526,1,0,09
2023-08-29,4호선,명동,31525,34051,-2526,1,0,10
2023-08-29,4호선,명동,31525,34051,-2526,1,0,11
2023-08-29,4호선,명동,31525,34051,-2526,1,0,12
2023-08-29,4호선,명동,31525,34051,-2526,1,0,13
2023-08-29,4호선,명동,31525,34051,-2526,1,0,14
2023-08-29,4호선,명동,31525,34051,-2526,1,0,15
2023-08-29,4호선,명동,31525,34051,-2526,1,0,16
2023-08-29,4호선,명동,31525,34051,-2526,1,0,17
2023-08-29,4호선,명동,31525,34051,-2526,1,0,18
2023-08-29,4호선,명동,31525,34051,-2526,1,0,19
2023-08-29,4호선,명동,31525,34051,-2526,1,0,20
2023-08-29,4호선,명동,31525,34051,-2526,1,0,21
2023-08-29,4호선,명동,31525,34051,-2526,1,0,22
2023-08-29,4호선,명동,31525,34051,-2526,1,0,23
2023-08-30,4호선,명동,33118,35076,-1958,2,0,00
2023-08-30,4호선,명동,33118,35076,-1958,2,0,01
2023-08-30,4호선,명동,33118,35076,-1958,2,0,02
2023-08-30,4호선,명동,33118,35076,-1958,2,0,03
2023-08-30,4호선,명동,33118,35076,-1958,2,0,04
2023-08-30,4호선,명동,33118,35076,-1958,2,0,05
2023-08-30,4호선,명동,33118,35076,-1958,2,0,06
2023-08-30,4호선,명동,33118,35076,-1958,2,0,07
2023-08-30,4호선,명동,33118,35076,-1958,2,0,08
2023-08-30,4호선,명동,33118,35076,-1958,2,0,09
2023-08-30,4호선,명동,33118,35076,-1958,2,0,10
2023-08-30,4호선,명동,33118,35076,-1958,2,0,11
2023-08-30,4호선,명동,33118,35076,-1958,2,0,12
2023-08-30,4호선,명동,33118,35076,-1958,2,0,13
2023-08-30,4호선,명동,33118,35076,-1958,2,0,14
2023-08-30,4호선,명동,33118,35076,-1958,2,0,15
2023-08-30,4호선,명동,33118,35076,-1958,2,0,16
2023-08-30,4호선,명동,33118,35076,-1958,2,0,17
2023-08-30,4호선,명동,33118,35076,-1958,2,0,18
2023-08-30,4호선,명동,33118,35076,-1958,2,0,19
2023-08-30,4호선,명동,33118,35076,-1958,2,0,20
2023-08-30,4호선,명동,33118,35076,-1958,2,0,21
2023-08-30,4호선,명동,33118,35076,-1958,2,0,22
2023-08-30,4호선,명동,33118,35076,-1958,2,0,23
2023-08-31,4호선,명동,32499,34383,-1884,3,0,00
2023-08-31,4호선,명동,32499,34383,-1884,3,0,01
2023-08-31,4호선,명동,32499,34383,-1884,3,0,02
2023-08-31,4호선,명동,32499,34383,-1884,3,0,03
2023-08-31,4호선,명동,32499,34383,-1884,3,0,04
2023-08-31,4호선,명동,32499,34383,-1884,3,0,05
2023-08-31,4호선,명동,32499,34383,-1884,3,0,06
2023-08-31,4호선,명동,32499,34383,-1884,3,0,07
2023-08-31,4호선,명동,32499,34383,-1884,3,0,08
2023-08-31,4호선,명동,32499,34383,-1884,3,0,09
2023-08-31,4호선,명동,32499,34383,-1884,3,0,10
2023-08-31,4호선,명동,32499,34383,-1884,3,0,11
2023-08-31,4호선,명동,32499,34383,-1884,3,0,12
2023-08-31,4호선,명동,32499,34383,-1884,3,0,13
2023-08-31,4호선,명동,32499,34383,-1884,3,0,14
2023-08-31,4호선,명동,32499,34383,-1884,3,0,15
2023-08-31,4호선,명동,32499,34383,-1884,3,0,16
2023-08-31,4호선,명동,32499,34383,-1884,3,0,17
2023-08-31,4호선,명동,32499,34383,-1884,3,0,18
2023-08-31,4호선,명동,32499,34383,-1884,3,0,19
2023-08-31,4호선,명동,32499,34383,-1884,3,0,20
2023-08-31,4호선,명동,32499,34383,-1884,3,0,21
2023-08-31,4호선,명동,32499,34383,-1884,3,0,22
2023-08-31,4호선,명동,32499,34383,-1884,3,0,23
2023-09-01,4호선,명동,35073,37765,-2692,4,0,00
2023-09-01,4호선,명동,35073,37765,-2692,4,0,01
2023-09-01,4호선,명동,35073,37765,-2692,4,0,02
2023-09-01,4호선,명동,35073,37765,-2692,4,0,03
2023-09-01,4호선,명동,35073,37765,-2692,4,0,04
2023-09-01,4호선,명동,35073,37765,-2692,4,0,05
2023-09-01,4호선,명동,35073,37765,-2692,4,0,06
2023-09-01,4호선,명동,35073,37765,-2692,4,0,07
2023-09-01,4호선,명동,35073,37765,-2692,4,0,08
2023-09-01,4호선,명동,35073,37765,-2692,4,0,09
2023-09-01,4호선,명동,35073,37765,-2692,4,0,10
2023-09-01,4호선,명동,35073,37765,-2692,4,0,11
2023-09-01,4호선,명동,35073,37765,-2692,4,0,12
2023-09-01,4호선,명동,35073,37765,-2692,4,0,13
2023-09-01,4호선,명동,35073,37765,-2692,4,0,14
2023-09-01,4호선,명동,35073,37765,-2692,4,0,15
2023-09-01,4호선,명동,35073,37765,-2692,4,0,16
2023-09-01,4호선,명동,35073,37765,-2692,4,0,17
2023-09-01,4호선,명동,35073,37765,-2692,4,0,18
2023-09-01,4호선,명동,35073,37765,-2692,4,0,19
2023-09-01,4호선,명동,35073,37765,-2692,4,0,20
2023-09-01,4호선,명동,35073,37765,-2692,4,0,21
2023-09-01,4호선,명동,35073,37765,-2692,4,0,22
2023-09-01,4호선,명동,35073,37765,-2692,4,0,23
2023-09-02,4호선,명동,31041,34560,-3519,5,1,00
2023-09-02,4호선,명동,31041,34560,-3519,5,1,01
2023-09-02,4호선,명동,31041,34560,-3519,5,1,02
2023-09-02,4호선,명동,31041,34560,-3519,5,1,03
2023-09-02,4호선,명동,31041,34560,-3519,5,1,04
2023-09-02,4호선,명동,31041,34560,-3519,5,1,05
2023-09-02,4호선,명동,31041,34560,-3519,5,1,06
2023-09-02,4호선,명동,31041,34560,-3519,5,1,07
2023-09-02,4호선,명동,31041,34560,-3519,5,1,08
2023-09-02,4호선,명동,31041,34560,-3519,5,1,09
2023-09-02,4호선,명동,31041,34560,-3519,5,1,10
2023-09-02,4호선,명동,31041,34560,-3519,5,1,11
2023-09-02,4호선,명동,31041,34560,-3519,5,1,12
2023-09-02,4호선,명동,31041,34560,-3519,5,1,13
2023-09-02,4호선,명동,31041,34560,-3519,5,1,14
2023-09-02,4호선,명동,31041,34560,-3519,5,1,15
2023-09-02,4호선,명동,31041,34560,-3519,5,1,16
2023-09-02,4호선,명동,31041,34560,-3519,5,1,17
2023-09-02,4호선,명동,31041,34560,-3519,5,1,18
2023-09-02,4호선,명동,31041,34560,-3519,5,1,19
2023-09-02,4호선,명동,31041,34560,-3519,5,1,20
2023-09-02,4호선,명동,31041,34560,-3519,5,1,21
2023-09-02,4호선,명동,31041,34560,-3519,5,1,22
2023-09-02,4호선,명동,31041,34560,-3519,5,1,23
2023-09-03,4호선,명동,25265,27322,-2057,6,1,00
2023-09-03,4호선,명동,25265,27322,-2057,6,1,01
2023-09-03,4호선,명동,25265,27322,-2057,6,1,02
2023-09-03,4호선,명동,25265,27322,-2057,6,1,03
2023-09-03,4호선,명동,25265,27322,-2057,6,1,04
2023-09-03,4호선,명동,25265,27322,-2057,6,1,05
2023-09-03,4호선,명동,25265,27322,-2057,6,1,06
2023-09-03,4호선,명동,25265,27322,-2057,6,1,07
2023-09-03,4호선,명동,25265,27322,-2057,6,1,08
2023-09-03,4호선,명동,25265,27322,-2057,6,1,09
2023-09-03,4호선,명동,25265,27322,-2057,6,1,10
2023-09-03,4호선,명동,25265,27322,-2057,6,1,11
2023-09-03,4호선,명동,25265,27322,-2057,6,1,12
2023-09-03,4호선,명동,25265,27322,-2057,6,1,13
2023-09-03,4호선,명동,25265,27322,-2057,6,1,14
2023-09-03,4호선,명동,25265,27322,-2057,6,1,15
2023-09-03,4호선,명동,25265,27322,-2057,6,1,16
2023-09-03,4호선,명동,25265,27322,-2057,6,1,17
2023-09-03,4호선,명동,25265,27322,-2057,6,1,18
2023-09-03,4호선,명동,25265,27322,-2057,6,1,19
2023-09-03,4호선,명동,25265,27322,-2057,6,1,20
2023-09-03,4호선,명동,25265,27322,-2057,6,1,21
2023-09-03,4호선,명동,25265,27322,-2057,6,1,22
2023-09-03,4호선,명동,25265,27322,-2057,6,1,23
2023-09-04,4호선,명동,33843,35905,-2062,0,0,00
2023-09-04,4호선,명동,33843,35905,-2062,0,0,01
2023-09-04,4호선,명동,33843,35905,-2062,0,0,02
2023-09-04,4호선,명동,33843,35905,-2062,0,0,03
2023-09-04,4호선,명동,33843,35905,-2062,0,0,04
2023-09-04,4호선,명동,33843,35905,-2062,0,0,05
2023-09-04,4호선,명동,33843,35905,-2062,0,0,06
2023-09-04,4호선,명동,33843,35905,-2062,0,0,07
2023-09-04,4호선,명동,33843,35905,-2062,0,0,08
2023-09-04,4호선,명동,33843,35905,-2062,0,0,09
2023-09-04,4호선,명동,33843,35905,-2062,0,0,10
2023-09-04,4호선,명동,33843,35905,-2062,0,0,11
2023-09-04,4호선,명동,33843,35905,-2062,0,0,12
2023-09-04,4호선,명동,33843,35905,-2062,0,0,13
2023-09-04,4호선,명동,33843,35905,-2062,0,0,14
2023-09-04,4호선,명동,33843,35905,-2062,0,0,15
2023-09-04,4호선,명동,33843,35905,-2062,0,0,16
2023-09-04,4호선,명동,33843,35905,-2062,0,0,17
2023-09-04,4호선,명동,33843,35905,-2062,0,0,18
2023-09-04,4호선,명동,33843,35905,-2062,0,0,19
2023-09-04,4호선,명동,33843,35905,-2062,0,0,20
2023-09-04,4호선,명동,33843,35905,-2062,0,0,21
2023-09-04,4호선,명동,33843,35905,-2062,0,0,22
2023-09-04,4호선,명동,33843,35905,-2062,0,0,23
2023-09-05,4호선,명동,35074,37331,-2257,1,0,00
2023-09-05,4호선,명동,35074,37331,-2257,1,0,01
2023-09-05,4호선,명동,35074,37331,-2257,1,0,02
2023-09-05,4호선,명동,35074,37331,-2257,1,0,03
2023-09-05,4호선,명동,35074,37331,-2257,1,0,04
2023-09-05,4호선,명동,35074,37331,-2257,1,0,05
2023-09-05,4호선,명동,35074,37331,-2257,1,0,06
2023-09-05,4호선,명동,35074,37331,-2257,1,0,07
2023-09-05,4호선,명동,35074,37331,-2257,1,0,08
2023-09-05,4호선,명동,35074,37331,-2257,1,0,09
2023-09-05,4호선,명동,35074,37331,-2257,1,0,10
2023-09-05,4호선,명동,35074,37331,-2257,1,0,11
2023-09-05,4호선,명동,35074,37331,-2257,1,0,12
2023-09-05,4호선,명동,35074,37331,-2257,1,0,13
2023-09-05,4호선,명동,35074,37331,-2257,1,0,14
2023-09-05,4호선,명동,35074,37331,-2257,1,0,15
2023-09-05,4호선,명동,35074,37331,-2257,1,0,16
2023-09-05,4호선,명동,35074,37331,-2257,1,0,17
2023-09-05,4호선,명동,35074,37331,-2257,1,0,18
2023-09-05,4호선,명동,35074,37331,-2257,1,0,19
2023-09-05,4호선,명동,35074,37331,-2257,1,0,20
2023-09-05,4호선,명동,35074,37331,-2257,1,0,21
2023-09-05,4호선,명동,35074,37331,-2257,1,0,22
2023-09-05,4호선,명동,35074,37331,-2257,1,0,23
2023-09-06,4호선,명동,35402,36964,-1562,2,0,00
2023-09-06,4호선,명동,35402,36964,-1562,2,0,01
2023-09-06,4호선,명동,35402,36964,-1562,2,0,02
2023-09-06,4호선,명동,35402,36964,-1562,2,0,03
2023-09-06,4호선,명동,35402,36964,-1562,2,0,04
2023-09-06,4호선,명동,35402,36964,-1562,2,0,05
2023-09-06,4호선,명동,35402,36964,-1562,2,0,06
2023-09-06,4호선,명동,35402,36964,-1562,2,0,07
2023-09-06,4호선,명동,35402,36964,-1562,2,0,08
2023-09-06,4호선,명동,35402,36964,-1562,2,0,09
2023-09-06,4호선,명동,35402,36964,-1562,2,0,10
2023-09-06,4호선,명동,35402,36964,-1562,2,0,11
2023-09-06,4호선,명동,35402,36964,-1562,2,0,12
2023-09-06,4호선,명동,35402,36964,-1562,2,0,13
2023-09-06,4호선,명동,35402,36964,-1562,2,0,14
2023-09-06,4호선,명동,35402,36964,-1562,2,0,15
2023-09-06,4호선,명동,35402,36964,-1562,2,0,16
2023-09-06,4호선,명동,35402,36964,-1562,2,0,17
2023-09-06,4호선,명동,35402,36964,-1562,2,0,18
2023-09-06,4호선,명동,35402,36964,-1562,2,0,19
2023-09-06,4호선,명동,35402,36964,-1562,2,0,20
2023-09-06,4호선,명동,35402,36964,-1562,2,0,21
2023-09-06,4호선,명동,35402,36964,-1562,2,0,22
2023-09-06,4호선,명동,35402,36964,-1562,2,0,23
2023-09-07,4호선,명동,34938,36815,-1877,3,0,00
2023-09-07,4호선,명동,34938,36815,-1877,3,0,01
2023-09-07,4호선,명동,34938,36815,-1877,3,0,02
2023-09-07,4호선,명동,34938,36815,-1877,3,0,03
2023-09-07,4호선,명동,34938,36815,-1877,3,0,04
2023-09-07,4호선,명동,34938,36815,-1877,3,0,05
2023-09-07,4호선,명동,34938,36815,-1877,3,0,06
2023-09-07,4호선,명동,34938,36815,-1877,3,0,07
2023-09-07,4호선,명동,34938,36815,-1877,3,0,08
2023-09-07,4호선,명동,34938,36815,-1877,3,0,09
2023-09-07,4호선,명동,34938,36815,-1877,3,0,10
2023-09-07,4호선,명동,34938,36815,-1877,3,0,11
2023-09-07,4호선,명동,34938,36815,-1877,3,0,12
2023-09-07,4호선,명동,34938,36815,-1877,3,0,13
2023-09-07,4호선,명동,34938,36815,-1877,3,0,14
2023-09-07,4호선,명동,34938,36815,-1877,3,0,15
2023-09-07,4호선,명동,34938,36815,-1877,3,0,16
2023-09-07,4호선,명동,34938,36815,-1877,3,0,17
2023-09-07,4호선,명동,34938,36815,-1877,3,0,18
2023-09-07,4호선,명동,34938,36815,-1877,3,0,19
2023-09-07,4호선,명동,34938,36815,-1877,3,0,20
2023-09-07,4호선,명동,34938,36815,-1877,3,0,21
2023-09-07,4호선,명동,34938,36815,-1877,3,0,22
2023-09-07,4호선,명동,34938,36815,-1877,3,0,23
2023-09-08,4호선,명동,36503,39201,-2698,4,0,00
2023-09-08,4호선,명동,36503,39201,-2698,4,0,01
2023-09-08,4호선,명동,36503,39201,-2698,4,0,02
2023-09-08,4호선,명동,36503,39201,-2698,4,0,03
2023-09-08,4호선,명동,36503,39201,-2698,4,0,04
2023-09-08,4호선,명동,36503,39201,-2698,4,0,05
2023-09-08,4호선,명동,36503,39201,-2698,4,0,06
2023-09-08,4호선,명동,36503,39201,-2698,4,0,07
2023-09-08,4호선,명동,36503,39201,-2698,4,0,08
2023-09-08,4호선,명동,36503,39201,-2698,4,0,09
2023-09-08,4호선,명동,36503,39201,-2698,4,0,10
2023-09-08,4호선,명동,36503,39201,-2698,4,0,11
2023-09-08,4호선,명동,36503,39201,-2698,4,0,12
2023-09-08,4호선,명동,36503,39201,-2698,4,0,13
2023-09-08,4호선,명동,36503,39201,-2698,4,0,14
2023-09-08,4호선,명동,36503,39201,-2698,4,0,15
2023-09-08,4호선,명동,36503,39201,-2698,4,0,16
2023-09-08,4호선,명동,36503,39201,-2698,4,0,17
2023-09-08,4호선,명동,36503,39201,-2698,4,0,18
2023-09-08,4호선,명동,36503,39201,-2698,4,0,19
2023-09-08,4호선,명동,36503,39201,-2698,4,0,20
2023-09-08,4호선,명동,36503,39201,-2698,4,0,21
2023-09-08,4호선,명동,36503,39201,-2698,4,0,22
2023-09-08,4호선,명동,36503,39201,-2698,4,0,23
2023-09-09,4호선,명동,31728,35677,-3949,5,1,00
2023-09-09,4호선,명동,31728,35677,-3949,5,1,01
2023-09-09,4호선,명동,31728,35677,-3949,5,1,02
2023-09-09,4호선,명동,31728,35677,-3949,5,1,03
2023-09-09,4호선,명동,31728,35677,-3949,5,1,04
2023-09-09,4호선,명동,31728,35677,-3949,5,1,05
2023-09-09,4호선,명동,31728,35677,-3949,5,1,06
2023-09-09,4호선,명동,31728,35677,-3949,5,1,07
2023-09-09,4호선,명동,31728,35677,-3949,5,1,08
2023-09-09,4호선,명동,31728,35677,-3949,5,1,09
2023-09-09,4호선,명동,31728,35677,-3949,5,1,10
2023-09-09,4호선,명동,31728,35677,-3949,5,1,11
2023-09-09,4호선,명동,31728,35677,-3949,5,1,12
2023-09-09,4호선,명동,31728,35677,-3949,5,1,13
2023-09-09,4호선,명동,31728,35677,-3949,5,1,14
2023-09-09,4호선,명동,31728,35677,-3949,5,1,15
2023-09-09,4호선,명동,31728,35677,-3949,5,1,16
2023-09-09,4호선,명동,31728,35677,-3949,5,1,17
2023-09-09,4호선,명동,31728,35677,-3949,5,1,18
2023-09-09,4호선,명동,31728,35677,-3949,5,1,19
2023-09-09,4호선,명동,31728,35677,-3949,5,1,20
2023-09-09,4호선,명동,31728,35677,-3949,5,1,21
2023-09-09,4호선,명동,31728,35677,-3949,5,1,22
2023-09-09,4호선,명동,31728,35677,-3949,5,1,23
2023-09-10,4호선,명동,26824,29337,-2513,6,1,00
2023-09-10,4호선,명동,26824,29337,-2513,6,1,01
2023-09-10,4호선,명동,26824,29337,-2513,6,1,02
2023-09-10,4호선,명동,26824,29337,-2513,6,1,03
2023-09-10,4호선,명동,26824,29337,-2513,6,1,04
2023-09-10,4호선,명동,26824,29337,-2513,6,1,05
2023-09-10,4호선,명동,26824,29337,-2513,6,1,06
2023-09-10,4호선,명동,26824,29337,-2513,6,1,07
2023-09-10,4호선,명동,26824,29337,-2513,6,1,08
2023-09-10,4호선,명동,26824,29337,-2513,6,1,09
2023-09-10,4호선,명동,26824,29337,-2513,6,1,10
2023-09-10,4호선,명동,26824,29337,-2513,6,1,11
2023-09-10,4호선,명동,26824,29337,-2513,6,1,12
2023-09-10,4호선,명동,26824,29337,-2513,6,1,13
2023-09-10,4호선,명동,26824,29337,-2513,6,1,14
2023-09-10,4호선,명동,26824,29337,-2513,6,1,15
2023-09-10,4호선,명동,26824,29337,-2513,6,1,16
2023-09-10,4호선,명동,26824,29337,-2513,6,1,17
2023-09-10,4호선,명동,26824,29337,-2513,6,1,18
2023-09-10,4호선,명동,26824,29337,-2513,6,1,19
2023-09-10,4호선,명동,26824,29337,-2513,6,1,20
2023-09-10,4호선,명동,26824,29337,-2513,6,1,21
2023-09-10,4호선,명동,26824,29337,-2513,6,1,22
2023-09-10,4호선,명동,26824,29337,-2513,6,1,23
2023-09-11,4호선,명동,34047,35693,-1646,0,0,00
2023-09-11,4호선,명동,34047,35693,-1646,0,0,01
2023-09-11,4호선,명동,34047,35693,-1646,0,0,02
2023-09-11,4호선,명동,34047,35693,-1646,0,0,03
2023-09-11,4호선,명동,34047,35693,-1646,0,0,04
2023-09-11,4호선,명동,34047,35693,-1646,0,0,05
2023-09-11,4호선,명동,34047,35693,-1646,0,0,06
2023-09-11,4호선,명동,34047,35693,-1646,0,0,07
2023-09-11,4호선,명동,34047,35693,-1646,0,0,08
2023-09-11,4호선,명동,34047,35693,-1646,0,0,09
2023-09-11,4호선,명동,34047,35693,-1646,0,0,10
2023-09-11,4호선,명동,34047,35693,-1646,0,0,11
2023-09-11,4호선,명동,34047,35693,-1646,0,0,12
2023-09-11,4호선,명동,34047,35693,-1646,0,0,13
2023-09-11,4호선,명동,34047,35693,-1646,0,0,14
2023-09-11,4호선,명동,34047,35693,-1646,0,0,15
2023-09-11,4호선,명동,34047,35693,-1646,0,0,16
2023-09-11,4호선,명동,34047,35693,-1646,0,0,17
2023-09-11,4호선,명동,34047,35693,-1646,0,0,18
2023-09-11,4호선,명동,34047,35693,-1646,0,0,19
2023-09-11,4호선,명동,34047,35693,-1646,0,0,20
2023-09-11,4호선,명동,34047,35693,-1646,0,0,21
2023-09-11,4호선,명동,34047,35693,-1646,0,0,22
2023-09-11,4호선,명동,34047,35693,-1646,0,0,23
2023-09-12,4호선,명동,34474,36328,-1854,1,0,00
2023-09-12,4호선,명동,34474,36328,-1854,1,0,01
2023-09-12,4호선,명동,34474,36328,-1854,1,0,02
2023-09-12,4호선,명동,34474,36328,-1854,1,0,03
2023-09-12,4호선,명동,34474,36328,-1854,1,0,04
2023-09-12,4호선,명동,34474,36328,-1854,1,0,05
2023-09-12,4호선,명동,34474,36328,-1854,1,0,06
2023-09-12,4호선,명동,34474,36328,-1854,1,0,07
2023-09-12,4호선,명동,34474,36328,-1854,1,0,08
2023-09-12,4호선,명동,34474,36328,-1854,1,0,09
2023-09-12,4호선,명동,34474,36328,-1854,1,0,10
2023-09-12,4호선,명동,34474,36328,-1854,1,0,11
2023-09-12,4호선,명동,34474,36328,-1854,1,0,12
2023-09-12,4호선,명동,34474,36328,-1854,1,0,13
2023-09-12,4호선,명동,34474,36328,-1854,1,0,14
2023-09-12,4호선,명동,34474,36328,-1854,1,0,15
2023-09-12,4호선,명동,34474,36328,-1854,1,0,16
2023-09-12,4호선,명동,34474,36328,-1854,1,0,17
2023-09-12,4호선,명동,34474,36328,-1854,1,0,18
2023-09-12,4호선,명동,34474,36328,-1854,1,0,19
2023-09-12,4호선,명동,34474,36328,-1854,1,0,20
2023-09-12,4호선,명동,34474,36328,-1854,1,0,21
2023-09-12,4호선,명동,34474,36328,-1854,1,0,22
2023-09-12,4호선,명동,34474,36328,-1854,1,0,23
2023-09-13,4호선,명동,33922,36048,-2126,2,0,00
2023-09-13,4호선,명동,33922,36048,-2126,2,0,01
2023-09-13,4호선,명동,33922,36048,-2126,2,0,02
2023-09-13,4호선,명동,33922,36048,-2126,2,0,03
2023-09-13,4호선,명동,33922,36048,-2126,2,0,04
2023-09-13,4호선,명동,33922,36048,-2126,2,0,05
2023-09-13,4호선,명동,33922,36048,-2126,2,0,06
2023-09-13,4호선,명동,33922,36048,-2126,2,0,07
2023-09-13,4호선,명동,33922,36048,-2126,2,0,08
2023-09-13,4호선,명동,33922,36048,-2126,2,0,09
2023-09-13,4호선,명동,33922,36048,-2126,2,0,10
2023-09-13,4호선,명동,33922,36048,-2126,2,0,11
2023-09-13,4호선,명동,33922,36048,-2126,2,0,12
2023-09-13,4호선,명동,33922,36048,-2126,2,0,13
2023-09-13,4호선,명동,33922,36048,-2126,2,0,14
2023-09-13,4호선,명동,33922,36048,-2126,2,0,15
2023-09-13,4호선,명동,33922,36048,-2126,2,0,16
2023-09-13,4호선,명동,33922,36048,-2126,2,0,17
2023-09-13,4호선,명동,33922,36048,-2126,2,0,18
2023-09-13,4호선,명동,33922,36048,-2126,2,0,19
2023-09-13,4호선,명동,33922,36048,-2126,2,0,20
2023-09-13,4호선,명동,33922,36048,-2126,2,0,21
2023-09-13,4호선,명동,33922,36048,-2126,2,0,22
2023-09-13,4호선,명동,33922,36048,-2126,2,0,23
2023-09-14,4호선,명동,35387,37420,-2033,3,0,00
2023-09-14,4호선,명동,35387,37420,-2033,3,0,01
2023-09-14,4호선,명동,35387,37420,-2033,3,0,02
2023-09-14,4호선,명동,35387,37420,-2033,3,0,03
2023-09-14,4호선,명동,35387,37420,-2033,3,0,04
2023-09-14,4호선,명동,35387,37420,-2033,3,0,05
2023-09-14,4호선,명동,35387,37420,-2033,3,0,06
2023-09-14,4호선,명동,35387,37420,-2033,3,0,07
2023-09-14,4호선,명동,35387,37420,-2033,3,0,08
2023-09-14,4호선,명동,35387,37420,-2033,3,0,09
2023-09-14,4호선,명동,35387,37420,-2033,3,0,10
2023-09-14,4호선,명동,35387,37420,-2033,3,0,11
2023-09-14,4호선,명동,35387,37420,-2033,3,0,12
2023-09-14,4호선,명동,35387,37420,-2033,3,0,13
2023-09-14,4호선,명동,35387,37420,-2033,3,0,14
2023-09-14,4호선,명동,35387,37420,-2033,3,0,15
2023-09-14,4호선,명동,35387,37420,-2033,3,0,16
2023-09-14,4호선,명동,35387,37420,-2033,3,0,17
2023-09-14,4호선,명동,35387,37420,-2033,3,0,18
2023-09-14,4호선,명동,35387,37420,-2033,3,0,19
2023-09-14,4호선,명동,35387,37420,-2033,3,0,20
2023-09-14,4호선,명동,35387,37420,-2033,3,0,21
2023-09-14,4호선,명동,35387,37420,-2033,3,0,22
2023-09-14,4호선,명동,35387,37420,-2033,3,0,23
2023-09-15,4호선,명동,35471,37151,-1680,4,0,00
2023-09-15,4호선,명동,35471,37151,-1680,4,0,01
2023-09-15,4호선,명동,35471,37151,-1680,4,0,02
2023-09-15,4호선,명동,35471,37151,-1680,4,0,03
2023-09-15,4호선,명동,35471,37151,-1680,4,0,04
2023-09-15,4호선,명동,35471,37151,-1680,4,0,05
2023-09-15,4호선,명동,35471,37151,-1680,4,0,06
2023-09-15,4호선,명동,35471,37151,-1680,4,0,07
2023-09-15,4호선,명동,35471,37151,-1680,4,0,08
2023-09-15,4호선,명동,35471,37151,-1680,4,0,09
2023-09-15,4호선,명동,35471,37151,-1680,4,0,10
2023-09-15,4호선,명동,35471,37151,-1680,4,0,11
2023-09-15,4호선,명동,35471,37151,-1680,4,0,12
2023-09-15,4호선,명동,35471,37151,-1680,4,0,13
2023-09-15,4호선,명동,35471,37151,-1680,4,0,14
2023-09-15,4호선,명동,35471,37151,-1680,4,0,15
2023-09-15,4호선,명동,35471,37151,-1680,4,0,16
2023-09-15,4호선,명동,35471,37151,-1680,4,0,17
2023-09-15,4호선,명동,35471,37151,-1680,4,0,18
2023-09-15,4호선,명동,35471,37151,-1680,4,0,19
2023-09-15,4호선,명동,35471,37151,-1680,4,0,20
2023-09-15,4호선,명동,35471,37151,-1680,4,0,21
2023-09-15,4호선,명동,35471,37151,-1680,4,0,22
2023-09-15,4호선,명동,35471,37151,-1680,4,0,23
2023-09-16,4호선,명동,31766,35134,-3368,5,1,00
2023-09-16,4호선,명동,31766,35134,-3368,5,1,01
2023-09-16,4호선,명동,31766,35134,-3368,5,1,02
2023-09-16,4호선,명동,31766,35134,-3368,5,1,03
2023-09-16,4호선,명동,31766,35134,-3368,5,1,04
2023-09-16,4호선,명동,31766,35134,-3368,5,1,05
2023-09-16,4호선,명동,31766,35134,-3368,5,1,06
2023-09-16,4호선,명동,31766,35134,-3368,5,1,07
2023-09-16,4호선,명동,31766,35134,-3368,5,1,08
2023-09-16,4호선,명동,31766,35134,-3368,5,1,09
2023-09-16,4호선,명동,31766,35134,-3368,5,1,10
2023-09-16,4호선,명동,31766,35134,-3368,5,1,11
2023-09-16,4호선,명동,31766,35134,-3368,5,1,12
2023-09-16,4호선,명동,31766,35134,-3368,5,1,13
2023-09-16,4호선,명동,31766,35134,-3368,5,1,14
2023-09-16,4호선,명동,31766,35134,-3368,5,1,15
2023-09-16,4호선,명동,31766,35134,-3368,5,1,16
2023-09-16,4호선,명동,31766,35134,-3368,5,1,17
2023-09-16,4호선,명동,31766,35134,-3368,5,1,18
2023-09-16,4호선,명동,31766,35134,-3368,5,1,19
2023-09-16,4호선,명동,31766,35134,-3368,5,1,20
2023-09-16,4호선,명동,31766,35134,-3368,5,1,21
2023-09-16,4호선,명동,31766,35134,-3368,5,1,22
2023-09-16,4호선,명동,31766,35134,-3368,5,1,23
2023-09-17,4호선,명동,28227,30802,-2575,6,1,00
2023-09-17,4호선,명동,28227,30802,-2575,6,1,01
2023-09-17,4호선,명동,28227,30802,-2575,6,1,02
2023-09-17,4호선,명동,28227,30802,-2575,6,1,03
2023-09-17,4호선,명동,28227,30802,-2575,6,1,04
2023-09-17,4호선,명동,28227,30802,-2575,6,1,05
2023-09-17,4호선,명동,28227,30802,-2575,6,1,06
2023-09-17,4호선,명동,28227,30802,-2575,6,1,07
2023-09-17,4호선,명동,28227,30802,-2575,6,1,08
2023-09-17,4호선,명동,28227,30802,-2575,6,1,09
2023-09-17,4호선,명동,28227,30802,-2575,6,1,10
2023-09-17,4호선,명동,28227,30802,-2575,6,1,11
2023-09-17,4호선,명동,28227,30802,-2575,6,1,12
2023-09-17,4호선,명동,28227,30802,-2575,6,1,13
2023-09-17,4호선,명동,28227,30802,-2575,6,1,14
2023-09-17,4호선,명동,28227,30802,-2575,6,1,15
2023-09-17,4호선,명동,28227,30802,-2575,6,1,16
2023-09-17,4호선,명동,28227,30802,-2575,6,1,17
2023-09-17,4호선,명동,28227,30802,-2575,6,1,18
2023-09-17,4호선,명동,28227,30802,-2575,6,1,19
2023-09-17,4호선,명동,28227,30802,-2575,6,1,20
2023-09-17,4호선,명동,28227,30802,-2575,6,1,21
2023-09-17,4호선,명동,28227,30802,-2575,6,1,22
2023-09-17,4호선,명동,28227,30802,-2575,6,1,23
2023-09-18,4호선,명동,35642,37683,-2041,0,0,00
2023-09-18,4호선,명동,35642,37683,-2041,0,0,01
2023-09-18,4호선,명동,35642,37683,-2041,0,0,02
2023-09-18,4호선,명동,35642,37683,-2041,0,0,03
2023-09-18,4호선,명동,35642,37683,-2041,0,0,04
2023-09-18,4호선,명동,35642,37683,-2041,0,0,05
2023-09-18,4호선,명동,35642,37683,-2041,0,0,06
2023-09-18,4호선,명동,35642,37683,-2041,0,0,07
2023-09-18,4호선,명동,35642,37683,-2041,0,0,08
2023-09-18,4호선,명동,35642,37683,-2041,0,0,09
2023-09-18,4호선,명동,35642,37683,-2041,0,0,10
2023-09-18,4호선,명동,35642,37683,-2041,0,0,11
2023-09-18,4호선,명동,35642,37683,-2041,0,0,12
2023-09-18,4호선,명동,35642,37683,-2041,0,0,13
2023-09-18,4호선,명동,35642,37683,-2041,0,0,14
2023-09-18,4호선,명동,35642,37683,-2041,0,0,15
2023-09-18,4호선,명동,35642,37683,-2041,0,0,16
2023-09-18,4호선,명동,35642,37683,-2041,0,0,17
2023-09-18,4호선,명동,35642,37683,-2041,0,0,18
2023-09-18,4호선,명동,35642,37683,-2041,0,0,19
2023-09-18,4호선,명동,35642,37683,-2041,0,0,20
2023-09-18,4호선,명동,35642,37683,-2041,0,0,21
2023-09-18,4호선,명동,35642,37683,-2041,0,0,22
2023-09-18,4호선,명동,35642,37683,-2041,0,0,23
2023-09-19,4호선,명동,35038,37153,-2115,1,0,00
2023-09-19,4호선,명동,35038,37153,-2115,1,0,01
2023-09-19,4호선,명동,35038,37153,-2115,1,0,02
2023-09-19,4호선,명동,35038,37153,-2115,1,0,03
2023-09-19,4호선,명동,35038,37153,-2115,1,0,04
2023-09-19,4호선,명동,35038,37153,-2115,1,0,05
2023-09-19,4호선,명동,35038,37153,-2115,1,0,06
2023-09-19,4호선,명동,35038,37153,-2115,1,0,07
2023-09-19,4호선,명동,35038,37153,-2115,1,0,08
2023-09-19,4호선,명동,35038,37153,-2115,1,0,09
2023-09-19,4호선,명동,35038,37153,-2115,1,0,10
2023-09-19,4호선,명동,35038,37153,-2115,1,0,11
2023-09-19,4호선,명동,35038,37153,-2115,1,0,12
2023-09-19,4호선,명동,35038,37153,-2115,1,0,13
2023-09-19,4호선,명동,35038,37153,-2115,1,0,14
2023-09-19,4호선,명동,35038,37153,-2115,1,0,15
2023-09-19,4호선,명동,35038,37153,-2115,1,0,16
2023-09-19,4호선,명동,35038,37153,-2115,1,0,17
2023-09-19,4호선,명동,35038,37153,-2115,1,0,18
2023-09-19,4호선,명동,35038,37153,-2115,1,0,19
2023-09-19,4호선,명동,35038,37153,-2115,1,0,20
2023-09-19,4호선,명동,35038,37153,-2115,1,0,21
2023-09-19,4호선,명동,35038,37153,-2115,1,0,22
2023-09-19,4호선,명동,35038,37153,-2115,1,0,23
2023-09-20,4호선,명동,33782,35903,-2121,2,0,00
2023-09-20,4호선,명동,33782,35903,-2121,2,0,01
2023-09-20,4호선,명동,33782,35903,-2121,2,0,02
2023-09-20,4호선,명동,33782,35903,-2121,2,0,03
2023-09-20,4호선,명동,33782,35903,-2121,2,0,04
2023-09-20,4호선,명동,33782,35903,-2121,2,0,05
2023-09-20,4호선,명동,33782,35903,-2121,2,0,06
2023-09-20,4호선,명동,33782,35903,-2121,2,0,07
2023-09-20,4호선,명동,33782,35903,-2121,2,0,08
2023-09-20,4호선,명동,33782,35903,-2121,2,0,09
2023-09-20,4호선,명동,33782,35903,-2121,2,0,10
2023-09-20,4호선,명동,33782,35903,-2121,2,0,11
2023-09-20,4호선,명동,33782,35903,-2121,2,0,12
2023-09-20,4호선,명동,33782,35903,-2121,2,0,13
2023-09-20,4호선,명동,33782,35903,-2121,2,0,14
2023-09-20,4호선,명동,33782,35903,-2121,2,0,15
2023-09-20,4호선,명동,33782,35903,-2121,2,0,16
2023-09-20,4호선,명동,33782,35903,-2121,2,0,17
2023-09-20,4호선,명동,33782,35903,-2121,2,0,18
2023-09-20,4호선,명동,33782,35903,-2121,2,0,19
2023-09-20,4호선,명동,33782,35903,-2121,2,0,20
2023-09-20,4호선,명동,33782,35903,-2121,2,0,21
2023-09-20,4호선,명동,33782,35903,-2121,2,0,22
2023-09-20,4호선,명동,33782,35903,-2121,2,0,23
2023-09-21,4호선,명동,35843,37822,-1979,3,0,00
2023-09-21,4호선,명동,35843,37822,-1979,3,0,01
2023-09-21,4호선,명동,35843,37822,-1979,3,0,02
2023-09-21,4호선,명동,35843,37822,-1979,3,0,03
2023-09-21,4호선,명동,35843,37822,-1979,3,0,04
2023-09-21,4호선,명동,35843,37822,-1979,3,0,05
2023-09-21,4호선,명동,35843,37822,-1979,3,0,06
2023-09-21,4호선,명동,35843,37822,-1979,3,0,07
2023-09-21,4호선,명동,35843,37822,-1979,3,0,08
2023-09-21,4호선,명동,35843,37822,-1979,3,0,09
2023-09-21,4호선,명동,35843,37822,-1979,3,0,10
2023-09-21,4호선,명동,35843,37822,-1979,3,0,11
2023-09-21,4호선,명동,35843,37822,-1979,3,0,12
2023-09-21,4호선,명동,35843,37822,-1979,3,0,13
2023-09-21,4호선,명동,35843,37822,-1979,3,0,14
2023-09-21,4호선,명동,35843,37822,-1979,3,0,15
2023-09-21,4호선,명동,35843,37822,-1979,3,0,16
2023-09-21,4호선,명동,35843,37822,-1979,3,0,17
2023-09-21,4호선,명동,35843,37822,-1979,3,0,18
2023-09-21,4호선,명동,35843,37822,-1979,3,0,19
2023-09-21,4호선,명동,35843,37822,-1979,3,0,20
2023-09-21,4호선,명동,35843,37822,-1979,3,0,21
2023-09-21,4호선,명동,35843,37822,-1979,3,0,22
2023-09-21,4호선,명동,35843,37822,-1979,3,0,23
2023-09-22,4호선,명동,36205,38735,-2530,4,0,00
2023-09-22,4호선,명동,36205,38735,-2530,4,0,01
2023-09-22,4호선,명동,36205,38735,-2530,4,0,02
2023-09-22,4호선,명동,36205,38735,-2530,4,0,03
2023-09-22,4호선,명동,36205,38735,-2530,4,0,04
2023-09-22,4호선,명동,36205,38735,-2530,4,0,05
2023-09-22,4호선,명동,36205,38735,-2530,4,0,06
2023-09-22,4호선,명동,36205,38735,-2530,4,0,07
2023-09-22,4호선,명동,36205,38735,-2530,4,0,08
2023-09-22,4호선,명동,36205,38735,-2530,4,0,09
2023-09-22,4호선,명동,36205,38735,-2530,4,0,10
2023-09-22,4호선,명동,36205,38735,-2530,4,0,11
2023-09-22,4호선,명동,36205,38735,-2530,4,0,12
2023-09-22,4호선,명동,36205,38735,-2530,4,0,13
2023-09-22,4호선,명동,36205,38735,-2530,4,0,14
2023-09-22,4호선,명동,36205,38735,-2530,4,0,15
2023-09-22,4호선,명동,36205,38735,-2530,4,0,16
2023-09-22,4호선,명동,36205,38735,-2530,4,0,17
2023-09-22,4호선,명동,36205,38735,-2530,4,0,18
2023-09-22,4호선,명동,36205,38735,-2530,4,0,19
2023-09-22,4호선,명동,36205,38735,-2530,4,0,20
2023-09-22,4호선,명동,36205,38735,-2530,4,0,21
2023-09-22,4호선,명동,36205,38735,-2530,4,0,22
2023-09-22,4호선,명동,36205,38735,-2530,4,0,23
2023-09-23,4호선,명동,32071,35430,-3359,5,1,00
2023-09-23,4호선,명동,32071,35430,-3359,5,1,01
2023-09-23,4호선,명동,32071,35430,-3359,5,1,02
2023-09-23,4호선,명동,32071,35430,-3359,5,1,03
2023-09-23,4호선,명동,32071,35430,-3359,5,1,04
2023-09-23,4호선,명동,32071,35430,-3359,5,1,05
2023-09-23,4호선,명동,32071,35430,-3359,5,1,06
2023-09-23,4호선,명동,32071,35430,-3359,5,1,07
2023-09-23,4호선,명동,32071,35430,-3359,5,1,08
2023-09-23,4호선,명동,32071,35430,-3359,5,1,09
2023-09-23,4호선,명동,32071,35430,-3359,5,1,10
2023-09-23,4호선,명동,32071,35430,-3359,5,1,11
2023-09-23,4호선,명동,32071,35430,-3359,5,1,12
2023-09-23,4호선,명동,32071,35430,-3359,5,1,13
2023-09-23,4호선,명동,32071,35430,-3359,5,1,14
2023-09-23,4호선,명동,32071,35430,-3359,5,1,15
2023-09-23,4호선,명동,32071,35430,-3359,5,1,16
2023-09-23,4호선,명동,32071,35430,-3359,5,1,17
2023-09-23,4호선,명동,32071,35430,-3359,5,1,18
2023-09-23,4호선,명동,32071,35430,-3359,5,1,19
2023-09-23,4호선,명동,32071,35430,-3359,5,1,20
2023-09-23,4호선,명동,32071,35430,-3359,5,1,21
2023-09-23,4호선,명동,32071,35430,-3359,5,1,22
2023-09-23,4호선,명동,32071,35430,-3359,5,1,23
2023-09-24,4호선,명동,26058,28232,-2174,6,1,00
2023-09-24,4호선,명동,26058,28232,-2174,6,1,01
2023-09-24,4호선,명동,26058,28232,-2174,6,1,02
2023-09-24,4호선,명동,26058,28232,-2174,6,1,03
2023-09-24,4호선,명동,26058,28232,-2174,6,1,04
2023-09-24,4호선,명동,26058,28232,-2174,6,1,05
2023-09-24,4호선,명동,26058,28232,-2174,6,1,06
2023-09-24,4호선,명동,26058,28232,-2174,6,1,07
2023-09-24,4호선,명동,26058,28232,-2174,6,1,08
2023-09-24,4호선,명동,26058,28232,-2174,6,1,09
2023-09-24,4호선,명동,26058,28232,-2174,6,1,10
2023-09-24,4호선,명동,26058,28232,-2174,6,1,11
2023-09-24,4호선,명동,26058,28232,-2174,6,1,12
2023-09-24,4호선,명동,26058,28232,-2174,6,1,13
2023-09-24,4호선,명동,26058,28232,-2174,6,1,14
2023-09-24,4호선,명동,26058,28232,-2174,6,1,15
2023-09-24,4호선,명동,26058,28232,-2174,6,1,16
2023-09-24,4호선,명동,26058,28232,-2174,6,1,17
2023-09-24,4호선,명동,26058,28232,-2174,6,1,18
2023-09-24,4호선,명동,26058,28232,-2174,6,1,19
2023-09-24,4호선,명동,26058,28232,-2174,6,1,20
2023-09-24,4호선,명동,26058,28232,-2174,6,1,21
2023-09-24,4호선,명동,26058,28232,-2174,6,1,22
2023-09-24,4호선,명동,26058,28232,-2174,6,1,23
2023-09-25,4호선,명동,31818,33005,-1187,0,0,00
2023-09-25,4호선,명동,31818,33005,-1187,0,0,01
2023-09-25,4호선,명동,31818,33005,-1187,0,0,02
2023-09-25,4호선,명동,31818,33005,-1187,0,0,03
2023-09-25,4호선,명동,31818,33005,-1187,0,0,04
2023-09-25,4호선,명동,31818,33005,-1187,0,0,05
2023-09-25,4호선,명동,31818,33005,-1187,0,0,06
2023-09-25,4호선,명동,31818,33005,-1187,0,0,07
2023-09-25,4호선,명동,31818,33005,-1187,0,0,08
2023-09-25,4호선,명동,31818,33005,-1187,0,0,09
2023-09-25,4호선,명동,31818,33005,-1187,0,0,10
2023-09-25,4호선,명동,31818,33005,-1187,0,0,11
2023-09-25,4호선,명동,31818,33005,-1187,0,0,12
2023-09-25,4호선,명동,31818,33005,-1187,0,0,13
2023-09-25,4호선,명동,31818,33005,-1187,0,0,14
2023-09-25,4호선,명동,31818,33005,-1187,0,0,15
2023-09-25,4호선,명동,31818,33005,-1187,0,0,16
2023-09-25,4호선,명동,31818,33005,-1187,0,0,17
2023-09-25,4호선,명동,31818,33005,-1187,0,0,18
2023-09-25,4호선,명동,31818,33005,-1187,0,0,19
2023-09-25,4호선,명동,31818,33005,-1187,0,0,20
2023-09-25,4호선,명동,31818,33005,-1187,0,0,21
2023-09-25,4호선,명동,31818,33005,-1187,0,0,22
2023-09-25,4호선,명동,31818,33005,-1187,0,0,23
2023-09-26,4호선,명동,30499,31185,-686,1,0,00
2023-09-26,4호선,명동,30499,31185,-686,1,0,01
2023-09-26,4호선,명동,30499,31185,-686,1,0,02
2023-09-26,4호선,명동,30499,31185,-686,1,0,03
2023-09-26,4호선,명동,30499,31185,-686,1,0,04
2023-09-26,4호선,명동,30499,31185,-686,1,0,05
2023-09-26,4호선,명동,30499,31185,-686,1,0,06
2023-09-26,4호선,명동,30499,31185,-686,1,0,07
2023-09-26,4호선,명동,30499,31185,-686,1,0,08
2023-09-26,4호선,명동,30499,31185,-686,1,0,09
2023-09-26,4호선,명동,30499,31185,-686,1,0,10
2023-09-26,4호선,명동,30499,31185,-686,1,0,11
2023-09-26,4호선,명동,30499,31185,-686,1,0,12
2023-09-26,4호선,명동,30499,31185,-686,1,0,13
2023-09-26,4호선,명동,30499,31185,-686,1,0,14
2023-09-26,4호선,명동,30499,31185,-686,1,0,15
2023-09-26,4호선,명동,30499,31185,-686,1,0,16
2023-09-26,4호선,명동,30499,31185,-686,1,0,17
2023-09-26,4호선,명동,30499,31185,-686,1,0,18
2023-09-26,4호선,명동,30499,31185,-686,1,0,19
2023-09-26,4호선,명동,30499,31185,-686,1,0,20
2023-09-26,4호선,명동,30499,31185,-686,1,0,21
2023-09-26,4호선,명동,30499,31185,-686,1,0,22
2023-09-26,4호선,명동,30499,31185,-686,1,0,23
2023-09-27,4호선,명동,29693,32023,-2330,2,0,00
2023-09-27,4호선,명동,29693,32023,-2330,2,0,01
2023-09-27,4호선,명동,29693,32023,-2330,2,0,02
2023-09-27,4호선,명동,29693,32023,-2330,2,0,03
2023-09-27,4호선,명동,29693,32023,-2330,2,0,04
2023-09-27,4호선,명동,29693,32023,-2330,2,0,05
2023-09-27,4호선,명동,29693,32023,-2330,2,0,06
2023-09-27,4호선,명동,29693,32023,-2330,2,0,07
2023-09-27,4호선,명동,29693,32023,-2330,2,0,08
2023-09-27,4호선,명동,29693,32023,-2330,2,0,09
2023-09-27,4호선,명동,29693,32023,-2330,2,0,10
2023-09-27,4호선,명동,29693,32023,-2330,2,0,11
2023-09-27,4호선,명동,29693,32023,-2330,2,0,12
2023-09-27,4호선,명동,29693,32023,-2330,2,0,13
2023-09-27,4호선,명동,29693,32023,-2330,2,0,14
2023-09-27,4호선,명동,29693,32023,-2330,2,0,15
2023-09-27,4호선,명동,29693,32023,-2330,2,0,16
2023-09-27,4호선,명동,29693,32023,-2330,2,0,17
2023-09-27,4호선,명동,29693,32023,-2330,2,0,18
2023-09-27,4호선,명동,29693,32023,-2330,2,0,19
2023-09-27,4호선,명동,29693,32023,-2330,2,0,20
2023-09-27,4호선,명동,29693,32023,-2330,2,0,21
2023-09-27,4호선,명동,29693,32023,-2330,2,0,22
2023-09-27,4호선,명동,29693,32023,-2330,2,0,23
2023-09-28,4호선,명동,22254,26403,-4149,3,1,00
2023-09-28,4호선,명동,22254,26403,-4149,3,1,01
2023-09-28,4호선,명동,22254,26403,-4149,3,1,02
2023-09-28,4호선,명동,22254,26403,-4149,3,1,03
2023-09-28,4호선,명동,22254,26403,-4149,3,1,04
2023-09-28,4호선,명동,22254,26403,-4149,3,1,05
2023-09-28,4호선,명동,22254,26403,-4149,3,1,06
2023-09-28,4호선,명동,22254,26403,-4149,3,1,07
2023-09-28,4호선,명동,22254,26403,-4149,3,1,08
2023-09-28,4호선,명동,22254,26403,-4149,3,1,09
2023-09-28,4호선,명동,22254,26403,-4149,3,1,10
2023-09-28,4호선,명동,22254,26403,-4149,3,1,11
2023-09-28,4호선,명동,22254,26403,-4149,3,1,12
2023-09-28,4호선,명동,22254,26403,-4149,3,1,13
2023-09-28,4호선,명동,22254,26403,-4149,3,1,14
2023-09-28,4호선,명동,22254,26403,-4149,3,1,15
2023-09-28,4호선,명동,22254,26403,-4149,3,1,16
2023-09-28,4호선,명동,22254,26403,-4149,3,1,17
2023-09-28,4호선,명동,22254,26403,-4149,3,1,18
2023-09-28,4호선,명동,22254,26403,-4149,3,1,19
2023-09-28,4호선,명동,22254,26403,-4149,3,1,20
2023-09-28,4호선,명동,22254,26403,-4149,3,1,21
2023-09-28,4호선,명동,22254,26403,-4149,3,1,22
2023-09-28,4호선,명동,22254,26403,-4149,3,1,23
2023-09-29,4호선,명동,27646,31587,-3941,4,1,00
2023-09-29,4호선,명동,27646,31587,-3941,4,1,01
2023-09-29,4호선,명동,27646,31587,-3941,4,1,02
2023-09-29,4호선,명동,27646,31587,-3941,4,1,03
2023-09-29,4호선,명동,27646,31587,-3941,4,1,04
2023-09-29,4호선,명동,27646,31587,-3941,4,1,05
2023-09-29,4호선,명동,27646,31587,-3941,4,1,06
2023-09-29,4호선,명동,27646,31587,-3941,4,1,07
2023-09-29,4호선,명동,27646,31587,-3941,4,1,08
2023-09-29,4호선,명동,27646,31587,-3941,4,1,09
2023-09-29,4호선,명동,27646,31587,-3941,4,1,10
2023-09-29,4호선,명동,27646,31587,-3941,4,1,11
2023-09-29,4호선,명동,27646,31587,-3941,4,1,12
2023-09-29,4호선,명동,27646,31587,-3941,4,1,13
2023-09-29,4호선,명동,27646,31587,-3941,4,1,14
2023-09-29,4호선,명동,27646,31587,-3941,4,1,15
2023-09-29,4호선,명동,27646,31587,-3941,4,1,16
2023-09-29,4호선,명동,27646,31587,-3941,4,1,17
2023-09-29,4호선,명동,27646,31587,-3941,4,1,18
2023-09-29,4호선,명동,27646,31587,-3941,4,1,19
2023-09-29,4호선,명동,27646,31587,-3941,4,1,20
2023-09-29,4호선,명동,27646,31587,-3941,4,1,21
2023-09-29,4호선,명동,27646,31587,-3941,4,1,22
2023-09-29,4호선,명동,27646,31587,-3941,4,1,23
2023-09-30,4호선,명동,29741,33570,-3829,5,1,00
2023-09-30,4호선,명동,29741,33570,-3829,5,1,01
2023-09-30,4호선,명동,29741,33570,-3829,5,1,02
2023-09-30,4호선,명동,29741,33570,-3829,5,1,03
2023-09-30,4호선,명동,29741,33570,-3829,5,1,04
2023-09-30,4호선,명동,29741,33570,-3829,5,1,05
2023-09-30,4호선,명동,29741,33570,-3829,5,1,06
2023-09-30,4호선,명동,29741,33570,-3829,5,1,07
2023-09-30,4호선,명동,29741,33570,-3829,5,1,08
2023-09-30,4호선,명동,29741,33570,-3829,5,1,09
2023-09-30,4호선,명동,29741,33570,-3829,5,1,10
2023-09-30,4호선,명동,29741,33570,-3829,5,1,11
2023-09-30,4호선,명동,29741,33570,-3829,5,1,12
2023-09-30,4호선,명동,29741,33570,-3829,5,1,13
2023-09-30,4호선,명동,29741,33570,-3829,5,1,14
2023-09-30,4호선,명동,29741,33570,-3829,5,1,15
2023-09-30,4호선,명동,29741,33570,-3829,5,1,16
2023-09-30,4호선,명동,29741,33570,-3829,5,1,17
2023-09-30,4호선,명동,29741,33570,-3829,5,1,18
2023-09-30,4호선,명동,29741,33570,-3829,5,1,19
2023-09-30,4호선,명동,29741,33570,-3829,5,1,20
2023-09-30,4호선,명동,29741,33570,-3829,5,1,21
2023-09-30,4호선,명동,29741,33570,-3829,5,1,22
2023-09-30,4호선,명동,29741,33570,-3829,5,1,23
2023-10-01,4호선,명동,30572,34324,-3752,6,1,00
2023-10-01,4호선,명동,30572,34324,-3752,6,1,01
2023-10-01,4호선,명동,30572,34324,-3752,6,1,02
2023-10-01,4호선,명동,30572,34324,-3752,6,1,03
2023-10-01,4호선,명동,30572,34324,-3752,6,1,04
2023-10-01,4호선,명동,30572,34324,-3752,6,1,05
2023-10-01,4호선,명동,30572,34324,-3752,6,1,06
2023-10-01,4호선,명동,30572,34324,-3752,6,1,07
2023-10-01,4호선,명동,30572,34324,-3752,6,1,08
2023-10-01,4호선,명동,30572,34324,-3752,6,1,09
2023-10-01,4호선,명동,30572,34324,-3752,6,1,10
2023-10-01,4호선,명동,30572,34324,-3752,6,1,11
2023-10-01,4호선,명동,30572,34324,-3752,6,1,12
2023-10-01,4호선,명동,30572,34324,-3752,6,1,13
2023-10-01,4호선,명동,30572,34324,-3752,6,1,14
2023-10-01,4호선,명동,30572,34324,-3752,6,1,15
2023-10-01,4호선,명동,30572,34324,-3752,6,1,16
2023-10-01,4호선,명동,30572,34324,-3752,6,1,17
2023-10-01,4호선,명동,30572,34324,-3752,6,1,18
2023-10-01,4호선,명동,30572,34324,-3752,6,1,19
2023-10-01,4호선,명동,30572,34324,-3752,6,1,20
2023-10-01,4호선,명동,30572,34324,-3752,6,1,21
2023-10-01,4호선,명동,30572,34324,-3752,6,1,22
2023-10-01,4호선,명동,30572,34324,-3752,6,1,23
2023-10-02,4호선,명동,28052,31024,-2972,0,0,00
2023-10-02,4호선,명동,28052,31024,-2972,0,0,01
2023-10-02,4호선,명동,28052,31024,-2972,0,0,02
2023-10-02,4호선,명동,28052,31024,-2972,0,0,03
2023-10-02,4호선,명동,28052,31024,-2972,0,0,04
2023-10-02,4호선,명동,28052,31024,-2972,0,0,05
2023-10-02,4호선,명동,28052,31024,-2972,0,0,06
2023-10-02,4호선,명동,28052,31024,-2972,0,0,07
2023-10-02,4호선,명동,28052,31024,-2972,0,0,08
2023-10-02,4호선,명동,28052,31024,-2972,0,0,09
2023-10-02,4호선,명동,28052,31024,-2972,0,0,10
2023-10-02,4호선,명동,28052,31024,-2972,0,0,11
2023-10-02,4호선,명동,28052,31024,-2972,0,0,12
2023-10-02,4호선,명동,28052,31024,-2972,0,0,13
2023-10-02,4호선,명동,28052,31024,-2972,0,0,14
2023-10-02,4호선,명동,28052,31024,-2972,0,0,15
2023-10-02,4호선,명동,28052,31024,-2972,0,0,16
2023-10-02,4호선,명동,28052,31024,-2972,0,0,17
2023-10-02,4호선,명동,28052,31024,-2972,0,0,18
2023-10-02,4호선,명동,28052,31024,-2972,0,0,19
2023-10-02,4호선,명동,28052,31024,-2972,0,0,20
2023-10-02,4호선,명동,28052,31024,-2972,0,0,21
2023-10-02,4호선,명동,28052,31024,-2972,0,0,22
2023-10-02,4호선,명동,28052,31024,-2972,0,0,23
2023-10-03,4호선,명동,20951,21870,-919,1,1,00
2023-10-03,4호선,명동,20951,21870,-919,1,1,01
2023-10-03,4호선,명동,20951,21870,-919,1,1,02
2023-10-03,4호선,명동,20951,21870,-919,1,1,03
2023-10-03,4호선,명동,20951,21870,-919,1,1,04
2023-10-03,4호선,명동,20951,21870,-919,1,1,05
2023-10-03,4호선,명동,20951,21870,-919,1,1,06
2023-10-03,4호선,명동,20951,21870,-919,1,1,07
2023-10-03,4호선,명동,20951,21870,-919,1,1,08
2023-10-03,4호선,명동,20951,21870,-919,1,1,09
2023-10-03,4호선,명동,20951,21870,-919,1,1,10
2023-10-03,4호선,명동,20951,21870,-919,1,1,11
2023-10-03,4호선,명동,20951,21870,-919,1,1,12
2023-10-03,4호선,명동,20951,21870,-919,1,1,13
2023-10-03,4호선,명동,20951,21870,-919,1,1,14
2023-10-03,4호선,명동,20951,21870,-919,1,1,15
2023-10-03,4호선,명동,20951,21870,-919,1,1,16
2023-10-03,4호선,명동,20951,21870,-919,1,1,17
2023-10-03,4호선,명동,20951,21870,-919,1,1,18
2023-10-03,4호선,명동,20951,21870,-919,1,1,19
2023-10-03,4호선,명동,20951,21870,-919,1,1,20
2023-10-03,4호선,명동,20951,21870,-919,1,1,21
2023-10-03,4호선,명동,20951,21870,-919,1,1,22
2023-10-03,4호선,명동,20951,21870,-919,1,1,23
2023-10-04,4호선,명동,29147,31431,-2284,2,0,00
2023-10-04,4호선,명동,29147,31431,-2284,2,0,01
2023-10-04,4호선,명동,29147,31431,-2284,2,0,02
2023-10-04,4호선,명동,29147,31431,-2284,2,0,03
2023-10-04,4호선,명동,29147,31431,-2284,2,0,04
2023-10-04,4호선,명동,29147,31431,-2284,2,0,05
2023-10-04,4호선,명동,29147,31431,-2284,2,0,06
2023-10-04,4호선,명동,29147,31431,-2284,2,0,07
2023-10-04,4호선,명동,29147,31431,-2284,2,0,08
2023-10-04,4호선,명동,29147,31431,-2284,2,0,09
2023-10-04,4호선,명동,29147,31431,-2284,2,0,10
2023-10-04,4호선,명동,29147,31431,-2284,2,0,11
2023-10-04,4호선,명동,29147,31431,-2284,2,0,12
2023-10-04,4호선,명동,29147,31431,-2284,2,0,13
2023-10-04,4호선,명동,29147,31431,-2284,2,0,14
2023-10-04,4호선,명동,29147,31431,-2284,2,0,15
2023-10-04,4호선,명동,29147,31431,-2284,2,0,16
2023-10-04,4호선,명동,29147,31431,-2284,2,0,17
2023-10-04,4호선,명동,29147,31431,-2284,2,0,18
2023-10-04,4호선,명동,29147,31431,-2284,2,0,19
2023-10-04,4호선,명동,29147,31431,-2284,2,0,20
2023-10-04,4호선,명동,29147,31431,-2284,2,0,21
2023-10-04,4호선,명동,29147,31431,-2284,2,0,22
2023-10-04,4호선,명동,29147,31431,-2284,2,0,23
2023-10-05,4호선,명동,31054,32862,-1808,3,0,00
2023-10-05,4호선,명동,31054,32862,-1808,3,0,01
2023-10-05,4호선,명동,31054,32862,-1808,3,0,02
2023-10-05,4호선,명동,31054,32862,-1808,3,0,03
2023-10-05,4호선,명동,31054,32862,-1808,3,0,04
2023-10-05,4호선,명동,31054,32862,-1808,3,0,05
2023-10-05,4호선,명동,31054,32862,-1808,3,0,06
2023-10-05,4호선,명동,31054,32862,-1808,3,0,07
2023-10-05,4호선,명동,31054,32862,-1808,3,0,08
2023-10-05,4호선,명동,31054,32862,-1808,3,0,09
2023-10-05,4호선,명동,31054,32862,-1808,3,0,10
2023-10-05,4호선,명동,31054,32862,-1808,3,0,11
2023-10-05,4호선,명동,31054,32862,-1808,3,0,12
2023-10-05,4호선,명동,31054,32862,-1808,3,0,13
2023-10-05,4호선,명동,31054,32862,-1808,3,0,14
2023-10-05,4호선,명동,31054,32862,-1808,3,0,15
2023-10-05,4호선,명동,31054,32862,-1808,3,0,16
2023-10-05,4호선,명동,31054,32862,-1808,3,0,17
2023-10-05,4호선,명동,31054,32862,-1808,3,0,18
2023-10-05,4호선,명동,31054,32862,-1808,3,0,19
2023-10-05,4호선,명동,31054,32862,-1808,3,0,20
2023-10-05,4호선,명동,31054,32862,-1808,3,0,21
2023-10-05,4호선,명동,31054,32862,-1808,3,0,22
2023-10-05,4호선,명동,31054,32862,-1808,3,0,23
2023-10-06,4호선,명동,33699,37036,-3337,4,0,00
2023-10-06,4호선,명동,33699,37036,-3337,4,0,01
2023-10-06,4호선,명동,33699,37036,-3337,4,0,02
2023-10-06,4호선,명동,33699,37036,-3337,4,0,03
2023-10-06,4호선,명동,33699,37036,-3337,4,0,04
2023-10-06,4호선,명동,33699,37036,-3337,4,0,05
2023-10-06,4호선,명동,33699,37036,-3337,4,0,06
2023-10-06,4호선,명동,33699,37036,-3337,4,0,07
2023-10-06,4호선,명동,33699,37036,-3337,4,0,08
2023-10-06,4호선,명동,33699,37036,-3337,4,0,09
2023-10-06,4호선,명동,33699,37036,-3337,4,0,10
2023-10-06,4호선,명동,33699,37036,-3337,4,0,11
2023-10-06,4호선,명동,33699,37036,-3337,4,0,12
2023-10-06,4호선,명동,33699,37036,-3337,4,0,13
2023-10-06,4호선,명동,33699,37036,-3337,4,0,14
2023-10-06,4호선,명동,33699,37036,-3337,4,0,15
2023-10-06,4호선,명동,33699,37036,-3337,4,0,16
2023-10-06,4호선,명동,33699,37036,-3337,4,0,17
2023-10-06,4호선,명동,33699,37036,-3337,4,0,18
2023-10-06,4호선,명동,33699,37036,-3337,4,0,19
2023-10-06,4호선,명동,33699,37036,-3337,4,0,20
2023-10-06,4호선,명동,33699,37036,-3337,4,0,21
2023-10-06,4호선,명동,33699,37036,-3337,4,0,22
2023-10-06,4호선,명동,33699,37036,-3337,4,0,23
2023-10-07,4호선,명동,32845,38114,-5269,5,1,00
2023-10-07,4호선,명동,32845,38114,-5269,5,1,01
2023-10-07,4호선,명동,32845,38114,-5269,5,1,02
2023-10-07,4호선,명동,32845,38114,-5269,5,1,03
2023-10-07,4호선,명동,32845,38114,-5269,5,1,04
2023-10-07,4호선,명동,32845,38114,-5269,5,1,05
2023-10-07,4호선,명동,32845,38114,-5269,5,1,06
2023-10-07,4호선,명동,32845,38114,-5269,5,1,07
2023-10-07,4호선,명동,32845,38114,-5269,5,1,08
2023-10-07,4호선,명동,32845,38114,-5269,5,1,09
2023-10-07,4호선,명동,32845,38114,-5269,5,1,10
2023-10-07,4호선,명동,32845,38114,-5269,5,1,11
2023-10-07,4호선,명동,32845,38114,-5269,5,1,12
2023-10-07,4호선,명동,32845,38114,-5269,5,1,13
2023-10-07,4호선,명동,32845,38114,-5269,5,1,14
2023-10-07,4호선,명동,32845,38114,-5269,5,1,15
2023-10-07,4호선,명동,32845,38114,-5269,5,1,16
2023-10-07,4호선,명동,32845,38114,-5269,5,1,17
2023-10-07,4호선,명동,32845,38114,-5269,5,1,18
2023-10-07,4호선,명동,32845,38114,-5269,5,1,19
2023-10-07,4호선,명동,32845,38114,-5269,5,1,20
2023-10-07,4호선,명동,32845,38114,-5269,5,1,21
2023-10-07,4호선,명동,32845,38114,-5269,5,1,22
2023-10-07,4호선,명동,32845,38114,-5269,5,1,23
2023-10-08,4호선,명동,33205,37311,-4106,6,1,00
2023-10-08,4호선,명동,33205,37311,-4106,6,1,01
2023-10-08,4호선,명동,33205,37311,-4106,6,1,02
2023-10-08,4호선,명동,33205,37311,-4106,6,1,03
2023-10-08,4호선,명동,33205,37311,-4106,6,1,04
2023-10-08,4호선,명동,33205,37311,-4106,6,1,05
2023-10-08,4호선,명동,33205,37311,-4106,6,1,06
2023-10-08,4호선,명동,33205,37311,-4106,6,1,07
2023-10-08,4호선,명동,33205,37311,-4106,6,1,08
2023-10-08,4호선,명동,33205,37311,-4106,6,1,09
2023-10-08,4호선,명동,33205,37311,-4106,6,1,10
2023-10-08,4호선,명동,33205,37311,-4106,6,1,11
2023-10-08,4호선,명동,33205,37311,-4106,6,1,12
2023-10-08,4호선,명동,33205,37311,-4106,6,1,13
2023-10-08,4호선,명동,33205,37311,-4106,6,1,14
2023-10-08,4호선,명동,33205,37311,-4106,6,1,15
2023-10-08,4호선,명동,33205,37311,-4106,6,1,16
2023-10-08,4호선,명동,33205,37311,-4106,6,1,17
2023-10-08,4호선,명동,33205,37311,-4106,6,1,18
2023-10-08,4호선,명동,33205,37311,-4106,6,1,19
2023-10-08,4호선,명동,33205,37311,-4106,6,1,20
2023-10-08,4호선,명동,33205,37311,-4106,6,1,21
2023-10-08,4호선,명동,33205,37311,-4106,6,1,22
2023-10-08,4호선,명동,33205,37311,-4106,6,1,23
2023-10-09,4호선,명동,26068,26968,-900,0,1,00
2023-10-09,4호선,명동,26068,26968,-900,0,1,01
2023-10-09,4호선,명동,26068,26968,-900,0,1,02
2023-10-09,4호선,명동,26068,26968,-900,0,1,03
2023-10-09,4호선,명동,26068,26968,-900,0,1,04
2023-10-09,4호선,명동,26068,26968,-900,0,1,05
2023-10-09,4호선,명동,26068,26968,-900,0,1,06
2023-10-09,4호선,명동,26068,26968,-900,0,1,07
2023-10-09,4호선,명동,26068,26968,-900,0,1,08
2023-10-09,4호선,명동,26068,26968,-900,0,1,09
2023-10-09,4호선,명동,26068,26968,-900,0,1,10
2023-10-09,4호선,명동,26068,26968,-900,0,1,11
2023-10-09,4호선,명동,26068,26968,-900,0,1,12
2023-10-09,4호선,명동,26068,26968,-900,0,1,13
2023-10-09,4호선,명동,26068,26968,-900,0,1,14
2023-10-09,4호선,명동,26068,26968,-900,0,1,15
2023-10-09,4호선,명동,26068,26968,-900,0,1,16
2023-10-09,4호선,명동,26068,26968,-900,0,1,17
2023-10-09,4호선,명동,26068,26968,-900,0,1,18
2023-10-09,4호선,명동,26068,26968,-900,0,1,19
2023-10-09,4호선,명동,26068,26968,-900,0,1,20
2023-10-09,4호선,명동,26068,26968,-900,0,1,21
2023-10-09,4호선,명동,26068,26968,-900,0,1,22
2023-10-09,4호선,명동,26068,26968,-900,0,1,23
2023-10-10,4호선,명동,32884,34322,-1438,1,0,00
2023-10-10,4호선,명동,32884,34322,-1438,1,0,01
2023-10-10,4호선,명동,32884,34322,-1438,1,0,02
2023-10-10,4호선,명동,32884,34322,-1438,1,0,03
2023-10-10,4호선,명동,32884,34322,-1438,1,0,04
2023-10-10,4호선,명동,32884,34322,-1438,1,0,05
2023-10-10,4호선,명동,32884,34322,-1438,1,0,06
2023-10-10,4호선,명동,32884,34322,-1438,1,0,07
2023-10-10,4호선,명동,32884,34322,-1438,1,0,08
2023-10-10,4호선,명동,32884,34322,-1438,1,0,09
2023-10-10,4호선,명동,32884,34322,-1438,1,0,10
2023-10-10,4호선,명동,32884,34322,-1438,1,0,11
2023-10-10,4호선,명동,32884,34322,-1438,1,0,12
2023-10-10,4호선,명동,32884,34322,-1438,1,0,13
2023-10-10,4호선,명동,32884,34322,-1438,1,0,14
2023-10-10,4호선,명동,32884,34322,-1438,1,0,15
2023-10-10,4호선,명동,32884,34322,-1438,1,0,16
2023-10-10,4호선,명동,32884,34322,-1438,1,0,17
2023-10-10,4호선,명동,32884,34322,-1438,1,0,18
2023-10-10,4호선,명동,32884,34322,-1438,1,0,19
2023-10-10,4호선,명동,32884,34322,-1438,1,0,20
2023-10-10,4호선,명동,32884,34322,-1438,1,0,21
2023-10-10,4호선,명동,32884,34322,-1438,1,0,22
2023-10-10,4호선,명동,32884,34322,-1438,1,0,23
2023-10-11,4호선,명동,33880,36395,-2515,2,0,00
2023-10-11,4호선,명동,33880,36395,-2515,2,0,01
2023-10-11,4호선,명동,33880,36395,-2515,2,0,02
2023-10-11,4호선,명동,33880,36395,-2515,2,0,03
2023-10-11,4호선,명동,33880,36395,-2515,2,0,04
2023-10-11,4호선,명동,33880,36395,-2515,2,0,05
2023-10-11,4호선,명동,33880,36395,-2515,2,0,06
2023-10-11,4호선,명동,33880,36395,-2515,2,0,07
2023-10-11,4호선,명동,33880,36395,-2515,2,0,08
2023-10-11,4호선,명동,33880,36395,-2515,2,0,09
2023-10-11,4호선,명동,33880,36395,-2515,2,0,10
2023-10-11,4호선,명동,33880,36395,-2515,2,0,11
2023-10-11,4호선,명동,33880,36395,-2515,2,0,12
2023-10-11,4호선,명동,33880,36395,-2515,2,0,13
2023-10-11,4호선,명동,33880,36395,-2515,2,0,14
2023-10-11,4호선,명동,33880,36395,-2515,2,0,15
2023-10-11,4호선,명동,33880,36395,-2515,2,0,16
2023-10-11,4호선,명동,33880,36395,-2515,2,0,17
2023-10-11,4호선,명동,33880,36395,-2515,2,0,18
2023-10-11,4호선,명동,33880,36395,-2515,2,0,19
2023-10-11,4호선,명동,33880,36395,-2515,2,0,20
2023-10-11,4호선,명동,33880,36395,-2515,2,0,21
2023-10-11,4호선,명동,33880,36395,-2515,2,0,22
2023-10-11,4호선,명동,33880,36395,-2515,2,0,23
2023-10-12,4호선,명동,34556,36773,-2217,3,0,00
2023-10-12,4호선,명동,34556,36773,-2217,3,0,01
2023-10-12,4호선,명동,34556,36773,-2217,3,0,02
2023-10-12,4호선,명동,34556,36773,-2217,3,0,03
2023-10-12,4호선,명동,34556,36773,-2217,3,0,04
2023-10-12,4호선,명동,34556,36773,-2217,3,0,05
2023-10-12,4호선,명동,34556,36773,-2217,3,0,06
2023-10-12,4호선,명동,34556,36773,-2217,3,0,07
2023-10-12,4호선,명동,34556,36773,-2217,3,0,08
2023-10-12,4호선,명동,34556,36773,-2217,3,0,09
2023-10-12,4호선,명동,34556,36773,-2217,3,0,10
2023-10-12,4호선,명동,34556,36773,-2217,3,0,11
2023-10-12,4호선,명동,34556,36773,-2217,3,0,12
2023-10-12,4호선,명동,34556,36773,-2217,3,0,13
2023-10-12,4호선,명동,34556,36773,-2217,3,0,14
2023-10-12,4호선,명동,34556,36773,-2217,3,0,15
2023-10-12,4호선,명동,34556,36773,-2217,3,0,16
2023-10-12,4호선,명동,34556,36773,-2217,3,0,17
2023-10-12,4호선,명동,34556,36773,-2217,3,0,18
2023-10-12,4호선,명동,34556,36773,-2217,3,0,19
2023-10-12,4호선,명동,34556,36773,-2217,3,0,20
2023-10-12,4호선,명동,34556,36773,-2217,3,0,21
2023-10-12,4호선,명동,34556,36773,-2217,3,0,22
2023-10-12,4호선,명동,34556,36773,-2217,3,0,23
2023-10-13,4호선,명동,37556,40354,-2798,4,0,00
2023-10-13,4호선,명동,37556,40354,-2798,4,0,01
2023-10-13,4호선,명동,37556,40354,-2798,4,0,02
2023-10-13,4호선,명동,37556,40354,-2798,4,0,03
2023-10-13,4호선,명동,37556,40354,-2798,4,0,04
2023-10-13,4호선,명동,37556,40354,-2798,4,0,05
2023-10-13,4호선,명동,37556,40354,-2798,4,0,06
2023-10-13,4호선,명동,37556,40354,-2798,4,0,07
2023-10-13,4호선,명동,37556,40354,-2798,4,0,08
2023-10-13,4호선,명동,37556,40354,-2798,4,0,09
2023-10-13,4호선,명동,37556,40354,-2798,4,0,10
2023-10-13,4호선,명동,37556,40354,-2798,4,0,11
2023-10-13,4호선,명동,37556,40354,-2798,4,0,12
2023-10-13,4호선,명동,37556,40354,-2798,4,0,13
2023-10-13,4호선,명동,37556,40354,-2798,4,0,14
2023-10-13,4호선,명동,37556,40354,-2798,4,0,15
2023-10-13,4호선,명동,37556,40354,-2798,4,0,16
2023-10-13,4호선,명동,37556,40354,-2798,4,0,17
2023-10-13,4호선,명동,37556,40354,-2798,4,0,18
2023-10-13,4호선,명동,37556,40354,-2798,4,0,19
2023-10-13,4호선,명동,37556,40354,-2798,4,0,20
2023-10-13,4호선,명동,37556,40354,-2798,4,0,21
2023-10-13,4호선,명동,37556,40354,-2798,4,0,22
2023-10-13,4호선,명동,37556,40354,-2798,4,0,23
2023-10-14,4호선,명동,31785,35709,-3924,5,1,00
2023-10-14,4호선,명동,31785,35709,-3924,5,1,01
2023-10-14,4호선,명동,31785,35709,-3924,5,1,02
2023-10-14,4호선,명동,31785,35709,-3924,5,1,03
2023-10-14,4호선,명동,31785,35709,-3924,5,1,04
2023-10-14,4호선,명동,31785,35709,-3924,5,1,05
2023-10-14,4호선,명동,31785,35709,-3924,5,1,06
2023-10-14,4호선,명동,31785,35709,-3924,5,1,07
2023-10-14,4호선,명동,31785,35709,-3924,5,1,08
2023-10-14,4호선,명동,31785,35709,-3924,5,1,09
2023-10-14,4호선,명동,31785,35709,-3924,5,1,10
2023-10-14,4호선,명동,31785,35709,-3924,5,1,11
2023-10-14,4호선,명동,31785,35709,-3924,5,1,12
2023-10-14,4호선,명동,31785,35709,-3924,5,1,13
2023-10-14,4호선,명동,31785,35709,-3924,5,1,14
2023-10-14,4호선,명동,31785,35709,-3924,5,1,15
2023-10-14,4호선,명동,31785,35709,-3924,5,1,16
2023-10-14,4호선,명동,31785,35709,-3924,5,1,17
2023-10-14,4호선,명동,31785,35709,-3924,5,1,18
2023-10-14,4호선,명동,31785,35709,-3924,5,1,19
2023-10-14,4호선,명동,31785,35709,-3924,5,1,20
2023-10-14,4호선,명동,31785,35709,-3924,5,1,21
2023-10-14,4호선,명동,31785,35709,-3924,5,1,22
2023-10-14,4호선,명동,31785,35709,-3924,5,1,23
2023-10-15,4호선,명동,28959,31789,-2830,6,1,00
2023-10-15,4호선,명동,28959,31789,-2830,6,1,01
2023-10-15,4호선,명동,28959,31789,-2830,6,1,02
2023-10-15,4호선,명동,28959,31789,-2830,6,1,03
2023-10-15,4호선,명동,28959,31789,-2830,6,1,04
2023-10-15,4호선,명동,28959,31789,-2830,6,1,05
2023-10-15,4호선,명동,28959,31789,-2830,6,1,06
2023-10-15,4호선,명동,28959,31789,-2830,6,1,07
2023-10-15,4호선,명동,28959,31789,-2830,6,1,08
2023-10-15,4호선,명동,28959,31789,-2830,6,1,09
2023-10-15,4호선,명동,28959,31789,-2830,6,1,10
2023-10-15,4호선,명동,28959,31789,-2830,6,1,11
2023-10-15,4호선,명동,28959,31789,-2830,6,1,12
2023-10-15,4호선,명동,28959,31789,-2830,6,1,13
2023-10-15,4호선,명동,28959,31789,-2830,6,1,14
2023-10-15,4호선,명동,28959,31789,-2830,6,1,15
2023-10-15,4호선,명동,28959,31789,-2830,6,1,16
2023-10-15,4호선,명동,28959,31789,-2830,6,1,17
2023-10-15,4호선,명동,28959,31789,-2830,6,1,18
2023-10-15,4호선,명동,28959,31789,-2830,6,1,19
2023-10-15,4호선,명동,28959,31789,-2830,6,1,20
2023-10-15,4호선,명동,28959,31789,-2830,6,1,21
2023-10-15,4호선,명동,28959,31789,-2830,6,1,22
2023-10-15,4호선,명동,28959,31789,-2830,6,1,23
2023-10-16,4호선,명동,35955,37846,-1891,0,0,00
2023-10-16,4호선,명동,35955,37846,-1891,0,0,01
2023-10-16,4호선,명동,35955,37846,-1891,0,0,02
2023-10-16,4호선,명동,35955,37846,-1891,0,0,03
2023-10-16,4호선,명동,35955,37846,-1891,0,0,04
2023-10-16,4호선,명동,35955,37846,-1891,0,0,05
2023-10-16,4호선,명동,35955,37846,-1891,0,0,06
2023-10-16,4호선,명동,35955,37846,-1891,0,0,07
2023-10-16,4호선,명동,35955,37846,-1891,0,0,08
2023-10-16,4호선,명동,35955,37846,-1891,0,0,09
2023-10-16,4호선,명동,35955,37846,-1891,0,0,10
2023-10-16,4호선,명동,35955,37846,-1891,0,0,11
2023-10-16,4호선,명동,35955,37846,-1891,0,0,12
2023-10-16,4호선,명동,35955,37846,-1891,0,0,13
2023-10-16,4호선,명동,35955,37846,-1891,0,0,14
2023-10-16,4호선,명동,35955,37846,-1891,0,0,15
2023-10-16,4호선,명동,35955,37846,-1891,0,0,16
2023-10-16,4호선,명동,35955,37846,-1891,0,0,17
2023-10-16,4호선,명동,35955,37846,-1891,0,0,18
2023-10-16,4호선,명동,35955,37846,-1891,0,0,19
2023-10-16,4호선,명동,35955,37846,-1891,0,0,20
2023-10-16,4호선,명동,35955,37846,-1891,0,0,21
2023-10-16,4호선,명동,35955,37846,-1891,0,0,22
2023-10-16,4호선,명동,35955,37846,-1891,0,0,23
2023-10-17,4호선,명동,36043,38254,-2211,1,0,00
2023-10-17,4호선,명동,36043,38254,-2211,1,0,01
2023-10-17,4호선,명동,36043,38254,-2211,1,0,02
2023-10-17,4호선,명동,36043,38254,-2211,1,0,03
2023-10-17,4호선,명동,36043,38254,-2211,1,0,04
2023-10-17,4호선,명동,36043,38254,-2211,1,0,05
2023-10-17,4호선,명동,36043,38254,-2211,1,0,06
2023-10-17,4호선,명동,36043,38254,-2211,1,0,07
2023-10-17,4호선,명동,36043,38254,-2211,1,0,08
2023-10-17,4호선,명동,36043,38254,-2211,1,0,09
2023-10-17,4호선,명동,36043,38254,-2211,1,0,10
2023-10-17,4호선,명동,36043,38254,-2211,1,0,11
2023-10-17,4호선,명동,36043,38254,-2211,1,0,12
2023-10-17,4호선,명동,36043,38254,-2211,1,0,13
2023-10-17,4호선,명동,36043,38254,-2211,1,0,14
2023-10-17,4호선,명동,36043,38254,-2211,1,0,15
2023-10-17,4호선,명동,36043,38254,-2211,1,0,16
2023-10-17,4호선,명동,36043,38254,-2211,1,0,17
2023-10-17,4호선,명동,36043,38254,-2211,1,0,18
2023-10-17,4호선,명동,36043,38254,-2211,1,0,19
2023-10-17,4호선,명동,36043,38254,-2211,1,0,20
2023-10-17,4호선,명동,36043,38254,-2211,1,0,21
2023-10-17,4호선,명동,36043,38254,-2211,1,0,22
2023-10-17,4호선,명동,36043,38254,-2211,1,0,23
2023-10-18,4호선,명동,36495,38581,-2086,2,0,00
2023-10-18,4호선,명동,36495,38581,-2086,2,0,01
2023-10-18,4호선,명동,36495,38581,-2086,2,0,02
2023-10-18,4호선,명동,36495,38581,-2086,2,0,03
2023-10-18,4호선,명동,36495,38581,-2086,2,0,04
2023-10-18,4호선,명동,36495,38581,-2086,2,0,05
2023-10-18,4호선,명동,36495,38581,-2086,2,0,06
2023-10-18,4호선,명동,36495,38581,-2086,2,0,07
2023-10-18,4호선,명동,36495,38581,-2086,2,0,08
2023-10-18,4호선,명동,36495,38581,-2086,2,0,09
2023-10-18,4호선,명동,36495,38581,-2086,2,0,10
2023-10-18,4호선,명동,36495,38581,-2086,2,0,11
2023-10-18,4호선,명동,36495,38581,-2086,2,0,12
2023-10-18,4호선,명동,36495,38581,-2086,2,0,13
2023-10-18,4호선,명동,36495,38581,-2086,2,0,14
2023-10-18,4호선,명동,36495,38581,-2086,2,0,15
2023-10-18,4호선,명동,36495,38581,-2086,2,0,16
2023-10-18,4호선,명동,36495,38581,-2086,2,0,17
2023-10-18,4호선,명동,36495,38581,-2086,2,0,18
2023-10-18,4호선,명동,36495,38581,-2086,2,0,19
2023-10-18,4호선,명동,36495,38581,-2086,2,0,20
2023-10-18,4호선,명동,36495,38581,-2086,2,0,21
2023-10-18,4호선,명동,36495,38581,-2086,2,0,22
2023-10-18,4호선,명동,36495,38581,-2086,2,0,23
2023-10-19,4호선,명동,36607,38663,-2056,3,0,00
2023-10-19,4호선,명동,36607,38663,-2056,3,0,01
2023-10-19,4호선,명동,36607,38663,-2056,3,0,02
2023-10-19,4호선,명동,36607,38663,-2056,3,0,03
2023-10-19,4호선,명동,36607,38663,-2056,3,0,04
2023-10-19,4호선,명동,36607,38663,-2056,3,0,05
2023-10-19,4호선,명동,36607,38663,-2056,3,0,06
2023-10-19,4호선,명동,36607,38663,-2056,3,0,07
2023-10-19,4호선,명동,36607,38663,-2056,3,0,08
2023-10-19,4호선,명동,36607,38663,-2056,3,0,09
2023-10-19,4호선,명동,36607,38663,-2056,3,0,10
2023-10-19,4호선,명동,36607,38663,-2056,3,0,11
2023-10-19,4호선,명동,36607,38663,-2056,3,0,12
2023-10-19,4호선,명동,36607,38663,-2056,3,0,13
2023-10-19,4호선,명동,36607,38663,-2056,3,0,14
2023-10-19,4호선,명동,36607,38663,-2056,3,0,15
2023-10-19,4호선,명동,36607,38663,-2056,3,0,16
2023-10-19,4호선,명동,36607,38663,-2056,3,0,17
2023-10-19,4호선,명동,36607,38663,-2056,3,0,18
2023-10-19,4호선,명동,36607,38663,-2056,3,0,19
2023-10-19,4호선,명동,36607,38663,-2056,3,0,20
2023-10-19,4호선,명동,36607,38663,-2056,3,0,21
2023-10-19,4호선,명동,36607,38663,-2056,3,0,22
2023-10-19,4호선,명동,36607,38663,-2056,3,0,23
2023-10-20,4호선,명동,39648,42552,-2904,4,0,00
2023-10-20,4호선,명동,39648,42552,-2904,4,0,01
2023-10-20,4호선,명동,39648,42552,-2904,4,0,02
2023-10-20,4호선,명동,39648,42552,-2904,4,0,03
2023-10-20,4호선,명동,39648,42552,-2904,4,0,04
2023-10-20,4호선,명동,39648,42552,-2904,4,0,05
2023-10-20,4호선,명동,39648,42552,-2904,4,0,06
2023-10-20,4호선,명동,39648,42552,-2904,4,0,07
2023-10-20,4호선,명동,39648,42552,-2904,4,0,08
2023-10-20,4호선,명동,39648,42552,-2904,4,0,09
2023-10-20,4호선,명동,39648,42552,-2904,4,0,10
2023-10-20,4호선,명동,39648,42552,-2904,4,0,11
2023-10-20,4호선,명동,39648,42552,-2904,4,0,12
2023-10-20,4호선,명동,39648,42552,-2904,4,0,13
2023-10-20,4호선,명동,39648,42552,-2904,4,0,14
2023-10-20,4호선,명동,39648,42552,-2904,4,0,15
2023-10-20,4호선,명동,39648,42552,-2904,4,0,16
2023-10-20,4호선,명동,39648,42552,-2904,4,0,17
2023-10-20,4호선,명동,39648,42552,-2904,4,0,18
2023-10-20,4호선,명동,39648,42552,-2904,4,0,19
2023-10-20,4호선,명동,39648,42552,-2904,4,0,20
2023-10-20,4호선,명동,39648,42552,-2904,4,0,21
2023-10-20,4호선,명동,39648,42552,-2904,4,0,22
2023-10-20,4호선,명동,39648,42552,-2904,4,0,23
2023-10-21,4호선,명동,36595,40957,-4362,5,1,00
2023-10-21,4호선,명동,36595,40957,-4362,5,1,01
2023-10-21,4호선,명동,36595,40957,-4362,5,1,02
2023-10-21,4호선,명동,36595,40957,-4362,5,1,03
2023-10-21,4호선,명동,36595,40957,-4362,5,1,04
2023-10-21,4호선,명동,36595,40957,-4362,5,1,05
2023-10-21,4호선,명동,36595,40957,-4362,5,1,06
2023-10-21,4호선,명동,36595,40957,-4362,5,1,07
2023-10-21,4호선,명동,36595,40957,-4362,5,1,08
2023-10-21,4호선,명동,36595,40957,-4362,5,1,09
2023-10-21,4호선,명동,36595,40957,-4362,5,1,10
2023-10-21,4호선,명동,36595,40957,-4362,5,1,11
2023-10-21,4호선,명동,36595,40957,-4362,5,1,12
2023-10-21,4호선,명동,36595,40957,-4362,5,1,13
2023-10-21,4호선,명동,36595,40957,-4362,5,1,14
2023-10-21,4호선,명동,36595,40957,-4362,5,1,15
2023-10-21,4호선,명동,36595,40957,-4362,5,1,16
2023-10-21,4호선,명동,36595,40957,-4362,5,1,17
2023-10-21,4호선,명동,36595,40957,-4362,5,1,18
2023-10-21,4호선,명동,36595,40957,-4362,5,1,19
2023-10-21,4호선,명동,36595,40957,-4362,5,1,20
2023-10-21,4호선,명동,36595,40957,-4362,5,1,21
2023-10-21,4호선,명동,36595,40957,-4362,5,1,22
2023-10-21,4호선,명동,36595,40957,-4362,5,1,23
2023-10-22,4호선,명동,30335,33631,-3296,6,1,00
2023-10-22,4호선,명동,30335,33631,-3296,6,1,01
2023-10-22,4호선,명동,30335,33631,-3296,6,1,02
2023-10-22,4호선,명동,30335,33631,-3296,6,1,03
2023-10-22,4호선,명동,30335,33631,-3296,6,1,04
2023-10-22,4호선,명동,30335,33631,-3296,6,1,05
2023-10-22,4호선,명동,30335,33631,-3296,6,1,06
2023-10-22,4호선,명동,30335,33631,-3296,6,1,07
2023-10-22,4호선,명동,30335,33631,-3296,6,1,08
2023-10-22,4호선,명동,30335,33631,-3296,6,1,09
2023-10-22,4호선,명동,30335,33631,-3296,6,1,10
2023-10-22,4호선,명동,30335,33631,-3296,6,1,11
2023-10-22,4호선,명동,30335,33631,-3296,6,1,12
2023-10-22,4호선,명동,30335,33631,-3296,6,1,13
2023-10-22,4호선,명동,30335,33631,-3296,6,1,14
2023-10-22,4호선,명동,30335,33631,-3296,6,1,15
2023-10-22,4호선,명동,30335,33631,-3296,6,1,16
2023-10-22,4호선,명동,30335,33631,-3296,6,1,17
2023-10-22,4호선,명동,30335,33631,-3296,6,1,18
2023-10-22,4호선,명동,30335,33631,-3296,6,1,19
2023-10-22,4호선,명동,30335,33631,-3296,6,1,20
2023-10-22,4호선,명동,30335,33631,-3296,6,1,21
2023-10-22,4호선,명동,30335,33631,-3296,6,1,22
2023-10-22,4호선,명동,30335,33631,-3296,6,1,23
2023-10-23,4호선,명동,37336,39582,-2246,0,0,00
2023-10-23,4호선,명동,37336,39582,-2246,0,0,01
2023-10-23,4호선,명동,37336,39582,-2246,0,0,02
2023-10-23,4호선,명동,37336,39582,-2246,0,0,03
2023-10-23,4호선,명동,37336,39582,-2246,0,0,04
2023-10-23,4호선,명동,37336,39582,-2246,0,0,05
2023-10-23,4호선,명동,37336,39582,-2246,0,0,06
2023-10-23,4호선,명동,37336,39582,-2246,0,0,07
2023-10-23,4호선,명동,37336,39582,-2246,0,0,08
2023-10-23,4호선,명동,37336,39582,-2246,0,0,09
2023-10-23,4호선,명동,37336,39582,-2246,0,0,10
2023-10-23,4호선,명동,37336,39582,-2246,0,0,11
2023-10-23,4호선,명동,37336,39582,-2246,0,0,12
2023-10-23,4호선,명동,37336,39582,-2246,0,0,13
2023-10-23,4호선,명동,37336,39582,-2246,0,0,14
2023-10-23,4호선,명동,37336,39582,-2246,0,0,15
2023-10-23,4호선,명동,37336,39582,-2246,0,0,16
2023-10-23,4호선,명동,37336,39582,-2246,0,0,17
2023-10-23,4호선,명동,37336,39582,-2246,0,0,18
2023-10-23,4호선,명동,37336,39582,-2246,0,0,19
2023-10-23,4호선,명동,37336,39582,-2246,0,0,20
2023-10-23,4호선,명동,37336,39582,-2246,0,0,21
2023-10-23,4호선,명동,37336,39582,-2246,0,0,22
2023-10-23,4호선,명동,37336,39582,-2246,0,0,23
2023-10-24,4호선,명동,36244,38630,-2386,1,0,00
2023-10-24,4호선,명동,36244,38630,-2386,1,0,01
2023-10-24,4호선,명동,36244,38630,-2386,1,0,02
2023-10-24,4호선,명동,36244,38630,-2386,1,0,03
2023-10-24,4호선,명동,36244,38630,-2386,1,0,04
2023-10-24,4호선,명동,36244,38630,-2386,1,0,05
2023-10-24,4호선,명동,36244,38630,-2386,1,0,06
2023-10-24,4호선,명동,36244,38630,-2386,1,0,07
2023-10-24,4호선,명동,36244,38630,-2386,1,0,08
2023-10-24,4호선,명동,36244,38630,-2386,1,0,09
2023-10-24,4호선,명동,36244,38630,-2386,1,0,10
2023-10-24,4호선,명동,36244,38630,-2386,1,0,11
2023-10-24,4호선,명동,36244,38630,-2386,1,0,12
2023-10-24,4호선,명동,36244,38630,-2386,1,0,13
2023-10-24,4호선,명동,36244,38630,-2386,1,0,14
2023-10-24,4호선,명동,36244,38630,-2386,1,0,15
2023-10-24,4호선,명동,36244,38630,-2386,1,0,16
2023-10-24,4호선,명동,36244,38630,-2386,1,0,17
2023-10-24,4호선,명동,36244,38630,-2386,1,0,18
2023-10-24,4호선,명동,36244,38630,-2386,1,0,19
2023-10-24,4호선,명동,36244,38630,-2386,1,0,20
2023-10-24,4호선,명동,36244,38630,-2386,1,0,21
2023-10-24,4호선,명동,36244,38630,-2386,1,0,22
2023-10-24,4호선,명동,36244,38630,-2386,1,0,23
2023-10-25,4호선,명동,37357,39753,-2396,2,0,00
2023-10-25,4호선,명동,37357,39753,-2396,2,0,01
2023-10-25,4호선,명동,37357,39753,-2396,2,0,02
2023-10-25,4호선,명동,37357,39753,-2396,2,0,03
2023-10-25,4호선,명동,37357,39753,-2396,2,0,04
2023-10-25,4호선,명동,37357,39753,-2396,2,0,05
2023-10-25,4호선,명동,37357,39753,-2396,2,0,06
2023-10-25,4호선,명동,37357,39753,-2396,2,0,07
2023-10-25,4호선,명동,37357,39753,-2396,2,0,08
2023-10-25,4호선,명동,37357,39753,-2396,2,0,09
2023-10-25,4호선,명동,37357,39753,-2396,2,0,10
2023-10-25,4호선,명동,37357,39753,-2396,2,0,11
2023-10-25,4호선,명동,37357,39753,-2396,2,0,12
2023-10-25,4호선,명동,37357,39753,-2396,2,0,13
2023-10-25,4호선,명동,37357,39753,-2396,2,0,14
2023-10-25,4호선,명동,37357,39753,-2396,2,0,15
2023-10-25,4호선,명동,37357,39753,-2396,2,0,16
2023-10-25,4호선,명동,37357,39753,-2396,2,0,17
2023-10-25,4호선,명동,37357,39753,-2396,2,0,18
2023-10-25,4호선,명동,37357,39753,-2396,2,0,19
2023-10-25,4호선,명동,37357,39753,-2396,2,0,20
2023-10-25,4호선,명동,37357,39753,-2396,2,0,21
2023-10-25,4호선,명동,37357,39753,-2396,2,0,22
2023-10-25,4호선,명동,37357,39753,-2396,2,0,23
2023-10-26,4호선,명동,36442,39001,-2559,3,0,00
2023-10-26,4호선,명동,36442,39001,-2559,3,0,01
2023-10-26,4호선,명동,36442,39001,-2559,3,0,02
2023-10-26,4호선,명동,36442,39001,-2559,3,0,03
2023-10-26,4호선,명동,36442,39001,-2559,3,0,04
2023-10-26,4호선,명동,36442,39001,-2559,3,0,05
2023-10-26,4호선,명동,36442,39001,-2559,3,0,06
2023-10-26,4호선,명동,36442,39001,-2559,3,0,07
2023-10-26,4호선,명동,36442,39001,-2559,3,0,08
2023-10-26,4호선,명동,36442,39001,-2559,3,0,09
2023-10-26,4호선,명동,36442,39001,-2559,3,0,10
2023-10-26,4호선,명동,36442,39001,-2559,3,0,11
2023-10-26,4호선,명동,36442,39001,-2559,3,0,12
2023-10-26,4호선,명동,36442,39001,-2559,3,0,13
2023-10-26,4호선,명동,36442,39001,-2559,3,0,14
2023-10-26,4호선,명동,36442,39001,-2559,3,0,15
2023-10-26,4호선,명동,36442,39001,-2559,3,0,16
2023-10-26,4호선,명동,36442,39001,-2559,3,0,17
2023-10-26,4호선,명동,36442,39001,-2559,3,0,18
2023-10-26,4호선,명동,36442,39001,-2559,3,0,19
2023-10-26,4호선,명동,36442,39001,-2559,3,0,20
2023-10-26,4호선,명동,36442,39001,-2559,3,0,21
2023-10-26,4호선,명동,36442,39001,-2559,3,0,22
2023-10-26,4호선,명동,36442,39001,-2559,3,0,23
2023-10-27,4호선,명동,38270,41176,-2906,4,0,00
2023-10-27,4호선,명동,38270,41176,-2906,4,0,01
2023-10-27,4호선,명동,38270,41176,-2906,4,0,02
2023-10-27,4호선,명동,38270,41176,-2906,4,0,03
2023-10-27,4호선,명동,38270,41176,-2906,4,0,04
2023-10-27,4호선,명동,38270,41176,-2906,4,0,05
2023-10-27,4호선,명동,38270,41176,-2906,4,0,06
2023-10-27,4호선,명동,38270,41176,-2906,4,0,07
2023-10-27,4호선,명동,38270,41176,-2906,4,0,08
2023-10-27,4호선,명동,38270,41176,-2906,4,0,09
2023-10-27,4호선,명동,38270,41176,-2906,4,0,10
2023-10-27,4호선,명동,38270,41176,-2906,4,0,11
2023-10-27,4호선,명동,38270,41176,-2906,4,0,12
2023-10-27,4호선,명동,38270,41176,-2906,4,0,13
2023-10-27,4호선,명동,38270,41176,-2906,4,0,14
2023-10-27,4호선,명동,38270,41176,-2906,4,0,15
2023-10-27,4호선,명동,38270,41176,-2906,4,0,16
2023-10-27,4호선,명동,38270,41176,-2906,4,0,17
2023-10-27,4호선,명동,38270,41176,-2906,4,0,18
2023-10-27,4호선,명동,38270,41176,-2906,4,0,19
2023-10-27,4호선,명동,38270,41176,-2906,4,0,20
2023-10-27,4호선,명동,38270,41176,-2906,4,0,21
2023-10-27,4호선,명동,38270,41176,-2906,4,0,22
2023-10-27,4호선,명동,38270,41176,-2906,4,0,23
2023-10-28,4호선,명동,35942,40077,-4135,5,1,00
2023-10-28,4호선,명동,35942,40077,-4135,5,1,01
2023-10-28,4호선,명동,35942,40077,-4135,5,1,02
2023-10-28,4호선,명동,35942,40077,-4135,5,1,03
2023-10-28,4호선,명동,35942,40077,-4135,5,1,04
2023-10-28,4호선,명동,35942,40077,-4135,5,1,05
2023-10-28,4호선,명동,35942,40077,-4135,5,1,06
2023-10-28,4호선,명동,35942,40077,-4135,5,1,07
2023-10-28,4호선,명동,35942,40077,-4135,5,1,08
2023-10-28,4호선,명동,35942,40077,-4135,5,1,09
2023-10-28,4호선,명동,35942,40077,-4135,5,1,10
2023-10-28,4호선,명동,35942,40077,-4135,5,1,11
2023-10-28,4호선,명동,35942,40077,-4135,5,1,12
2023-10-28,4호선,명동,35942,40077,-4135,5,1,13
2023-10-28,4호선,명동,35942,40077,-4135,5,1,14
2023-10-28,4호선,명동,35942,40077,-4135,5,1,15
2023-10-28,4호선,명동,35942,40077,-4135,5,1,16
2023-10-28,4호선,명동,35942,40077,-4135,5,1,17
2023-10-28,4호선,명동,35942,40077,-4135,5,1,18
2023-10-28,4호선,명동,35942,40077,-4135,5,1,19
2023-10-28,4호선,명동,35942,40077,-4135,5,1,20
2023-10-28,4호선,명동,35942,40077,-4135,5,1,21
2023-10-28,4호선,명동,35942,40077,-4135,5,1,22
2023-10-28,4호선,명동,35942,40077,-4135,5,1,23
2023-10-29,4호선,명동,29704,32479,-2775,6,1,00
2023-10-29,4호선,명동,29704,32479,-2775,6,1,01
2023-10-29,4호선,명동,29704,32479,-2775,6,1,02
2023-10-29,4호선,명동,29704,32479,-2775,6,1,03
2023-10-29,4호선,명동,29704,32479,-2775,6,1,04
2023-10-29,4호선,명동,29704,32479,-2775,6,1,05
2023-10-29,4호선,명동,29704,32479,-2775,6,1,06
2023-10-29,4호선,명동,29704,32479,-2775,6,1,07
2023-10-29,4호선,명동,29704,32479,-2775,6,1,08
2023-10-29,4호선,명동,29704,32479,-2775,6,1,09
2023-10-29,4호선,명동,29704,32479,-2775,6,1,10
2023-10-29,4호선,명동,29704,32479,-2775,6,1,11
2023-10-29,4호선,명동,29704,32479,-2775,6,1,12
2023-10-29,4호선,명동,29704,32479,-2775,6,1,13
2023-10-29,4호선,명동,29704,32479,-2775,6,1,14
2023-10-29,4호선,명동,29704,32479,-2775,6,1,15
2023-10-29,4호선,명동,29704,32479,-2775,6,1,16
2023-10-29,4호선,명동,29704,32479,-2775,6,1,17
2023-10-29,4호선,명동,29704,32479,-2775,6,1,18
2023-10-29,4호선,명동,29704,32479,-2775,6,1,19
2023-10-29,4호선,명동,29704,32479,-2775,6,1,20
2023-10-29,4호선,명동,29704,32479,-2775,6,1,21
2023-10-29,4호선,명동,29704,32479,-2775,6,1,22
2023-10-29,4호선,명동,29704,32479,-2775,6,1,23
2023-10-30,4호선,명동,35510,37169,-1659,0,0,00
2023-10-30,4호선,명동,35510,37169,-1659,0,0,01
2023-10-30,4호선,명동,35510,37169,-1659,0,0,02
2023-10-30,4호선,명동,35510,37169,-1659,0,0,03
2023-10-30,4호선,명동,35510,37169,-1659,0,0,04
2023-10-30,4호선,명동,35510,37169,-1659,0,0,05
2023-10-30,4호선,명동,35510,37169,-1659,0,0,06
2023-10-30,4호선,명동,35510,37169,-1659,0,0,07
2023-10-30,4호선,명동,35510,37169,-1659,0,0,08
2023-10-30,4호선,명동,35510,37169,-1659,0,0,09
2023-10-30,4호선,명동,35510,37169,-1659,0,0,10
2023-10-30,4호선,명동,35510,37169,-1659,0,0,11
2023-10-30,4호선,명동,35510,37169,-1659,0,0,12
2023-10-30,4호선,명동,35510,37169,-1659,0,0,13
2023-10-30,4호선,명동,35510,37169,-1659,0,0,14
2023-10-30,4호선,명동,35510,37169,-1659,0,0,15
2023-10-30,4호선,명동,35510,37169,-1659,0,0,16
2023-10-30,4호선,명동,35510,37169,-1659,0,0,17
2023-10-30,4호선,명동,35510,37169,-1659,0,0,18
2023-10-30,4호선,명동,35510,37169,-1659,0,0,19
2023-10-30,4호선,명동,35510,37169,-1659,0,0,20
2023-10-30,4호선,명동,35510,37169,-1659,0,0,21
2023-10-30,4호선,명동,35510,37169,-1659,0,0,22
2023-10-30,4호선,명동,35510,37169,-1659,0,0,23
2023-10-31,4호선,명동,33263,34985,-1722,1,0,00
2023-10-31,4호선,명동,33263,34985,-1722,1,0,01
2023-10-31,4호선,명동,33263,34985,-1722,1,0,02
2023-10-31,4호선,명동,33263,34985,-1722,1,0,03
2023-10-31,4호선,명동,33263,34985,-1722,1,0,04
2023-10-31,4호선,명동,33263,34985,-1722,1,0,05
2023-10-31,4호선,명동,33263,34985,-1722,1,0,06
2023-10-31,4호선,명동,33263,34985,-1722,1,0,07
2023-10-31,4호선,명동,33263,34985,-1722,1,0,08
2023-10-31,4호선,명동,33263,34985,-1722,1,0,09
2023-10-31,4호선,명동,33263,34985,-1722,1,0,10
2023-10-31,4호선,명동,33263,34985,-1722,1,0,11
2023-10-31,4호선,명동,33263,34985,-1722,1,0,12
2023-10-31,4호선,명동,33263,34985,-1722,1,0,13
2023-10-31,4호선,명동,33263,34985,-1722,1,0,14
2023-10-31,4호선,명동,33263,34985,-1722,1,0,15
2023-10-31,4호선,명동,33263,34985,-1722,1,0,16
2023-10-31,4호선,명동,33263,34985,-1722,1,0,17
2023-10-31,4호선,명동,33263,34985,-1722,1,0,18
2023-10-31,4호선,명동,33263,34985,-1722,1,0,19
2023-10-31,4호선,명동,33263,34985,-1722,1,0,20
2023-10-31,4호선,명동,33263,34985,-1722,1,0,21
2023-10-31,4호선,명동,33263,34985,-1722,1,0,22
2023-10-31,4호선,명동,33263,34985,-1722,1,0,23
2023-11-01,4호선,명동,34236,36788,-2552,2,0,00
2023-11-01,4호선,명동,34236,36788,-2552,2,0,01
2023-11-01,4호선,명동,34236,36788,-2552,2,0,02
2023-11-01,4호선,명동,34236,36788,-2552,2,0,03
2023-11-01,4호선,명동,34236,36788,-2552,2,0,04
2023-11-01,4호선,명동,34236,36788,-2552,2,0,05
2023-11-01,4호선,명동,34236,36788,-2552,2,0,06
2023-11-01,4호선,명동,34236,36788,-2552,2,0,07
2023-11-01,4호선,명동,34236,36788,-2552,2,0,08
2023-11-01,4호선,명동,34236,36788,-2552,2,0,09
2023-11-01,4호선,명동,34236,36788,-2552,2,0,10
2023-11-01,4호선,명동,34236,36788,-2552,2,0,11
2023-11-01,4호선,명동,34236,36788,-2552,2,0,12
2023-11-01,4호선,명동,34236,36788,-2552,2,0,13
2023-11-01,4호선,명동,34236,36788,-2552,2,0,14
2023-11-01,4호선,명동,34236,36788,-2552,2,0,15
2023-11-01,4호선,명동,34236,36788,-2552,2,0,16
2023-11-01,4호선,명동,34236,36788,-2552,2,0,17
2023-11-01,4호선,명동,34236,36788,-2552,2,0,18
2023-11-01,4호선,명동,34236,36788,-2552,2,0,19
2023-11-01,4호선,명동,34236,36788,-2552,2,0,20
2023-11-01,4호선,명동,34236,36788,-2552,2,0,21
2023-11-01,4호선,명동,34236,36788,-2552,2,0,22
2023-11-01,4호선,명동,34236,36788,-2552,2,0,23
2023-11-02,4호선,명동,36745,39208,-2463,3,0,00
2023-11-02,4호선,명동,36745,39208,-2463,3,0,01
2023-11-02,4호선,명동,36745,39208,-2463,3,0,02
2023-11-02,4호선,명동,36745,39208,-2463,3,0,03
2023-11-02,4호선,명동,36745,39208,-2463,3,0,04
2023-11-02,4호선,명동,36745,39208,-2463,3,0,05
2023-11-02,4호선,명동,36745,39208,-2463,3,0,06
2023-11-02,4호선,명동,36745,39208,-2463,3,0,07
2023-11-02,4호선,명동,36745,39208,-2463,3,0,08
2023-11-02,4호선,명동,36745,39208,-2463,3,0,09
2023-11-02,4호선,명동,36745,39208,-2463,3,0,10
2023-11-02,4호선,명동,36745,39208,-2463,3,0,11
2023-11-02,4호선,명동,36745,39208,-2463,3,0,12
2023-11-02,4호선,명동,36745,39208,-2463,3,0,13
2023-11-02,4호선,명동,36745,39208,-2463,3,0,14
2023-11-02,4호선,명동,36745,39208,-2463,3,0,15
2023-11-02,4호선,명동,36745,39208,-2463,3,0,16
2023-11-02,4호선,명동,36745,39208,-2463,3,0,17
2023-11-02,4호선,명동,36745,39208,-2463,3,0,18
2023-11-02,4호선,명동,36745,39208,-2463,3,0,19
2023-11-02,4호선,명동,36745,39208,-2463,3,0,20
2023-11-02,4호선,명동,36745,39208,-2463,3,0,21
2023-11-02,4호선,명동,36745,39208,-2463,3,0,22
2023-11-02,4호선,명동,36745,39208,-2463,3,0,23
2023-11-03,4호선,명동,38551,42023,-3472,4,0,00
2023-11-03,4호선,명동,38551,42023,-3472,4,0,01
2023-11-03,4호선,명동,38551,42023,-3472,4,0,02
2023-11-03,4호선,명동,38551,42023,-3472,4,0,03
2023-11-03,4호선,명동,38551,42023,-3472,4,0,04
2023-11-03,4호선,명동,38551,42023,-3472,4,0,05
2023-11-03,4호선,명동,38551,42023,-3472,4,0,06
2023-11-03,4호선,명동,38551,42023,-3472,4,0,07
2023-11-03,4호선,명동,38551,42023,-3472,4,0,08
2023-11-03,4호선,명동,38551,42023,-3472,4,0,09
2023-11-03,4호선,명동,38551,42023,-3472,4,0,10
2023-11-03,4호선,명동,38551,42023,-3472,4,0,11
2023-11-03,4호선,명동,38551,42023,-3472,4,0,12
2023-11-03,4호선,명동,38551,42023,-3472,4,0,13
2023-11-03,4호선,명동,38551,42023,-3472,4,0,14
2023-11-03,4호선,명동,38551,42023,-3472,4,0,15
2023-11-03,4호선,명동,38551,42023,-3472,4,0,16
2023-11-03,4호선,명동,38551,42023,-3472,4,0,17
2023-11-03,4호선,명동,38551,42023,-3472,4,0,18
2023-11-03,4호선,명동,38551,42023,-3472,4,0,19
2023-11-03,4호선,명동,38551,42023,-3472,4,0,20
2023-11-03,4호선,명동,38551,42023,-3472,4,0,21
2023-11-03,4호선,명동,38551,42023,-3472,4,0,22
2023-11-03,4호선,명동,38551,42023,-3472,4,0,23
2023-11-04,4호선,명동,36796,41291,-4495,5,1,00
2023-11-04,4호선,명동,36796,41291,-4495,5,1,01
2023-11-04,4호선,명동,36796,41291,-4495,5,1,02
2023-11-04,4호선,명동,36796,41291,-4495,5,1,03
2023-11-04,4호선,명동,36796,41291,-4495,5,1,04
2023-11-04,4호선,명동,36796,41291,-4495,5,1,05
2023-11-04,4호선,명동,36796,41291,-4495,5,1,06
2023-11-04,4호선,명동,36796,41291,-4495,5,1,07
2023-11-04,4호선,명동,36796,41291,-4495,5,1,08
2023-11-04,4호선,명동,36796,41291,-4495,5,1,09
2023-11-04,4호선,명동,36796,41291,-4495,5,1,10
2023-11-04,4호선,명동,36796,41291,-4495,5,1,11
2023-11-04,4호선,명동,36796,41291,-4495,5,1,12
2023-11-04,4호선,명동,36796,41291,-4495,5,1,13
2023-11-04,4호선,명동,36796,41291,-4495,5,1,14
2023-11-04,4호선,명동,36796,41291,-4495,5,1,15
2023-11-04,4호선,명동,36796,41291,-4495,5,1,16
2023-11-04,4호선,명동,36796,41291,-4495,5,1,17
2023-11-04,4호선,명동,36796,41291,-4495,5,1,18
2023-11-04,4호선,명동,36796,41291,-4495,5,1,19
2023-11-04,4호선,명동,36796,41291,-4495,5,1,20
2023-11-04,4호선,명동,36796,41291,-4495,5,1,21
2023-11-04,4호선,명동,36796,41291,-4495,5,1,22
2023-11-04,4호선,명동,36796,41291,-4495,5,1,23
2023-11-05,4호선,명동,27574,30335,-2761,6,1,00
2023-11-05,4호선,명동,27574,30335,-2761,6,1,01
2023-11-05,4호선,명동,27574,30335,-2761,6,1,02
2023-11-05,4호선,명동,27574,30335,-2761,6,1,03
2023-11-05,4호선,명동,27574,30335,-2761,6,1,04
2023-11-05,4호선,명동,27574,30335,-2761,6,1,05
2023-11-05,4호선,명동,27574,30335,-2761,6,1,06
2023-11-05,4호선,명동,27574,30335,-2761,6,1,07
2023-11-05,4호선,명동,27574,30335,-2761,6,1,08
2023-11-05,4호선,명동,27574,30335,-2761,6,1,09
2023-11-05,4호선,명동,27574,30335,-2761,6,1,10
2023-11-05,4호선,명동,27574,30335,-2761,6,1,11
2023-11-05,4호선,명동,27574,30335,-2761,6,1,12
2023-11-05,4호선,명동,27574,30335,-2761,6,1,13
2023-11-05,4호선,명동,27574,30335,-2761,6,1,14
2023-11-05,4호선,명동,27574,30335,-2761,6,1,15
2023-11-05,4호선,명동,27574,30335,-2761,6,1,16
2023-11-05,4호선,명동,27574,30335,-2761,6,1,17
2023-11-05,4호선,명동,27574,30335,-2761,6,1,18
2023-11-05,4호선,명동,27574,30335,-2761,6,1,19
2023-11-05,4호선,명동,27574,30335,-2761,6,1,20
2023-11-05,4호선,명동,27574,30335,-2761,6,1,21
2023-11-05,4호선,명동,27574,30335,-2761,6,1,22
2023-11-05,4호선,명동,27574,30335,-2761,6,1,23
2023-11-06,4호선,명동,33797,35939,-2142,0,0,00
2023-11-06,4호선,명동,33797,35939,-2142,0,0,01
2023-11-06,4호선,명동,33797,35939,-2142,0,0,02
2023-11-06,4호선,명동,33797,35939,-2142,0,0,03
2023-11-06,4호선,명동,33797,35939,-2142,0,0,04
2023-11-06,4호선,명동,33797,35939,-2142,0,0,05
2023-11-06,4호선,명동,33797,35939,-2142,0,0,06
2023-11-06,4호선,명동,33797,35939,-2142,0,0,07
2023-11-06,4호선,명동,33797,35939,-2142,0,0,08
2023-11-06,4호선,명동,33797,35939,-2142,0,0,09
2023-11-06,4호선,명동,33797,35939,-2142,0,0,10
2023-11-06,4호선,명동,33797,35939,-2142,0,0,11
2023-11-06,4호선,명동,33797,35939,-2142,0,0,12
2023-11-06,4호선,명동,33797,35939,-2142,0,0,13
2023-11-06,4호선,명동,33797,35939,-2142,0,0,14
2023-11-06,4호선,명동,33797,35939,-2142,0,0,15
2023-11-06,4호선,명동,33797,35939,-2142,0,0,16
2023-11-06,4호선,명동,33797,35939,-2142,0,0,17
2023-11-06,4호선,명동,33797,35939,-2142,0,0,18
2023-11-06,4호선,명동,33797,35939,-2142,0,0,19
2023-11-06,4호선,명동,33797,35939,-2142,0,0,20
2023-11-06,4호선,명동,33797,35939,-2142,0,0,21
2023-11-06,4호선,명동,33797,35939,-2142,0,0,22
2023-11-06,4호선,명동,33797,35939,-2142,0,0,23
2023-11-07,4호선,명동,35351,37619,-2268,1,0,00
2023-11-07,4호선,명동,35351,37619,-2268,1,0,01
2023-11-07,4호선,명동,35351,37619,-2268,1,0,02
2023-11-07,4호선,명동,35351,37619,-2268,1,0,03
2023-11-07,4호선,명동,35351,37619,-2268,1,0,04
2023-11-07,4호선,명동,35351,37619,-2268,1,0,05
2023-11-07,4호선,명동,35351,37619,-2268,1,0,06
2023-11-07,4호선,명동,35351,37619,-2268,1,0,07
2023-11-07,4호선,명동,35351,37619,-2268,1,0,08
2023-11-07,4호선,명동,35351,37619,-2268,1,0,09
2023-11-07,4호선,명동,35351,37619,-2268,1,0,10
2023-11-07,4호선,명동,35351,37619,-2268,1,0,11
2023-11-07,4호선,명동,35351,37619,-2268,1,0,12
2023-11-07,4호선,명동,35351,37619,-2268,1,0,13
2023-11-07,4호선,명동,35351,37619,-2268,1,0,14
2023-11-07,4호선,명동,35351,37619,-2268,1,0,15
2023-11-07,4호선,명동,35351,37619,-2268,1,0,16
2023-11-07,4호선,명동,35351,37619,-2268,1,0,17
2023-11-07,4호선,명동,35351,37619,-2268,1,0,18
2023-11-07,4호선,명동,35351,37619,-2268,1,0,19
2023-11-07,4호선,명동,35351,37619,-2268,1,0,20
2023-11-07,4호선,명동,35351,37619,-2268,1,0,21
2023-11-07,4호선,명동,35351,37619,-2268,1,0,22
2023-11-07,4호선,명동,35351,37619,-2268,1,0,23
2023-11-08,4호선,명동,36277,38338,-2061,2,0,00
2023-11-08,4호선,명동,36277,38338,-2061,2,0,01
2023-11-08,4호선,명동,36277,38338,-2061,2,0,02
2023-11-08,4호선,명동,36277,38338,-2061,2,0,03
2023-11-08,4호선,명동,36277,38338,-2061,2,0,04
2023-11-08,4호선,명동,36277,38338,-2061,2,0,05
2023-11-08,4호선,명동,36277,38338,-2061,2,0,06
2023-11-08,4호선,명동,36277,38338,-2061,2,0,07
2023-11-08,4호선,명동,36277,38338,-2061,2,0,08
2023-11-08,4호선,명동,36277,38338,-2061,2,0,09
2023-11-08,4호선,명동,36277,38338,-2061,2,0,10
2023-11-08,4호선,명동,36277,38338,-2061,2,0,11
2023-11-08,4호선,명동,36277,38338,-2061,2,0,12
2023-11-08,4호선,명동,36277,38338,-2061,2,0,13
2023-11-08,4호선,명동,36277,38338,-2061,2,0,14
2023-11-08,4호선,명동,36277,38338,-2061,2,0,15
2023-11-08,4호선,명동,36277,38338,-2061,2,0,16
2023-11-08,4호선,명동,36277,38338,-2061,2,0,17
2023-11-08,4호선,명동,36277,38338,-2061,2,0,18
2023-11-08,4호선,명동,36277,38338,-2061,2,0,19
2023-11-08,4호선,명동,36277,38338,-2061,2,0,20
2023-11-08,4호선,명동,36277,38338,-2061,2,0,21
2023-11-08,4호선,명동,36277,38338,-2061,2,0,22
2023-11-08,4호선,명동,36277,38338,-2061,2,0,23
2023-11-09,4호선,명동,34117,36418,-2301,3,0,00
2023-11-09,4호선,명동,34117,36418,-2301,3,0,01
2023-11-09,4호선,명동,34117,36418,-2301,3,0,02
2023-11-09,4호선,명동,34117,36418,-2301,3,0,03
2023-11-09,4호선,명동,34117,36418,-2301,3,0,04
2023-11-09,4호선,명동,34117,36418,-2301,3,0,05
2023-11-09,4호선,명동,34117,36418,-2301,3,0,06
2023-11-09,4호선,명동,34117,36418,-2301,3,0,07
2023-11-09,4호선,명동,34117,36418,-2301,3,0,08
2023-11-09,4호선,명동,34117,36418,-2301,3,0,09
2023-11-09,4호선,명동,34117,36418,-2301,3,0,10
2023-11-09,4호선,명동,34117,36418,-2301,3,0,11
2023-11-09,4호선,명동,34117,36418,-2301,3,0,12
2023-11-09,4호선,명동,34117,36418,-2301,3,0,13
2023-11-09,4호선,명동,34117,36418,-2301,3,0,14
2023-11-09,4호선,명동,34117,36418,-2301,3,0,15
2023-11-09,4호선,명동,34117,36418,-2301,3,0,16
2023-11-09,4호선,명동,34117,36418,-2301,3,0,17
2023-11-09,4호선,명동,34117,36418,-2301,3,0,18
2023-11-09,4호선,명동,34117,36418,-2301,3,0,19
2023-11-09,4호선,명동,34117,36418,-2301,3,0,20
2023-11-09,4호선,명동,34117,36418,-2301,3,0,21
2023-11-09,4호선,명동,34117,36418,-2301,3,0,22
2023-11-09,4호선,명동,34117,36418,-2301,3,0,23
2023-11-10,4호선,명동,36652,39266,-2614,4,0,00
2023-11-10,4호선,명동,36652,39266,-2614,4,0,01
2023-11-10,4호선,명동,36652,39266,-2614,4,0,02
2023-11-10,4호선,명동,36652,39266,-2614,4,0,03
2023-11-10,4호선,명동,36652,39266,-2614,4,0,04
2023-11-10,4호선,명동,36652,39266,-2614,4,0,05
2023-11-10,4호선,명동,36652,39266,-2614,4,0,06
2023-11-10,4호선,명동,36652,39266,-2614,4,0,07
2023-11-10,4호선,명동,36652,39266,-2614,4,0,08
2023-11-10,4호선,명동,36652,39266,-2614,4,0,09
2023-11-10,4호선,명동,36652,39266,-2614,4,0,10
2023-11-10,4호선,명동,36652,39266,-2614,4,0,11
2023-11-10,4호선,명동,36652,39266,-2614,4,0,12
2023-11-10,4호선,명동,36652,39266,-2614,4,0,13
2023-11-10,4호선,명동,36652,39266,-2614,4,0,14
2023-11-10,4호선,명동,36652,39266,-2614,4,0,15
2023-11-10,4호선,명동,36652,39266,-2614,4,0,16
2023-11-10,4호선,명동,36652,39266,-2614,4,0,17
2023-11-10,4호선,명동,36652,39266,-2614,4,0,18
2023-11-10,4호선,명동,36652,39266,-2614,4,0,19
2023-11-10,4호선,명동,36652,39266,-2614,4,0,20
2023-11-10,4호선,명동,36652,39266,-2614,4,0,21
2023-11-10,4호선,명동,36652,39266,-2614,4,0,22
2023-11-10,4호선,명동,36652,39266,-2614,4,0,23
2023-11-11,4호선,명동,36986,41337,-4351,5,1,00
2023-11-11,4호선,명동,36986,41337,-4351,5,1,01
2023-11-11,4호선,명동,36986,41337,-4351,5,1,02
2023-11-11,4호선,명동,36986,41337,-4351,5,1,03
2023-11-11,4호선,명동,36986,41337,-4351,5,1,04
2023-11-11,4호선,명동,36986,41337,-4351,5,1,05
2023-11-11,4호선,명동,36986,41337,-4351,5,1,06
2023-11-11,4호선,명동,36986,41337,-4351,5,1,07
2023-11-11,4호선,명동,36986,41337,-4351,5,1,08
2023-11-11,4호선,명동,36986,41337,-4351,5,1,09
2023-11-11,4호선,명동,36986,41337,-4351,5,1,10
2023-11-11,4호선,명동,36986,41337,-4351,5,1,11
2023-11-11,4호선,명동,36986,41337,-4351,5,1,12
2023-11-11,4호선,명동,36986,41337,-4351,5,1,13
2023-11-11,4호선,명동,36986,41337,-4351,5,1,14
2023-11-11,4호선,명동,36986,41337,-4351,5,1,15
2023-11-11,4호선,명동,36986,41337,-4351,5,1,16
2023-11-11,4호선,명동,36986,41337,-4351,5,1,17
2023-11-11,4호선,명동,36986,41337,-4351,5,1,18
2023-11-11,4호선,명동,36986,41337,-4351,5,1,19
2023-11-11,4호선,명동,36986,41337,-4351,5,1,20
2023-11-11,4호선,명동,36986,41337,-4351,5,1,21
2023-11-11,4호선,명동,36986,41337,-4351,5,1,22
2023-11-11,4호선,명동,36986,41337,-4351,5,1,23
2023-11-12,4호선,명동,29989,32751,-2762,6,1,00
2023-11-12,4호선,명동,29989,32751,-2762,6,1,01
2023-11-12,4호선,명동,29989,32751,-2762,6,1,02
2023-11-12,4호선,명동,29989,32751,-2762,6,1,03
2023-11-12,4호선,명동,29989,32751,-2762,6,1,04
2023-11-12,4호선,명동,29989,32751,-2762,6,1,05
2023-11-12,4호선,명동,29989,32751,-2762,6,1,06
2023-11-12,4호선,명동,29989,32751,-2762,6,1,07
2023-11-12,4호선,명동,29989,32751,-2762,6,1,08
2023-11-12,4호선,명동,29989,32751,-2762,6,1,09
2023-11-12,4호선,명동,29989,32751,-2762,6,1,10
2023-11-12,4호선,명동,29989,32751,-2762,6,1,11
2023-11-12,4호선,명동,29989,32751,-2762,6,1,12
2023-11-12,4호선,명동,29989,32751,-2762,6,1,13
2023-11-12,4호선,명동,29989,32751,-2762,6,1,14
2023-11-12,4호선,명동,29989,32751,-2762,6,1,15
2023-11-12,4호선,명동,29989,32751,-2762,6,1,16
2023-11-12,4호선,명동,29989,32751,-2762,6,1,17
2023-11-12,4호선,명동,29989,32751,-2762,6,1,18
2023-11-12,4호선,명동,29989,32751,-2762,6,1,19
2023-11-12,4호선,명동,29989,32751,-2762,6,1,20
2023-11-12,4호선,명동,29989,32751,-2762,6,1,21
2023-11-12,4호선,명동,29989,32751,-2762,6,1,22
2023-11-12,4호선,명동,29989,32751,-2762,6,1,23
2023-11-13,4호선,명동,35037,37277,-2240,0,0,00
2023-11-13,4호선,명동,35037,37277,-2240,0,0,01
2023-11-13,4호선,명동,35037,37277,-2240,0,0,02
2023-11-13,4호선,명동,35037,37277,-2240,0,0,03
2023-11-13,4호선,명동,35037,37277,-2240,0,0,04
2023-11-13,4호선,명동,35037,37277,-2240,0,0,05
2023-11-13,4호선,명동,35037,37277,-2240,0,0,06
2023-11-13,4호선,명동,35037,37277,-2240,0,0,07
2023-11-13,4호선,명동,35037,37277,-2240,0,0,08
2023-11-13,4호선,명동,35037,37277,-2240,0,0,09
2023-11-13,4호선,명동,35037,37277,-2240,0,0,10
2023-11-13,4호선,명동,35037,37277,-2240,0,0,11
2023-11-13,4호선,명동,35037,37277,-2240,0,0,12
2023-11-13,4호선,명동,35037,37277,-2240,0,0,13
2023-11-13,4호선,명동,35037,37277,-2240,0,0,14
2023-11-13,4호선,명동,35037,37277,-2240,0,0,15
2023-11-13,4호선,명동,35037,37277,-2240,0,0,16
2023-11-13,4호선,명동,35037,37277,-2240,0,0,17
2023-11-13,4호선,명동,35037,37277,-2240,0,0,18
2023-11-13,4호선,명동,35037,37277,-2240,0,0,19
2023-11-13,4호선,명동,35037,37277,-2240,0,0,20
2023-11-13,4호선,명동,35037,37277,-2240,0,0,21
2023-11-13,4호선,명동,35037,37277,-2240,0,0,22
2023-11-13,4호선,명동,35037,37277,-2240,0,0,23
2023-11-14,4호선,명동,34966,36929,-1963,1,0,00
2023-11-14,4호선,명동,34966,36929,-1963,1,0,01
2023-11-14,4호선,명동,34966,36929,-1963,1,0,02
2023-11-14,4호선,명동,34966,36929,-1963,1,0,03
2023-11-14,4호선,명동,34966,36929,-1963,1,0,04
2023-11-14,4호선,명동,34966,36929,-1963,1,0,05
2023-11-14,4호선,명동,34966,36929,-1963,1,0,06
2023-11-14,4호선,명동,34966,36929,-1963,1,0,07
2023-11-14,4호선,명동,34966,36929,-1963,1,0,08
2023-11-14,4호선,명동,34966,36929,-1963,1,0,09
2023-11-14,4호선,명동,34966,36929,-1963,1,0,10
2023-11-14,4호선,명동,34966,36929,-1963,1,0,11
2023-11-14,4호선,명동,34966,36929,-1963,1,0,12
2023-11-14,4호선,명동,34966,36929,-1963,1,0,13
2023-11-14,4호선,명동,34966,36929,-1963,1,0,14
2023-11-14,4호선,명동,34966,36929,-1963,1,0,15
2023-11-14,4호선,명동,34966,36929,-1963,1,0,16
2023-11-14,4호선,명동,34966,36929,-1963,1,0,17
2023-11-14,4호선,명동,34966,36929,-1963,1,0,18
2023-11-14,4호선,명동,34966,36929,-1963,1,0,19
2023-11-14,4호선,명동,34966,36929,-1963,1,0,20
2023-11-14,4호선,명동,34966,36929,-1963,1,0,21
2023-11-14,4호선,명동,34966,36929,-1963,1,0,22
2023-11-14,4호선,명동,34966,36929,-1963,1,0,23
2023-11-15,4호선,명동,35908,38251,-2343,2,0,00
2023-11-15,4호선,명동,35908,38251,-2343,2,0,01
2023-11-15,4호선,명동,35908,38251,-2343,2,0,02
2023-11-15,4호선,명동,35908,38251,-2343,2,0,03
2023-11-15,4호선,명동,35908,38251,-2343,2,0,04
2023-11-15,4호선,명동,35908,38251,-2343,2,0,05
2023-11-15,4호선,명동,35908,38251,-2343,2,0,06
2023-11-15,4호선,명동,35908,38251,-2343,2,0,07
2023-11-15,4호선,명동,35908,38251,-2343,2,0,08
2023-11-15,4호선,명동,35908,38251,-2343,2,0,09
2023-11-15,4호선,명동,35908,38251,-2343,2,0,10
2023-11-15,4호선,명동,35908,38251,-2343,2,0,11
2023-11-15,4호선,명동,35908,38251,-2343,2,0,12
2023-11-15,4호선,명동,35908,38251,-2343,2,0,13
2023-11-15,4호선,명동,35908,38251,-2343,2,0,14
2023-11-15,4호선,명동,35908,38251,-2343,2,0,15
2023-11-15,4호선,명동,35908,38251,-2343,2,0,16
2023-11-15,4호선,명동,35908,38251,-2343,2,0,17
2023-11-15,4호선,명동,35908,38251,-2343,2,0,18
2023-11-15,4호선,명동,35908,38251,-2343,2,0,19
2023-11-15,4호선,명동,35908,38251,-2343,2,0,20
2023-11-15,4호선,명동,35908,38251,-2343,2,0,21
2023-11-15,4호선,명동,35908,38251,-2343,2,0,22
2023-11-15,4호선,명동,35908,38251,-2343,2,0,23
2023-11-16,4호선,명동,33343,35944,-2601,3,0,00
2023-11-16,4호선,명동,33343,35944,-2601,3,0,01
2023-11-16,4호선,명동,33343,35944,-2601,3,0,02
2023-11-16,4호선,명동,33343,35944,-2601,3,0,03
2023-11-16,4호선,명동,33343,35944,-2601,3,0,04
2023-11-16,4호선,명동,33343,35944,-2601,3,0,05
2023-11-16,4호선,명동,33343,35944,-2601,3,0,06
2023-11-16,4호선,명동,33343,35944,-2601,3,0,07
2023-11-16,4호선,명동,33343,35944,-2601,3,0,08
2023-11-16,4호선,명동,33343,35944,-2601,3,0,09
2023-11-16,4호선,명동,33343,35944,-2601,3,0,10
2023-11-16,4호선,명동,33343,35944,-2601,3,0,11
2023-11-16,4호선,명동,33343,35944,-2601,3,0,12
2023-11-16,4호선,명동,33343,35944,-2601,3,0,13
2023-11-16,4호선,명동,33343,35944,-2601,3,0,14
2023-11-16,4호선,명동,33343,35944,-2601,3,0,15
2023-11-16,4호선,명동,33343,35944,-2601,3,0,16
2023-11-16,4호선,명동,33343,35944,-2601,3,0,17
2023-11-16,4호선,명동,33343,35944,-2601,3,0,18
2023-11-16,4호선,명동,33343,35944,-2601,3,0,19
2023-11-16,4호선,명동,33343,35944,-2601,3,0,20
2023-11-16,4호선,명동,33343,35944,-2601,3,0,21
2023-11-16,4호선,명동,33343,35944,-2601,3,0,22
2023-11-16,4호선,명동,33343,35944,-2601,3,0,23
2023-11-17,4호선,명동,39037,42067,-3030,4,0,00
2023-11-17,4호선,명동,39037,42067,-3030,4,0,01
2023-11-17,4호선,명동,39037,42067,-3030,4,0,02
2023-11-17,4호선,명동,39037,42067,-3030,4,0,03
2023-11-17,4호선,명동,39037,42067,-3030,4,0,04
2023-11-17,4호선,명동,39037,42067,-3030,4,0,05
2023-11-17,4호선,명동,39037,42067,-3030,4,0,06
2023-11-17,4호선,명동,39037,42067,-3030,4,0,07
2023-11-17,4호선,명동,39037,42067,-3030,4,0,08
2023-11-17,4호선,명동,39037,42067,-3030,4,0,09
2023-11-17,4호선,명동,39037,42067,-3030,4,0,10
2023-11-17,4호선,명동,39037,42067,-3030,4,0,11
2023-11-17,4호선,명동,39037,42067,-3030,4,0,12
2023-11-17,4호선,명동,39037,42067,-3030,4,0,13
2023-11-17,4호선,명동,39037,42067,-3030,4,0,14
2023-11-17,4호선,명동,39037,42067,-3030,4,0,15
2023-11-17,4호선,명동,39037,42067,-3030,4,0,16
2023-11-17,4호선,명동,39037,42067,-3030,4,0,17
2023-11-17,4호선,명동,39037,42067,-3030,4,0,18
2023-11-17,4호선,명동,39037,42067,-3030,4,0,19
2023-11-17,4호선,명동,39037,42067,-3030,4,0,20
2023-11-17,4호선,명동,39037,42067,-3030,4,0,21
2023-11-17,4호선,명동,39037,42067,-3030,4,0,22
2023-11-17,4호선,명동,39037,42067,-3030,4,0,23
2023-11-18,4호선,명동,36380,41109,-4729,5,1,00
2023-11-18,4호선,명동,36380,41109,-4729,5,1,01
2023-11-18,4호선,명동,36380,41109,-4729,5,1,02
2023-11-18,4호선,명동,36380,41109,-4729,5,1,03
2023-11-18,4호선,명동,36380,41109,-4729,5,1,04
2023-11-18,4호선,명동,36380,41109,-4729,5,1,05
2023-11-18,4호선,명동,36380,41109,-4729,5,1,06
2023-11-18,4호선,명동,36380,41109,-4729,5,1,07
2023-11-18,4호선,명동,36380,41109,-4729,5,1,08
2023-11-18,4호선,명동,36380,41109,-4729,5,1,09
2023-11-18,4호선,명동,36380,41109,-4729,5,1,10
2023-11-18,4호선,명동,36380,41109,-4729,5,1,11
2023-11-18,4호선,명동,36380,41109,-4729,5,1,12
2023-11-18,4호선,명동,36380,41109,-4729,5,1,13
2023-11-18,4호선,명동,36380,41109,-4729,5,1,14
2023-11-18,4호선,명동,36380,41109,-4729,5,1,15
2023-11-18,4호선,명동,36380,41109,-4729,5,1,16
2023-11-18,4호선,명동,36380,41109,-4729,5,1,17
2023-11-18,4호선,명동,36380,41109,-4729,5,1,18
2023-11-18,4호선,명동,36380,41109,-4729,5,1,19
2023-11-18,4호선,명동,36380,41109,-4729,5,1,20
2023-11-18,4호선,명동,36380,41109,-4729,5,1,21
2023-11-18,4호선,명동,36380,41109,-4729,5,1,22
2023-11-18,4호선,명동,36380,41109,-4729,5,1,23
2023-11-19,4호선,명동,30075,32859,-2784,6,1,00
2023-11-19,4호선,명동,30075,32859,-2784,6,1,01
2023-11-19,4호선,명동,30075,32859,-2784,6,1,02
2023-11-19,4호선,명동,30075,32859,-2784,6,1,03
2023-11-19,4호선,명동,30075,32859,-2784,6,1,04
2023-11-19,4호선,명동,30075,32859,-2784,6,1,05
2023-11-19,4호선,명동,30075,32859,-2784,6,1,06
2023-11-19,4호선,명동,30075,32859,-2784,6,1,07
2023-11-19,4호선,명동,30075,32859,-2784,6,1,08
2023-11-19,4호선,명동,30075,32859,-2784,6,1,09
2023-11-19,4호선,명동,30075,32859,-2784,6,1,10
2023-11-19,4호선,명동,30075,32859,-2784,6,1,11
2023-11-19,4호선,명동,30075,32859,-2784,6,1,12
2023-11-19,4호선,명동,30075,32859,-2784,6,1,13
2023-11-19,4호선,명동,30075,32859,-2784,6,1,14
2023-11-19,4호선,명동,30075,32859,-2784,6,1,15
2023-11-19,4호선,명동,30075,32859,-2784,6,1,16
2023-11-19,4호선,명동,30075,32859,-2784,6,1,17
2023-11-19,4호선,명동,30075,32859,-2784,6,1,18
2023-11-19,4호선,명동,30075,32859,-2784,6,1,19
2023-11-19,4호선,명동,30075,32859,-2784,6,1,20
2023-11-19,4호선,명동,30075,32859,-2784,6,1,21
2023-11-19,4호선,명동,30075,32859,-2784,6,1,22
2023-11-19,4호선,명동,30075,32859,-2784,6,1,23
2023-11-20,4호선,명동,35649,38045,-2396,0,0,00
2023-11-20,4호선,명동,35649,38045,-2396,0,0,01
2023-11-20,4호선,명동,35649,38045,-2396,0,0,02
2023-11-20,4호선,명동,35649,38045,-2396,0,0,03
2023-11-20,4호선,명동,35649,38045,-2396,0,0,04
2023-11-20,4호선,명동,35649,38045,-2396,0,0,05
2023-11-20,4호선,명동,35649,38045,-2396,0,0,06
2023-11-20,4호선,명동,35649,38045,-2396,0,0,07
2023-11-20,4호선,명동,35649,38045,-2396,0,0,08
2023-11-20,4호선,명동,35649,38045,-2396,0,0,09
2023-11-20,4호선,명동,35649,38045,-2396,0,0,10
2023-11-20,4호선,명동,35649,38045,-2396,0,0,11
2023-11-20,4호선,명동,35649,38045,-2396,0,0,12
2023-11-20,4호선,명동,35649,38045,-2396,0,0,13
2023-11-20,4호선,명동,35649,38045,-2396,0,0,14
2023-11-20,4호선,명동,35649,38045,-2396,0,0,15
2023-11-20,4호선,명동,35649,38045,-2396,0,0,16
2023-11-20,4호선,명동,35649,38045,-2396,0,0,17
2023-11-20,4호선,명동,35649,38045,-2396,0,0,18
2023-11-20,4호선,명동,35649,38045,-2396,0,0,19
2023-11-20,4호선,명동,35649,38045,-2396,0,0,20
2023-11-20,4호선,명동,35649,38045,-2396,0,0,21
2023-11-20,4호선,명동,35649,38045,-2396,0,0,22
2023-11-20,4호선,명동,35649,38045,-2396,0,0,23
2023-11-21,4호선,명동,35467,37311,-1844,1,0,00
2023-11-21,4호선,명동,35467,37311,-1844,1,0,01
2023-11-21,4호선,명동,35467,37311,-1844,1,0,02
2023-11-21,4호선,명동,35467,37311,-1844,1,0,03
2023-11-21,4호선,명동,35467,37311,-1844,1,0,04
2023-11-21,4호선,명동,35467,37311,-1844,1,0,05
2023-11-21,4호선,명동,35467,37311,-1844,1,0,06
2023-11-21,4호선,명동,35467,37311,-1844,1,0,07
2023-11-21,4호선,명동,35467,37311,-1844,1,0,08
2023-11-21,4호선,명동,35467,37311,-1844,1,0,09
2023-11-21,4호선,명동,35467,37311,-1844,1,0,10
2023-11-21,4호선,명동,35467,37311,-1844,1,0,11
2023-11-21,4호선,명동,35467,37311,-1844,1,0,12
2023-11-21,4호선,명동,35467,37311,-1844,1,0,13
2023-11-21,4호선,명동,35467,37311,-1844,1,0,14
2023-11-21,4호선,명동,35467,37311,-1844,1,0,15
2023-11-21,4호선,명동,35467,37311,-1844,1,0,16
2023-11-21,4호선,명동,35467,37311,-1844,1,0,17
2023-11-21,4호선,명동,35467,37311,-1844,1,0,18
2023-11-21,4호선,명동,35467,37311,-1844,1,0,19
2023-11-21,4호선,명동,35467,37311,-1844,1,0,20
2023-11-21,4호선,명동,35467,37311,-1844,1,0,21
2023-11-21,4호선,명동,35467,37311,-1844,1,0,22
2023-11-21,4호선,명동,35467,37311,-1844,1,0,23
2023-11-22,4호선,명동,35332,38054,-2722,2,0,00
2023-11-22,4호선,명동,35332,38054,-2722,2,0,01
2023-11-22,4호선,명동,35332,38054,-2722,2,0,02
2023-11-22,4호선,명동,35332,38054,-2722,2,0,03
2023-11-22,4호선,명동,35332,38054,-2722,2,0,04
2023-11-22,4호선,명동,35332,38054,-2722,2,0,05
2023-11-22,4호선,명동,35332,38054,-2722,2,0,06
2023-11-22,4호선,명동,35332,38054,-2722,2,0,07
2023-11-22,4호선,명동,35332,38054,-2722,2,0,08
2023-11-22,4호선,명동,35332,38054,-2722,2,0,09
2023-11-22,4호선,명동,35332,38054,-2722,2,0,10
2023-11-22,4호선,명동,35332,38054,-2722,2,0,11
2023-11-22,4호선,명동,35332,38054,-2722,2,0,12
2023-11-22,4호선,명동,35332,38054,-2722,2,0,13
2023-11-22,4호선,명동,35332,38054,-2722,2,0,14
2023-11-22,4호선,명동,35332,38054,-2722,2,0,15
2023-11-22,4호선,명동,35332,38054,-2722,2,0,16
2023-11-22,4호선,명동,35332,38054,-2722,2,0,17
2023-11-22,4호선,명동,35332,38054,-2722,2,0,18
2023-11-22,4호선,명동,35332,38054,-2722,2,0,19
2023-11-22,4호선,명동,35332,38054,-2722,2,0,20
2023-11-22,4호선,명동,35332,38054,-2722,2,0,21
2023-11-22,4호선,명동,35332,38054,-2722,2,0,22
2023-11-22,4호선,명동,35332,38054,-2722,2,0,23
2023-11-23,4호선,명동,37566,40562,-2996,3,0,00
2023-11-23,4호선,명동,37566,40562,-2996,3,0,01
2023-11-23,4호선,명동,37566,40562,-2996,3,0,02
2023-11-23,4호선,명동,37566,40562,-2996,3,0,03
2023-11-23,4호선,명동,37566,40562,-2996,3,0,04
2023-11-23,4호선,명동,37566,40562,-2996,3,0,05
2023-11-23,4호선,명동,37566,40562,-2996,3,0,06
2023-11-23,4호선,명동,37566,40562,-2996,3,0,07
2023-11-23,4호선,명동,37566,40562,-2996,3,0,08
2023-11-23,4호선,명동,37566,40562,-2996,3,0,09
2023-11-23,4호선,명동,37566,40562,-2996,3,0,10
2023-11-23,4호선,명동,37566,40562,-2996,3,0,11
2023-11-23,4호선,명동,37566,40562,-2996,3,0,12
2023-11-23,4호선,명동,37566,40562,-2996,3,0,13
2023-11-23,4호선,명동,37566,40562,-2996,3,0,14
2023-11-23,4호선,명동,37566,40562,-2996,3,0,15
2023-11-23,4호선,명동,37566,40562,-2996,3,0,16
2023-11-23,4호선,명동,37566,40562,-2996,3,0,17
2023-11-23,4호선,명동,37566,40562,-2996,3,0,18
2023-11-23,4호선,명동,37566,40562,-2996,3,0,19
2023-11-23,4호선,명동,37566,40562,-2996,3,0,20
2023-11-23,4호선,명동,37566,40562,-2996,3,0,21
2023-11-23,4호선,명동,37566,40562,-2996,3,0,22
2023-11-23,4호선,명동,37566,40562,-2996,3,0,23
2023-11-24,4호선,명동,39797,43125,-3328,4,0,00
2023-11-24,4호선,명동,39797,43125,-3328,4,0,01
2023-11-24,4호선,명동,39797,43125,-3328,4,0,02
2023-11-24,4호선,명동,39797,43125,-3328,4,0,03
2023-11-24,4호선,명동,39797,43125,-3328,4,0,04
2023-11-24,4호선,명동,39797,43125,-3328,4,0,05
2023-11-24,4호선,명동,39797,43125,-3328,4,0,06
2023-11-24,4호선,명동,39797,43125,-3328,4,0,07
2023-11-24,4호선,명동,39797,43125,-3328,4,0,08
2023-11-24,4호선,명동,39797,43125,-3328,4,0,09
2023-11-24,4호선,명동,39797,43125,-3328,4,0,10
2023-11-24,4호선,명동,39797,43125,-3328,4,0,11
2023-11-24,4호선,명동,39797,43125,-3328,4,0,12
2023-11-24,4호선,명동,39797,43125,-3328,4,0,13
2023-11-24,4호선,명동,39797,43125,-3328,4,0,14
2023-11-24,4호선,명동,39797,43125,-3328,4,0,15
2023-11-24,4호선,명동,39797,43125,-3328,4,0,16
2023-11-24,4호선,명동,39797,43125,-3328,4,0,17
2023-11-24,4호선,명동,39797,43125,-3328,4,0,18
2023-11-24,4호선,명동,39797,43125,-3328,4,0,19
2023-11-24,4호선,명동,39797,43125,-3328,4,0,20
2023-11-24,4호선,명동,39797,43125,-3328,4,0,21
2023-11-24,4호선,명동,39797,43125,-3328,4,0,22
2023-11-24,4호선,명동,39797,43125,-3328,4,0,23
2023-11-25,4호선,명동,36973,41590,-4617,5,1,00
2023-11-25,4호선,명동,36973,41590,-4617,5,1,01
2023-11-25,4호선,명동,36973,41590,-4617,5,1,02
2023-11-25,4호선,명동,36973,41590,-4617,5,1,03
2023-11-25,4호선,명동,36973,41590,-4617,5,1,04
2023-11-25,4호선,명동,36973,41590,-4617,5,1,05
2023-11-25,4호선,명동,36973,41590,-4617,5,1,06
2023-11-25,4호선,명동,36973,41590,-4617,5,1,07
2023-11-25,4호선,명동,36973,41590,-4617,5,1,08
2023-11-25,4호선,명동,36973,41590,-4617,5,1,09
2023-11-25,4호선,명동,36973,41590,-4617,5,1,10
2023-11-25,4호선,명동,36973,41590,-4617,5,1,11
2023-11-25,4호선,명동,36973,41590,-4617,5,1,12
2023-11-25,4호선,명동,36973,41590,-4617,5,1,13
2023-11-25,4호선,명동,36973,41590,-4617,5,1,14
2023-11-25,4호선,명동,36973,41590,-4617,5,1,15
2023-11-25,4호선,명동,36973,41590,-4617,5,1,16
2023-11-25,4호선,명동,36973,41590,-4617,5,1,17
2023-11-25,4호선,명동,36973,41590,-4617,5,1,18
2023-11-25,4호선,명동,36973,41590,-4617,5,1,19
2023-11-25,4호선,명동,36973,41590,-4617,5,1,20
2023-11-25,4호선,명동,36973,41590,-4617,5,1,21
2023-11-25,4호선,명동,36973,41590,-4617,5,1,22
2023-11-25,4호선,명동,36973,41590,-4617,5,1,23
2023-11-26,4호선,명동,29060,32088,-3028,6,1,00
2023-11-26,4호선,명동,29060,32088,-3028,6,1,01
2023-11-26,4호선,명동,29060,32088,-3028,6,1,02
2023-11-26,4호선,명동,29060,32088,-3028,6,1,03
2023-11-26,4호선,명동,29060,32088,-3028,6,1,04
2023-11-26,4호선,명동,29060,32088,-3028,6,1,05
2023-11-26,4호선,명동,29060,32088,-3028,6,1,06
2023-11-26,4호선,명동,29060,32088,-3028,6,1,07
2023-11-26,4호선,명동,29060,32088,-3028,6,1,08
2023-11-26,4호선,명동,29060,32088,-3028,6,1,09
2023-11-26,4호선,명동,29060,32088,-3028,6,1,10
2023-11-26,4호선,명동,29060,32088,-3028,6,1,11
2023-11-26,4호선,명동,29060,32088,-3028,6,1,12
2023-11-26,4호선,명동,29060,32088,-3028,6,1,13
2023-11-26,4호선,명동,29060,32088,-3028,6,1,14
2023-11-26,4호선,명동,29060,32088,-3028,6,1,15
2023-11-26,4호선,명동,29060,32088,-3028,6,1,16
2023-11-26,4호선,명동,29060,32088,-3028,6,1,17
2023-11-26,4호선,명동,29060,32088,-3028,6,1,18
2023-11-26,4호선,명동,29060,32088,-3028,6,1,19
2023-11-26,4호선,명동,29060,32088,-3028,6,1,20
2023-11-26,4호선,명동,29060,32088,-3028,6,1,21
2023-11-26,4호선,명동,29060,32088,-3028,6,1,22
2023-11-26,4호선,명동,29060,32088,-3028,6,1,23
2023-11-27,4호선,명동,34336,35976,-1640,0,0,00
2023-11-27,4호선,명동,34336,35976,-1640,0,0,01
2023-11-27,4호선,명동,34336,35976,-1640,0,0,02
2023-11-27,4호선,명동,34336,35976,-1640,0,0,03
2023-11-27,4호선,명동,34336,35976,-1640,0,0,04
2023-11-27,4호선,명동,34336,35976,-1640,0,0,05
2023-11-27,4호선,명동,34336,35976,-1640,0,0,06
2023-11-27,4호선,명동,34336,35976,-1640,0,0,07
2023-11-27,4호선,명동,34336,35976,-1640,0,0,08
2023-11-27,4호선,명동,34336,35976,-1640,0,0,09
2023-11-27,4호선,명동,34336,35976,-1640,0,0,10
2023-11-27,4호선,명동,34336,35976,-1640,0,0,11
2023-11-27,4호선,명동,34336,35976,-1640,0,0,12
2023-11-27,4호선,명동,34336,35976,-1640,0,0,13
2023-11-27,4호선,명동,34336,35976,-1640,0,0,14
2023-11-27,4호선,명동,34336,35976,-1640,0,0,15
2023-11-27,4호선,명동,34336,35976,-1640,0,0,16
2023-11-27,4호선,명동,34336,35976,-1640,0,0,17
2023-11-27,4호선,명동,34336,35976,-1640,0,0,18
2023-11-27,4호선,명동,34336,35976,-1640,0,0,19
2023-11-27,4호선,명동,34336,35976,-1640,0,0,20
2023-11-27,4호선,명동,34336,35976,-1640,0,0,21
2023-11-27,4호선,명동,34336,35976,-1640,0,0,22
2023-11-27,4호선,명동,34336,35976,-1640,0,0,23
2023-11-28,4호선,명동,34826,36673,-1847,1,0,00
2023-11-28,4호선,명동,34826,36673,-1847,1,0,01
2023-11-28,4호선,명동,34826,36673,-1847,1,0,02
2023-11-28,4호선,명동,34826,36673,-1847,1,0,03
2023-11-28,4호선,명동,34826,36673,-1847,1,0,04
2023-11-28,4호선,명동,34826,36673,-1847,1,0,05
2023-11-28,4호선,명동,34826,36673,-1847,1,0,06
2023-11-28,4호선,명동,34826,36673,-1847,1,0,07
2023-11-28,4호선,명동,34826,36673,-1847,1,0,08
2023-11-28,4호선,명동,34826,36673,-1847,1,0,09
2023-11-28,4호선,명동,34826,36673,-1847,1,0,10
2023-11-28,4호선,명동,34826,36673,-1847,1,0,11
2023-11-28,4호선,명동,34826,36673,-1847,1,0,12
2023-11-28,4호선,명동,34826,36673,-1847,1,0,13
2023-11-28,4호선,명동,34826,36673,-1847,1,0,14
2023-11-28,4호선,명동,34826,36673,-1847,1,0,15
2023-11-28,4호선,명동,34826,36673,-1847,1,0,16
2023-11-28,4호선,명동,34826,36673,-1847,1,0,17
2023-11-28,4호선,명동,34826,36673,-1847,1,0,18
2023-11-28,4호선,명동,34826,36673,-1847,1,0,19
2023-11-28,4호선,명동,34826,36673,-1847,1,0,20
2023-11-28,4호선,명동,34826,36673,-1847,1,0,21
2023-11-28,4호선,명동,34826,36673,-1847,1,0,22
2023-11-28,4호선,명동,34826,36673,-1847,1,0,23
2023-11-29,4호선,명동,34950,36898,-1948,2,0,00
2023-11-29,4호선,명동,34950,36898,-1948,2,0,01
2023-11-29,4호선,명동,34950,36898,-1948,2,0,02
2023-11-29,4호선,명동,34950,36898,-1948,2,0,03
2023-11-29,4호선,명동,34950,36898,-1948,2,0,04
2023-11-29,4호선,명동,34950,36898,-1948,2,0,05
2023-11-29,4호선,명동,34950,36898,-1948,2,0,06
2023-11-29,4호선,명동,34950,36898,-1948,2,0,07
2023-11-29,4호선,명동,34950,36898,-1948,2,0,08
2023-11-29,4호선,명동,34950,36898,-1948,2,0,09
2023-11-29,4호선,명동,34950,36898,-1948,2,0,10
2023-11-29,4호선,명동,34950,36898,-1948,2,0,11
2023-11-29,4호선,명동,34950,36898,-1948,2,0,12
2023-11-29,4호선,명동,34950,36898,-1948,2,0,13
2023-11-29,4호선,명동,34950,36898,-1948,2,0,14
2023-11-29,4호선,명동,34950,36898,-1948,2,0,15
2023-11-29,4호선,명동,34950,36898,-1948,2,0,16
2023-11-29,4호선,명동,34950,36898,-1948,2,0,17
2023-11-29,4호선,명동,34950,36898,-1948,2,0,18
2023-11-29,4호선,명동,34950,36898,-1948,2,0,19
2023-11-29,4호선,명동,34950,36898,-1948,2,0,20
2023-11-29,4호선,명동,34950,36898,-1948,2,0,21
2023-11-29,4호선,명동,34950,36898,-1948,2,0,22
2023-11-29,4호선,명동,34950,36898,-1948,2,0,23
2023-11-30,4호선,명동,33843,35950,-2107,3,0,00
2023-11-30,4호선,명동,33843,35950,-2107,3,0,01
2023-11-30,4호선,명동,33843,35950,-2107,3,0,02
2023-11-30,4호선,명동,33843,35950,-2107,3,0,03
2023-11-30,4호선,명동,33843,35950,-2107,3,0,04
2023-11-30,4호선,명동,33843,35950,-2107,3,0,05
2023-11-30,4호선,명동,33843,35950,-2107,3,0,06
2023-11-30,4호선,명동,33843,35950,-2107,3,0,07
2023-11-30,4호선,명동,33843,35950,-2107,3,0,08
2023-11-30,4호선,명동,33843,35950,-2107,3,0,09
2023-11-30,4호선,명동,33843,35950,-2107,3,0,10
2023-11-30,4호선,명동,33843,35950,-2107,3,0,11
2023-11-30,4호선,명동,33843,35950,-2107,3,0,12
2023-11-30,4호선,명동,33843,35950,-2107,3,0,13
2023-11-30,4호선,명동,33843,35950,-2107,3,0,14
2023-11-30,4호선,명동,33843,35950,-2107,3,0,15
2023-11-30,4호선,명동,33843,35950,-2107,3,0,16
2023-11-30,4호선,명동,33843,35950,-2107,3,0,17
2023-11-30,4호선,명동,33843,35950,-2107,3,0,18
2023-11-30,4호선,명동,33843,35950,-2107,3,0,19
2023-11-30,4호선,명동,33843,35950,-2107,3,0,20
2023-11-30,4호선,명동,33843,35950,-2107,3,0,21
2023-11-30,4호선,명동,33843,35950,-2107,3,0,22
2023-11-30,4호선,명동,33843,35950,-2107,3,0,23
2023-12-01,4호선,명동,36563,39159,-2596,4,0,00
2023-12-01,4호선,명동,36563,39159,-2596,4,0,01
2023-12-01,4호선,명동,36563,39159,-2596,4,0,02
2023-12-01,4호선,명동,36563,39159,-2596,4,0,03
2023-12-01,4호선,명동,36563,39159,-2596,4,0,04
2023-12-01,4호선,명동,36563,39159,-2596,4,0,05
2023-12-01,4호선,명동,36563,39159,-2596,4,0,06
2023-12-01,4호선,명동,36563,39159,-2596,4,0,07
2023-12-01,4호선,명동,36563,39159,-2596,4,0,08
2023-12-01,4호선,명동,36563,39159,-2596,4,0,09
2023-12-01,4호선,명동,36563,39159,-2596,4,0,10
2023-12-01,4호선,명동,36563,39159,-2596,4,0,11
2023-12-01,4호선,명동,36563,39159,-2596,4,0,12
2023-12-01,4호선,명동,36563,39159,-2596,4,0,13
2023-12-01,4호선,명동,36563,39159,-2596,4,0,14
2023-12-01,4호선,명동,36563,39159,-2596,4,0,15
2023-12-01,4호선,명동,36563,39159,-2596,4,0,16
2023-12-01,4호선,명동,36563,39159,-2596,4,0,17
2023-12-01,4호선,명동,36563,39159,-2596,4,0,18
2023-12-01,4호선,명동,36563,39159,-2596,4,0,19
2023-12-01,4호선,명동,36563,39159,-2596,4,0,20
2023-12-01,4호선,명동,36563,39159,-2596,4,0,21
2023-12-01,4호선,명동,36563,39159,-2596,4,0,22
2023-12-01,4호선,명동,36563,39159,-2596,4,0,23
2023-12-02,4호선,명동,34755,39692,-4937,5,1,00
2023-12-02,4호선,명동,34755,39692,-4937,5,1,01
2023-12-02,4호선,명동,34755,39692,-4937,5,1,02
2023-12-02,4호선,명동,34755,39692,-4937,5,1,03
2023-12-02,4호선,명동,34755,39692,-4937,5,1,04
2023-12-02,4호선,명동,34755,39692,-4937,5,1,05
2023-12-02,4호선,명동,34755,39692,-4937,5,1,06
2023-12-02,4호선,명동,34755,39692,-4937,5,1,07
2023-12-02,4호선,명동,34755,39692,-4937,5,1,08
2023-12-02,4호선,명동,34755,39692,-4937,5,1,09
2023-12-02,4호선,명동,34755,39692,-4937,5,1,10
2023-12-02,4호선,명동,34755,39692,-4937,5,1,11
2023-12-02,4호선,명동,34755,39692,-4937,5,1,12
2023-12-02,4호선,명동,34755,39692,-4937,5,1,13
2023-12-02,4호선,명동,34755,39692,-4937,5,1,14
2023-12-02,4호선,명동,34755,39692,-4937,5,1,15
2023-12-02,4호선,명동,34755,39692,-4937,5,1,16
2023-12-02,4호선,명동,34755,39692,-4937,5,1,17
2023-12-02,4호선,명동,34755,39692,-4937,5,1,18
2023-12-02,4호선,명동,34755,39692,-4937,5,1,19
2023-12-02,4호선,명동,34755,39692,-4937,5,1,20
2023-12-02,4호선,명동,34755,39692,-4937,5,1,21
2023-12-02,4호선,명동,34755,39692,-4937,5,1,22
2023-12-02,4호선,명동,34755,39692,-4937,5,1,23
2023-12-03,4호선,명동,29345,31832,-2487,6,1,00
2023-12-03,4호선,명동,29345,31832,-2487,6,1,01
2023-12-03,4호선,명동,29345,31832,-2487,6,1,02
2023-12-03,4호선,명동,29345,31832,-2487,6,1,03
2023-12-03,4호선,명동,29345,31832,-2487,6,1,04
2023-12-03,4호선,명동,29345,31832,-2487,6,1,05
2023-12-03,4호선,명동,29345,31832,-2487,6,1,06
2023-12-03,4호선,명동,29345,31832,-2487,6,1,07
2023-12-03,4호선,명동,29345,31832,-2487,6,1,08
2023-12-03,4호선,명동,29345,31832,-2487,6,1,09
2023-12-03,4호선,명동,29345,31832,-2487,6,1,10
2023-12-03,4호선,명동,29345,31832,-2487,6,1,11
2023-12-03,4호선,명동,29345,31832,-2487,6,1,12
2023-12-03,4호선,명동,29345,31832,-2487,6,1,13
2023-12-03,4호선,명동,29345,31832,-2487,6,1,14
2023-12-03,4호선,명동,29345,31832,-2487,6,1,15
2023-12-03,4호선,명동,29345,31832,-2487,6,1,16
2023-12-03,4호선,명동,29345,31832,-2487,6,1,17
2023-12-03,4호선,명동,29345,31832,-2487,6,1,18
2023-12-03,4호선,명동,29345,31832,-2487,6,1,19
2023-12-03,4호선,명동,29345,31832,-2487,6,1,20
2023-12-03,4호선,명동,29345,31832,-2487,6,1,21
2023-12-03,4호선,명동,29345,31832,-2487,6,1,22
2023-12-03,4호선,명동,29345,31832,-2487,6,1,23
2023-12-04,4호선,명동,34226,36205,-1979,0,0,00
2023-12-04,4호선,명동,34226,36205,-1979,0,0,01
2023-12-04,4호선,명동,34226,36205,-1979,0,0,02
2023-12-04,4호선,명동,34226,36205,-1979,0,0,03
2023-12-04,4호선,명동,34226,36205,-1979,0,0,04
2023-12-04,4호선,명동,34226,36205,-1979,0,0,05
2023-12-04,4호선,명동,34226,36205,-1979,0,0,06
2023-12-04,4호선,명동,34226,36205,-1979,0,0,07
2023-12-04,4호선,명동,34226,36205,-1979,0,0,08
2023-12-04,4호선,명동,34226,36205,-1979,0,0,09
2023-12-04,4호선,명동,34226,36205,-1979,0,0,10
2023-12-04,4호선,명동,34226,36205,-1979,0,0,11
2023-12-04,4호선,명동,34226,36205,-1979,0,0,12
2023-12-04,4호선,명동,34226,36205,-1979,0,0,13
2023-12-04,4호선,명동,34226,36205,-1979,0,0,14
2023-12-04,4호선,명동,34226,36205,-1979,0,0,15
2023-12-04,4호선,명동,34226,36205,-1979,0,0,16
2023-12-04,4호선,명동,34226,36205,-1979,0,0,17
2023-12-04,4호선,명동,34226,36205,-1979,0,0,18
2023-12-04,4호선,명동,34226,36205,-1979,0,0,19
2023-12-04,4호선,명동,34226,36205,-1979,0,0,20
2023-12-04,4호선,명동,34226,36205,-1979,0,0,21
2023-12-04,4호선,명동,34226,36205,-1979,0,0,22
2023-12-04,4호선,명동,34226,36205,-1979,0,0,23
2023-12-05,4호선,명동,34635,36524,-1889,1,0,00
2023-12-05,4호선,명동,34635,36524,-1889,1,0,01
2023-12-05,4호선,명동,34635,36524,-1889,1,0,02
2023-12-05,4호선,명동,34635,36524,-1889,1,0,03
2023-12-05,4호선,명동,34635,36524,-1889,1,0,04
2023-12-05,4호선,명동,34635,36524,-1889,1,0,05
2023-12-05,4호선,명동,34635,36524,-1889,1,0,06
2023-12-05,4호선,명동,34635,36524,-1889,1,0,07
2023-12-05,4호선,명동,34635,36524,-1889,1,0,08
2023-12-05,4호선,명동,34635,36524,-1889,1,0,09
2023-12-05,4호선,명동,34635,36524,-1889,1,0,10
2023-12-05,4호선,명동,34635,36524,-1889,1,0,11
2023-12-05,4호선,명동,34635,36524,-1889,1,0,12
2023-12-05,4호선,명동,34635,36524,-1889,1,0,13
2023-12-05,4호선,명동,34635,36524,-1889,1,0,14
2023-12-05,4호선,명동,34635,36524,-1889,1,0,15
2023-12-05,4호선,명동,34635,36524,-1889,1,0,16
2023-12-05,4호선,명동,34635,36524,-1889,1,0,17
2023-12-05,4호선,명동,34635,36524,-1889,1,0,18
2023-12-05,4호선,명동,34635,36524,-1889,1,0,19
2023-12-05,4호선,명동,34635,36524,-1889,1,0,20
2023-12-05,4호선,명동,34635,36524,-1889,1,0,21
2023-12-05,4호선,명동,34635,36524,-1889,1,0,22
2023-12-05,4호선,명동,34635,36524,-1889,1,0,23
2023-12-06,4호선,명동,33266,35530,-2264,2,0,00
2023-12-06,4호선,명동,33266,35530,-2264,2,0,01
2023-12-06,4호선,명동,33266,35530,-2264,2,0,02
2023-12-06,4호선,명동,33266,35530,-2264,2,0,03
2023-12-06,4호선,명동,33266,35530,-2264,2,0,04
2023-12-06,4호선,명동,33266,35530,-2264,2,0,05
2023-12-06,4호선,명동,33266,35530,-2264,2,0,06
2023-12-06,4호선,명동,33266,35530,-2264,2,0,07
2023-12-06,4호선,명동,33266,35530,-2264,2,0,08
2023-12-06,4호선,명동,33266,35530,-2264,2,0,09
2023-12-06,4호선,명동,33266,35530,-2264,2,0,10
2023-12-06,4호선,명동,33266,35530,-2264,2,0,11
2023-12-06,4호선,명동,33266,35530,-2264,2,0,12
2023-12-06,4호선,명동,33266,35530,-2264,2,0,13
2023-12-06,4호선,명동,33266,35530,-2264,2,0,14
2023-12-06,4호선,명동,33266,35530,-2264,2,0,15
2023-12-06,4호선,명동,33266,35530,-2264,2,0,16
2023-12-06,4호선,명동,33266,35530,-2264,2,0,17
2023-12-06,4호선,명동,33266,35530,-2264,2,0,18
2023-12-06,4호선,명동,33266,35530,-2264,2,0,19
2023-12-06,4호선,명동,33266,35530,-2264,2,0,20
2023-12-06,4호선,명동,33266,35530,-2264,2,0,21
2023-12-06,4호선,명동,33266,35530,-2264,2,0,22
2023-12-06,4호선,명동,33266,35530,-2264,2,0,23
2023-12-07,4호선,명동,34226,36531,-2305,3,0,00
2023-12-07,4호선,명동,34226,36531,-2305,3,0,01
2023-12-07,4호선,명동,34226,36531,-2305,3,0,02
2023-12-07,4호선,명동,34226,36531,-2305,3,0,03
2023-12-07,4호선,명동,34226,36531,-2305,3,0,04
2023-12-07,4호선,명동,34226,36531,-2305,3,0,05
2023-12-07,4호선,명동,34226,36531,-2305,3,0,06
2023-12-07,4호선,명동,34226,36531,-2305,3,0,07
2023-12-07,4호선,명동,34226,36531,-2305,3,0,08
2023-12-07,4호선,명동,34226,36531,-2305,3,0,09
2023-12-07,4호선,명동,34226,36531,-2305,3,0,10
2023-12-07,4호선,명동,34226,36531,-2305,3,0,11
2023-12-07,4호선,명동,34226,36531,-2305,3,0,12
2023-12-07,4호선,명동,34226,36531,-2305,3,0,13
2023-12-07,4호선,명동,34226,36531,-2305,3,0,14
2023-12-07,4호선,명동,34226,36531,-2305,3,0,15
2023-12-07,4호선,명동,34226,36531,-2305,3,0,16
2023-12-07,4호선,명동,34226,36531,-2305,3,0,17
2023-12-07,4호선,명동,34226,36531,-2305,3,0,18
2023-12-07,4호선,명동,34226,36531,-2305,3,0,19
2023-12-07,4호선,명동,34226,36531,-2305,3,0,20
2023-12-07,4호선,명동,34226,36531,-2305,3,0,21
2023-12-07,4호선,명동,34226,36531,-2305,3,0,22
2023-12-07,4호선,명동,34226,36531,-2305,3,0,23
2023-12-08,4호선,명동,36910,39889,-2979,4,0,00
2023-12-08,4호선,명동,36910,39889,-2979,4,0,01
2023-12-08,4호선,명동,36910,39889,-2979,4,0,02
2023-12-08,4호선,명동,36910,39889,-2979,4,0,03
2023-12-08,4호선,명동,36910,39889,-2979,4,0,04
2023-12-08,4호선,명동,36910,39889,-2979,4,0,05
2023-12-08,4호선,명동,36910,39889,-2979,4,0,06
2023-12-08,4호선,명동,36910,39889,-2979,4,0,07
2023-12-08,4호선,명동,36910,39889,-2979,4,0,08
2023-12-08,4호선,명동,36910,39889,-2979,4,0,09
2023-12-08,4호선,명동,36910,39889,-2979,4,0,10
2023-12-08,4호선,명동,36910,39889,-2979,4,0,11
2023-12-08,4호선,명동,36910,39889,-2979,4,0,12
2023-12-08,4호선,명동,36910,39889,-2979,4,0,13
2023-12-08,4호선,명동,36910,39889,-2979,4,0,14
2023-12-08,4호선,명동,36910,39889,-2979,4,0,15
2023-12-08,4호선,명동,36910,39889,-2979,4,0,16
2023-12-08,4호선,명동,36910,39889,-2979,4,0,17
2023-12-08,4호선,명동,36910,39889,-2979,4,0,18
2023-12-08,4호선,명동,36910,39889,-2979,4,0,19
2023-12-08,4호선,명동,36910,39889,-2979,4,0,20
2023-12-08,4호선,명동,36910,39889,-2979,4,0,21
2023-12-08,4호선,명동,36910,39889,-2979,4,0,22
2023-12-08,4호선,명동,36910,39889,-2979,4,0,23
2023-12-09,4호선,명동,37425,43568,-6143,5,1,00
2023-12-09,4호선,명동,37425,43568,-6143,5,1,01
2023-12-09,4호선,명동,37425,43568,-6143,5,1,02
2023-12-09,4호선,명동,37425,43568,-6143,5,1,03
2023-12-09,4호선,명동,37425,43568,-6143,5,1,04
2023-12-09,4호선,명동,37425,43568,-6143,5,1,05
2023-12-09,4호선,명동,37425,43568,-6143,5,1,06
2023-12-09,4호선,명동,37425,43568,-6143,5,1,07
2023-12-09,4호선,명동,37425,43568,-6143,5,1,08
2023-12-09,4호선,명동,37425,43568,-6143,5,1,09
2023-12-09,4호선,명동,37425,43568,-6143,5,1,10
2023-12-09,4호선,명동,37425,43568,-6143,5,1,11
2023-12-09,4호선,명동,37425,43568,-6143,5,1,12
2023-12-09,4호선,명동,37425,43568,-6143,5,1,13
2023-12-09,4호선,명동,37425,43568,-6143,5,1,14
2023-12-09,4호선,명동,37425,43568,-6143,5,1,15
2023-12-09,4호선,명동,37425,43568,-6143,5,1,16
2023-12-09,4호선,명동,37425,43568,-6143,5,1,17
2023-12-09,4호선,명동,37425,43568,-6143,5,1,18
2023-12-09,4호선,명동,37425,43568,-6143,5,1,19
2023-12-09,4호선,명동,37425,43568,-6143,5,1,20
2023-12-09,4호선,명동,37425,43568,-6143,5,1,21
2023-12-09,4호선,명동,37425,43568,-6143,5,1,22
2023-12-09,4호선,명동,37425,43568,-6143,5,1,23
2023-12-10,4호선,명동,29572,32467,-2895,6,1,00
2023-12-10,4호선,명동,29572,32467,-2895,6,1,01
2023-12-10,4호선,명동,29572,32467,-2895,6,1,02
2023-12-10,4호선,명동,29572,32467,-2895,6,1,03
2023-12-10,4호선,명동,29572,32467,-2895,6,1,04
2023-12-10,4호선,명동,29572,32467,-2895,6,1,05
2023-12-10,4호선,명동,29572,32467,-2895,6,1,06
2023-12-10,4호선,명동,29572,32467,-2895,6,1,07
2023-12-10,4호선,명동,29572,32467,-2895,6,1,08
2023-12-10,4호선,명동,29572,32467,-2895,6,1,09
2023-12-10,4호선,명동,29572,32467,-2895,6,1,10
2023-12-10,4호선,명동,29572,32467,-2895,6,1,11
2023-12-10,4호선,명동,29572,32467,-2895,6,1,12
2023-12-10,4호선,명동,29572,32467,-2895,6,1,13
2023-12-10,4호선,명동,29572,32467,-2895,6,1,14
2023-12-10,4호선,명동,29572,32467,-2895,6,1,15
2023-12-10,4호선,명동,29572,32467,-2895,6,1,16
2023-12-10,4호선,명동,29572,32467,-2895,6,1,17
2023-12-10,4호선,명동,29572,32467,-2895,6,1,18
2023-12-10,4호선,명동,29572,32467,-2895,6,1,19
2023-12-10,4호선,명동,29572,32467,-2895,6,1,20
2023-12-10,4호선,명동,29572,32467,-2895,6,1,21
2023-12-10,4호선,명동,29572,32467,-2895,6,1,22
2023-12-10,4호선,명동,29572,32467,-2895,6,1,23
2023-12-11,4호선,명동,31855,33522,-1667,0,0,00
2023-12-11,4호선,명동,31855,33522,-1667,0,0,01
2023-12-11,4호선,명동,31855,33522,-1667,0,0,02
2023-12-11,4호선,명동,31855,33522,-1667,0,0,03
2023-12-11,4호선,명동,31855,33522,-1667,0,0,04
2023-12-11,4호선,명동,31855,33522,-1667,0,0,05
2023-12-11,4호선,명동,31855,33522,-1667,0,0,06
2023-12-11,4호선,명동,31855,33522,-1667,0,0,07
2023-12-11,4호선,명동,31855,33522,-1667,0,0,08
2023-12-11,4호선,명동,31855,33522,-1667,0,0,09
2023-12-11,4호선,명동,31855,33522,-1667,0,0,10
2023-12-11,4호선,명동,31855,33522,-1667,0,0,11
2023-12-11,4호선,명동,31855,33522,-1667,0,0,12
2023-12-11,4호선,명동,31855,33522,-1667,0,0,13
2023-12-11,4호선,명동,31855,33522,-1667,0,0,14
2023-12-11,4호선,명동,31855,33522,-1667,0,0,15
2023-12-11,4호선,명동,31855,33522,-1667,0,0,16
2023-12-11,4호선,명동,31855,33522,-1667,0,0,17
2023-12-11,4호선,명동,31855,33522,-1667,0,0,18
2023-12-11,4호선,명동,31855,33522,-1667,0,0,19
2023-12-11,4호선,명동,31855,33522,-1667,0,0,20
2023-12-11,4호선,명동,31855,33522,-1667,0,0,21
2023-12-11,4호선,명동,31855,33522,-1667,0,0,22
2023-12-11,4호선,명동,31855,33522,-1667,0,0,23
2023-12-12,4호선,명동,34991,36570,-1579,1,0,00
2023-12-12,4호선,명동,34991,36570,-1579,1,0,01
2023-12-12,4호선,명동,34991,36570,-1579,1,0,02
2023-12-12,4호선,명동,34991,36570,-1579,1,0,03
2023-12-12,4호선,명동,34991,36570,-1579,1,0,04
2023-12-12,4호선,명동,34991,36570,-1579,1,0,05
2023-12-12,4호선,명동,34991,36570,-1579,1,0,06
2023-12-12,4호선,명동,34991,36570,-1579,1,0,07
2023-12-12,4호선,명동,34991,36570,-1579,1,0,08
2023-12-12,4호선,명동,34991,36570,-1579,1,0,09
2023-12-12,4호선,명동,34991,36570,-1579,1,0,10
2023-12-12,4호선,명동,34991,36570,-1579,1,0,11
2023-12-12,4호선,명동,34991,36570,-1579,1,0,12
2023-12-12,4호선,명동,34991,36570,-1579,1,0,13
2023-12-12,4호선,명동,34991,36570,-1579,1,0,14
2023-12-12,4호선,명동,34991,36570,-1579,1,0,15
2023-12-12,4호선,명동,34991,36570,-1579,1,0,16
2023-12-12,4호선,명동,34991,36570,-1579,1,0,17
2023-12-12,4호선,명동,34991,36570,-1579,1,0,18
2023-12-12,4호선,명동,34991,36570,-1579,1,0,19
2023-12-12,4호선,명동,34991,36570,-1579,1,0,20
2023-12-12,4호선,명동,34991,36570,-1579,1,0,21
2023-12-12,4호선,명동,34991,36570,-1579,1,0,22
2023-12-12,4호선,명동,34991,36570,-1579,1,0,23
2023-12-13,4호선,명동,35512,37629,-2117,2,0,00
2023-12-13,4호선,명동,35512,37629,-2117,2,0,01
2023-12-13,4호선,명동,35512,37629,-2117,2,0,02
2023-12-13,4호선,명동,35512,37629,-2117,2,0,03
2023-12-13,4호선,명동,35512,37629,-2117,2,0,04
2023-12-13,4호선,명동,35512,37629,-2117,2,0,05
2023-12-13,4호선,명동,35512,37629,-2117,2,0,06
2023-12-13,4호선,명동,35512,37629,-2117,2,0,07
2023-12-13,4호선,명동,35512,37629,-2117,2,0,08
2023-12-13,4호선,명동,35512,37629,-2117,2,0,09
2023-12-13,4호선,명동,35512,37629,-2117,2,0,10
2023-12-13,4호선,명동,35512,37629,-2117,2,0,11
2023-12-13,4호선,명동,35512,37629,-2117,2,0,12
2023-12-13,4호선,명동,35512,37629,-2117,2,0,13
2023-12-13,4호선,명동,35512,37629,-2117,2,0,14
2023-12-13,4호선,명동,35512,37629,-2117,2,0,15
2023-12-13,4호선,명동,35512,37629,-2117,2,0,16
2023-12-13,4호선,명동,35512,37629,-2117,2,0,17
2023-12-13,4호선,명동,35512,37629,-2117,2,0,18
2023-12-13,4호선,명동,35512,37629,-2117,2,0,19
2023-12-13,4호선,명동,35512,37629,-2117,2,0,20
2023-12-13,4호선,명동,35512,37629,-2117,2,0,21
2023-12-13,4호선,명동,35512,37629,-2117,2,0,22
2023-12-13,4호선,명동,35512,37629,-2117,2,0,23
2023-12-14,4호선,명동,33103,35663,-2560,3,0,00
2023-12-14,4호선,명동,33103,35663,-2560,3,0,01
2023-12-14,4호선,명동,33103,35663,-2560,3,0,02
2023-12-14,4호선,명동,33103,35663,-2560,3,0,03
2023-12-14,4호선,명동,33103,35663,-2560,3,0,04
2023-12-14,4호선,명동,33103,35663,-2560,3,0,05
2023-12-14,4호선,명동,33103,35663,-2560,3,0,06
2023-12-14,4호선,명동,33103,35663,-2560,3,0,07
2023-12-14,4호선,명동,33103,35663,-2560,3,0,08
2023-12-14,4호선,명동,33103,35663,-2560,3,0,09
2023-12-14,4호선,명동,33103,35663,-2560,3,0,10
2023-12-14,4호선,명동,33103,35663,-2560,3,0,11
2023-12-14,4호선,명동,33103,35663,-2560,3,0,12
2023-12-14,4호선,명동,33103,35663,-2560,3,0,13
2023-12-14,4호선,명동,33103,35663,-2560,3,0,14
2023-12-14,4호선,명동,33103,35663,-2560,3,0,15
2023-12-14,4호선,명동,33103,35663,-2560,3,0,16
2023-12-14,4호선,명동,33103,35663,-2560,3,0,17
2023-12-14,4호선,명동,33103,35663,-2560,3,0,18
2023-12-14,4호선,명동,33103,35663,-2560,3,0,19
2023-12-14,4호선,명동,33103,35663,-2560,3,0,20
2023-12-14,4호선,명동,33103,35663,-2560,3,0,21
2023-12-14,4호선,명동,33103,35663,-2560,3,0,22
2023-12-14,4호선,명동,33103,35663,-2560,3,0,23
2023-12-15,4호선,명동,36181,39085,-2904,4,0,00
2023-12-15,4호선,명동,36181,39085,-2904,4,0,01
2023-12-15,4호선,명동,36181,39085,-2904,4,0,02
2023-12-15,4호선,명동,36181,39085,-2904,4,0,03
2023-12-15,4호선,명동,36181,39085,-2904,4,0,04
2023-12-15,4호선,명동,36181,39085,-2904,4,0,05
2023-12-15,4호선,명동,36181,39085,-2904,4,0,06
2023-12-15,4호선,명동,36181,39085,-2904,4,0,07
2023-12-15,4호선,명동,36181,39085,-2904,4,0,08
2023-12-15,4호선,명동,36181,39085,-2904,4,0,09
2023-12-15,4호선,명동,36181,39085,-2904,4,0,10
2023-12-15,4호선,명동,36181,39085,-2904,4,0,11
2023-12-15,4호선,명동,36181,39085,-2904,4,0,12
2023-12-15,4호선,명동,36181,39085,-2904,4,0,13
2023-12-15,4호선,명동,36181,39085,-2904,4,0,14
2023-12-15,4호선,명동,36181,39085,-2904,4,0,15
2023-12-15,4호선,명동,36181,39085,-2904,4,0,16
2023-12-15,4호선,명동,36181,39085,-2904,4,0,17
2023-12-15,4호선,명동,36181,39085,-2904,4,0,18
2023-12-15,4호선,명동,36181,39085,-2904,4,0,19
2023-12-15,4호선,명동,36181,39085,-2904,4,0,20
2023-12-15,4호선,명동,36181,39085,-2904,4,0,21
2023-12-15,4호선,명동,36181,39085,-2904,4,0,22
2023-12-15,4호선,명동,36181,39085,-2904,4,0,23
2023-12-16,4호선,명동,37495,43563,-6068,5,1,00
2023-12-16,4호선,명동,37495,43563,-6068,5,1,01
2023-12-16,4호선,명동,37495,43563,-6068,5,1,02
2023-12-16,4호선,명동,37495,43563,-6068,5,1,03
2023-12-16,4호선,명동,37495,43563,-6068,5,1,04
2023-12-16,4호선,명동,37495,43563,-6068,5,1,05
2023-12-16,4호선,명동,37495,43563,-6068,5,1,06
2023-12-16,4호선,명동,37495,43563,-6068,5,1,07
2023-12-16,4호선,명동,37495,43563,-6068,5,1,08
2023-12-16,4호선,명동,37495,43563,-6068,5,1,09
2023-12-16,4호선,명동,37495,43563,-6068,5,1,10
2023-12-16,4호선,명동,37495,43563,-6068,5,1,11
2023-12-16,4호선,명동,37495,43563,-6068,5,1,12
2023-12-16,4호선,명동,37495,43563,-6068,5,1,13
2023-12-16,4호선,명동,37495,43563,-6068,5,1,14
2023-12-16,4호선,명동,37495,43563,-6068,5,1,15
2023-12-16,4호선,명동,37495,43563,-6068,5,1,16
2023-12-16,4호선,명동,37495,43563,-6068,5,1,17
2023-12-16,4호선,명동,37495,43563,-6068,5,1,18
2023-12-16,4호선,명동,37495,43563,-6068,5,1,19
2023-12-16,4호선,명동,37495,43563,-6068,5,1,20
2023-12-16,4호선,명동,37495,43563,-6068,5,1,21
2023-12-16,4호선,명동,37495,43563,-6068,5,1,22
2023-12-16,4호선,명동,37495,43563,-6068,5,1,23
2023-12-17,4호선,명동,28875,31560,-2685,6,1,00
2023-12-17,4호선,명동,28875,31560,-2685,6,1,01
2023-12-17,4호선,명동,28875,31560,-2685,6,1,02
2023-12-17,4호선,명동,28875,31560,-2685,6,1,03
2023-12-17,4호선,명동,28875,31560,-2685,6,1,04
2023-12-17,4호선,명동,28875,31560,-2685,6,1,05
2023-12-17,4호선,명동,28875,31560,-2685,6,1,06
2023-12-17,4호선,명동,28875,31560,-2685,6,1,07
2023-12-17,4호선,명동,28875,31560,-2685,6,1,08
2023-12-17,4호선,명동,28875,31560,-2685,6,1,09
2023-12-17,4호선,명동,28875,31560,-2685,6,1,10
2023-12-17,4호선,명동,28875,31560,-2685,6,1,11
2023-12-17,4호선,명동,28875,31560,-2685,6,1,12
2023-12-17,4호선,명동,28875,31560,-2685,6,1,13
2023-12-17,4호선,명동,28875,31560,-2685,6,1,14
2023-12-17,4호선,명동,28875,31560,-2685,6,1,15
2023-12-17,4호선,명동,28875,31560,-2685,6,1,16
2023-12-17,4호선,명동,28875,31560,-2685,6,1,17
2023-12-17,4호선,명동,28875,31560,-2685,6,1,18
2023-12-17,4호선,명동,28875,31560,-2685,6,1,19
2023-12-17,4호선,명동,28875,31560,-2685,6,1,20
2023-12-17,4호선,명동,28875,31560,-2685,6,1,21
2023-12-17,4호선,명동,28875,31560,-2685,6,1,22
2023-12-17,4호선,명동,28875,31560,-2685,6,1,23
2023-12-18,4호선,명동,33817,35773,-1956,0,0,00
2023-12-18,4호선,명동,33817,35773,-1956,0,0,01
2023-12-18,4호선,명동,33817,35773,-1956,0,0,02
2023-12-18,4호선,명동,33817,35773,-1956,0,0,03
2023-12-18,4호선,명동,33817,35773,-1956,0,0,04
2023-12-18,4호선,명동,33817,35773,-1956,0,0,05
2023-12-18,4호선,명동,33817,35773,-1956,0,0,06
2023-12-18,4호선,명동,33817,35773,-1956,0,0,07
2023-12-18,4호선,명동,33817,35773,-1956,0,0,08
2023-12-18,4호선,명동,33817,35773,-1956,0,0,09
2023-12-18,4호선,명동,33817,35773,-1956,0,0,10
2023-12-18,4호선,명동,33817,35773,-1956,0,0,11
2023-12-18,4호선,명동,33817,35773,-1956,0,0,12
2023-12-18,4호선,명동,33817,35773,-1956,0,0,13
2023-12-18,4호선,명동,33817,35773,-1956,0,0,14
2023-12-18,4호선,명동,33817,35773,-1956,0,0,15
2023-12-18,4호선,명동,33817,35773,-1956,0,0,16
2023-12-18,4호선,명동,33817,35773,-1956,0,0,17
2023-12-18,4호선,명동,33817,35773,-1956,0,0,18
2023-12-18,4호선,명동,33817,35773,-1956,0,0,19
2023-12-18,4호선,명동,33817,35773,-1956,0,0,20
2023-12-18,4호선,명동,33817,35773,-1956,0,0,21
2023-12-18,4호선,명동,33817,35773,-1956,0,0,22
2023-12-18,4호선,명동,33817,35773,-1956,0,0,23
2023-12-19,4호선,명동,33664,35867,-2203,1,0,00
2023-12-19,4호선,명동,33664,35867,-2203,1,0,01
2023-12-19,4호선,명동,33664,35867,-2203,1,0,02
2023-12-19,4호선,명동,33664,35867,-2203,1,0,03
2023-12-19,4호선,명동,33664,35867,-2203,1,0,04
2023-12-19,4호선,명동,33664,35867,-2203,1,0,05
2023-12-19,4호선,명동,33664,35867,-2203,1,0,06
2023-12-19,4호선,명동,33664,35867,-2203,1,0,07
2023-12-19,4호선,명동,33664,35867,-2203,1,0,08
2023-12-19,4호선,명동,33664,35867,-2203,1,0,09
2023-12-19,4호선,명동,33664,35867,-2203,1,0,10
2023-12-19,4호선,명동,33664,35867,-2203,1,0,11
2023-12-19,4호선,명동,33664,35867,-2203,1,0,12
2023-12-19,4호선,명동,33664,35867,-2203,1,0,13
2023-12-19,4호선,명동,33664,35867,-2203,1,0,14
2023-12-19,4호선,명동,33664,35867,-2203,1,0,15
2023-12-19,4호선,명동,33664,35867,-2203,1,0,16
2023-12-19,4호선,명동,33664,35867,-2203,1,0,17
2023-12-19,4호선,명동,33664,35867,-2203,1,0,18
2023-12-19,4호선,명동,33664,35867,-2203,1,0,19
2023-12-19,4호선,명동,33664,35867,-2203,1,0,20
2023-12-19,4호선,명동,33664,35867,-2203,1,0,21
2023-12-19,4호선,명동,33664,35867,-2203,1,0,22
2023-12-19,4호선,명동,33664,35867,-2203,1,0,23
2023-12-20,4호선,명동,33722,35845,-2123,2,0,00
2023-12-20,4호선,명동,33722,35845,-2123,2,0,01
2023-12-20,4호선,명동,33722,35845,-2123,2,0,02
2023-12-20,4호선,명동,33722,35845,-2123,2,0,03
2023-12-20,4호선,명동,33722,35845,-2123,2,0,04
2023-12-20,4호선,명동,33722,35845,-2123,2,0,05
2023-12-20,4호선,명동,33722,35845,-2123,2,0,06
2023-12-20,4호선,명동,33722,35845,-2123,2,0,07
2023-12-20,4호선,명동,33722,35845,-2123,2,0,08
2023-12-20,4호선,명동,33722,35845,-2123,2,0,09
2023-12-20,4호선,명동,33722,35845,-2123,2,0,10
2023-12-20,4호선,명동,33722,35845,-2123,2,0,11
2023-12-20,4호선,명동,33722,35845,-2123,2,0,12
2023-12-20,4호선,명동,33722,35845,-2123,2,0,13
2023-12-20,4호선,명동,33722,35845,-2123,2,0,14
2023-12-20,4호선,명동,33722,35845,-2123,2,0,15
2023-12-20,4호선,명동,33722,35845,-2123,2,0,16
2023-12-20,4호선,명동,33722,35845,-2123,2,0,17
2023-12-20,4호선,명동,33722,35845,-2123,2,0,18
2023-12-20,4호선,명동,33722,35845,-2123,2,0,19
2023-12-20,4호선,명동,33722,35845,-2123,2,0,20
2023-12-20,4호선,명동,33722,35845,-2123,2,0,21
2023-12-20,4호선,명동,33722,35845,-2123,2,0,22
2023-12-20,4호선,명동,33722,35845,-2123,2,0,23
2023-12-21,4호선,명동,32250,34886,-2636,3,0,00
2023-12-21,4호선,명동,32250,34886,-2636,3,0,01
2023-12-21,4호선,명동,32250,34886,-2636,3,0,02
2023-12-21,4호선,명동,32250,34886,-2636,3,0,03
2023-12-21,4호선,명동,32250,34886,-2636,3,0,04
2023-12-21,4호선,명동,32250,34886,-2636,3,0,05
2023-12-21,4호선,명동,32250,34886,-2636,3,0,06
2023-12-21,4호선,명동,32250,34886,-2636,3,0,07
2023-12-21,4호선,명동,32250,34886,-2636,3,0,08
2023-12-21,4호선,명동,32250,34886,-2636,3,0,09
2023-12-21,4호선,명동,32250,34886,-2636,3,0,10
2023-12-21,4호선,명동,32250,34886,-2636,3,0,11
2023-12-21,4호선,명동,32250,34886,-2636,3,0,12
2023-12-21,4호선,명동,32250,34886,-2636,3,0,13
2023-12-21,4호선,명동,32250,34886,-2636,3,0,14
2023-12-21,4호선,명동,32250,34886,-2636,3,0,15
2023-12-21,4호선,명동,32250,34886,-2636,3,0,16
2023-12-21,4호선,명동,32250,34886,-2636,3,0,17
2023-12-21,4호선,명동,32250,34886,-2636,3,0,18
2023-12-21,4호선,명동,32250,34886,-2636,3,0,19
2023-12-21,4호선,명동,32250,34886,-2636,3,0,20
2023-12-21,4호선,명동,32250,34886,-2636,3,0,21
2023-12-21,4호선,명동,32250,34886,-2636,3,0,22
2023-12-21,4호선,명동,32250,34886,-2636,3,0,23
2023-12-22,4호선,명동,34914,38699,-3785,4,0,00
2023-12-22,4호선,명동,34914,38699,-3785,4,0,01
2023-12-22,4호선,명동,34914,38699,-3785,4,0,02
2023-12-22,4호선,명동,34914,38699,-3785,4,0,03
2023-12-22,4호선,명동,34914,38699,-3785,4,0,04
2023-12-22,4호선,명동,34914,38699,-3785,4,0,05
2023-12-22,4호선,명동,34914,38699,-3785,4,0,06
2023-12-22,4호선,명동,34914,38699,-3785,4,0,07
2023-12-22,4호선,명동,34914,38699,-3785,4,0,08
2023-12-22,4호선,명동,34914,38699,-3785,4,0,09
2023-12-22,4호선,명동,34914,38699,-3785,4,0,10
2023-12-22,4호선,명동,34914,38699,-3785,4,0,11
2023-12-22,4호선,명동,34914,38699,-3785,4,0,12
2023-12-22,4호선,명동,34914,38699,-3785,4,0,13
2023-12-22,4호선,명동,34914,38699,-3785,4,0,14
2023-12-22,4호선,명동,34914,38699,-3785,4,0,15
2023-12-22,4호선,명동,34914,38699,-3785,4,0,16
2023-12-22,4호선,명동,34914,38699,-3785,4,0,17
2023-12-22,4호선,명동,34914,38699,-3785,4,0,18
2023-12-22,4호선,명동,34914,38699,-3785,4,0,19
2023-12-22,4호선,명동,34914,38699,-3785,4,0,20
2023-12-22,4호선,명동,34914,38699,-3785,4,0,21
2023-12-22,4호선,명동,34914,38699,-3785,4,0,22
2023-12-22,4호선,명동,34914,38699,-3785,4,0,23
2023-12-23,4호선,명동,40898,48045,-7147,5,1,00
2023-12-23,4호선,명동,40898,48045,-7147,5,1,01
2023-12-23,4호선,명동,40898,48045,-7147,5,1,02
2023-12-23,4호선,명동,40898,48045,-7147,5,1,03
2023-12-23,4호선,명동,40898,48045,-7147,5,1,04
2023-12-23,4호선,명동,40898,48045,-7147,5,1,05
2023-12-23,4호선,명동,40898,48045,-7147,5,1,06
2023-12-23,4호선,명동,40898,48045,-7147,5,1,07
2023-12-23,4호선,명동,40898,48045,-7147,5,1,08
2023-12-23,4호선,명동,40898,48045,-7147,5,1,09
2023-12-23,4호선,명동,40898,48045,-7147,5,1,10
2023-12-23,4호선,명동,40898,48045,-7147,5,1,11
2023-12-23,4호선,명동,40898,48045,-7147,5,1,12
2023-12-23,4호선,명동,40898,48045,-7147,5,1,13
2023-12-23,4호선,명동,40898,48045,-7147,5,1,14
2023-12-23,4호선,명동,40898,48045,-7147,5,1,15
2023-12-23,4호선,명동,40898,48045,-7147,5,1,16
2023-12-23,4호선,명동,40898,48045,-7147,5,1,17
2023-12-23,4호선,명동,40898,48045,-7147,5,1,18
2023-12-23,4호선,명동,40898,48045,-7147,5,1,19
2023-12-23,4호선,명동,40898,48045,-7147,5,1,20
2023-12-23,4호선,명동,40898,48045,-7147,5,1,21
2023-12-23,4호선,명동,40898,48045,-7147,5,1,22
2023-12-23,4호선,명동,40898,48045,-7147,5,1,23
2023-12-24,4호선,명동,56630,74060,-17430,6,1,00
2023-12-24,4호선,명동,56630,74060,-17430,6,1,01
2023-12-24,4호선,명동,56630,74060,-17430,6,1,02
2023-12-24,4호선,명동,56630,74060,-17430,6,1,03
2023-12-24,4호선,명동,56630,74060,-17430,6,1,04
2023-12-24,4호선,명동,56630,74060,-17430,6,1,05
2023-12-24,4호선,명동,56630,74060,-17430,6,1,06
2023-12-24,4호선,명동,56630,74060,-17430,6,1,07
2023-12-24,4호선,명동,56630,74060,-17430,6,1,08
2023-12-24,4호선,명동,56630,74060,-17430,6,1,09
2023-12-24,4호선,명동,56630,74060,-17430,6,1,10
2023-12-24,4호선,명동,56630,74060,-17430,6,1,11
2023-12-24,4호선,명동,56630,74060,-17430,6,1,12
2023-12-24,4호선,명동,56630,74060,-17430,6,1,13
2023-12-24,4호선,명동,56630,74060,-17430,6,1,14
2023-12-24,4호선,명동,56630,74060,-17430,6,1,15
2023-12-24,4호선,명동,56630,74060,-17430,6,1,16
2023-12-24,4호선,명동,56630,74060,-17430,6,1,17
2023-12-24,4호선,명동,56630,74060,-17430,6,1,18
2023-12-24,4호선,명동,56630,74060,-17430,6,1,19
2023-12-24,4호선,명동,56630,74060,-17430,6,1,20
2023-12-24,4호선,명동,56630,74060,-17430,6,1,21
2023-12-24,4호선,명동,56630,74060,-17430,6,1,22
2023-12-24,4호선,명동,56630,74060,-17430,6,1,23
2023-12-25,4호선,명동,48651,62390,-13739,0,1,00
2023-12-25,4호선,명동,48651,62390,-13739,0,1,01
2023-12-25,4호선,명동,48651,62390,-13739,0,1,02
2023-12-25,4호선,명동,48651,62390,-13739,0,1,03
2023-12-25,4호선,명동,48651,62390,-13739,0,1,04
2023-12-25,4호선,명동,48651,62390,-13739,0,1,05
2023-12-25,4호선,명동,48651,62390,-13739,0,1,06
2023-12-25,4호선,명동,48651,62390,-13739,0,1,07
2023-12-25,4호선,명동,48651,62390,-13739,0,1,08
2023-12-25,4호선,명동,48651,62390,-13739,0,1,09
2023-12-25,4호선,명동,48651,62390,-13739,0,1,10
2023-12-25,4호선,명동,48651,62390,-13739,0,1,11
2023-12-25,4호선,명동,48651,62390,-13739,0,1,12
2023-12-25,4호선,명동,48651,62390,-13739,0,1,13
2023-12-25,4호선,명동,48651,62390,-13739,0,1,14
2023-12-25,4호선,명동,48651,62390,-13739,0,1,15
2023-12-25,4호선,명동,48651,62390,-13739,0,1,16
2023-12-25,4호선,명동,48651,62390,-13739,0,1,17
2023-12-25,4호선,명동,48651,62390,-13739,0,1,18
2023-12-25,4호선,명동,48651,62390,-13739,0,1,19
2023-12-25,4호선,명동,48651,62390,-13739,0,1,20
2023-12-25,4호선,명동,48651,62390,-13739,0,1,21
2023-12-25,4호선,명동,48651,62390,-13739,0,1,22
2023-12-25,4호선,명동,48651,62390,-13739,0,1,23
2023-12-26,4호선,명동,34437,37464,-3027,1,0,00
2023-12-26,4호선,명동,34437,37464,-3027,1,0,01
2023-12-26,4호선,명동,34437,37464,-3027,1,0,02
2023-12-26,4호선,명동,34437,37464,-3027,1,0,03
2023-12-26,4호선,명동,34437,37464,-3027,1,0,04
2023-12-26,4호선,명동,34437,37464,-3027,1,0,05
2023-12-26,4호선,명동,34437,37464,-3027,1,0,06
2023-12-26,4호선,명동,34437,37464,-3027,1,0,07
2023-12-26,4호선,명동,34437,37464,-3027,1,0,08
2023-12-26,4호선,명동,34437,37464,-3027,1,0,09
2023-12-26,4호선,명동,34437,37464,-3027,1,0,10
2023-12-26,4호선,명동,34437,37464,-3027,1,0,11
2023-12-26,4호선,명동,34437,37464,-3027,1,0,12
2023-12-26,4호선,명동,34437,37464,-3027,1,0,13
2023-12-26,4호선,명동,34437,37464,-3027,1,0,14
2023-12-26,4호선,명동,34437,37464,-3027,1,0,15
2023-12-26,4호선,명동,34437,37464,-3027,1,0,16
2023-12-26,4호선,명동,34437,37464,-3027,1,0,17
2023-12-26,4호선,명동,34437,37464,-3027,1,0,18
2023-12-26,4호선,명동,34437,37464,-3027,1,0,19
2023-12-26,4호선,명동,34437,37464,-3027,1,0,20
2023-12-26,4호선,명동,34437,37464,-3027,1,0,21
2023-12-26,4호선,명동,34437,37464,-3027,1,0,22
2023-12-26,4호선,명동,34437,37464,-3027,1,0,23
2023-12-27,4호선,명동,34808,37523,-2715,2,0,00
2023-12-27,4호선,명동,34808,37523,-2715,2,0,01
2023-12-27,4호선,명동,34808,37523,-2715,2,0,02
2023-12-27,4호선,명동,34808,37523,-2715,2,0,03
2023-12-27,4호선,명동,34808,37523,-2715,2,0,04
2023-12-27,4호선,명동,34808,37523,-2715,2,0,05
2023-12-27,4호선,명동,34808,37523,-2715,2,0,06
2023-12-27,4호선,명동,34808,37523,-2715,2,0,07
2023-12-27,4호선,명동,34808,37523,-2715,2,0,08
2023-12-27,4호선,명동,34808,37523,-2715,2,0,09
2023-12-27,4호선,명동,34808,37523,-2715,2,0,10
2023-12-27,4호선,명동,34808,37523,-2715,2,0,11
2023-12-27,4호선,명동,34808,37523,-2715,2,0,12
2023-12-27,4호선,명동,34808,37523,-2715,2,0,13
2023-12-27,4호선,명동,34808,37523,-2715,2,0,14
2023-12-27,4호선,명동,34808,37523,-2715,2,0,15
2023-12-27,4호선,명동,34808,37523,-2715,2,0,16
2023-12-27,4호선,명동,34808,37523,-2715,2,0,17
2023-12-27,4호선,명동,34808,37523,-2715,2,0,18
2023-12-27,4호선,명동,34808,37523,-2715,2,0,19
2023-12-27,4호선,명동,34808,37523,-2715,2,0,20
2023-12-27,4호선,명동,34808,37523,-2715,2,0,21
2023-12-27,4호선,명동,34808,37523,-2715,2,0,22
2023-12-27,4호선,명동,34808,37523,-2715,2,0,23
2023-12-28,4호선,명동,35608,39256,-3648,3,0,00
2023-12-28,4호선,명동,35608,39256,-3648,3,0,01
2023-12-28,4호선,명동,35608,39256,-3648,3,0,02
2023-12-28,4호선,명동,35608,39256,-3648,3,0,03
2023-12-28,4호선,명동,35608,39256,-3648,3,0,04
2023-12-28,4호선,명동,35608,39256,-3648,3,0,05
2023-12-28,4호선,명동,35608,39256,-3648,3,0,06
2023-12-28,4호선,명동,35608,39256,-3648,3,0,07
2023-12-28,4호선,명동,35608,39256,-3648,3,0,08
2023-12-28,4호선,명동,35608,39256,-3648,3,0,09
2023-12-28,4호선,명동,35608,39256,-3648,3,0,10
2023-12-28,4호선,명동,35608,39256,-3648,3,0,11
2023-12-28,4호선,명동,35608,39256,-3648,3,0,12
2023-12-28,4호선,명동,35608,39256,-3648,3,0,13
2023-12-28,4호선,명동,35608,39256,-3648,3,0,14
2023-12-28,4호선,명동,35608,39256,-3648,3,0,15
2023-12-28,4호선,명동,35608,39256,-3648,3,0,16
2023-12-28,4호선,명동,35608,39256,-3648,3,0,17
2023-12-28,4호선,명동,35608,39256,-3648,3,0,18
2023-12-28,4호선,명동,35608,39256,-3648,3,0,19
2023-12-28,4호선,명동,35608,39256,-3648,3,0,20
2023-12-28,4호선,명동,35608,39256,-3648,3,0,21
2023-12-28,4호선,명동,35608,39256,-3648,3,0,22
2023-12-28,4호선,명동,35608,39256,-3648,3,0,23
2023-12-29,4호선,명동,37045,41195,-4150,4,0,00
2023-12-29,4호선,명동,37045,41195,-4150,4,0,01
2023-12-29,4호선,명동,37045,41195,-4150,4,0,02
2023-12-29,4호선,명동,37045,41195,-4150,4,0,03
2023-12-29,4호선,명동,37045,41195,-4150,4,0,04
2023-12-29,4호선,명동,37045,41195,-4150,4,0,05
2023-12-29,4호선,명동,37045,41195,-4150,4,0,06
2023-12-29,4호선,명동,37045,41195,-4150,4,0,07
2023-12-29,4호선,명동,37045,41195,-4150,4,0,08
2023-12-29,4호선,명동,37045,41195,-4150,4,0,09
2023-12-29,4호선,명동,37045,41195,-4150,4,0,10
2023-12-29,4호선,명동,37045,41195,-4150,4,0,11
2023-12-29,4호선,명동,37045,41195,-4150,4,0,12
2023-12-29,4호선,명동,37045,41195,-4150,4,0,13
2023-12-29,4호선,명동,37045,41195,-4150,4,0,14
2023-12-29,4호선,명동,37045,41195,-4150,4,0,15
2023-12-29,4호선,명동,37045,41195,-4150,4,0,16
2023-12-29,4호선,명동,37045,41195,-4150,4,0,17
2023-12-29,4호선,명동,37045,41195,-4150,4,0,18
2023-12-29,4호선,명동,37045,41195,-4150,4,0,19
2023-12-29,4호선,명동,37045,41195,-4150,4,0,20
2023-12-29,4호선,명동,37045,41195,-4150,4,0,21
2023-12-29,4호선,명동,37045,41195,-4150,4,0,22
2023-12-29,4호선,명동,37045,41195,-4150,4,0,23
2023-12-30,4호선,명동,33502,38656,-5154,5,1,00
2023-12-30,4호선,명동,33502,38656,-5154,5,1,01
2023-12-30,4호선,명동,33502,38656,-5154,5,1,02
2023-12-30,4호선,명동,33502,38656,-5154,5,1,03
2023-12-30,4호선,명동,33502,38656,-5154,5,1,04
2023-12-30,4호선,명동,33502,38656,-5154,5,1,05
2023-12-30,4호선,명동,33502,38656,-5154,5,1,06
2023-12-30,4호선,명동,33502,38656,-5154,5,1,07
2023-12-30,4호선,명동,33502,38656,-5154,5,1,08
2023-12-30,4호선,명동,33502,38656,-5154,5,1,09
2023-12-30,4호선,명동,33502,38656,-5154,5,1,10
2023-12-30,4호선,명동,33502,38656,-5154,5,1,11
2023-12-30,4호선,명동,33502,38656,-5154,5,1,12
2023-12-30,4호선,명동,33502,38656,-5154,5,1,13
2023-12-30,4호선,명동,33502,38656,-5154,5,1,14
2023-12-30,4호선,명동,33502,38656,-5154,5,1,15
2023-12-30,4호선,명동,33502,38656,-5154,5,1,16
2023-12-30,4호선,명동,33502,38656,-5154,5,1,17
2023-12-30,4호선,명동,33502,38656,-5154,5,1,18
2023-12-30,4호선,명동,33502,38656,-5154,5,1,19
2023-12-30,4호선,명동,33502,38656,-5154,5,1,20
2023-12-30,4호선,명동,33502,38656,-5154,5,1,21
2023-12-30,4호선,명동,33502,38656,-5154,5,1,22
2023-12-30,4호선,명동,33502,38656,-5154,5,1,23
2023-12-31,4호선,명동,36047,42440,-6393,6,1,00
2023-12-31,4호선,명동,36047,42440,-6393,6,1,01
2023-12-31,4호선,명동,36047,42440,-6393,6,1,02
2023-12-31,4호선,명동,36047,42440,-6393,6,1,03
2023-12-31,4호선,명동,36047,42440,-6393,6,1,04
2023-12-31,4호선,명동,36047,42440,-6393,6,1,05
2023-12-31,4호선,명동,36047,42440,-6393,6,1,06
2023-12-31,4호선,명동,36047,42440,-6393,6,1,07
2023-12-31,4호선,명동,36047,42440,-6393,6,1,08
2023-12-31,4호선,명동,36047,42440,-6393,6,1,09
2023-12-31,4호선,명동,36047,42440,-6393,6,1,10
2023-12-31,4호선,명동,36047,42440,-6393,6,1,11
2023-12-31,4호선,명동,36047,42440,-6393,6,1,12
2023-12-31,4호선,명동,36047,42440,-6393,6,1,13
2023-12-31,4호선,명동,36047,42440,-6393,6,1,14
2023-12-31,4호선,명동,36047,42440,-6393,6,1,15
2023-12-31,4호선,명동,36047,42440,-6393,6,1,16
2023-12-31,4호선,명동,36047,42440,-6393,6,1,17
2023-12-31,4호선,명동,36047,42440,-6393,6,1,18
2023-12-31,4호선,명동,36047,42440,-6393,6,1,19
2023-12-31,4호선,명동,36047,42440,-6393,6,1,20
2023-12-31,4호선,명동,36047,42440,-6393,6,1,21
2023-12-31,4호선,명동,36047,42440,-6393,6,1,22
2023-12-31,4호선,명동,36047,42440,-6393,6,1,23
2024-01-01,4호선,명동,26822,29136,-2314,0,0,00
2024-01-01,4호선,명동,26822,29136,-2314,0,0,01
2024-01-01,4호선,명동,26822,29136,-2314,0,0,02
2024-01-01,4호선,명동,26822,29136,-2314,0,0,03
2024-01-01,4호선,명동,26822,29136,-2314,0,0,04
2024-01-01,4호선,명동,26822,29136,-2314,0,0,05
2024-01-01,4호선,명동,26822,29136,-2314,0,0,06
2024-01-01,4호선,명동,26822,29136,-2314,0,0,07
2024-01-01,4호선,명동,26822,29136,-2314,0,0,08
2024-01-01,4호선,명동,26822,29136,-2314,0,0,09
2024-01-01,4호선,명동,26822,29136,-2314,0,0,10
2024-01-01,4호선,명동,26822,29136,-2314,0,0,11
2024-01-01,4호선,명동,26822,29136,-2314,0,0,12
2024-01-01,4호선,명동,26822,29136,-2314,0,0,13
2024-01-01,4호선,명동,26822,29136,-2314,0,0,14
2024-01-01,4호선,명동,26822,29136,-2314,0,0,15
2024-01-01,4호선,명동,26822,29136,-2314,0,0,16
2024-01-01,4호선,명동,26822,29136,-2314,0,0,17
2024-01-01,4호선,명동,26822,29136,-2314,0,0,18
2024-01-01,4호선,명동,26822,29136,-2314,0,0,19
2024-01-01,4호선,명동,26822,29136,-2314,0,0,20
2024-01-01,4호선,명동,26822,29136,-2314,0,0,21
2024-01-01,4호선,명동,26822,29136,-2314,0,0,22
2024-01-01,4호선,명동,26822,29136,-2314,0,0,23
2024-01-02,4호선,명동,30450,32085,-1635,1,0,00
2024-01-02,4호선,명동,30450,32085,-1635,1,0,01
2024-01-02,4호선,명동,30450,32085,-1635,1,0,02
2024-01-02,4호선,명동,30450,32085,-1635,1,0,03
2024-01-02,4호선,명동,30450,32085,-1635,1,0,04
2024-01-02,4호선,명동,30450,32085,-1635,1,0,05
2024-01-02,4호선,명동,30450,32085,-1635,1,0,06
2024-01-02,4호선,명동,30450,32085,-1635,1,0,07
2024-01-02,4호선,명동,30450,32085,-1635,1,0,08
2024-01-02,4호선,명동,30450,32085,-1635,1,0,09
2024-01-02,4호선,명동,30450,32085,-1635,1,0,10
2024-01-02,4호선,명동,30450,32085,-1635,1,0,11
2024-01-02,4호선,명동,30450,32085,-1635,1,0,12
2024-01-02,4호선,명동,30450,32085,-1635,1,0,13
2024-01-02,4호선,명동,30450,32085,-1635,1,0,14
2024-01-02,4호선,명동,30450,32085,-1635,1,0,15
2024-01-02,4호선,명동,30450,32085,-1635,1,0,16
2024-01-02,4호선,명동,30450,32085,-1635,1,0,17
2024-01-02,4호선,명동,30450,32085,-1635,1,0,18
2024-01-02,4호선,명동,30450,32085,-1635,1,0,19
2024-01-02,4호선,명동,30450,32085,-1635,1,0,20
2024-01-02,4호선,명동,30450,32085,-1635,1,0,21
2024-01-02,4호선,명동,30450,32085,-1635,1,0,22
2024-01-02,4호선,명동,30450,32085,-1635,1,0,23
2024-01-03,4호선,명동,30929,31992,-1063,2,0,00
2024-01-03,4호선,명동,30929,31992,-1063,2,0,01
2024-01-03,4호선,명동,30929,31992,-1063,2,0,02
2024-01-03,4호선,명동,30929,31992,-1063,2,0,03
2024-01-03,4호선,명동,30929,31992,-1063,2,0,04
2024-01-03,4호선,명동,30929,31992,-1063,2,0,05
2024-01-03,4호선,명동,30929,31992,-1063,2,0,06
2024-01-03,4호선,명동,30929,31992,-1063,2,0,07
2024-01-03,4호선,명동,30929,31992,-1063,2,0,08
2024-01-03,4호선,명동,30929,31992,-1063,2,0,09
2024-01-03,4호선,명동,30929,31992,-1063,2,0,10
2024-01-03,4호선,명동,30929,31992,-1063,2,0,11
2024-01-03,4호선,명동,30929,31992,-1063,2,0,12
2024-01-03,4호선,명동,30929,31992,-1063,2,0,13
2024-01-03,4호선,명동,30929,31992,-1063,2,0,14
2024-01-03,4호선,명동,30929,31992,-1063,2,0,15
2024-01-03,4호선,명동,30929,31992,-1063,2,0,16
2024-01-03,4호선,명동,30929,31992,-1063,2,0,17
2024-01-03,4호선,명동,30929,31992,-1063,2,0,18
2024-01-03,4호선,명동,30929,31992,-1063,2,0,19
2024-01-03,4호선,명동,30929,31992,-1063,2,0,20
2024-01-03,4호선,명동,30929,31992,-1063,2,0,21
2024-01-03,4호선,명동,30929,31992,-1063,2,0,22
2024-01-03,4호선,명동,30929,31992,-1063,2,0,23
2024-01-04,4호선,명동,30412,32314,-1902,3,0,00
2024-01-04,4호선,명동,30412,32314,-1902,3,0,01
2024-01-04,4호선,명동,30412,32314,-1902,3,0,02
2024-01-04,4호선,명동,30412,32314,-1902,3,0,03
2024-01-04,4호선,명동,30412,32314,-1902,3,0,04
2024-01-04,4호선,명동,30412,32314,-1902,3,0,05
2024-01-04,4호선,명동,30412,32314,-1902,3,0,06
2024-01-04,4호선,명동,30412,32314,-1902,3,0,07
2024-01-04,4호선,명동,30412,32314,-1902,3,0,08
2024-01-04,4호선,명동,30412,32314,-1902,3,0,09
2024-01-04,4호선,명동,30412,32314,-1902,3,0,10
2024-01-04,4호선,명동,30412,32314,-1902,3,0,11
2024-01-04,4호선,명동,30412,32314,-1902,3,0,12
2024-01-04,4호선,명동,30412,32314,-1902,3,0,13
2024-01-04,4호선,명동,30412,32314,-1902,3,0,14
2024-01-04,4호선,명동,30412,32314,-1902,3,0,15
2024-01-04,4호선,명동,30412,32314,-1902,3,0,16
2024-01-04,4호선,명동,30412,32314,-1902,3,0,17
2024-01-04,4호선,명동,30412,32314,-1902,3,0,18
2024-01-04,4호선,명동,30412,32314,-1902,3,0,19
2024-01-04,4호선,명동,30412,32314,-1902,3,0,20
2024-01-04,4호선,명동,30412,32314,-1902,3,0,21
2024-01-04,4호선,명동,30412,32314,-1902,3,0,22
2024-01-04,4호선,명동,30412,32314,-1902,3,0,23
2024-01-05,4호선,명동,31862,33647,-1785,4,0,00
2024-01-05,4호선,명동,31862,33647,-1785,4,0,01
2024-01-05,4호선,명동,31862,33647,-1785,4,0,02
2024-01-05,4호선,명동,31862,33647,-1785,4,0,03
2024-01-05,4호선,명동,31862,33647,-1785,4,0,04
2024-01-05,4호선,명동,31862,33647,-1785,4,0,05
2024-01-05,4호선,명동,31862,33647,-1785,4,0,06
2024-01-05,4호선,명동,31862,33647,-1785,4,0,07
2024-01-05,4호선,명동,31862,33647,-1785,4,0,08
2024-01-05,4호선,명동,31862,33647,-1785,4,0,09
2024-01-05,4호선,명동,31862,33647,-1785,4,0,10
2024-01-05,4호선,명동,31862,33647,-1785,4,0,11
2024-01-05,4호선,명동,31862,33647,-1785,4,0,12
2024-01-05,4호선,명동,31862,33647,-1785,4,0,13
2024-01-05,4호선,명동,31862,33647,-1785,4,0,14
2024-01-05,4호선,명동,31862,33647,-1785,4,0,15
2024-01-05,4호선,명동,31862,33647,-1785,4,0,16
2024-01-05,4호선,명동,31862,33647,-1785,4,0,17
2024-01-05,4호선,명동,31862,33647,-1785,4,0,18
2024-01-05,4호선,명동,31862,33647,-1785,4,0,19
2024-01-05,4호선,명동,31862,33647,-1785,4,0,20
2024-01-05,4호선,명동,31862,33647,-1785,4,0,21
2024-01-05,4호선,명동,31862,33647,-1785,4,0,22
2024-01-05,4호선,명동,31862,33647,-1785,4,0,23
2024-01-06,4호선,명동,28576,31988,-3412,5,1,00
2024-01-06,4호선,명동,28576,31988,-3412,5,1,01
2024-01-06,4호선,명동,28576,31988,-3412,5,1,02
2024-01-06,4호선,명동,28576,31988,-3412,5,1,03
2024-01-06,4호선,명동,28576,31988,-3412,5,1,04
2024-01-06,4호선,명동,28576,31988,-3412,5,1,05
2024-01-06,4호선,명동,28576,31988,-3412,5,1,06
2024-01-06,4호선,명동,28576,31988,-3412,5,1,07
2024-01-06,4호선,명동,28576,31988,-3412,5,1,08
2024-01-06,4호선,명동,28576,31988,-3412,5,1,09
2024-01-06,4호선,명동,28576,31988,-3412,5,1,10
2024-01-06,4호선,명동,28576,31988,-3412,5,1,11
2024-01-06,4호선,명동,28576,31988,-3412,5,1,12
2024-01-06,4호선,명동,28576,31988,-3412,5,1,13
2024-01-06,4호선,명동,28576,31988,-3412,5,1,14
2024-01-06,4호선,명동,28576,31988,-3412,5,1,15
2024-01-06,4호선,명동,28576,31988,-3412,5,1,16
2024-01-06,4호선,명동,28576,31988,-3412,5,1,17
2024-01-06,4호선,명동,28576,31988,-3412,5,1,18
2024-01-06,4호선,명동,28576,31988,-3412,5,1,19
2024-01-06,4호선,명동,28576,31988,-3412,5,1,20
2024-01-06,4호선,명동,28576,31988,-3412,5,1,21
2024-01-06,4호선,명동,28576,31988,-3412,5,1,22
2024-01-06,4호선,명동,28576,31988,-3412,5,1,23
2024-01-07,4호선,명동,23546,25144,-1598,6,1,00
2024-01-07,4호선,명동,23546,25144,-1598,6,1,01
2024-01-07,4호선,명동,23546,25144,-1598,6,1,02
2024-01-07,4호선,명동,23546,25144,-1598,6,1,03
2024-01-07,4호선,명동,23546,25144,-1598,6,1,04
2024-01-07,4호선,명동,23546,25144,-1598,6,1,05
2024-01-07,4호선,명동,23546,25144,-1598,6,1,06
2024-01-07,4호선,명동,23546,25144,-1598,6,1,07
2024-01-07,4호선,명동,23546,25144,-1598,6,1,08
2024-01-07,4호선,명동,23546,25144,-1598,6,1,09
2024-01-07,4호선,명동,23546,25144,-1598,6,1,10
2024-01-07,4호선,명동,23546,25144,-1598,6,1,11
2024-01-07,4호선,명동,23546,25144,-1598,6,1,12
2024-01-07,4호선,명동,23546,25144,-1598,6,1,13
2024-01-07,4호선,명동,23546,25144,-1598,6,1,14
2024-01-07,4호선,명동,23546,25144,-1598,6,1,15
2024-01-07,4호선,명동,23546,25144,-1598,6,1,16
2024-01-07,4호선,명동,23546,25144,-1598,6,1,17
2024-01-07,4호선,명동,23546,25144,-1598,6,1,18
2024-01-07,4호선,명동,23546,25144,-1598,6,1,19
2024-01-07,4호선,명동,23546,25144,-1598,6,1,20
2024-01-07,4호선,명동,23546,25144,-1598,6,1,21
2024-01-07,4호선,명동,23546,25144,-1598,6,1,22
2024-01-07,4호선,명동,23546,25144,-1598,6,1,23
2024-01-08,4호선,명동,28384,28774,-390,0,0,00
2024-01-08,4호선,명동,28384,28774,-390,0,0,01
2024-01-08,4호선,명동,28384,28774,-390,0,0,02
2024-01-08,4호선,명동,28384,28774,-390,0,0,03
2024-01-08,4호선,명동,28384,28774,-390,0,0,04
2024-01-08,4호선,명동,28384,28774,-390,0,0,05
2024-01-08,4호선,명동,28384,28774,-390,0,0,06
2024-01-08,4호선,명동,28384,28774,-390,0,0,07
2024-01-08,4호선,명동,28384,28774,-390,0,0,08
2024-01-08,4호선,명동,28384,28774,-390,0,0,09
2024-01-08,4호선,명동,28384,28774,-390,0,0,10
2024-01-08,4호선,명동,28384,28774,-390,0,0,11
2024-01-08,4호선,명동,28384,28774,-390,0,0,12
2024-01-08,4호선,명동,28384,28774,-390,0,0,13
2024-01-08,4호선,명동,28384,28774,-390,0,0,14
2024-01-08,4호선,명동,28384,28774,-390,0,0,15
2024-01-08,4호선,명동,28384,28774,-390,0,0,16
2024-01-08,4호선,명동,28384,28774,-390,0,0,17
2024-01-08,4호선,명동,28384,28774,-390,0,0,18
2024-01-08,4호선,명동,28384,28774,-390,0,0,19
2024-01-08,4호선,명동,28384,28774,-390,0,0,20
2024-01-08,4호선,명동,28384,28774,-390,0,0,21
2024-01-08,4호선,명동,28384,28774,-390,0,0,22
2024-01-08,4호선,명동,28384,28774,-390,0,0,23
2024-01-09,4호선,명동,27217,28504,-1287,1,0,00
2024-01-09,4호선,명동,27217,28504,-1287,1,0,01
2024-01-09,4호선,명동,27217,28504,-1287,1,0,02
2024-01-09,4호선,명동,27217,28504,-1287,1,0,03
2024-01-09,4호선,명동,27217,28504,-1287,1,0,04
2024-01-09,4호선,명동,27217,28504,-1287,1,0,05
2024-01-09,4호선,명동,27217,28504,-1287,1,0,06
2024-01-09,4호선,명동,27217,28504,-1287,1,0,07
2024-01-09,4호선,명동,27217,28504,-1287,1,0,08
2024-01-09,4호선,명동,27217,28504,-1287,1,0,09
2024-01-09,4호선,명동,27217,28504,-1287,1,0,10
2024-01-09,4호선,명동,27217,28504,-1287,1,0,11
2024-01-09,4호선,명동,27217,28504,-1287,1,0,12
2024-01-09,4호선,명동,27217,28504,-1287,1,0,13
2024-01-09,4호선,명동,27217,28504,-1287,1,0,14
2024-01-09,4호선,명동,27217,28504,-1287,1,0,15
2024-01-09,4호선,명동,27217,28504,-1287,1,0,16
2024-01-09,4호선,명동,27217,28504,-1287,1,0,17
2024-01-09,4호선,명동,27217,28504,-1287,1,0,18
2024-01-09,4호선,명동,27217,28504,-1287,1,0,19
2024-01-09,4호선,명동,27217,28504,-1287,1,0,20
2024-01-09,4호선,명동,27217,28504,-1287,1,0,21
2024-01-09,4호선,명동,27217,28504,-1287,1,0,22
2024-01-09,4호선,명동,27217,28504,-1287,1,0,23
2024-01-10,4호선,명동,28373,30406,-2033,2,0,00
2024-01-10,4호선,명동,28373,30406,-2033,2,0,01
2024-01-10,4호선,명동,28373,30406,-2033,2,0,02
2024-01-10,4호선,명동,28373,30406,-2033,2,0,03
2024-01-10,4호선,명동,28373,30406,-2033,2,0,04
2024-01-10,4호선,명동,28373,30406,-2033,2,0,05
2024-01-10,4호선,명동,28373,30406,-2033,2,0,06
2024-01-10,4호선,명동,28373,30406,-2033,2,0,07
2024-01-10,4호선,명동,28373,30406,-2033,2,0,08
2024-01-10,4호선,명동,28373,30406,-2033,2,0,09
2024-01-10,4호선,명동,28373,30406,-2033,2,0,10
2024-01-10,4호선,명동,28373,30406,-2033,2,0,11
2024-01-10,4호선,명동,28373,30406,-2033,2,0,12
2024-01-10,4호선,명동,28373,30406,-2033,2,0,13
2024-01-10,4호선,명동,28373,30406,-2033,2,0,14
2024-01-10,4호선,명동,28373,30406,-2033,2,0,15
2024-01-10,4호선,명동,28373,30406,-2033,2,0,16
2024-01-10,4호선,명동,28373,30406,-2033,2,0,17
2024-01-10,4호선,명동,28373,30406,-2033,2,0,18
2024-01-10,4호선,명동,28373,30406,-2033,2,0,19
2024-01-10,4호선,명동,28373,30406,-2033,2,0,20
2024-01-10,4호선,명동,28373,30406,-2033,2,0,21
2024-01-10,4호선,명동,28373,30406,-2033,2,0,22
2024-01-10,4호선,명동,28373,30406,-2033,2,0,23
2024-01-11,4호선,명동,28047,29545,-1498,3,0,00
2024-01-11,4호선,명동,28047,29545,-1498,3,0,01
2024-01-11,4호선,명동,28047,29545,-1498,3,0,02
2024-01-11,4호선,명동,28047,29545,-1498,3,0,03
2024-01-11,4호선,명동,28047,29545,-1498,3,0,04
2024-01-11,4호선,명동,28047,29545,-1498,3,0,05
2024-01-11,4호선,명동,28047,29545,-1498,3,0,06
2024-01-11,4호선,명동,28047,29545,-1498,3,0,07
2024-01-11,4호선,명동,28047,29545,-1498,3,0,08
2024-01-11,4호선,명동,28047,29545,-1498,3,0,09
2024-01-11,4호선,명동,28047,29545,-1498,3,0,10
2024-01-11,4호선,명동,28047,29545,-1498,3,0,11
2024-01-11,4호선,명동,28047,29545,-1498,3,0,12
2024-01-11,4호선,명동,28047,29545,-1498,3,0,13
2024-01-11,4호선,명동,28047,29545,-1498,3,0,14
2024-01-11,4호선,명동,28047,29545,-1498,3,0,15
2024-01-11,4호선,명동,28047,29545,-1498,3,0,16
2024-01-11,4호선,명동,28047,29545,-1498,3,0,17
2024-01-11,4호선,명동,28047,29545,-1498,3,0,18
2024-01-11,4호선,명동,28047,29545,-1498,3,0,19
2024-01-11,4호선,명동,28047,29545,-1498,3,0,20
2024-01-11,4호선,명동,28047,29545,-1498,3,0,21
2024-01-11,4호선,명동,28047,29545,-1498,3,0,22
2024-01-11,4호선,명동,28047,29545,-1498,3,0,23
2024-01-12,4호선,명동,30780,32905,-2125,4,0,00
2024-01-12,4호선,명동,30780,32905,-2125,4,0,01
2024-01-12,4호선,명동,30780,32905,-2125,4,0,02
2024-01-12,4호선,명동,30780,32905,-2125,4,0,03
2024-01-12,4호선,명동,30780,32905,-2125,4,0,04
2024-01-12,4호선,명동,30780,32905,-2125,4,0,05
2024-01-12,4호선,명동,30780,32905,-2125,4,0,06
2024-01-12,4호선,명동,30780,32905,-2125,4,0,07
2024-01-12,4호선,명동,30780,32905,-2125,4,0,08
2024-01-12,4호선,명동,30780,32905,-2125,4,0,09
2024-01-12,4호선,명동,30780,32905,-2125,4,0,10
2024-01-12,4호선,명동,30780,32905,-2125,4,0,11
2024-01-12,4호선,명동,30780,32905,-2125,4,0,12
2024-01-12,4호선,명동,30780,32905,-2125,4,0,13
2024-01-12,4호선,명동,30780,32905,-2125,4,0,14
2024-01-12,4호선,명동,30780,32905,-2125,4,0,15
2024-01-12,4호선,명동,30780,32905,-2125,4,0,16
2024-01-12,4호선,명동,30780,32905,-2125,4,0,17
2024-01-12,4호선,명동,30780,32905,-2125,4,0,18
2024-01-12,4호선,명동,30780,32905,-2125,4,0,19
2024-01-12,4호선,명동,30780,32905,-2125,4,0,20
2024-01-12,4호선,명동,30780,32905,-2125,4,0,21
2024-01-12,4호선,명동,30780,32905,-2125,4,0,22
2024-01-12,4호선,명동,30780,32905,-2125,4,0,23
2024-01-13,4호선,명동,26923,30005,-3082,5,1,00
2024-01-13,4호선,명동,26923,30005,-3082,5,1,01
2024-01-13,4호선,명동,26923,30005,-3082,5,1,02
2024-01-13,4호선,명동,26923,30005,-3082,5,1,03
2024-01-13,4호선,명동,26923,30005,-3082,5,1,04
2024-01-13,4호선,명동,26923,30005,-3082,5,1,05
2024-01-13,4호선,명동,26923,30005,-3082,5,1,06
2024-01-13,4호선,명동,26923,30005,-3082,5,1,07
2024-01-13,4호선,명동,26923,30005,-3082,5,1,08
2024-01-13,4호선,명동,26923,30005,-3082,5,1,09
2024-01-13,4호선,명동,26923,30005,-3082,5,1,10
2024-01-13,4호선,명동,26923,30005,-3082,5,1,11
2024-01-13,4호선,명동,26923,30005,-3082,5,1,12
2024-01-13,4호선,명동,26923,30005,-3082,5,1,13
2024-01-13,4호선,명동,26923,30005,-3082,5,1,14
2024-01-13,4호선,명동,26923,30005,-3082,5,1,15
2024-01-13,4호선,명동,26923,30005,-3082,5,1,16
2024-01-13,4호선,명동,26923,30005,-3082,5,1,17
2024-01-13,4호선,명동,26923,30005,-3082,5,1,18
2024-01-13,4호선,명동,26923,30005,-3082,5,1,19
2024-01-13,4호선,명동,26923,30005,-3082,5,1,20
2024-01-13,4호선,명동,26923,30005,-3082,5,1,21
2024-01-13,4호선,명동,26923,30005,-3082,5,1,22
2024-01-13,4호선,명동,26923,30005,-3082,5,1,23
2024-01-14,4호선,명동,20715,22144,-1429,6,1,00
2024-01-14,4호선,명동,20715,22144,-1429,6,1,01
2024-01-14,4호선,명동,20715,22144,-1429,6,1,02
2024-01-14,4호선,명동,20715,22144,-1429,6,1,03
2024-01-14,4호선,명동,20715,22144,-1429,6,1,04
2024-01-14,4호선,명동,20715,22144,-1429,6,1,05
2024-01-14,4호선,명동,20715,22144,-1429,6,1,06
2024-01-14,4호선,명동,20715,22144,-1429,6,1,07
2024-01-14,4호선,명동,20715,22144,-1429,6,1,08
2024-01-14,4호선,명동,20715,22144,-1429,6,1,09
2024-01-14,4호선,명동,20715,22144,-1429,6,1,10
2024-01-14,4호선,명동,20715,22144,-1429,6,1,11
2024-01-14,4호선,명동,20715,22144,-1429,6,1,12
2024-01-14,4호선,명동,20715,22144,-1429,6,1,13
2024-01-14,4호선,명동,20715,22144,-1429,6,1,14
2024-01-14,4호선,명동,20715,22144,-1429,6,1,15
2024-01-14,4호선,명동,20715,22144,-1429,6,1,16
2024-01-14,4호선,명동,20715,22144,-1429,6,1,17
2024-01-14,4호선,명동,20715,22144,-1429,6,1,18
2024-01-14,4호선,명동,20715,22144,-1429,6,1,19
2024-01-14,4호선,명동,20715,22144,-1429,6,1,20
2024-01-14,4호선,명동,20715,22144,-1429,6,1,21
2024-01-14,4호선,명동,20715,22144,-1429,6,1,22
2024-01-14,4호선,명동,20715,22144,-1429,6,1,23
2024-01-15,4호선,명동,27366,28727,-1361,0,0,00
2024-01-15,4호선,명동,27366,28727,-1361,0,0,01
2024-01-15,4호선,명동,27366,28727,-1361,0,0,02
2024-01-15,4호선,명동,27366,28727,-1361,0,0,03
2024-01-15,4호선,명동,27366,28727,-1361,0,0,04
2024-01-15,4호선,명동,27366,28727,-1361,0,0,05
2024-01-15,4호선,명동,27366,28727,-1361,0,0,06
2024-01-15,4호선,명동,27366,28727,-1361,0,0,07
2024-01-15,4호선,명동,27366,28727,-1361,0,0,08
2024-01-15,4호선,명동,27366,28727,-1361,0,0,09
2024-01-15,4호선,명동,27366,28727,-1361,0,0,10
2024-01-15,4호선,명동,27366,28727,-1361,0,0,11
2024-01-15,4호선,명동,27366,28727,-1361,0,0,12
2024-01-15,4호선,명동,27366,28727,-1361,0,0,13
2024-01-15,4호선,명동,27366,28727,-1361,0,0,14
2024-01-15,4호선,명동,27366,28727,-1361,0,0,15
2024-01-15,4호선,명동,27366,28727,-1361,0,0,16
2024-01-15,4호선,명동,27366,28727,-1361,0,0,17
2024-01-15,4호선,명동,27366,28727,-1361,0,0,18
2024-01-15,4호선,명동,27366,28727,-1361,0,0,19
2024-01-15,4호선,명동,27366,28727,-1361,0,0,20
2024-01-15,4호선,명동,27366,28727,-1361,0,0,21
2024-01-15,4호선,명동,27366,28727,-1361,0,0,22
2024-01-15,4호선,명동,27366,28727,-1361,0,0,23
2024-01-16,4호선,명동,28160,29482,-1322,1,0,00
2024-01-16,4호선,명동,28160,29482,-1322,1,0,01
2024-01-16,4호선,명동,28160,29482,-1322,1,0,02
2024-01-16,4호선,명동,28160,29482,-1322,1,0,03
2024-01-16,4호선,명동,28160,29482,-1322,1,0,04
2024-01-16,4호선,명동,28160,29482,-1322,1,0,05
2024-01-16,4호선,명동,28160,29482,-1322,1,0,06
2024-01-16,4호선,명동,28160,29482,-1322,1,0,07
2024-01-16,4호선,명동,28160,29482,-1322,1,0,08
2024-01-16,4호선,명동,28160,29482,-1322,1,0,09
2024-01-16,4호선,명동,28160,29482,-1322,1,0,10
2024-01-16,4호선,명동,28160,29482,-1322,1,0,11
2024-01-16,4호선,명동,28160,29482,-1322,1,0,12
2024-01-16,4호선,명동,28160,29482,-1322,1,0,13
2024-01-16,4호선,명동,28160,29482,-1322,1,0,14
2024-01-16,4호선,명동,28160,29482,-1322,1,0,15
2024-01-16,4호선,명동,28160,29482,-1322,1,0,16
2024-01-16,4호선,명동,28160,29482,-1322,1,0,17
2024-01-16,4호선,명동,28160,29482,-1322,1,0,18
2024-01-16,4호선,명동,28160,29482,-1322,1,0,19
2024-01-16,4호선,명동,28160,29482,-1322,1,0,20
2024-01-16,4호선,명동,28160,29482,-1322,1,0,21
2024-01-16,4호선,명동,28160,29482,-1322,1,0,22
2024-01-16,4호선,명동,28160,29482,-1322,1,0,23
2024-01-17,4호선,명동,27568,29201,-1633,2,0,00
2024-01-17,4호선,명동,27568,29201,-1633,2,0,01
2024-01-17,4호선,명동,27568,29201,-1633,2,0,02
2024-01-17,4호선,명동,27568,29201,-1633,2,0,03
2024-01-17,4호선,명동,27568,29201,-1633,2,0,04
2024-01-17,4호선,명동,27568,29201,-1633,2,0,05
2024-01-17,4호선,명동,27568,29201,-1633,2,0,06
2024-01-17,4호선,명동,27568,29201,-1633,2,0,07
2024-01-17,4호선,명동,27568,29201,-1633,2,0,08
2024-01-17,4호선,명동,27568,29201,-1633,2,0,09
2024-01-17,4호선,명동,27568,29201,-1633,2,0,10
2024-01-17,4호선,명동,27568,29201,-1633,2,0,11
2024-01-17,4호선,명동,27568,29201,-1633,2,0,12
2024-01-17,4호선,명동,27568,29201,-1633,2,0,13
2024-01-17,4호선,명동,27568,29201,-1633,2,0,14
2024-01-17,4호선,명동,27568,29201,-1633,2,0,15
2024-01-17,4호선,명동,27568,29201,-1633,2,0,16
2024-01-17,4호선,명동,27568,29201,-1633,2,0,17
2024-01-17,4호선,명동,27568,29201,-1633,2,0,18
2024-01-17,4호선,명동,27568,29201,-1633,2,0,19
2024-01-17,4호선,명동,27568,29201,-1633,2,0,20
2024-01-17,4호선,명동,27568,29201,-1633,2,0,21
2024-01-17,4호선,명동,27568,29201,-1633,2,0,22
2024-01-17,4호선,명동,27568,29201,-1633,2,0,23
2024-01-18,4호선,명동,28859,30484,-1625,3,0,00
2024-01-18,4호선,명동,28859,30484,-1625,3,0,01
2024-01-18,4호선,명동,28859,30484,-1625,3,0,02
2024-01-18,4호선,명동,28859,30484,-1625,3,0,03
2024-01-18,4호선,명동,28859,30484,-1625,3,0,04
2024-01-18,4호선,명동,28859,30484,-1625,3,0,05
2024-01-18,4호선,명동,28859,30484,-1625,3,0,06
2024-01-18,4호선,명동,28859,30484,-1625,3,0,07
2024-01-18,4호선,명동,28859,30484,-1625,3,0,08
2024-01-18,4호선,명동,28859,30484,-1625,3,0,09
2024-01-18,4호선,명동,28859,30484,-1625,3,0,10
2024-01-18,4호선,명동,28859,30484,-1625,3,0,11
2024-01-18,4호선,명동,28859,30484,-1625,3,0,12
2024-01-18,4호선,명동,28859,30484,-1625,3,0,13
2024-01-18,4호선,명동,28859,30484,-1625,3,0,14
2024-01-18,4호선,명동,28859,30484,-1625,3,0,15
2024-01-18,4호선,명동,28859,30484,-1625,3,0,16
2024-01-18,4호선,명동,28859,30484,-1625,3,0,17
2024-01-18,4호선,명동,28859,30484,-1625,3,0,18
2024-01-18,4호선,명동,28859,30484,-1625,3,0,19
2024-01-18,4호선,명동,28859,30484,-1625,3,0,20
2024-01-18,4호선,명동,28859,30484,-1625,3,0,21
2024-01-18,4호선,명동,28859,30484,-1625,3,0,22
2024-01-18,4호선,명동,28859,30484,-1625,3,0,23
2024-01-19,4호선,명동,30472,32338,-1866,4,0,00
2024-01-19,4호선,명동,30472,32338,-1866,4,0,01
2024-01-19,4호선,명동,30472,32338,-1866,4,0,02
2024-01-19,4호선,명동,30472,32338,-1866,4,0,03
2024-01-19,4호선,명동,30472,32338,-1866,4,0,04
2024-01-19,4호선,명동,30472,32338,-1866,4,0,05
2024-01-19,4호선,명동,30472,32338,-1866,4,0,06
2024-01-19,4호선,명동,30472,32338,-1866,4,0,07
2024-01-19,4호선,명동,30472,32338,-1866,4,0,08
2024-01-19,4호선,명동,30472,32338,-1866,4,0,09
2024-01-19,4호선,명동,30472,32338,-1866,4,0,10
2024-01-19,4호선,명동,30472,32338,-1866,4,0,11
2024-01-19,4호선,명동,30472,32338,-1866,4,0,12
2024-01-19,4호선,명동,30472,32338,-1866,4,0,13
2024-01-19,4호선,명동,30472,32338,-1866,4,0,14
2024-01-19,4호선,명동,30472,32338,-1866,4,0,15
2024-01-19,4호선,명동,30472,32338,-1866,4,0,16
2024-01-19,4호선,명동,30472,32338,-1866,4,0,17
2024-01-19,4호선,명동,30472,32338,-1866,4,0,18
2024-01-19,4호선,명동,30472,32338,-1866,4,0,19
2024-01-19,4호선,명동,30472,32338,-1866,4,0,20
2024-01-19,4호선,명동,30472,32338,-1866,4,0,21
2024-01-19,4호선,명동,30472,32338,-1866,4,0,22
2024-01-19,4호선,명동,30472,32338,-1866,4,0,23
2024-01-20,4호선,명동,26728,30302,-3574,5,1,00
2024-01-20,4호선,명동,26728,30302,-3574,5,1,01
2024-01-20,4호선,명동,26728,30302,-3574,5,1,02
2024-01-20,4호선,명동,26728,30302,-3574,5,1,03
2024-01-20,4호선,명동,26728,30302,-3574,5,1,04
2024-01-20,4호선,명동,26728,30302,-3574,5,1,05
2024-01-20,4호선,명동,26728,30302,-3574,5,1,06
2024-01-20,4호선,명동,26728,30302,-3574,5,1,07
2024-01-20,4호선,명동,26728,30302,-3574,5,1,08
2024-01-20,4호선,명동,26728,30302,-3574,5,1,09
2024-01-20,4호선,명동,26728,30302,-3574,5,1,10
2024-01-20,4호선,명동,26728,30302,-3574,5,1,11
2024-01-20,4호선,명동,26728,30302,-3574,5,1,12
2024-01-20,4호선,명동,26728,30302,-3574,5,1,13
2024-01-20,4호선,명동,26728,30302,-3574,5,1,14
2024-01-20,4호선,명동,26728,30302,-3574,5,1,15
2024-01-20,4호선,명동,26728,30302,-3574,5,1,16
2024-01-20,4호선,명동,26728,30302,-3574,5,1,17
2024-01-20,4호선,명동,26728,30302,-3574,5,1,18
2024-01-20,4호선,명동,26728,30302,-3574,5,1,19
2024-01-20,4호선,명동,26728,30302,-3574,5,1,20
2024-01-20,4호선,명동,26728,30302,-3574,5,1,21
2024-01-20,4호선,명동,26728,30302,-3574,5,1,22
2024-01-20,4호선,명동,26728,30302,-3574,5,1,23
2024-01-21,4호선,명동,22438,23764,-1326,6,1,00
2024-01-21,4호선,명동,22438,23764,-1326,6,1,01
2024-01-21,4호선,명동,22438,23764,-1326,6,1,02
2024-01-21,4호선,명동,22438,23764,-1326,6,1,03
2024-01-21,4호선,명동,22438,23764,-1326,6,1,04
2024-01-21,4호선,명동,22438,23764,-1326,6,1,05
2024-01-21,4호선,명동,22438,23764,-1326,6,1,06
2024-01-21,4호선,명동,22438,23764,-1326,6,1,07
2024-01-21,4호선,명동,22438,23764,-1326,6,1,08
2024-01-21,4호선,명동,22438,23764,-1326,6,1,09
2024-01-21,4호선,명동,22438,23764,-1326,6,1,10
2024-01-21,4호선,명동,22438,23764,-1326,6,1,11
2024-01-21,4호선,명동,22438,23764,-1326,6,1,12
2024-01-21,4호선,명동,22438,23764,-1326,6,1,13
2024-01-21,4호선,명동,22438,23764,-1326,6,1,14
2024-01-21,4호선,명동,22438,23764,-1326,6,1,15
2024-01-21,4호선,명동,22438,23764,-1326,6,1,16
2024-01-21,4호선,명동,22438,23764,-1326,6,1,17
2024-01-21,4호선,명동,22438,23764,-1326,6,1,18
2024-01-21,4호선,명동,22438,23764,-1326,6,1,19
2024-01-21,4호선,명동,22438,23764,-1326,6,1,20
2024-01-21,4호선,명동,22438,23764,-1326,6,1,21
2024-01-21,4호선,명동,22438,23764,-1326,6,1,22
2024-01-21,4호선,명동,22438,23764,-1326,6,1,23
2024-01-22,4호선,명동,26430,27839,-1409,0,0,00
2024-01-22,4호선,명동,26430,27839,-1409,0,0,01
2024-01-22,4호선,명동,26430,27839,-1409,0,0,02
2024-01-22,4호선,명동,26430,27839,-1409,0,0,03
2024-01-22,4호선,명동,26430,27839,-1409,0,0,04
2024-01-22,4호선,명동,26430,27839,-1409,0,0,05
2024-01-22,4호선,명동,26430,27839,-1409,0,0,06
2024-01-22,4호선,명동,26430,27839,-1409,0,0,07
2024-01-22,4호선,명동,26430,27839,-1409,0,0,08
2024-01-22,4호선,명동,26430,27839,-1409,0,0,09
2024-01-22,4호선,명동,26430,27839,-1409,0,0,10
2024-01-22,4호선,명동,26430,27839,-1409,0,0,11
2024-01-22,4호선,명동,26430,27839,-1409,0,0,12
2024-01-22,4호선,명동,26430,27839,-1409,0,0,13
2024-01-22,4호선,명동,26430,27839,-1409,0,0,14
2024-01-22,4호선,명동,26430,27839,-1409,0,0,15
2024-01-22,4호선,명동,26430,27839,-1409,0,0,16
2024-01-22,4호선,명동,26430,27839,-1409,0,0,17
2024-01-22,4호선,명동,26430,27839,-1409,0,0,18
2024-01-22,4호선,명동,26430,27839,-1409,0,0,19
2024-01-22,4호선,명동,26430,27839,-1409,0,0,20
2024-01-22,4호선,명동,26430,27839,-1409,0,0,21
2024-01-22,4호선,명동,26430,27839,-1409,0,0,22
2024-01-22,4호선,명동,26430,27839,-1409,0,0,23
2024-01-23,4호선,명동,26234,27337,-1103,1,0,00
2024-01-23,4호선,명동,26234,27337,-1103,1,0,01
2024-01-23,4호선,명동,26234,27337,-1103,1,0,02
2024-01-23,4호선,명동,26234,27337,-1103,1,0,03
2024-01-23,4호선,명동,26234,27337,-1103,1,0,04
2024-01-23,4호선,명동,26234,27337,-1103,1,0,05
2024-01-23,4호선,명동,26234,27337,-1103,1,0,06
2024-01-23,4호선,명동,26234,27337,-1103,1,0,07
2024-01-23,4호선,명동,26234,27337,-1103,1,0,08
2024-01-23,4호선,명동,26234,27337,-1103,1,0,09
2024-01-23,4호선,명동,26234,27337,-1103,1,0,10
2024-01-23,4호선,명동,26234,27337,-1103,1,0,11
2024-01-23,4호선,명동,26234,27337,-1103,1,0,12
2024-01-23,4호선,명동,26234,27337,-1103,1,0,13
2024-01-23,4호선,명동,26234,27337,-1103,1,0,14
2024-01-23,4호선,명동,26234,27337,-1103,1,0,15
2024-01-23,4호선,명동,26234,27337,-1103,1,0,16
2024-01-23,4호선,명동,26234,27337,-1103,1,0,17
2024-01-23,4호선,명동,26234,27337,-1103,1,0,18
2024-01-23,4호선,명동,26234,27337,-1103,1,0,19
2024-01-23,4호선,명동,26234,27337,-1103,1,0,20
2024-01-23,4호선,명동,26234,27337,-1103,1,0,21
2024-01-23,4호선,명동,26234,27337,-1103,1,0,22
2024-01-23,4호선,명동,26234,27337,-1103,1,0,23
2024-01-24,4호선,명동,27158,28522,-1364,2,0,00
2024-01-24,4호선,명동,27158,28522,-1364,2,0,01
2024-01-24,4호선,명동,27158,28522,-1364,2,0,02
2024-01-24,4호선,명동,27158,28522,-1364,2,0,03
2024-01-24,4호선,명동,27158,28522,-1364,2,0,04
2024-01-24,4호선,명동,27158,28522,-1364,2,0,05
2024-01-24,4호선,명동,27158,28522,-1364,2,0,06
2024-01-24,4호선,명동,27158,28522,-1364,2,0,07
2024-01-24,4호선,명동,27158,28522,-1364,2,0,08
2024-01-24,4호선,명동,27158,28522,-1364,2,0,09
2024-01-24,4호선,명동,27158,28522,-1364,2,0,10
2024-01-24,4호선,명동,27158,28522,-1364,2,0,11
2024-01-24,4호선,명동,27158,28522,-1364,2,0,12
2024-01-24,4호선,명동,27158,28522,-1364,2,0,13
2024-01-24,4호선,명동,27158,28522,-1364,2,0,14
2024-01-24,4호선,명동,27158,28522,-1364,2,0,15
2024-01-24,4호선,명동,27158,28522,-1364,2,0,16
2024-01-24,4호선,명동,27158,28522,-1364,2,0,17
2024-01-24,4호선,명동,27158,28522,-1364,2,0,18
2024-01-24,4호선,명동,27158,28522,-1364,2,0,19
2024-01-24,4호선,명동,27158,28522,-1364,2,0,20
2024-01-24,4호선,명동,27158,28522,-1364,2,0,21
2024-01-24,4호선,명동,27158,28522,-1364,2,0,22
2024-01-24,4호선,명동,27158,28522,-1364,2,0,23
2024-01-25,4호선,명동,28427,30063,-1636,3,0,00
2024-01-25,4호선,명동,28427,30063,-1636,3,0,01
2024-01-25,4호선,명동,28427,30063,-1636,3,0,02
2024-01-25,4호선,명동,28427,30063,-1636,3,0,03
2024-01-25,4호선,명동,28427,30063,-1636,3,0,04
2024-01-25,4호선,명동,28427,30063,-1636,3,0,05
2024-01-25,4호선,명동,28427,30063,-1636,3,0,06
2024-01-25,4호선,명동,28427,30063,-1636,3,0,07
2024-01-25,4호선,명동,28427,30063,-1636,3,0,08
2024-01-25,4호선,명동,28427,30063,-1636,3,0,09
2024-01-25,4호선,명동,28427,30063,-1636,3,0,10
2024-01-25,4호선,명동,28427,30063,-1636,3,0,11
2024-01-25,4호선,명동,28427,30063,-1636,3,0,12
2024-01-25,4호선,명동,28427,30063,-1636,3,0,13
2024-01-25,4호선,명동,28427,30063,-1636,3,0,14
2024-01-25,4호선,명동,28427,30063,-1636,3,0,15
2024-01-25,4호선,명동,28427,30063,-1636,3,0,16
2024-01-25,4호선,명동,28427,30063,-1636,3,0,17
2024-01-25,4호선,명동,28427,30063,-1636,3,0,18
2024-01-25,4호선,명동,28427,30063,-1636,3,0,19
2024-01-25,4호선,명동,28427,30063,-1636,3,0,20
2024-01-25,4호선,명동,28427,30063,-1636,3,0,21
2024-01-25,4호선,명동,28427,30063,-1636,3,0,22
2024-01-25,4호선,명동,28427,30063,-1636,3,0,23
2024-01-26,4호선,명동,30448,32084,-1636,4,0,00
2024-01-26,4호선,명동,30448,32084,-1636,4,0,01
2024-01-26,4호선,명동,30448,32084,-1636,4,0,02
2024-01-26,4호선,명동,30448,32084,-1636,4,0,03
2024-01-26,4호선,명동,30448,32084,-1636,4,0,04
2024-01-26,4호선,명동,30448,32084,-1636,4,0,05
2024-01-26,4호선,명동,30448,32084,-1636,4,0,06
2024-01-26,4호선,명동,30448,32084,-1636,4,0,07
2024-01-26,4호선,명동,30448,32084,-1636,4,0,08
2024-01-26,4호선,명동,30448,32084,-1636,4,0,09
2024-01-26,4호선,명동,30448,32084,-1636,4,0,10
2024-01-26,4호선,명동,30448,32084,-1636,4,0,11
2024-01-26,4호선,명동,30448,32084,-1636,4,0,12
2024-01-26,4호선,명동,30448,32084,-1636,4,0,13
2024-01-26,4호선,명동,30448,32084,-1636,4,0,14
2024-01-26,4호선,명동,30448,32084,-1636,4,0,15
2024-01-26,4호선,명동,30448,32084,-1636,4,0,16
2024-01-26,4호선,명동,30448,32084,-1636,4,0,17
2024-01-26,4호선,명동,30448,32084,-1636,4,0,18
2024-01-26,4호선,명동,30448,32084,-1636,4,0,19
2024-01-26,4호선,명동,30448,32084,-1636,4,0,20
2024-01-26,4호선,명동,30448,32084,-1636,4,0,21
2024-01-26,4호선,명동,30448,32084,-1636,4,0,22
2024-01-26,4호선,명동,30448,32084,-1636,4,0,23
2024-01-27,4호선,명동,28110,31205,-3095,5,1,00
2024-01-27,4호선,명동,28110,31205,-3095,5,1,01
2024-01-27,4호선,명동,28110,31205,-3095,5,1,02
2024-01-27,4호선,명동,28110,31205,-3095,5,1,03
2024-01-27,4호선,명동,28110,31205,-3095,5,1,04
2024-01-27,4호선,명동,28110,31205,-3095,5,1,05
2024-01-27,4호선,명동,28110,31205,-3095,5,1,06
2024-01-27,4호선,명동,28110,31205,-3095,5,1,07
2024-01-27,4호선,명동,28110,31205,-3095,5,1,08
2024-01-27,4호선,명동,28110,31205,-3095,5,1,09
2024-01-27,4호선,명동,28110,31205,-3095,5,1,10
2024-01-27,4호선,명동,28110,31205,-3095,5,1,11
2024-01-27,4호선,명동,28110,31205,-3095,5,1,12
2024-01-27,4호선,명동,28110,31205,-3095,5,1,13
2024-01-27,4호선,명동,28110,31205,-3095,5,1,14
2024-01-27,4호선,명동,28110,31205,-3095,5,1,15
2024-01-27,4호선,명동,28110,31205,-3095,5,1,16
2024-01-27,4호선,명동,28110,31205,-3095,5,1,17
2024-01-27,4호선,명동,28110,31205,-3095,5,1,18
2024-01-27,4호선,명동,28110,31205,-3095,5,1,19
2024-01-27,4호선,명동,28110,31205,-3095,5,1,20
2024-01-27,4호선,명동,28110,31205,-3095,5,1,21
2024-01-27,4호선,명동,28110,31205,-3095,5,1,22
2024-01-27,4호선,명동,28110,31205,-3095,5,1,23
2024-01-28,4호선,명동,23655,24857,-1202,6,1,00
2024-01-28,4호선,명동,23655,24857,-1202,6,1,01
2024-01-28,4호선,명동,23655,24857,-1202,6,1,02
2024-01-28,4호선,명동,23655,24857,-1202,6,1,03
2024-01-28,4호선,명동,23655,24857,-1202,6,1,04
2024-01-28,4호선,명동,23655,24857,-1202,6,1,05
2024-01-28,4호선,명동,23655,24857,-1202,6,1,06
2024-01-28,4호선,명동,23655,24857,-1202,6,1,07
2024-01-28,4호선,명동,23655,24857,-1202,6,1,08
2024-01-28,4호선,명동,23655,24857,-1202,6,1,09
2024-01-28,4호선,명동,23655,24857,-1202,6,1,10
2024-01-28,4호선,명동,23655,24857,-1202,6,1,11
2024-01-28,4호선,명동,23655,24857,-1202,6,1,12
2024-01-28,4호선,명동,23655,24857,-1202,6,1,13
2024-01-28,4호선,명동,23655,24857,-1202,6,1,14
2024-01-28,4호선,명동,23655,24857,-1202,6,1,15
2024-01-28,4호선,명동,23655,24857,-1202,6,1,16
2024-01-28,4호선,명동,23655,24857,-1202,6,1,17
2024-01-28,4호선,명동,23655,24857,-1202,6,1,18
2024-01-28,4호선,명동,23655,24857,-1202,6,1,19
2024-01-28,4호선,명동,23655,24857,-1202,6,1,20
2024-01-28,4호선,명동,23655,24857,-1202,6,1,21
2024-01-28,4호선,명동,23655,24857,-1202,6,1,22
2024-01-28,4호선,명동,23655,24857,-1202,6,1,23
2024-01-29,4호선,명동,29061,29918,-857,0,0,00
2024-01-29,4호선,명동,29061,29918,-857,0,0,01
2024-01-29,4호선,명동,29061,29918,-857,0,0,02
2024-01-29,4호선,명동,29061,29918,-857,0,0,03
2024-01-29,4호선,명동,29061,29918,-857,0,0,04
2024-01-29,4호선,명동,29061,29918,-857,0,0,05
2024-01-29,4호선,명동,29061,29918,-857,0,0,06
2024-01-29,4호선,명동,29061,29918,-857,0,0,07
2024-01-29,4호선,명동,29061,29918,-857,0,0,08
2024-01-29,4호선,명동,29061,29918,-857,0,0,09
2024-01-29,4호선,명동,29061,29918,-857,0,0,10
2024-01-29,4호선,명동,29061,29918,-857,0,0,11
2024-01-29,4호선,명동,29061,29918,-857,0,0,12
2024-01-29,4호선,명동,29061,29918,-857,0,0,13
2024-01-29,4호선,명동,29061,29918,-857,0,0,14
2024-01-29,4호선,명동,29061,29918,-857,0,0,15
2024-01-29,4호선,명동,29061,29918,-857,0,0,16
2024-01-29,4호선,명동,29061,29918,-857,0,0,17
2024-01-29,4호선,명동,29061,29918,-857,0,0,18
2024-01-29,4호선,명동,29061,29918,-857,0,0,19
2024-01-29,4호선,명동,29061,29918,-857,0,0,20
2024-01-29,4호선,명동,29061,29918,-857,0,0,21
2024-01-29,4호선,명동,29061,29918,-857,0,0,22
2024-01-29,4호선,명동,29061,29918,-857,0,0,23
2024-01-30,4호선,명동,28793,30265,-1472,1,0,00
2024-01-30,4호선,명동,28793,30265,-1472,1,0,01
2024-01-30,4호선,명동,28793,30265,-1472,1,0,02
2024-01-30,4호선,명동,28793,30265,-1472,1,0,03
2024-01-30,4호선,명동,28793,30265,-1472,1,0,04
2024-01-30,4호선,명동,28793,30265,-1472,1,0,05
2024-01-30,4호선,명동,28793,30265,-1472,1,0,06
2024-01-30,4호선,명동,28793,30265,-1472,1,0,07
2024-01-30,4호선,명동,28793,30265,-1472,1,0,08
2024-01-30,4호선,명동,28793,30265,-1472,1,0,09
2024-01-30,4호선,명동,28793,30265,-1472,1,0,10
2024-01-30,4호선,명동,28793,30265,-1472,1,0,11
2024-01-30,4호선,명동,28793,30265,-1472,1,0,12
2024-01-30,4호선,명동,28793,30265,-1472,1,0,13
2024-01-30,4호선,명동,28793,30265,-1472,1,0,14
2024-01-30,4호선,명동,28793,30265,-1472,1,0,15
2024-01-30,4호선,명동,28793,30265,-1472,1,0,16
2024-01-30,4호선,명동,28793,30265,-1472,1,0,17
2024-01-30,4호선,명동,28793,30265,-1472,1,0,18
2024-01-30,4호선,명동,28793,30265,-1472,1,0,19
2024-01-30,4호선,명동,28793,30265,-1472,1,0,20
2024-01-30,4호선,명동,28793,30265,-1472,1,0,21
2024-01-30,4호선,명동,28793,30265,-1472,1,0,22
2024-01-30,4호선,명동,28793,30265,-1472,1,0,23
2024-01-31,4호선,명동,29139,30208,-1069,2,0,00
2024-01-31,4호선,명동,29139,30208,-1069,2,0,01
2024-01-31,4호선,명동,29139,30208,-1069,2,0,02
2024-01-31,4호선,명동,29139,30208,-1069,2,0,03
2024-01-31,4호선,명동,29139,30208,-1069,2,0,04
2024-01-31,4호선,명동,29139,30208,-1069,2,0,05
2024-01-31,4호선,명동,29139,30208,-1069,2,0,06
2024-01-31,4호선,명동,29139,30208,-1069,2,0,07
2024-01-31,4호선,명동,29139,30208,-1069,2,0,08
2024-01-31,4호선,명동,29139,30208,-1069,2,0,09
2024-01-31,4호선,명동,29139,30208,-1069,2,0,10
2024-01-31,4호선,명동,29139,30208,-1069,2,0,11
2024-01-31,4호선,명동,29139,30208,-1069,2,0,12
2024-01-31,4호선,명동,29139,30208,-1069,2,0,13
2024-01-31,4호선,명동,29139,30208,-1069,2,0,14
2024-01-31,4호선,명동,29139,30208,-1069,2,0,15
2024-01-31,4호선,명동,29139,30208,-1069,2,0,16
2024-01-31,4호선,명동,29139,30208,-1069,2,0,17
2024-01-31,4호선,명동,29139,30208,-1069,2,0,18
2024-01-31,4호선,명동,29139,30208,-1069,2,0,19
2024-01-31,4호선,명동,29139,30208,-1069,2,0,20
2024-01-31,4호선,명동,29139,30208,-1069,2,0,21
2024-01-31,4호선,명동,29139,30208,-1069,2,0,22
2024-01-31,4호선,명동,29139,30208,-1069,2,0,23
2024-02-01,4호선,명동,28787,30682,-1895,3,0,00
2024-02-01,4호선,명동,28787,30682,-1895,3,0,01
2024-02-01,4호선,명동,28787,30682,-1895,3,0,02
2024-02-01,4호선,명동,28787,30682,-1895,3,0,03
2024-02-01,4호선,명동,28787,30682,-1895,3,0,04
2024-02-01,4호선,명동,28787,30682,-1895,3,0,05
2024-02-01,4호선,명동,28787,30682,-1895,3,0,06
2024-02-01,4호선,명동,28787,30682,-1895,3,0,07
2024-02-01,4호선,명동,28787,30682,-1895,3,0,08
2024-02-01,4호선,명동,28787,30682,-1895,3,0,09
2024-02-01,4호선,명동,28787,30682,-1895,3,0,10
2024-02-01,4호선,명동,28787,30682,-1895,3,0,11
2024-02-01,4호선,명동,28787,30682,-1895,3,0,12
2024-02-01,4호선,명동,28787,30682,-1895,3,0,13
2024-02-01,4호선,명동,28787,30682,-1895,3,0,14
2024-02-01,4호선,명동,28787,30682,-1895,3,0,15
2024-02-01,4호선,명동,28787,30682,-1895,3,0,16
2024-02-01,4호선,명동,28787,30682,-1895,3,0,17
2024-02-01,4호선,명동,28787,30682,-1895,3,0,18
2024-02-01,4호선,명동,28787,30682,-1895,3,0,19
2024-02-01,4호선,명동,28787,30682,-1895,3,0,20
2024-02-01,4호선,명동,28787,30682,-1895,3,0,21
2024-02-01,4호선,명동,28787,30682,-1895,3,0,22
2024-02-01,4호선,명동,28787,30682,-1895,3,0,23
2024-02-02,4호선,명동,32234,34202,-1968,4,0,00
2024-02-02,4호선,명동,32234,34202,-1968,4,0,01
2024-02-02,4호선,명동,32234,34202,-1968,4,0,02
2024-02-02,4호선,명동,32234,34202,-1968,4,0,03
2024-02-02,4호선,명동,32234,34202,-1968,4,0,04
2024-02-02,4호선,명동,32234,34202,-1968,4,0,05
2024-02-02,4호선,명동,32234,34202,-1968,4,0,06
2024-02-02,4호선,명동,32234,34202,-1968,4,0,07
2024-02-02,4호선,명동,32234,34202,-1968,4,0,08
2024-02-02,4호선,명동,32234,34202,-1968,4,0,09
2024-02-02,4호선,명동,32234,34202,-1968,4,0,10
2024-02-02,4호선,명동,32234,34202,-1968,4,0,11
2024-02-02,4호선,명동,32234,34202,-1968,4,0,12
2024-02-02,4호선,명동,32234,34202,-1968,4,0,13
2024-02-02,4호선,명동,32234,34202,-1968,4,0,14
2024-02-02,4호선,명동,32234,34202,-1968,4,0,15
2024-02-02,4호선,명동,32234,34202,-1968,4,0,16
2024-02-02,4호선,명동,32234,34202,-1968,4,0,17
2024-02-02,4호선,명동,32234,34202,-1968,4,0,18
2024-02-02,4호선,명동,32234,34202,-1968,4,0,19
2024-02-02,4호선,명동,32234,34202,-1968,4,0,20
2024-02-02,4호선,명동,32234,34202,-1968,4,0,21
2024-02-02,4호선,명동,32234,34202,-1968,4,0,22
2024-02-02,4호선,명동,32234,34202,-1968,4,0,23
2024-02-03,4호선,명동,26331,29083,-2752,5,1,00
2024-02-03,4호선,명동,26331,29083,-2752,5,1,01
2024-02-03,4호선,명동,26331,29083,-2752,5,1,02
2024-02-03,4호선,명동,26331,29083,-2752,5,1,03
2024-02-03,4호선,명동,26331,29083,-2752,5,1,04
2024-02-03,4호선,명동,26331,29083,-2752,5,1,05
2024-02-03,4호선,명동,26331,29083,-2752,5,1,06
2024-02-03,4호선,명동,26331,29083,-2752,5,1,07
2024-02-03,4호선,명동,26331,29083,-2752,5,1,08
2024-02-03,4호선,명동,26331,29083,-2752,5,1,09
2024-02-03,4호선,명동,26331,29083,-2752,5,1,10
2024-02-03,4호선,명동,26331,29083,-2752,5,1,11
2024-02-03,4호선,명동,26331,29083,-2752,5,1,12
2024-02-03,4호선,명동,26331,29083,-2752,5,1,13
2024-02-03,4호선,명동,26331,29083,-2752,5,1,14
2024-02-03,4호선,명동,26331,29083,-2752,5,1,15
2024-02-03,4호선,명동,26331,29083,-2752,5,1,16
2024-02-03,4호선,명동,26331,29083,-2752,5,1,17
2024-02-03,4호선,명동,26331,29083,-2752,5,1,18
2024-02-03,4호선,명동,26331,29083,-2752,5,1,19
2024-02-03,4호선,명동,26331,29083,-2752,5,1,20
2024-02-03,4호선,명동,26331,29083,-2752,5,1,21
2024-02-03,4호선,명동,26331,29083,-2752,5,1,22
2024-02-03,4호선,명동,26331,29083,-2752,5,1,23
2024-02-04,4호선,명동,23015,24846,-1831,6,1,00
2024-02-04,4호선,명동,23015,24846,-1831,6,1,01
2024-02-04,4호선,명동,23015,24846,-1831,6,1,02
2024-02-04,4호선,명동,23015,24846,-1831,6,1,03
2024-02-04,4호선,명동,23015,24846,-1831,6,1,04
2024-02-04,4호선,명동,23015,24846,-1831,6,1,05
2024-02-04,4호선,명동,23015,24846,-1831,6,1,06
2024-02-04,4호선,명동,23015,24846,-1831,6,1,07
2024-02-04,4호선,명동,23015,24846,-1831,6,1,08
2024-02-04,4호선,명동,23015,24846,-1831,6,1,09
2024-02-04,4호선,명동,23015,24846,-1831,6,1,10
2024-02-04,4호선,명동,23015,24846,-1831,6,1,11
2024-02-04,4호선,명동,23015,24846,-1831,6,1,12
2024-02-04,4호선,명동,23015,24846,-1831,6,1,13
2024-02-04,4호선,명동,23015,24846,-1831,6,1,14
2024-02-04,4호선,명동,23015,24846,-1831,6,1,15
2024-02-04,4호선,명동,23015,24846,-1831,6,1,16
2024-02-04,4호선,명동,23015,24846,-1831,6,1,17
2024-02-04,4호선,명동,23015,24846,-1831,6,1,18
2024-02-04,4호선,명동,23015,24846,-1831,6,1,19
2024-02-04,4호선,명동,23015,24846,-1831,6,1,20
2024-02-04,4호선,명동,23015,24846,-1831,6,1,21
2024-02-04,4호선,명동,23015,24846,-1831,6,1,22
2024-02-04,4호선,명동,23015,24846,-1831,6,1,23
2024-02-05,4호선,명동,28013,29194,-1181,0,0,00
2024-02-05,4호선,명동,28013,29194,-1181,0,0,01
2024-02-05,4호선,명동,28013,29194,-1181,0,0,02
2024-02-05,4호선,명동,28013,29194,-1181,0,0,03
2024-02-05,4호선,명동,28013,29194,-1181,0,0,04
2024-02-05,4호선,명동,28013,29194,-1181,0,0,05
2024-02-05,4호선,명동,28013,29194,-1181,0,0,06
2024-02-05,4호선,명동,28013,29194,-1181,0,0,07
2024-02-05,4호선,명동,28013,29194,-1181,0,0,08
2024-02-05,4호선,명동,28013,29194,-1181,0,0,09
2024-02-05,4호선,명동,28013,29194,-1181,0,0,10
2024-02-05,4호선,명동,28013,29194,-1181,0,0,11
2024-02-05,4호선,명동,28013,29194,-1181,0,0,12
2024-02-05,4호선,명동,28013,29194,-1181,0,0,13
2024-02-05,4호선,명동,28013,29194,-1181,0,0,14
2024-02-05,4호선,명동,28013,29194,-1181,0,0,15
2024-02-05,4호선,명동,28013,29194,-1181,0,0,16
2024-02-05,4호선,명동,28013,29194,-1181,0,0,17
2024-02-05,4호선,명동,28013,29194,-1181,0,0,18
2024-02-05,4호선,명동,28013,29194,-1181,0,0,19
2024-02-05,4호선,명동,28013,29194,-1181,0,0,20
2024-02-05,4호선,명동,28013,29194,-1181,0,0,21
2024-02-05,4호선,명동,28013,29194,-1181,0,0,22
2024-02-05,4호선,명동,28013,29194,-1181,0,0,23
2024-02-06,4호선,명동,28628,29657,-1029,1,0,00
2024-02-06,4호선,명동,28628,29657,-1029,1,0,01
2024-02-06,4호선,명동,28628,29657,-1029,1,0,02
2024-02-06,4호선,명동,28628,29657,-1029,1,0,03
2024-02-06,4호선,명동,28628,29657,-1029,1,0,04
2024-02-06,4호선,명동,28628,29657,-1029,1,0,05
2024-02-06,4호선,명동,28628,29657,-1029,1,0,06
2024-02-06,4호선,명동,28628,29657,-1029,1,0,07
2024-02-06,4호선,명동,28628,29657,-1029,1,0,08
2024-02-06,4호선,명동,28628,29657,-1029,1,0,09
2024-02-06,4호선,명동,28628,29657,-1029,1,0,10
2024-02-06,4호선,명동,28628,29657,-1029,1,0,11
2024-02-06,4호선,명동,28628,29657,-1029,1,0,12
2024-02-06,4호선,명동,28628,29657,-1029,1,0,13
2024-02-06,4호선,명동,28628,29657,-1029,1,0,14
2024-02-06,4호선,명동,28628,29657,-1029,1,0,15
2024-02-06,4호선,명동,28628,29657,-1029,1,0,16
2024-02-06,4호선,명동,28628,29657,-1029,1,0,17
2024-02-06,4호선,명동,28628,29657,-1029,1,0,18
2024-02-06,4호선,명동,28628,29657,-1029,1,0,19
2024-02-06,4호선,명동,28628,29657,-1029,1,0,20
2024-02-06,4호선,명동,28628,29657,-1029,1,0,21
2024-02-06,4호선,명동,28628,29657,-1029,1,0,22
2024-02-06,4호선,명동,28628,29657,-1029,1,0,23
2024-02-07,4호선,명동,27789,28612,-823,2,0,00
2024-02-07,4호선,명동,27789,28612,-823,2,0,01
2024-02-07,4호선,명동,27789,28612,-823,2,0,02
2024-02-07,4호선,명동,27789,28612,-823,2,0,03
2024-02-07,4호선,명동,27789,28612,-823,2,0,04
2024-02-07,4호선,명동,27789,28612,-823,2,0,05
2024-02-07,4호선,명동,27789,28612,-823,2,0,06
2024-02-07,4호선,명동,27789,28612,-823,2,0,07
2024-02-07,4호선,명동,27789,28612,-823,2,0,08
2024-02-07,4호선,명동,27789,28612,-823,2,0,09
2024-02-07,4호선,명동,27789,28612,-823,2,0,10
2024-02-07,4호선,명동,27789,28612,-823,2,0,11
2024-02-07,4호선,명동,27789,28612,-823,2,0,12
2024-02-07,4호선,명동,27789,28612,-823,2,0,13
2024-02-07,4호선,명동,27789,28612,-823,2,0,14
2024-02-07,4호선,명동,27789,28612,-823,2,0,15
2024-02-07,4호선,명동,27789,28612,-823,2,0,16
2024-02-07,4호선,명동,27789,28612,-823,2,0,17
2024-02-07,4호선,명동,27789,28612,-823,2,0,18
2024-02-07,4호선,명동,27789,28612,-823,2,0,19
2024-02-07,4호선,명동,27789,28612,-823,2,0,20
2024-02-07,4호선,명동,27789,28612,-823,2,0,21
2024-02-07,4호선,명동,27789,28612,-823,2,0,22
2024-02-07,4호선,명동,27789,28612,-823,2,0,23
2024-02-08,4호선,명동,26846,28490,-1644,3,0,00
2024-02-08,4호선,명동,26846,28490,-1644,3,0,01
2024-02-08,4호선,명동,26846,28490,-1644,3,0,02
2024-02-08,4호선,명동,26846,28490,-1644,3,0,03
2024-02-08,4호선,명동,26846,28490,-1644,3,0,04
2024-02-08,4호선,명동,26846,28490,-1644,3,0,05
2024-02-08,4호선,명동,26846,28490,-1644,3,0,06
2024-02-08,4호선,명동,26846,28490,-1644,3,0,07
2024-02-08,4호선,명동,26846,28490,-1644,3,0,08
2024-02-08,4호선,명동,26846,28490,-1644,3,0,09
2024-02-08,4호선,명동,26846,28490,-1644,3,0,10
2024-02-08,4호선,명동,26846,28490,-1644,3,0,11
2024-02-08,4호선,명동,26846,28490,-1644,3,0,12
2024-02-08,4호선,명동,26846,28490,-1644,3,0,13
2024-02-08,4호선,명동,26846,28490,-1644,3,0,14
2024-02-08,4호선,명동,26846,28490,-1644,3,0,15
2024-02-08,4호선,명동,26846,28490,-1644,3,0,16
2024-02-08,4호선,명동,26846,28490,-1644,3,0,17
2024-02-08,4호선,명동,26846,28490,-1644,3,0,18
2024-02-08,4호선,명동,26846,28490,-1644,3,0,19
2024-02-08,4호선,명동,26846,28490,-1644,3,0,20
2024-02-08,4호선,명동,26846,28490,-1644,3,0,21
2024-02-08,4호선,명동,26846,28490,-1644,3,0,22
2024-02-08,4호선,명동,26846,28490,-1644,3,0,23
2024-02-09,4호선,명동,21374,24061,-2687,4,0,00
2024-02-09,4호선,명동,21374,24061,-2687,4,0,01
2024-02-09,4호선,명동,21374,24061,-2687,4,0,02
2024-02-09,4호선,명동,21374,24061,-2687,4,0,03
2024-02-09,4호선,명동,21374,24061,-2687,4,0,04
2024-02-09,4호선,명동,21374,24061,-2687,4,0,05
2024-02-09,4호선,명동,21374,24061,-2687,4,0,06
2024-02-09,4호선,명동,21374,24061,-2687,4,0,07
2024-02-09,4호선,명동,21374,24061,-2687,4,0,08
2024-02-09,4호선,명동,21374,24061,-2687,4,0,09
2024-02-09,4호선,명동,21374,24061,-2687,4,0,10
2024-02-09,4호선,명동,21374,24061,-2687,4,0,11
2024-02-09,4호선,명동,21374,24061,-2687,4,0,12
2024-02-09,4호선,명동,21374,24061,-2687,4,0,13
2024-02-09,4호선,명동,21374,24061,-2687,4,0,14
2024-02-09,4호선,명동,21374,24061,-2687,4,0,15
2024-02-09,4호선,명동,21374,24061,-2687,4,0,16
2024-02-09,4호선,명동,21374,24061,-2687,4,0,17
2024-02-09,4호선,명동,21374,24061,-2687,4,0,18
2024-02-09,4호선,명동,21374,24061,-2687,4,0,19
2024-02-09,4호선,명동,21374,24061,-2687,4,0,20
2024-02-09,4호선,명동,21374,24061,-2687,4,0,21
2024-02-09,4호선,명동,21374,24061,-2687,4,0,22
2024-02-09,4호선,명동,21374,24061,-2687,4,0,23
2024-02-10,4호선,명동,23885,26861,-2976,5,1,00
2024-02-10,4호선,명동,23885,26861,-2976,5,1,01
2024-02-10,4호선,명동,23885,26861,-2976,5,1,02
2024-02-10,4호선,명동,23885,26861,-2976,5,1,03
2024-02-10,4호선,명동,23885,26861,-2976,5,1,04
2024-02-10,4호선,명동,23885,26861,-2976,5,1,05
2024-02-10,4호선,명동,23885,26861,-2976,5,1,06
2024-02-10,4호선,명동,23885,26861,-2976,5,1,07
2024-02-10,4호선,명동,23885,26861,-2976,5,1,08
2024-02-10,4호선,명동,23885,26861,-2976,5,1,09
2024-02-10,4호선,명동,23885,26861,-2976,5,1,10
2024-02-10,4호선,명동,23885,26861,-2976,5,1,11
2024-02-10,4호선,명동,23885,26861,-2976,5,1,12
2024-02-10,4호선,명동,23885,26861,-2976,5,1,13
2024-02-10,4호선,명동,23885,26861,-2976,5,1,14
2024-02-10,4호선,명동,23885,26861,-2976,5,1,15
2024-02-10,4호선,명동,23885,26861,-2976,5,1,16
2024-02-10,4호선,명동,23885,26861,-2976,5,1,17
2024-02-10,4호선,명동,23885,26861,-2976,5,1,18
2024-02-10,4호선,명동,23885,26861,-2976,5,1,19
2024-02-10,4호선,명동,23885,26861,-2976,5,1,20
2024-02-10,4호선,명동,23885,26861,-2976,5,1,21
2024-02-10,4호선,명동,23885,26861,-2976,5,1,22
2024-02-10,4호선,명동,23885,26861,-2976,5,1,23
2024-02-11,4호선,명동,28508,31338,-2830,6,1,00
2024-02-11,4호선,명동,28508,31338,-2830,6,1,01
2024-02-11,4호선,명동,28508,31338,-2830,6,1,02
2024-02-11,4호선,명동,28508,31338,-2830,6,1,03
2024-02-11,4호선,명동,28508,31338,-2830,6,1,04
2024-02-11,4호선,명동,28508,31338,-2830,6,1,05
2024-02-11,4호선,명동,28508,31338,-2830,6,1,06
2024-02-11,4호선,명동,28508,31338,-2830,6,1,07
2024-02-11,4호선,명동,28508,31338,-2830,6,1,08
2024-02-11,4호선,명동,28508,31338,-2830,6,1,09
2024-02-11,4호선,명동,28508,31338,-2830,6,1,10
2024-02-11,4호선,명동,28508,31338,-2830,6,1,11
2024-02-11,4호선,명동,28508,31338,-2830,6,1,12
2024-02-11,4호선,명동,28508,31338,-2830,6,1,13
2024-02-11,4호선,명동,28508,31338,-2830,6,1,14
2024-02-11,4호선,명동,28508,31338,-2830,6,1,15
2024-02-11,4호선,명동,28508,31338,-2830,6,1,16
2024-02-11,4호선,명동,28508,31338,-2830,6,1,17
2024-02-11,4호선,명동,28508,31338,-2830,6,1,18
2024-02-11,4호선,명동,28508,31338,-2830,6,1,19
2024-02-11,4호선,명동,28508,31338,-2830,6,1,20
2024-02-11,4호선,명동,28508,31338,-2830,6,1,21
2024-02-11,4호선,명동,28508,31338,-2830,6,1,22
2024-02-11,4호선,명동,28508,31338,-2830,6,1,23
2024-02-12,4호선,명동,24086,25376,-1290,0,0,00
2024-02-12,4호선,명동,24086,25376,-1290,0,0,01
2024-02-12,4호선,명동,24086,25376,-1290,0,0,02
2024-02-12,4호선,명동,24086,25376,-1290,0,0,03
2024-02-12,4호선,명동,24086,25376,-1290,0,0,04
2024-02-12,4호선,명동,24086,25376,-1290,0,0,05
2024-02-12,4호선,명동,24086,25376,-1290,0,0,06
2024-02-12,4호선,명동,24086,25376,-1290,0,0,07
2024-02-12,4호선,명동,24086,25376,-1290,0,0,08
2024-02-12,4호선,명동,24086,25376,-1290,0,0,09
2024-02-12,4호선,명동,24086,25376,-1290,0,0,10
2024-02-12,4호선,명동,24086,25376,-1290,0,0,11
2024-02-12,4호선,명동,24086,25376,-1290,0,0,12
2024-02-12,4호선,명동,24086,25376,-1290,0,0,13
2024-02-12,4호선,명동,24086,25376,-1290,0,0,14
2024-02-12,4호선,명동,24086,25376,-1290,0,0,15
2024-02-12,4호선,명동,24086,25376,-1290,0,0,16
2024-02-12,4호선,명동,24086,25376,-1290,0,0,17
2024-02-12,4호선,명동,24086,25376,-1290,0,0,18
2024-02-12,4호선,명동,24086,25376,-1290,0,0,19
2024-02-12,4호선,명동,24086,25376,-1290,0,0,20
2024-02-12,4호선,명동,24086,25376,-1290,0,0,21
2024-02-12,4호선,명동,24086,25376,-1290,0,0,22
2024-02-12,4호선,명동,24086,25376,-1290,0,0,23
2024-02-13,4호선,명동,29090,30896,-1806,1,0,00
2024-02-13,4호선,명동,29090,30896,-1806,1,0,01
2024-02-13,4호선,명동,29090,30896,-1806,1,0,02
2024-02-13,4호선,명동,29090,30896,-1806,1,0,03
2024-02-13,4호선,명동,29090,30896,-1806,1,0,04
2024-02-13,4호선,명동,29090,30896,-1806,1,0,05
2024-02-13,4호선,명동,29090,30896,-1806,1,0,06
2024-02-13,4호선,명동,29090,30896,-1806,1,0,07
2024-02-13,4호선,명동,29090,30896,-1806,1,0,08
2024-02-13,4호선,명동,29090,30896,-1806,1,0,09
2024-02-13,4호선,명동,29090,30896,-1806,1,0,10
2024-02-13,4호선,명동,29090,30896,-1806,1,0,11
2024-02-13,4호선,명동,29090,30896,-1806,1,0,12
2024-02-13,4호선,명동,29090,30896,-1806,1,0,13
2024-02-13,4호선,명동,29090,30896,-1806,1,0,14
2024-02-13,4호선,명동,29090,30896,-1806,1,0,15
2024-02-13,4호선,명동,29090,30896,-1806,1,0,16
2024-02-13,4호선,명동,29090,30896,-1806,1,0,17
2024-02-13,4호선,명동,29090,30896,-1806,1,0,18
2024-02-13,4호선,명동,29090,30896,-1806,1,0,19
2024-02-13,4호선,명동,29090,30896,-1806,1,0,20
2024-02-13,4호선,명동,29090,30896,-1806,1,0,21
2024-02-13,4호선,명동,29090,30896,-1806,1,0,22
2024-02-13,4호선,명동,29090,30896,-1806,1,0,23
2024-02-14,4호선,명동,31570,34287,-2717,2,0,00
2024-02-14,4호선,명동,31570,34287,-2717,2,0,01
2024-02-14,4호선,명동,31570,34287,-2717,2,0,02
2024-02-14,4호선,명동,31570,34287,-2717,2,0,03
2024-02-14,4호선,명동,31570,34287,-2717,2,0,04
2024-02-14,4호선,명동,31570,34287,-2717,2,0,05
2024-02-14,4호선,명동,31570,34287,-2717,2,0,06
2024-02-14,4호선,명동,31570,34287,-2717,2,0,07
2024-02-14,4호선,명동,31570,34287,-2717,2,0,08
2024-02-14,4호선,명동,31570,34287,-2717,2,0,09
2024-02-14,4호선,명동,31570,34287,-2717,2,0,10
2024-02-14,4호선,명동,31570,34287,-2717,2,0,11
2024-02-14,4호선,명동,31570,34287,-2717,2,0,12
2024-02-14,4호선,명동,31570,34287,-2717,2,0,13
2024-02-14,4호선,명동,31570,34287,-2717,2,0,14
2024-02-14,4호선,명동,31570,34287,-2717,2,0,15
2024-02-14,4호선,명동,31570,34287,-2717,2,0,16
2024-02-14,4호선,명동,31570,34287,-2717,2,0,17
2024-02-14,4호선,명동,31570,34287,-2717,2,0,18
2024-02-14,4호선,명동,31570,34287,-2717,2,0,19
2024-02-14,4호선,명동,31570,34287,-2717,2,0,20
2024-02-14,4호선,명동,31570,34287,-2717,2,0,21
2024-02-14,4호선,명동,31570,34287,-2717,2,0,22
2024-02-14,4호선,명동,31570,34287,-2717,2,0,23
2024-02-15,4호선,명동,30529,33000,-2471,3,0,00
2024-02-15,4호선,명동,30529,33000,-2471,3,0,01
2024-02-15,4호선,명동,30529,33000,-2471,3,0,02
2024-02-15,4호선,명동,30529,33000,-2471,3,0,03
2024-02-15,4호선,명동,30529,33000,-2471,3,0,04
2024-02-15,4호선,명동,30529,33000,-2471,3,0,05
2024-02-15,4호선,명동,30529,33000,-2471,3,0,06
2024-02-15,4호선,명동,30529,33000,-2471,3,0,07
2024-02-15,4호선,명동,30529,33000,-2471,3,0,08
2024-02-15,4호선,명동,30529,33000,-2471,3,0,09
2024-02-15,4호선,명동,30529,33000,-2471,3,0,10
2024-02-15,4호선,명동,30529,33000,-2471,3,0,11
2024-02-15,4호선,명동,30529,33000,-2471,3,0,12
2024-02-15,4호선,명동,30529,33000,-2471,3,0,13
2024-02-15,4호선,명동,30529,33000,-2471,3,0,14
2024-02-15,4호선,명동,30529,33000,-2471,3,0,15
2024-02-15,4호선,명동,30529,33000,-2471,3,0,16
2024-02-15,4호선,명동,30529,33000,-2471,3,0,17
2024-02-15,4호선,명동,30529,33000,-2471,3,0,18
2024-02-15,4호선,명동,30529,33000,-2471,3,0,19
2024-02-15,4호선,명동,30529,33000,-2471,3,0,20
2024-02-15,4호선,명동,30529,33000,-2471,3,0,21
2024-02-15,4호선,명동,30529,33000,-2471,3,0,22
2024-02-15,4호선,명동,30529,33000,-2471,3,0,23
2024-02-16,4호선,명동,34763,36971,-2208,4,0,00
2024-02-16,4호선,명동,34763,36971,-2208,4,0,01
2024-02-16,4호선,명동,34763,36971,-2208,4,0,02
2024-02-16,4호선,명동,34763,36971,-2208,4,0,03
2024-02-16,4호선,명동,34763,36971,-2208,4,0,04
2024-02-16,4호선,명동,34763,36971,-2208,4,0,05
2024-02-16,4호선,명동,34763,36971,-2208,4,0,06
2024-02-16,4호선,명동,34763,36971,-2208,4,0,07
2024-02-16,4호선,명동,34763,36971,-2208,4,0,08
2024-02-16,4호선,명동,34763,36971,-2208,4,0,09
2024-02-16,4호선,명동,34763,36971,-2208,4,0,10
2024-02-16,4호선,명동,34763,36971,-2208,4,0,11
2024-02-16,4호선,명동,34763,36971,-2208,4,0,12
2024-02-16,4호선,명동,34763,36971,-2208,4,0,13
2024-02-16,4호선,명동,34763,36971,-2208,4,0,14
2024-02-16,4호선,명동,34763,36971,-2208,4,0,15
2024-02-16,4호선,명동,34763,36971,-2208,4,0,16
2024-02-16,4호선,명동,34763,36971,-2208,4,0,17
2024-02-16,4호선,명동,34763,36971,-2208,4,0,18
2024-02-16,4호선,명동,34763,36971,-2208,4,0,19
2024-02-16,4호선,명동,34763,36971,-2208,4,0,20
2024-02-16,4호선,명동,34763,36971,-2208,4,0,21
2024-02-16,4호선,명동,34763,36971,-2208,4,0,22
2024-02-16,4호선,명동,34763,36971,-2208,4,0,23
2024-02-17,4호선,명동,32610,36383,-3773,5,1,00
2024-02-17,4호선,명동,32610,36383,-3773,5,1,01
2024-02-17,4호선,명동,32610,36383,-3773,5,1,02
2024-02-17,4호선,명동,32610,36383,-3773,5,1,03
2024-02-17,4호선,명동,32610,36383,-3773,5,1,04
2024-02-17,4호선,명동,32610,36383,-3773,5,1,05
2024-02-17,4호선,명동,32610,36383,-3773,5,1,06
2024-02-17,4호선,명동,32610,36383,-3773,5,1,07
2024-02-17,4호선,명동,32610,36383,-3773,5,1,08
2024-02-17,4호선,명동,32610,36383,-3773,5,1,09
2024-02-17,4호선,명동,32610,36383,-3773,5,1,10
2024-02-17,4호선,명동,32610,36383,-3773,5,1,11
2024-02-17,4호선,명동,32610,36383,-3773,5,1,12
2024-02-17,4호선,명동,32610,36383,-3773,5,1,13
2024-02-17,4호선,명동,32610,36383,-3773,5,1,14
2024-02-17,4호선,명동,32610,36383,-3773,5,1,15
2024-02-17,4호선,명동,32610,36383,-3773,5,1,16
2024-02-17,4호선,명동,32610,36383,-3773,5,1,17
2024-02-17,4호선,명동,32610,36383,-3773,5,1,18
2024-02-17,4호선,명동,32610,36383,-3773,5,1,19
2024-02-17,4호선,명동,32610,36383,-3773,5,1,20
2024-02-17,4호선,명동,32610,36383,-3773,5,1,21
2024-02-17,4호선,명동,32610,36383,-3773,5,1,22
2024-02-17,4호선,명동,32610,36383,-3773,5,1,23
2024-02-18,4호선,명동,25104,27002,-1898,6,1,00
2024-02-18,4호선,명동,25104,27002,-1898,6,1,01
2024-02-18,4호선,명동,25104,27002,-1898,6,1,02
2024-02-18,4호선,명동,25104,27002,-1898,6,1,03
2024-02-18,4호선,명동,25104,27002,-1898,6,1,04
2024-02-18,4호선,명동,25104,27002,-1898,6,1,05
2024-02-18,4호선,명동,25104,27002,-1898,6,1,06
2024-02-18,4호선,명동,25104,27002,-1898,6,1,07
2024-02-18,4호선,명동,25104,27002,-1898,6,1,08
2024-02-18,4호선,명동,25104,27002,-1898,6,1,09
2024-02-18,4호선,명동,25104,27002,-1898,6,1,10
2024-02-18,4호선,명동,25104,27002,-1898,6,1,11
2024-02-18,4호선,명동,25104,27002,-1898,6,1,12
2024-02-18,4호선,명동,25104,27002,-1898,6,1,13
2024-02-18,4호선,명동,25104,27002,-1898,6,1,14
2024-02-18,4호선,명동,25104,27002,-1898,6,1,15
2024-02-18,4호선,명동,25104,27002,-1898,6,1,16
2024-02-18,4호선,명동,25104,27002,-1898,6,1,17
2024-02-18,4호선,명동,25104,27002,-1898,6,1,18
2024-02-18,4호선,명동,25104,27002,-1898,6,1,19
2024-02-18,4호선,명동,25104,27002,-1898,6,1,20
2024-02-18,4호선,명동,25104,27002,-1898,6,1,21
2024-02-18,4호선,명동,25104,27002,-1898,6,1,22
2024-02-18,4호선,명동,25104,27002,-1898,6,1,23
2024-02-19,4호선,명동,29878,31976,-2098,0,0,00
2024-02-19,4호선,명동,29878,31976,-2098,0,0,01
2024-02-19,4호선,명동,29878,31976,-2098,0,0,02
2024-02-19,4호선,명동,29878,31976,-2098,0,0,03
2024-02-19,4호선,명동,29878,31976,-2098,0,0,04
2024-02-19,4호선,명동,29878,31976,-2098,0,0,05
2024-02-19,4호선,명동,29878,31976,-2098,0,0,06
2024-02-19,4호선,명동,29878,31976,-2098,0,0,07
2024-02-19,4호선,명동,29878,31976,-2098,0,0,08
2024-02-19,4호선,명동,29878,31976,-2098,0,0,09
2024-02-19,4호선,명동,29878,31976,-2098,0,0,10
2024-02-19,4호선,명동,29878,31976,-2098,0,0,11
2024-02-19,4호선,명동,29878,31976,-2098,0,0,12
2024-02-19,4호선,명동,29878,31976,-2098,0,0,13
2024-02-19,4호선,명동,29878,31976,-2098,0,0,14
2024-02-19,4호선,명동,29878,31976,-2098,0,0,15
2024-02-19,4호선,명동,29878,31976,-2098,0,0,16
2024-02-19,4호선,명동,29878,31976,-2098,0,0,17
2024-02-19,4호선,명동,29878,31976,-2098,0,0,18
2024-02-19,4호선,명동,29878,31976,-2098,0,0,19
2024-02-19,4호선,명동,29878,31976,-2098,0,0,20
2024-02-19,4호선,명동,29878,31976,-2098,0,0,21
2024-02-19,4호선,명동,29878,31976,-2098,0,0,22
2024-02-19,4호선,명동,29878,31976,-2098,0,0,23
2024-02-20,4호선,명동,31649,33732,-2083,1,0,00
2024-02-20,4호선,명동,31649,33732,-2083,1,0,01
2024-02-20,4호선,명동,31649,33732,-2083,1,0,02
2024-02-20,4호선,명동,31649,33732,-2083,1,0,03
2024-02-20,4호선,명동,31649,33732,-2083,1,0,04
2024-02-20,4호선,명동,31649,33732,-2083,1,0,05
2024-02-20,4호선,명동,31649,33732,-2083,1,0,06
2024-02-20,4호선,명동,31649,33732,-2083,1,0,07
2024-02-20,4호선,명동,31649,33732,-2083,1,0,08
2024-02-20,4호선,명동,31649,33732,-2083,1,0,09
2024-02-20,4호선,명동,31649,33732,-2083,1,0,10
2024-02-20,4호선,명동,31649,33732,-2083,1,0,11
2024-02-20,4호선,명동,31649,33732,-2083,1,0,12
2024-02-20,4호선,명동,31649,33732,-2083,1,0,13
2024-02-20,4호선,명동,31649,33732,-2083,1,0,14
2024-02-20,4호선,명동,31649,33732,-2083,1,0,15
2024-02-20,4호선,명동,31649,33732,-2083,1,0,16
2024-02-20,4호선,명동,31649,33732,-2083,1,0,17
2024-02-20,4호선,명동,31649,33732,-2083,1,0,18
2024-02-20,4호선,명동,31649,33732,-2083,1,0,19
2024-02-20,4호선,명동,31649,33732,-2083,1,0,20
2024-02-20,4호선,명동,31649,33732,-2083,1,0,21
2024-02-20,4호선,명동,31649,33732,-2083,1,0,22
2024-02-20,4호선,명동,31649,33732,-2083,1,0,23
2024-02-21,4호선,명동,31087,32776,-1689,2,0,00
2024-02-21,4호선,명동,31087,32776,-1689,2,0,01
2024-02-21,4호선,명동,31087,32776,-1689,2,0,02
2024-02-21,4호선,명동,31087,32776,-1689,2,0,03
2024-02-21,4호선,명동,31087,32776,-1689,2,0,04
2024-02-21,4호선,명동,31087,32776,-1689,2,0,05
2024-02-21,4호선,명동,31087,32776,-1689,2,0,06
2024-02-21,4호선,명동,31087,32776,-1689,2,0,07
2024-02-21,4호선,명동,31087,32776,-1689,2,0,08
2024-02-21,4호선,명동,31087,32776,-1689,2,0,09
2024-02-21,4호선,명동,31087,32776,-1689,2,0,10
2024-02-21,4호선,명동,31087,32776,-1689,2,0,11
2024-02-21,4호선,명동,31087,32776,-1689,2,0,12
2024-02-21,4호선,명동,31087,32776,-1689,2,0,13
2024-02-21,4호선,명동,31087,32776,-1689,2,0,14
2024-02-21,4호선,명동,31087,32776,-1689,2,0,15
2024-02-21,4호선,명동,31087,32776,-1689,2,0,16
2024-02-21,4호선,명동,31087,32776,-1689,2,0,17
2024-02-21,4호선,명동,31087,32776,-1689,2,0,18
2024-02-21,4호선,명동,31087,32776,-1689,2,0,19
2024-02-21,4호선,명동,31087,32776,-1689,2,0,20
2024-02-21,4호선,명동,31087,32776,-1689,2,0,21
2024-02-21,4호선,명동,31087,32776,-1689,2,0,22
2024-02-21,4호선,명동,31087,32776,-1689,2,0,23
2024-02-22,4호선,명동,32859,35129,-2270,3,0,00
2024-02-22,4호선,명동,32859,35129,-2270,3,0,01
2024-02-22,4호선,명동,32859,35129,-2270,3,0,02
2024-02-22,4호선,명동,32859,35129,-2270,3,0,03
2024-02-22,4호선,명동,32859,35129,-2270,3,0,04
2024-02-22,4호선,명동,32859,35129,-2270,3,0,05
2024-02-22,4호선,명동,32859,35129,-2270,3,0,06
2024-02-22,4호선,명동,32859,35129,-2270,3,0,07
2024-02-22,4호선,명동,32859,35129,-2270,3,0,08
2024-02-22,4호선,명동,32859,35129,-2270,3,0,09
2024-02-22,4호선,명동,32859,35129,-2270,3,0,10
2024-02-22,4호선,명동,32859,35129,-2270,3,0,11
2024-02-22,4호선,명동,32859,35129,-2270,3,0,12
2024-02-22,4호선,명동,32859,35129,-2270,3,0,13
2024-02-22,4호선,명동,32859,35129,-2270,3,0,14
2024-02-22,4호선,명동,32859,35129,-2270,3,0,15
2024-02-22,4호선,명동,32859,35129,-2270,3,0,16
2024-02-22,4호선,명동,32859,35129,-2270,3,0,17
2024-02-22,4호선,명동,32859,35129,-2270,3,0,18
2024-02-22,4호선,명동,32859,35129,-2270,3,0,19
2024-02-22,4호선,명동,32859,35129,-2270,3,0,20
2024-02-22,4호선,명동,32859,35129,-2270,3,0,21
2024-02-22,4호선,명동,32859,35129,-2270,3,0,22
2024-02-22,4호선,명동,32859,35129,-2270,3,0,23
2024-02-23,4호선,명동,38017,40836,-2819,4,0,00
2024-02-23,4호선,명동,38017,40836,-2819,4,0,01
2024-02-23,4호선,명동,38017,40836,-2819,4,0,02
2024-02-23,4호선,명동,38017,40836,-2819,4,0,03
2024-02-23,4호선,명동,38017,40836,-2819,4,0,04
2024-02-23,4호선,명동,38017,40836,-2819,4,0,05
2024-02-23,4호선,명동,38017,40836,-2819,4,0,06
2024-02-23,4호선,명동,38017,40836,-2819,4,0,07
2024-02-23,4호선,명동,38017,40836,-2819,4,0,08
2024-02-23,4호선,명동,38017,40836,-2819,4,0,09
2024-02-23,4호선,명동,38017,40836,-2819,4,0,10
2024-02-23,4호선,명동,38017,40836,-2819,4,0,11
2024-02-23,4호선,명동,38017,40836,-2819,4,0,12
2024-02-23,4호선,명동,38017,40836,-2819,4,0,13
2024-02-23,4호선,명동,38017,40836,-2819,4,0,14
2024-02-23,4호선,명동,38017,40836,-2819,4,0,15
2024-02-23,4호선,명동,38017,40836,-2819,4,0,16
2024-02-23,4호선,명동,38017,40836,-2819,4,0,17
2024-02-23,4호선,명동,38017,40836,-2819,4,0,18
2024-02-23,4호선,명동,38017,40836,-2819,4,0,19
2024-02-23,4호선,명동,38017,40836,-2819,4,0,20
2024-02-23,4호선,명동,38017,40836,-2819,4,0,21
2024-02-23,4호선,명동,38017,40836,-2819,4,0,22
2024-02-23,4호선,명동,38017,40836,-2819,4,0,23
2024-02-24,4호선,명동,34990,38266,-3276,5,1,00
2024-02-24,4호선,명동,34990,38266,-3276,5,1,01
2024-02-24,4호선,명동,34990,38266,-3276,5,1,02
2024-02-24,4호선,명동,34990,38266,-3276,5,1,03
2024-02-24,4호선,명동,34990,38266,-3276,5,1,04
2024-02-24,4호선,명동,34990,38266,-3276,5,1,05
2024-02-24,4호선,명동,34990,38266,-3276,5,1,06
2024-02-24,4호선,명동,34990,38266,-3276,5,1,07
2024-02-24,4호선,명동,34990,38266,-3276,5,1,08
2024-02-24,4호선,명동,34990,38266,-3276,5,1,09
2024-02-24,4호선,명동,34990,38266,-3276,5,1,10
2024-02-24,4호선,명동,34990,38266,-3276,5,1,11
2024-02-24,4호선,명동,34990,38266,-3276,5,1,12
2024-02-24,4호선,명동,34990,38266,-3276,5,1,13
2024-02-24,4호선,명동,34990,38266,-3276,5,1,14
2024-02-24,4호선,명동,34990,38266,-3276,5,1,15
2024-02-24,4호선,명동,34990,38266,-3276,5,1,16
2024-02-24,4호선,명동,34990,38266,-3276,5,1,17
2024-02-24,4호선,명동,34990,38266,-3276,5,1,18
2024-02-24,4호선,명동,34990,38266,-3276,5,1,19
2024-02-24,4호선,명동,34990,38266,-3276,5,1,20
2024-02-24,4호선,명동,34990,38266,-3276,5,1,21
2024-02-24,4호선,명동,34990,38266,-3276,5,1,22
2024-02-24,4호선,명동,34990,38266,-3276,5,1,23
2024-02-25,4호선,명동,28252,30228,-1976,6,1,00
2024-02-25,4호선,명동,28252,30228,-1976,6,1,01
2024-02-25,4호선,명동,28252,30228,-1976,6,1,02
2024-02-25,4호선,명동,28252,30228,-1976,6,1,03
2024-02-25,4호선,명동,28252,30228,-1976,6,1,04
2024-02-25,4호선,명동,28252,30228,-1976,6,1,05
2024-02-25,4호선,명동,28252,30228,-1976,6,1,06
2024-02-25,4호선,명동,28252,30228,-1976,6,1,07
2024-02-25,4호선,명동,28252,30228,-1976,6,1,08
2024-02-25,4호선,명동,28252,30228,-1976,6,1,09
2024-02-25,4호선,명동,28252,30228,-1976,6,1,10
2024-02-25,4호선,명동,28252,30228,-1976,6,1,11
2024-02-25,4호선,명동,28252,30228,-1976,6,1,12
2024-02-25,4호선,명동,28252,30228,-1976,6,1,13
2024-02-25,4호선,명동,28252,30228,-1976,6,1,14
2024-02-25,4호선,명동,28252,30228,-1976,6,1,15
2024-02-25,4호선,명동,28252,30228,-1976,6,1,16
2024-02-25,4호선,명동,28252,30228,-1976,6,1,17
2024-02-25,4호선,명동,28252,30228,-1976,6,1,18
2024-02-25,4호선,명동,28252,30228,-1976,6,1,19
2024-02-25,4호선,명동,28252,30228,-1976,6,1,20
2024-02-25,4호선,명동,28252,30228,-1976,6,1,21
2024-02-25,4호선,명동,28252,30228,-1976,6,1,22
2024-02-25,4호선,명동,28252,30228,-1976,6,1,23
2024-02-26,4호선,명동,32455,33968,-1513,0,0,00
2024-02-26,4호선,명동,32455,33968,-1513,0,0,01
2024-02-26,4호선,명동,32455,33968,-1513,0,0,02
2024-02-26,4호선,명동,32455,33968,-1513,0,0,03
2024-02-26,4호선,명동,32455,33968,-1513,0,0,04
2024-02-26,4호선,명동,32455,33968,-1513,0,0,05
2024-02-26,4호선,명동,32455,33968,-1513,0,0,06
2024-02-26,4호선,명동,32455,33968,-1513,0,0,07
2024-02-26,4호선,명동,32455,33968,-1513,0,0,08
2024-02-26,4호선,명동,32455,33968,-1513,0,0,09
2024-02-26,4호선,명동,32455,33968,-1513,0,0,10
2024-02-26,4호선,명동,32455,33968,-1513,0,0,11
2024-02-26,4호선,명동,32455,33968,-1513,0,0,12
2024-02-26,4호선,명동,32455,33968,-1513,0,0,13
2024-02-26,4호선,명동,32455,33968,-1513,0,0,14
2024-02-26,4호선,명동,32455,33968,-1513,0,0,15
2024-02-26,4호선,명동,32455,33968,-1513,0,0,16
2024-02-26,4호선,명동,32455,33968,-1513,0,0,17
2024-02-26,4호선,명동,32455,33968,-1513,0,0,18
2024-02-26,4호선,명동,32455,33968,-1513,0,0,19
2024-02-26,4호선,명동,32455,33968,-1513,0,0,20
2024-02-26,4호선,명동,32455,33968,-1513,0,0,21
2024-02-26,4호선,명동,32455,33968,-1513,0,0,22
2024-02-26,4호선,명동,32455,33968,-1513,0,0,23
2024-02-27,4호선,명동,32479,34404,-1925,1,0,00
2024-02-27,4호선,명동,32479,34404,-1925,1,0,01
2024-02-27,4호선,명동,32479,34404,-1925,1,0,02
2024-02-27,4호선,명동,32479,34404,-1925,1,0,03
2024-02-27,4호선,명동,32479,34404,-1925,1,0,04
2024-02-27,4호선,명동,32479,34404,-1925,1,0,05
2024-02-27,4호선,명동,32479,34404,-1925,1,0,06
2024-02-27,4호선,명동,32479,34404,-1925,1,0,07
2024-02-27,4호선,명동,32479,34404,-1925,1,0,08
2024-02-27,4호선,명동,32479,34404,-1925,1,0,09
2024-02-27,4호선,명동,32479,34404,-1925,1,0,10
2024-02-27,4호선,명동,32479,34404,-1925,1,0,11
2024-02-27,4호선,명동,32479,34404,-1925,1,0,12
2024-02-27,4호선,명동,32479,34404,-1925,1,0,13
2024-02-27,4호선,명동,32479,34404,-1925,1,0,14
2024-02-27,4호선,명동,32479,34404,-1925,1,0,15
2024-02-27,4호선,명동,32479,34404,-1925,1,0,16
2024-02-27,4호선,명동,32479,34404,-1925,1,0,17
2024-02-27,4호선,명동,32479,34404,-1925,1,0,18
2024-02-27,4호선,명동,32479,34404,-1925,1,0,19
2024-02-27,4호선,명동,32479,34404,-1925,1,0,20
2024-02-27,4호선,명동,32479,34404,-1925,1,0,21
2024-02-27,4호선,명동,32479,34404,-1925,1,0,22
2024-02-27,4호선,명동,32479,34404,-1925,1,0,23
2024-02-28,4호선,명동,32627,34601,-1974,2,0,00
2024-02-28,4호선,명동,32627,34601,-1974,2,0,01
2024-02-28,4호선,명동,32627,34601,-1974,2,0,02
2024-02-28,4호선,명동,32627,34601,-1974,2,0,03
2024-02-28,4호선,명동,32627,34601,-1974,2,0,04
2024-02-28,4호선,명동,32627,34601,-1974,2,0,05
2024-02-28,4호선,명동,32627,34601,-1974,2,0,06
2024-02-28,4호선,명동,32627,34601,-1974,2,0,07
2024-02-28,4호선,명동,32627,34601,-1974,2,0,08
2024-02-28,4호선,명동,32627,34601,-1974,2,0,09
2024-02-28,4호선,명동,32627,34601,-1974,2,0,10
2024-02-28,4호선,명동,32627,34601,-1974,2,0,11
2024-02-28,4호선,명동,32627,34601,-1974,2,0,12
2024-02-28,4호선,명동,32627,34601,-1974,2,0,13
2024-02-28,4호선,명동,32627,34601,-1974,2,0,14
2024-02-28,4호선,명동,32627,34601,-1974,2,0,15
2024-02-28,4호선,명동,32627,34601,-1974,2,0,16
2024-02-28,4호선,명동,32627,34601,-1974,2,0,17
2024-02-28,4호선,명동,32627,34601,-1974,2,0,18
2024-02-28,4호선,명동,32627,34601,-1974,2,0,19
2024-02-28,4호선,명동,32627,34601,-1974,2,0,20
2024-02-28,4호선,명동,32627,34601,-1974,2,0,21
2024-02-28,4호선,명동,32627,34601,-1974,2,0,22
2024-02-28,4호선,명동,32627,34601,-1974,2,0,23
2024-02-29,4호선,명동,32784,34645,-1861,3,0,00
2024-02-29,4호선,명동,32784,34645,-1861,3,0,01
2024-02-29,4호선,명동,32784,34645,-1861,3,0,02
2024-02-29,4호선,명동,32784,34645,-1861,3,0,03
2024-02-29,4호선,명동,32784,34645,-1861,3,0,04
2024-02-29,4호선,명동,32784,34645,-1861,3,0,05
2024-02-29,4호선,명동,32784,34645,-1861,3,0,06
2024-02-29,4호선,명동,32784,34645,-1861,3,0,07
2024-02-29,4호선,명동,32784,34645,-1861,3,0,08
2024-02-29,4호선,명동,32784,34645,-1861,3,0,09
2024-02-29,4호선,명동,32784,34645,-1861,3,0,10
2024-02-29,4호선,명동,32784,34645,-1861,3,0,11
2024-02-29,4호선,명동,32784,34645,-1861,3,0,12
2024-02-29,4호선,명동,32784,34645,-1861,3,0,13
2024-02-29,4호선,명동,32784,34645,-1861,3,0,14
2024-02-29,4호선,명동,32784,34645,-1861,3,0,15
2024-02-29,4호선,명동,32784,34645,-1861,3,0,16
2024-02-29,4호선,명동,32784,34645,-1861,3,0,17
2024-02-29,4호선,명동,32784,34645,-1861,3,0,18
2024-02-29,4호선,명동,32784,34645,-1861,3,0,19
2024-02-29,4호선,명동,32784,34645,-1861,3,0,20
2024-02-29,4호선,명동,32784,34645,-1861,3,0,21
2024-02-29,4호선,명동,32784,34645,-1861,3,0,22
2024-02-29,4호선,명동,32784,34645,-1861,3,0,23
2024-03-01,4호선,명동,30270,33981,-3711,4,0,00
2024-03-01,4호선,명동,30270,33981,-3711,4,0,01
2024-03-01,4호선,명동,30270,33981,-3711,4,0,02
2024-03-01,4호선,명동,30270,33981,-3711,4,0,03
2024-03-01,4호선,명동,30270,33981,-3711,4,0,04
2024-03-01,4호선,명동,30270,33981,-3711,4,0,05
2024-03-01,4호선,명동,30270,33981,-3711,4,0,06
2024-03-01,4호선,명동,30270,33981,-3711,4,0,07
2024-03-01,4호선,명동,30270,33981,-3711,4,0,08
2024-03-01,4호선,명동,30270,33981,-3711,4,0,09
2024-03-01,4호선,명동,30270,33981,-3711,4,0,10
2024-03-01,4호선,명동,30270,33981,-3711,4,0,11
2024-03-01,4호선,명동,30270,33981,-3711,4,0,12
2024-03-01,4호선,명동,30270,33981,-3711,4,0,13
2024-03-01,4호선,명동,30270,33981,-3711,4,0,14
2024-03-01,4호선,명동,30270,33981,-3711,4,0,15
2024-03-01,4호선,명동,30270,33981,-3711,4,0,16
2024-03-01,4호선,명동,30270,33981,-3711,4,0,17
2024-03-01,4호선,명동,30270,33981,-3711,4,0,18
2024-03-01,4호선,명동,30270,33981,-3711,4,0,19
2024-03-01,4호선,명동,30270,33981,-3711,4,0,20
2024-03-01,4호선,명동,30270,33981,-3711,4,0,21
2024-03-01,4호선,명동,30270,33981,-3711,4,0,22
2024-03-01,4호선,명동,30270,33981,-3711,4,0,23
2024-03-02,4호선,명동,29267,32030,-2763,5,1,00
2024-03-02,4호선,명동,29267,32030,-2763,5,1,01
2024-03-02,4호선,명동,29267,32030,-2763,5,1,02
2024-03-02,4호선,명동,29267,32030,-2763,5,1,03
2024-03-02,4호선,명동,29267,32030,-2763,5,1,04
2024-03-02,4호선,명동,29267,32030,-2763,5,1,05
2024-03-02,4호선,명동,29267,32030,-2763,5,1,06
2024-03-02,4호선,명동,29267,32030,-2763,5,1,07
2024-03-02,4호선,명동,29267,32030,-2763,5,1,08
2024-03-02,4호선,명동,29267,32030,-2763,5,1,09
2024-03-02,4호선,명동,29267,32030,-2763,5,1,10
2024-03-02,4호선,명동,29267,32030,-2763,5,1,11
2024-03-02,4호선,명동,29267,32030,-2763,5,1,12
2024-03-02,4호선,명동,29267,32030,-2763,5,1,13
2024-03-02,4호선,명동,29267,32030,-2763,5,1,14
2024-03-02,4호선,명동,29267,32030,-2763,5,1,15
2024-03-02,4호선,명동,29267,32030,-2763,5,1,16
2024-03-02,4호선,명동,29267,32030,-2763,5,1,17
2024-03-02,4호선,명동,29267,32030,-2763,5,1,18
2024-03-02,4호선,명동,29267,32030,-2763,5,1,19
2024-03-02,4호선,명동,29267,32030,-2763,5,1,20
2024-03-02,4호선,명동,29267,32030,-2763,5,1,21
2024-03-02,4호선,명동,29267,32030,-2763,5,1,22
2024-03-02,4호선,명동,29267,32030,-2763,5,1,23
2024-03-03,4호선,명동,24337,25639,-1302,6,1,00
2024-03-03,4호선,명동,24337,25639,-1302,6,1,01
2024-03-03,4호선,명동,24337,25639,-1302,6,1,02
2024-03-03,4호선,명동,24337,25639,-1302,6,1,03
2024-03-03,4호선,명동,24337,25639,-1302,6,1,04
2024-03-03,4호선,명동,24337,25639,-1302,6,1,05
2024-03-03,4호선,명동,24337,25639,-1302,6,1,06
2024-03-03,4호선,명동,24337,25639,-1302,6,1,07
2024-03-03,4호선,명동,24337,25639,-1302,6,1,08
2024-03-03,4호선,명동,24337,25639,-1302,6,1,09
2024-03-03,4호선,명동,24337,25639,-1302,6,1,10
2024-03-03,4호선,명동,24337,25639,-1302,6,1,11
2024-03-03,4호선,명동,24337,25639,-1302,6,1,12
2024-03-03,4호선,명동,24337,25639,-1302,6,1,13
2024-03-03,4호선,명동,24337,25639,-1302,6,1,14
2024-03-03,4호선,명동,24337,25639,-1302,6,1,15
2024-03-03,4호선,명동,24337,25639,-1302,6,1,16
2024-03-03,4호선,명동,24337,25639,-1302,6,1,17
2024-03-03,4호선,명동,24337,25639,-1302,6,1,18
2024-03-03,4호선,명동,24337,25639,-1302,6,1,19
2024-03-03,4호선,명동,24337,25639,-1302,6,1,20
2024-03-03,4호선,명동,24337,25639,-1302,6,1,21
2024-03-03,4호선,명동,24337,25639,-1302,6,1,22
2024-03-03,4호선,명동,24337,25639,-1302,6,1,23
2024-03-04,4호선,명동,32705,34379,-1674,0,0,00
2024-03-04,4호선,명동,32705,34379,-1674,0,0,01
2024-03-04,4호선,명동,32705,34379,-1674,0,0,02
2024-03-04,4호선,명동,32705,34379,-1674,0,0,03
2024-03-04,4호선,명동,32705,34379,-1674,0,0,04
2024-03-04,4호선,명동,32705,34379,-1674,0,0,05
2024-03-04,4호선,명동,32705,34379,-1674,0,0,06
2024-03-04,4호선,명동,32705,34379,-1674,0,0,07
2024-03-04,4호선,명동,32705,34379,-1674,0,0,08
2024-03-04,4호선,명동,32705,34379,-1674,0,0,09
2024-03-04,4호선,명동,32705,34379,-1674,0,0,10
2024-03-04,4호선,명동,32705,34379,-1674,0,0,11
2024-03-04,4호선,명동,32705,34379,-1674,0,0,12
2024-03-04,4호선,명동,32705,34379,-1674,0,0,13
2024-03-04,4호선,명동,32705,34379,-1674,0,0,14
2024-03-04,4호선,명동,32705,34379,-1674,0,0,15
2024-03-04,4호선,명동,32705,34379,-1674,0,0,16
2024-03-04,4호선,명동,32705,34379,-1674,0,0,17
2024-03-04,4호선,명동,32705,34379,-1674,0,0,18
2024-03-04,4호선,명동,32705,34379,-1674,0,0,19
2024-03-04,4호선,명동,32705,34379,-1674,0,0,20
2024-03-04,4호선,명동,32705,34379,-1674,0,0,21
2024-03-04,4호선,명동,32705,34379,-1674,0,0,22
2024-03-04,4호선,명동,32705,34379,-1674,0,0,23
2024-03-05,4호선,명동,33980,36466,-2486,1,0,00
2024-03-05,4호선,명동,33980,36466,-2486,1,0,01
2024-03-05,4호선,명동,33980,36466,-2486,1,0,02
2024-03-05,4호선,명동,33980,36466,-2486,1,0,03
2024-03-05,4호선,명동,33980,36466,-2486,1,0,04
2024-03-05,4호선,명동,33980,36466,-2486,1,0,05
2024-03-05,4호선,명동,33980,36466,-2486,1,0,06
2024-03-05,4호선,명동,33980,36466,-2486,1,0,07
2024-03-05,4호선,명동,33980,36466,-2486,1,0,08
2024-03-05,4호선,명동,33980,36466,-2486,1,0,09
2024-03-05,4호선,명동,33980,36466,-2486,1,0,10
2024-03-05,4호선,명동,33980,36466,-2486,1,0,11
2024-03-05,4호선,명동,33980,36466,-2486,1,0,12
2024-03-05,4호선,명동,33980,36466,-2486,1,0,13
2024-03-05,4호선,명동,33980,36466,-2486,1,0,14
2024-03-05,4호선,명동,33980,36466,-2486,1,0,15
2024-03-05,4호선,명동,33980,36466,-2486,1,0,16
2024-03-05,4호선,명동,33980,36466,-2486,1,0,17
2024-03-05,4호선,명동,33980,36466,-2486,1,0,18
2024-03-05,4호선,명동,33980,36466,-2486,1,0,19
2024-03-05,4호선,명동,33980,36466,-2486,1,0,20
2024-03-05,4호선,명동,33980,36466,-2486,1,0,21
2024-03-05,4호선,명동,33980,36466,-2486,1,0,22
2024-03-05,4호선,명동,33980,36466,-2486,1,0,23
2024-03-06,4호선,명동,37010,39074,-2064,2,0,00
2024-03-06,4호선,명동,37010,39074,-2064,2,0,01
2024-03-06,4호선,명동,37010,39074,-2064,2,0,02
2024-03-06,4호선,명동,37010,39074,-2064,2,0,03
2024-03-06,4호선,명동,37010,39074,-2064,2,0,04
2024-03-06,4호선,명동,37010,39074,-2064,2,0,05
2024-03-06,4호선,명동,37010,39074,-2064,2,0,06
2024-03-06,4호선,명동,37010,39074,-2064,2,0,07
2024-03-06,4호선,명동,37010,39074,-2064,2,0,08
2024-03-06,4호선,명동,37010,39074,-2064,2,0,09
2024-03-06,4호선,명동,37010,39074,-2064,2,0,10
2024-03-06,4호선,명동,37010,39074,-2064,2,0,11
2024-03-06,4호선,명동,37010,39074,-2064,2,0,12
2024-03-06,4호선,명동,37010,39074,-2064,2,0,13
2024-03-06,4호선,명동,37010,39074,-2064,2,0,14
2024-03-06,4호선,명동,37010,39074,-2064,2,0,15
2024-03-06,4호선,명동,37010,39074,-2064,2,0,16
2024-03-06,4호선,명동,37010,39074,-2064,2,0,17
2024-03-06,4호선,명동,37010,39074,-2064,2,0,18
2024-03-06,4호선,명동,37010,39074,-2064,2,0,19
2024-03-06,4호선,명동,37010,39074,-2064,2,0,20
2024-03-06,4호선,명동,37010,39074,-2064,2,0,21
2024-03-06,4호선,명동,37010,39074,-2064,2,0,22
2024-03-06,4호선,명동,37010,39074,-2064,2,0,23
2024-03-07,4호선,명동,37578,40025,-2447,3,0,00
2024-03-07,4호선,명동,37578,40025,-2447,3,0,01
2024-03-07,4호선,명동,37578,40025,-2447,3,0,02
2024-03-07,4호선,명동,37578,40025,-2447,3,0,03
2024-03-07,4호선,명동,37578,40025,-2447,3,0,04
2024-03-07,4호선,명동,37578,40025,-2447,3,0,05
2024-03-07,4호선,명동,37578,40025,-2447,3,0,06
2024-03-07,4호선,명동,37578,40025,-2447,3,0,07
2024-03-07,4호선,명동,37578,40025,-2447,3,0,08
2024-03-07,4호선,명동,37578,40025,-2447,3,0,09
2024-03-07,4호선,명동,37578,40025,-2447,3,0,10
2024-03-07,4호선,명동,37578,40025,-2447,3,0,11
2024-03-07,4호선,명동,37578,40025,-2447,3,0,12
2024-03-07,4호선,명동,37578,40025,-2447,3,0,13
2024-03-07,4호선,명동,37578,40025,-2447,3,0,14
2024-03-07,4호선,명동,37578,40025,-2447,3,0,15
2024-03-07,4호선,명동,37578,40025,-2447,3,0,16
2024-03-07,4호선,명동,37578,40025,-2447,3,0,17
2024-03-07,4호선,명동,37578,40025,-2447,3,0,18
2024-03-07,4호선,명동,37578,40025,-2447,3,0,19
2024-03-07,4호선,명동,37578,40025,-2447,3,0,20
2024-03-07,4호선,명동,37578,40025,-2447,3,0,21
2024-03-07,4호선,명동,37578,40025,-2447,3,0,22
2024-03-07,4호선,명동,37578,40025,-2447,3,0,23
2024-03-08,4호선,명동,39325,41075,-1750,4,0,00
2024-03-08,4호선,명동,39325,41075,-1750,4,0,01
2024-03-08,4호선,명동,39325,41075,-1750,4,0,02
2024-03-08,4호선,명동,39325,41075,-1750,4,0,03
2024-03-08,4호선,명동,39325,41075,-1750,4,0,04
2024-03-08,4호선,명동,39325,41075,-1750,4,0,05
2024-03-08,4호선,명동,39325,41075,-1750,4,0,06
2024-03-08,4호선,명동,39325,41075,-1750,4,0,07
2024-03-08,4호선,명동,39325,41075,-1750,4,0,08
2024-03-08,4호선,명동,39325,41075,-1750,4,0,09
2024-03-08,4호선,명동,39325,41075,-1750,4,0,10
2024-03-08,4호선,명동,39325,41075,-1750,4,0,11
2024-03-08,4호선,명동,39325,41075,-1750,4,0,12
2024-03-08,4호선,명동,39325,41075,-1750,4,0,13
2024-03-08,4호선,명동,39325,41075,-1750,4,0,14
2024-03-08,4호선,명동,39325,41075,-1750,4,0,15
2024-03-08,4호선,명동,39325,41075,-1750,4,0,16
2024-03-08,4호선,명동,39325,41075,-1750,4,0,17
2024-03-08,4호선,명동,39325,41075,-1750,4,0,18
2024-03-08,4호선,명동,39325,41075,-1750,4,0,19
2024-03-08,4호선,명동,39325,41075,-1750,4,0,20
2024-03-08,4호선,명동,39325,41075,-1750,4,0,21
2024-03-08,4호선,명동,39325,41075,-1750,4,0,22
2024-03-08,4호선,명동,39325,41075,-1750,4,0,23
2024-03-09,4호선,명동,33041,37058,-4017,5,1,00
2024-03-09,4호선,명동,33041,37058,-4017,5,1,01
2024-03-09,4호선,명동,33041,37058,-4017,5,1,02
2024-03-09,4호선,명동,33041,37058,-4017,5,1,03
2024-03-09,4호선,명동,33041,37058,-4017,5,1,04
2024-03-09,4호선,명동,33041,37058,-4017,5,1,05
2024-03-09,4호선,명동,33041,37058,-4017,5,1,06
2024-03-09,4호선,명동,33041,37058,-4017,5,1,07
2024-03-09,4호선,명동,33041,37058,-4017,5,1,08
2024-03-09,4호선,명동,33041,37058,-4017,5,1,09
2024-03-09,4호선,명동,33041,37058,-4017,5,1,10
2024-03-09,4호선,명동,33041,37058,-4017,5,1,11
2024-03-09,4호선,명동,33041,37058,-4017,5,1,12
2024-03-09,4호선,명동,33041,37058,-4017,5,1,13
2024-03-09,4호선,명동,33041,37058,-4017,5,1,14
2024-03-09,4호선,명동,33041,37058,-4017,5,1,15
2024-03-09,4호선,명동,33041,37058,-4017,5,1,16
2024-03-09,4호선,명동,33041,37058,-4017,5,1,17
2024-03-09,4호선,명동,33041,37058,-4017,5,1,18
2024-03-09,4호선,명동,33041,37058,-4017,5,1,19
2024-03-09,4호선,명동,33041,37058,-4017,5,1,20
2024-03-09,4호선,명동,33041,37058,-4017,5,1,21
2024-03-09,4호선,명동,33041,37058,-4017,5,1,22
2024-03-09,4호선,명동,33041,37058,-4017,5,1,23
2024-03-10,4호선,명동,28932,31288,-2356,6,1,00
2024-03-10,4호선,명동,28932,31288,-2356,6,1,01
2024-03-10,4호선,명동,28932,31288,-2356,6,1,02
2024-03-10,4호선,명동,28932,31288,-2356,6,1,03
2024-03-10,4호선,명동,28932,31288,-2356,6,1,04
2024-03-10,4호선,명동,28932,31288,-2356,6,1,05
2024-03-10,4호선,명동,28932,31288,-2356,6,1,06
2024-03-10,4호선,명동,28932,31288,-2356,6,1,07
2024-03-10,4호선,명동,28932,31288,-2356,6,1,08
2024-03-10,4호선,명동,28932,31288,-2356,6,1,09
2024-03-10,4호선,명동,28932,31288,-2356,6,1,10
2024-03-10,4호선,명동,28932,31288,-2356,6,1,11
2024-03-10,4호선,명동,28932,31288,-2356,6,1,12
2024-03-10,4호선,명동,28932,31288,-2356,6,1,13
2024-03-10,4호선,명동,28932,31288,-2356,6,1,14
2024-03-10,4호선,명동,28932,31288,-2356,6,1,15
2024-03-10,4호선,명동,28932,31288,-2356,6,1,16
2024-03-10,4호선,명동,28932,31288,-2356,6,1,17
2024-03-10,4호선,명동,28932,31288,-2356,6,1,18
2024-03-10,4호선,명동,28932,31288,-2356,6,1,19
2024-03-10,4호선,명동,28932,31288,-2356,6,1,20
2024-03-10,4호선,명동,28932,31288,-2356,6,1,21
2024-03-10,4호선,명동,28932,31288,-2356,6,1,22
2024-03-10,4호선,명동,28932,31288,-2356,6,1,23
2024-03-11,4호선,명동,36155,37780,-1625,0,0,00
2024-03-11,4호선,명동,36155,37780,-1625,0,0,01
2024-03-11,4호선,명동,36155,37780,-1625,0,0,02
2024-03-11,4호선,명동,36155,37780,-1625,0,0,03
2024-03-11,4호선,명동,36155,37780,-1625,0,0,04
2024-03-11,4호선,명동,36155,37780,-1625,0,0,05
2024-03-11,4호선,명동,36155,37780,-1625,0,0,06
2024-03-11,4호선,명동,36155,37780,-1625,0,0,07
2024-03-11,4호선,명동,36155,37780,-1625,0,0,08
2024-03-11,4호선,명동,36155,37780,-1625,0,0,09
2024-03-11,4호선,명동,36155,37780,-1625,0,0,10
2024-03-11,4호선,명동,36155,37780,-1625,0,0,11
2024-03-11,4호선,명동,36155,37780,-1625,0,0,12
2024-03-11,4호선,명동,36155,37780,-1625,0,0,13
2024-03-11,4호선,명동,36155,37780,-1625,0,0,14
2024-03-11,4호선,명동,36155,37780,-1625,0,0,15
2024-03-11,4호선,명동,36155,37780,-1625,0,0,16
2024-03-11,4호선,명동,36155,37780,-1625,0,0,17
2024-03-11,4호선,명동,36155,37780,-1625,0,0,18
2024-03-11,4호선,명동,36155,37780,-1625,0,0,19
2024-03-11,4호선,명동,36155,37780,-1625,0,0,20
2024-03-11,4호선,명동,36155,37780,-1625,0,0,21
2024-03-11,4호선,명동,36155,37780,-1625,0,0,22
2024-03-11,4호선,명동,36155,37780,-1625,0,0,23
2024-03-12,4호선,명동,36561,39262,-2701,1,0,00
2024-03-12,4호선,명동,36561,39262,-2701,1,0,01
2024-03-12,4호선,명동,36561,39262,-2701,1,0,02
2024-03-12,4호선,명동,36561,39262,-2701,1,0,03
2024-03-12,4호선,명동,36561,39262,-2701,1,0,04
2024-03-12,4호선,명동,36561,39262,-2701,1,0,05
2024-03-12,4호선,명동,36561,39262,-2701,1,0,06
2024-03-12,4호선,명동,36561,39262,-2701,1,0,07
2024-03-12,4호선,명동,36561,39262,-2701,1,0,08
2024-03-12,4호선,명동,36561,39262,-2701,1,0,09
2024-03-12,4호선,명동,36561,39262,-2701,1,0,10
2024-03-12,4호선,명동,36561,39262,-2701,1,0,11
2024-03-12,4호선,명동,36561,39262,-2701,1,0,12
2024-03-12,4호선,명동,36561,39262,-2701,1,0,13
2024-03-12,4호선,명동,36561,39262,-2701,1,0,14
2024-03-12,4호선,명동,36561,39262,-2701,1,0,15
2024-03-12,4호선,명동,36561,39262,-2701,1,0,16
2024-03-12,4호선,명동,36561,39262,-2701,1,0,17
2024-03-12,4호선,명동,36561,39262,-2701,1,0,18
2024-03-12,4호선,명동,36561,39262,-2701,1,0,19
2024-03-12,4호선,명동,36561,39262,-2701,1,0,20
2024-03-12,4호선,명동,36561,39262,-2701,1,0,21
2024-03-12,4호선,명동,36561,39262,-2701,1,0,22
2024-03-12,4호선,명동,36561,39262,-2701,1,0,23
2024-03-13,4호선,명동,38987,41430,-2443,2,0,00
2024-03-13,4호선,명동,38987,41430,-2443,2,0,01
2024-03-13,4호선,명동,38987,41430,-2443,2,0,02
2024-03-13,4호선,명동,38987,41430,-2443,2,0,03
2024-03-13,4호선,명동,38987,41430,-2443,2,0,04
2024-03-13,4호선,명동,38987,41430,-2443,2,0,05
2024-03-13,4호선,명동,38987,41430,-2443,2,0,06
2024-03-13,4호선,명동,38987,41430,-2443,2,0,07
2024-03-13,4호선,명동,38987,41430,-2443,2,0,08
2024-03-13,4호선,명동,38987,41430,-2443,2,0,09
2024-03-13,4호선,명동,38987,41430,-2443,2,0,10
2024-03-13,4호선,명동,38987,41430,-2443,2,0,11
2024-03-13,4호선,명동,38987,41430,-2443,2,0,12
2024-03-13,4호선,명동,38987,41430,-2443,2,0,13
2024-03-13,4호선,명동,38987,41430,-2443,2,0,14
2024-03-13,4호선,명동,38987,41430,-2443,2,0,15
2024-03-13,4호선,명동,38987,41430,-2443,2,0,16
2024-03-13,4호선,명동,38987,41430,-2443,2,0,17
2024-03-13,4호선,명동,38987,41430,-2443,2,0,18
2024-03-13,4호선,명동,38987,41430,-2443,2,0,19
2024-03-13,4호선,명동,38987,41430,-2443,2,0,20
2024-03-13,4호선,명동,38987,41430,-2443,2,0,21
2024-03-13,4호선,명동,38987,41430,-2443,2,0,22
2024-03-13,4호선,명동,38987,41430,-2443,2,0,23
2024-03-14,4호선,명동,37967,40507,-2540,3,0,00
2024-03-14,4호선,명동,37967,40507,-2540,3,0,01
2024-03-14,4호선,명동,37967,40507,-2540,3,0,02
2024-03-14,4호선,명동,37967,40507,-2540,3,0,03
2024-03-14,4호선,명동,37967,40507,-2540,3,0,04
2024-03-14,4호선,명동,37967,40507,-2540,3,0,05
2024-03-14,4호선,명동,37967,40507,-2540,3,0,06
2024-03-14,4호선,명동,37967,40507,-2540,3,0,07
2024-03-14,4호선,명동,37967,40507,-2540,3,0,08
2024-03-14,4호선,명동,37967,40507,-2540,3,0,09
2024-03-14,4호선,명동,37967,40507,-2540,3,0,10
2024-03-14,4호선,명동,37967,40507,-2540,3,0,11
2024-03-14,4호선,명동,37967,40507,-2540,3,0,12
2024-03-14,4호선,명동,37967,40507,-2540,3,0,13
2024-03-14,4호선,명동,37967,40507,-2540,3,0,14
2024-03-14,4호선,명동,37967,40507,-2540,3,0,15
2024-03-14,4호선,명동,37967,40507,-2540,3,0,16
2024-03-14,4호선,명동,37967,40507,-2540,3,0,17
2024-03-14,4호선,명동,37967,40507,-2540,3,0,18
2024-03-14,4호선,명동,37967,40507,-2540,3,0,19
2024-03-14,4호선,명동,37967,40507,-2540,3,0,20
2024-03-14,4호선,명동,37967,40507,-2540,3,0,21
2024-03-14,4호선,명동,37967,40507,-2540,3,0,22
2024-03-14,4호선,명동,37967,40507,-2540,3,0,23
2024-03-15,4호선,명동,39557,42110,-2553,4,0,00
2024-03-15,4호선,명동,39557,42110,-2553,4,0,01
2024-03-15,4호선,명동,39557,42110,-2553,4,0,02
2024-03-15,4호선,명동,39557,42110,-2553,4,0,03
2024-03-15,4호선,명동,39557,42110,-2553,4,0,04
2024-03-15,4호선,명동,39557,42110,-2553,4,0,05
2024-03-15,4호선,명동,39557,42110,-2553,4,0,06
2024-03-15,4호선,명동,39557,42110,-2553,4,0,07
2024-03-15,4호선,명동,39557,42110,-2553,4,0,08
2024-03-15,4호선,명동,39557,42110,-2553,4,0,09
2024-03-15,4호선,명동,39557,42110,-2553,4,0,10
2024-03-15,4호선,명동,39557,42110,-2553,4,0,11
2024-03-15,4호선,명동,39557,42110,-2553,4,0,12
2024-03-15,4호선,명동,39557,42110,-2553,4,0,13
2024-03-15,4호선,명동,39557,42110,-2553,4,0,14
2024-03-15,4호선,명동,39557,42110,-2553,4,0,15
2024-03-15,4호선,명동,39557,42110,-2553,4,0,16
2024-03-15,4호선,명동,39557,42110,-2553,4,0,17
2024-03-15,4호선,명동,39557,42110,-2553,4,0,18
2024-03-15,4호선,명동,39557,42110,-2553,4,0,19
2024-03-15,4호선,명동,39557,42110,-2553,4,0,20
2024-03-15,4호선,명동,39557,42110,-2553,4,0,21
2024-03-15,4호선,명동,39557,42110,-2553,4,0,22
2024-03-15,4호선,명동,39557,42110,-2553,4,0,23
2024-03-16,4호선,명동,35170,39903,-4733,5,1,00
2024-03-16,4호선,명동,35170,39903,-4733,5,1,01
2024-03-16,4호선,명동,35170,39903,-4733,5,1,02
2024-03-16,4호선,명동,35170,39903,-4733,5,1,03
2024-03-16,4호선,명동,35170,39903,-4733,5,1,04
2024-03-16,4호선,명동,35170,39903,-4733,5,1,05
2024-03-16,4호선,명동,35170,39903,-4733,5,1,06
2024-03-16,4호선,명동,35170,39903,-4733,5,1,07
2024-03-16,4호선,명동,35170,39903,-4733,5,1,08
2024-03-16,4호선,명동,35170,39903,-4733,5,1,09
2024-03-16,4호선,명동,35170,39903,-4733,5,1,10
2024-03-16,4호선,명동,35170,39903,-4733,5,1,11
2024-03-16,4호선,명동,35170,39903,-4733,5,1,12
2024-03-16,4호선,명동,35170,39903,-4733,5,1,13
2024-03-16,4호선,명동,35170,39903,-4733,5,1,14
2024-03-16,4호선,명동,35170,39903,-4733,5,1,15
2024-03-16,4호선,명동,35170,39903,-4733,5,1,16
2024-03-16,4호선,명동,35170,39903,-4733,5,1,17
2024-03-16,4호선,명동,35170,39903,-4733,5,1,18
2024-03-16,4호선,명동,35170,39903,-4733,5,1,19
2024-03-16,4호선,명동,35170,39903,-4733,5,1,20
2024-03-16,4호선,명동,35170,39903,-4733,5,1,21
2024-03-16,4호선,명동,35170,39903,-4733,5,1,22
2024-03-16,4호선,명동,35170,39903,-4733,5,1,23
2024-03-17,4호선,명동,31198,33819,-2621,6,1,00
2024-03-17,4호선,명동,31198,33819,-2621,6,1,01
2024-03-17,4호선,명동,31198,33819,-2621,6,1,02
2024-03-17,4호선,명동,31198,33819,-2621,6,1,03
2024-03-17,4호선,명동,31198,33819,-2621,6,1,04
2024-03-17,4호선,명동,31198,33819,-2621,6,1,05
2024-03-17,4호선,명동,31198,33819,-2621,6,1,06
2024-03-17,4호선,명동,31198,33819,-2621,6,1,07
2024-03-17,4호선,명동,31198,33819,-2621,6,1,08
2024-03-17,4호선,명동,31198,33819,-2621,6,1,09
2024-03-17,4호선,명동,31198,33819,-2621,6,1,10
2024-03-17,4호선,명동,31198,33819,-2621,6,1,11
2024-03-17,4호선,명동,31198,33819,-2621,6,1,12
2024-03-17,4호선,명동,31198,33819,-2621,6,1,13
2024-03-17,4호선,명동,31198,33819,-2621,6,1,14
2024-03-17,4호선,명동,31198,33819,-2621,6,1,15
2024-03-17,4호선,명동,31198,33819,-2621,6,1,16
2024-03-17,4호선,명동,31198,33819,-2621,6,1,17
2024-03-17,4호선,명동,31198,33819,-2621,6,1,18
2024-03-17,4호선,명동,31198,33819,-2621,6,1,19
2024-03-17,4호선,명동,31198,33819,-2621,6,1,20
2024-03-17,4호선,명동,31198,33819,-2621,6,1,21
2024-03-17,4호선,명동,31198,33819,-2621,6,1,22
2024-03-17,4호선,명동,31198,33819,-2621,6,1,23
2024-03-18,4호선,명동,38398,40146,-1748,0,0,00
2024-03-18,4호선,명동,38398,40146,-1748,0,0,01
2024-03-18,4호선,명동,38398,40146,-1748,0,0,02
2024-03-18,4호선,명동,38398,40146,-1748,0,0,03
2024-03-18,4호선,명동,38398,40146,-1748,0,0,04
2024-03-18,4호선,명동,38398,40146,-1748,0,0,05
2024-03-18,4호선,명동,38398,40146,-1748,0,0,06
2024-03-18,4호선,명동,38398,40146,-1748,0,0,07
2024-03-18,4호선,명동,38398,40146,-1748,0,0,08
2024-03-18,4호선,명동,38398,40146,-1748,0,0,09
2024-03-18,4호선,명동,38398,40146,-1748,0,0,10
2024-03-18,4호선,명동,38398,40146,-1748,0,0,11
2024-03-18,4호선,명동,38398,40146,-1748,0,0,12
2024-03-18,4호선,명동,38398,40146,-1748,0,0,13
2024-03-18,4호선,명동,38398,40146,-1748,0,0,14
2024-03-18,4호선,명동,38398,40146,-1748,0,0,15
2024-03-18,4호선,명동,38398,40146,-1748,0,0,16
2024-03-18,4호선,명동,38398,40146,-1748,0,0,17
2024-03-18,4호선,명동,38398,40146,-1748,0,0,18
2024-03-18,4호선,명동,38398,40146,-1748,0,0,19
2024-03-18,4호선,명동,38398,40146,-1748,0,0,20
2024-03-18,4호선,명동,38398,40146,-1748,0,0,21
2024-03-18,4호선,명동,38398,40146,-1748,0,0,22
2024-03-18,4호선,명동,38398,40146,-1748,0,0,23
2024-03-19,4호선,명동,37692,40006,-2314,1,0,00
2024-03-19,4호선,명동,37692,40006,-2314,1,0,01
2024-03-19,4호선,명동,37692,40006,-2314,1,0,02
2024-03-19,4호선,명동,37692,40006,-2314,1,0,03
2024-03-19,4호선,명동,37692,40006,-2314,1,0,04
2024-03-19,4호선,명동,37692,40006,-2314,1,0,05
2024-03-19,4호선,명동,37692,40006,-2314,1,0,06
2024-03-19,4호선,명동,37692,40006,-2314,1,0,07
2024-03-19,4호선,명동,37692,40006,-2314,1,0,08
2024-03-19,4호선,명동,37692,40006,-2314,1,0,09
2024-03-19,4호선,명동,37692,40006,-2314,1,0,10
2024-03-19,4호선,명동,37692,40006,-2314,1,0,11
2024-03-19,4호선,명동,37692,40006,-2314,1,0,12
2024-03-19,4호선,명동,37692,40006,-2314,1,0,13
2024-03-19,4호선,명동,37692,40006,-2314,1,0,14
2024-03-19,4호선,명동,37692,40006,-2314,1,0,15
2024-03-19,4호선,명동,37692,40006,-2314,1,0,16
2024-03-19,4호선,명동,37692,40006,-2314,1,0,17
2024-03-19,4호선,명동,37692,40006,-2314,1,0,18
2024-03-19,4호선,명동,37692,40006,-2314,1,0,19
2024-03-19,4호선,명동,37692,40006,-2314,1,0,20
2024-03-19,4호선,명동,37692,40006,-2314,1,0,21
2024-03-19,4호선,명동,37692,40006,-2314,1,0,22
2024-03-19,4호선,명동,37692,40006,-2314,1,0,23
2024-03-20,4호선,명동,38688,40925,-2237,2,0,00
2024-03-20,4호선,명동,38688,40925,-2237,2,0,01
2024-03-20,4호선,명동,38688,40925,-2237,2,0,02
2024-03-20,4호선,명동,38688,40925,-2237,2,0,03
2024-03-20,4호선,명동,38688,40925,-2237,2,0,04
2024-03-20,4호선,명동,38688,40925,-2237,2,0,05
2024-03-20,4호선,명동,38688,40925,-2237,2,0,06
2024-03-20,4호선,명동,38688,40925,-2237,2,0,07
2024-03-20,4호선,명동,38688,40925,-2237,2,0,08
2024-03-20,4호선,명동,38688,40925,-2237,2,0,09
2024-03-20,4호선,명동,38688,40925,-2237,2,0,10
2024-03-20,4호선,명동,38688,40925,-2237,2,0,11
2024-03-20,4호선,명동,38688,40925,-2237,2,0,12
2024-03-20,4호선,명동,38688,40925,-2237,2,0,13
2024-03-20,4호선,명동,38688,40925,-2237,2,0,14
2024-03-20,4호선,명동,38688,40925,-2237,2,0,15
2024-03-20,4호선,명동,38688,40925,-2237,2,0,16
2024-03-20,4호선,명동,38688,40925,-2237,2,0,17
2024-03-20,4호선,명동,38688,40925,-2237,2,0,18
2024-03-20,4호선,명동,38688,40925,-2237,2,0,19
2024-03-20,4호선,명동,38688,40925,-2237,2,0,20
2024-03-20,4호선,명동,38688,40925,-2237,2,0,21
2024-03-20,4호선,명동,38688,40925,-2237,2,0,22
2024-03-20,4호선,명동,38688,40925,-2237,2,0,23
2024-03-21,4호선,명동,38329,40680,-2351,3,0,00
2024-03-21,4호선,명동,38329,40680,-2351,3,0,01
2024-03-21,4호선,명동,38329,40680,-2351,3,0,02
2024-03-21,4호선,명동,38329,40680,-2351,3,0,03
2024-03-21,4호선,명동,38329,40680,-2351,3,0,04
2024-03-21,4호선,명동,38329,40680,-2351,3,0,05
2024-03-21,4호선,명동,38329,40680,-2351,3,0,06
2024-03-21,4호선,명동,38329,40680,-2351,3,0,07
2024-03-21,4호선,명동,38329,40680,-2351,3,0,08
2024-03-21,4호선,명동,38329,40680,-2351,3,0,09
2024-03-21,4호선,명동,38329,40680,-2351,3,0,10
2024-03-21,4호선,명동,38329,40680,-2351,3,0,11
2024-03-21,4호선,명동,38329,40680,-2351,3,0,12
2024-03-21,4호선,명동,38329,40680,-2351,3,0,13
2024-03-21,4호선,명동,38329,40680,-2351,3,0,14
2024-03-21,4호선,명동,38329,40680,-2351,3,0,15
2024-03-21,4호선,명동,38329,40680,-2351,3,0,16
2024-03-21,4호선,명동,38329,40680,-2351,3,0,17
2024-03-21,4호선,명동,38329,40680,-2351,3,0,18
2024-03-21,4호선,명동,38329,40680,-2351,3,0,19
2024-03-21,4호선,명동,38329,40680,-2351,3,0,20
2024-03-21,4호선,명동,38329,40680,-2351,3,0,21
2024-03-21,4호선,명동,38329,40680,-2351,3,0,22
2024-03-21,4호선,명동,38329,40680,-2351,3,0,23
2024-03-22,4호선,명동,37940,40954,-3014,4,0,00
2024-03-22,4호선,명동,37940,40954,-3014,4,0,01
2024-03-22,4호선,명동,37940,40954,-3014,4,0,02
2024-03-22,4호선,명동,37940,40954,-3014,4,0,03
2024-03-22,4호선,명동,37940,40954,-3014,4,0,04
2024-03-22,4호선,명동,37940,40954,-3014,4,0,05
2024-03-22,4호선,명동,37940,40954,-3014,4,0,06
2024-03-22,4호선,명동,37940,40954,-3014,4,0,07
2024-03-22,4호선,명동,37940,40954,-3014,4,0,08
2024-03-22,4호선,명동,37940,40954,-3014,4,0,09
2024-03-22,4호선,명동,37940,40954,-3014,4,0,10
2024-03-22,4호선,명동,37940,40954,-3014,4,0,11
2024-03-22,4호선,명동,37940,40954,-3014,4,0,12
2024-03-22,4호선,명동,37940,40954,-3014,4,0,13
2024-03-22,4호선,명동,37940,40954,-3014,4,0,14
2024-03-22,4호선,명동,37940,40954,-3014,4,0,15
2024-03-22,4호선,명동,37940,40954,-3014,4,0,16
2024-03-22,4호선,명동,37940,40954,-3014,4,0,17
2024-03-22,4호선,명동,37940,40954,-3014,4,0,18
2024-03-22,4호선,명동,37940,40954,-3014,4,0,19
2024-03-22,4호선,명동,37940,40954,-3014,4,0,20
2024-03-22,4호선,명동,37940,40954,-3014,4,0,21
2024-03-22,4호선,명동,37940,40954,-3014,4,0,22
2024-03-22,4호선,명동,37940,40954,-3014,4,0,23
2024-03-23,4호선,명동,35373,40487,-5114,5,1,00
2024-03-23,4호선,명동,35373,40487,-5114,5,1,01
2024-03-23,4호선,명동,35373,40487,-5114,5,1,02
2024-03-23,4호선,명동,35373,40487,-5114,5,1,03
2024-03-23,4호선,명동,35373,40487,-5114,5,1,04
2024-03-23,4호선,명동,35373,40487,-5114,5,1,05
2024-03-23,4호선,명동,35373,40487,-5114,5,1,06
2024-03-23,4호선,명동,35373,40487,-5114,5,1,07
2024-03-23,4호선,명동,35373,40487,-5114,5,1,08
2024-03-23,4호선,명동,35373,40487,-5114,5,1,09
2024-03-23,4호선,명동,35373,40487,-5114,5,1,10
2024-03-23,4호선,명동,35373,40487,-5114,5,1,11
2024-03-23,4호선,명동,35373,40487,-5114,5,1,12
2024-03-23,4호선,명동,35373,40487,-5114,5,1,13
2024-03-23,4호선,명동,35373,40487,-5114,5,1,14
2024-03-23,4호선,명동,35373,40487,-5114,5,1,15
2024-03-23,4호선,명동,35373,40487,-5114,5,1,16
2024-03-23,4호선,명동,35373,40487,-5114,5,1,17
2024-03-23,4호선,명동,35373,40487,-5114,5,1,18
2024-03-23,4호선,명동,35373,40487,-5114,5,1,19
2024-03-23,4호선,명동,35373,40487,-5114,5,1,20
2024-03-23,4호선,명동,35373,40487,-5114,5,1,21
2024-03-23,4호선,명동,35373,40487,-5114,5,1,22
2024-03-23,4호선,명동,35373,40487,-5114,5,1,23
2024-03-24,4호선,명동,31568,34843,-3275,6,1,00
2024-03-24,4호선,명동,31568,34843,-3275,6,1,01
2024-03-24,4호선,명동,31568,34843,-3275,6,1,02
2024-03-24,4호선,명동,31568,34843,-3275,6,1,03
2024-03-24,4호선,명동,31568,34843,-3275,6,1,04
2024-03-24,4호선,명동,31568,34843,-3275,6,1,05
2024-03-24,4호선,명동,31568,34843,-3275,6,1,06
2024-03-24,4호선,명동,31568,34843,-3275,6,1,07
2024-03-24,4호선,명동,31568,34843,-3275,6,1,08
2024-03-24,4호선,명동,31568,34843,-3275,6,1,09
2024-03-24,4호선,명동,31568,34843,-3275,6,1,10
2024-03-24,4호선,명동,31568,34843,-3275,6,1,11
2024-03-24,4호선,명동,31568,34843,-3275,6,1,12
2024-03-24,4호선,명동,31568,34843,-3275,6,1,13
2024-03-24,4호선,명동,31568,34843,-3275,6,1,14
2024-03-24,4호선,명동,31568,34843,-3275,6,1,15
2024-03-24,4호선,명동,31568,34843,-3275,6,1,16
2024-03-24,4호선,명동,31568,34843,-3275,6,1,17
2024-03-24,4호선,명동,31568,34843,-3275,6,1,18
2024-03-24,4호선,명동,31568,34843,-3275,6,1,19
2024-03-24,4호선,명동,31568,34843,-3275,6,1,20
2024-03-24,4호선,명동,31568,34843,-3275,6,1,21
2024-03-24,4호선,명동,31568,34843,-3275,6,1,22
2024-03-24,4호선,명동,31568,34843,-3275,6,1,23
2024-03-25,4호선,명동,37781,39949,-2168,0,0,00
2024-03-25,4호선,명동,37781,39949,-2168,0,0,01
2024-03-25,4호선,명동,37781,39949,-2168,0,0,02
2024-03-25,4호선,명동,37781,39949,-2168,0,0,03
2024-03-25,4호선,명동,37781,39949,-2168,0,0,04
2024-03-25,4호선,명동,37781,39949,-2168,0,0,05
2024-03-25,4호선,명동,37781,39949,-2168,0,0,06
2024-03-25,4호선,명동,37781,39949,-2168,0,0,07
2024-03-25,4호선,명동,37781,39949,-2168,0,0,08
2024-03-25,4호선,명동,37781,39949,-2168,0,0,09
2024-03-25,4호선,명동,37781,39949,-2168,0,0,10
2024-03-25,4호선,명동,37781,39949,-2168,0,0,11
2024-03-25,4호선,명동,37781,39949,-2168,0,0,12
2024-03-25,4호선,명동,37781,39949,-2168,0,0,13
2024-03-25,4호선,명동,37781,39949,-2168,0,0,14
2024-03-25,4호선,명동,37781,39949,-2168,0,0,15
2024-03-25,4호선,명동,37781,39949,-2168,0,0,16
2024-03-25,4호선,명동,37781,39949,-2168,0,0,17
2024-03-25,4호선,명동,37781,39949,-2168,0,0,18
2024-03-25,4호선,명동,37781,39949,-2168,0,0,19
2024-03-25,4호선,명동,37781,39949,-2168,0,0,20
2024-03-25,4호선,명동,37781,39949,-2168,0,0,21
2024-03-25,4호선,명동,37781,39949,-2168,0,0,22
2024-03-25,4호선,명동,37781,39949,-2168,0,0,23
2024-03-26,4호선,명동,39811,42099,-2288,1,0,00
2024-03-26,4호선,명동,39811,42099,-2288,1,0,01
2024-03-26,4호선,명동,39811,42099,-2288,1,0,02
2024-03-26,4호선,명동,39811,42099,-2288,1,0,03
2024-03-26,4호선,명동,39811,42099,-2288,1,0,04
2024-03-26,4호선,명동,39811,42099,-2288,1,0,05
2024-03-26,4호선,명동,39811,42099,-2288,1,0,06
2024-03-26,4호선,명동,39811,42099,-2288,1,0,07
2024-03-26,4호선,명동,39811,42099,-2288,1,0,08
2024-03-26,4호선,명동,39811,42099,-2288,1,0,09
2024-03-26,4호선,명동,39811,42099,-2288,1,0,10
2024-03-26,4호선,명동,39811,42099,-2288,1,0,11
2024-03-26,4호선,명동,39811,42099,-2288,1,0,12
2024-03-26,4호선,명동,39811,42099,-2288,1,0,13
2024-03-26,4호선,명동,39811,42099,-2288,1,0,14
2024-03-26,4호선,명동,39811,42099,-2288,1,0,15
2024-03-26,4호선,명동,39811,42099,-2288,1,0,16
2024-03-26,4호선,명동,39811,42099,-2288,1,0,17
2024-03-26,4호선,명동,39811,42099,-2288,1,0,18
2024-03-26,4호선,명동,39811,42099,-2288,1,0,19
2024-03-26,4호선,명동,39811,42099,-2288,1,0,20
2024-03-26,4호선,명동,39811,42099,-2288,1,0,21
2024-03-26,4호선,명동,39811,42099,-2288,1,0,22
2024-03-26,4호선,명동,39811,42099,-2288,1,0,23
2024-03-27,4호선,명동,41375,44047,-2672,2,0,00
2024-03-27,4호선,명동,41375,44047,-2672,2,0,01
2024-03-27,4호선,명동,41375,44047,-2672,2,0,02
2024-03-27,4호선,명동,41375,44047,-2672,2,0,03
2024-03-27,4호선,명동,41375,44047,-2672,2,0,04
2024-03-27,4호선,명동,41375,44047,-2672,2,0,05
2024-03-27,4호선,명동,41375,44047,-2672,2,0,06
2024-03-27,4호선,명동,41375,44047,-2672,2,0,07
2024-03-27,4호선,명동,41375,44047,-2672,2,0,08
2024-03-27,4호선,명동,41375,44047,-2672,2,0,09
2024-03-27,4호선,명동,41375,44047,-2672,2,0,10
2024-03-27,4호선,명동,41375,44047,-2672,2,0,11
2024-03-27,4호선,명동,41375,44047,-2672,2,0,12
2024-03-27,4호선,명동,41375,44047,-2672,2,0,13
2024-03-27,4호선,명동,41375,44047,-2672,2,0,14
2024-03-27,4호선,명동,41375,44047,-2672,2,0,15
2024-03-27,4호선,명동,41375,44047,-2672,2,0,16
2024-03-27,4호선,명동,41375,44047,-2672,2,0,17
2024-03-27,4호선,명동,41375,44047,-2672,2,0,18
2024-03-27,4호선,명동,41375,44047,-2672,2,0,19
2024-03-27,4호선,명동,41375,44047,-2672,2,0,20
2024-03-27,4호선,명동,41375,44047,-2672,2,0,21
2024-03-27,4호선,명동,41375,44047,-2672,2,0,22
2024-03-27,4호선,명동,41375,44047,-2672,2,0,23
2024-03-28,4호선,명동,43101,47540,-4439,3,0,00
2024-03-28,4호선,명동,43101,47540,-4439,3,0,01
2024-03-28,4호선,명동,43101,47540,-4439,3,0,02
2024-03-28,4호선,명동,43101,47540,-4439,3,0,03
2024-03-28,4호선,명동,43101,47540,-4439,3,0,04
2024-03-28,4호선,명동,43101,47540,-4439,3,0,05
2024-03-28,4호선,명동,43101,47540,-4439,3,0,06
2024-03-28,4호선,명동,43101,47540,-4439,3,0,07
2024-03-28,4호선,명동,43101,47540,-4439,3,0,08
2024-03-28,4호선,명동,43101,47540,-4439,3,0,09
2024-03-28,4호선,명동,43101,47540,-4439,3,0,10
2024-03-28,4호선,명동,43101,47540,-4439,3,0,11
2024-03-28,4호선,명동,43101,47540,-4439,3,0,12
2024-03-28,4호선,명동,43101,47540,-4439,3,0,13
2024-03-28,4호선,명동,43101,47540,-4439,3,0,14
2024-03-28,4호선,명동,43101,47540,-4439,3,0,15
2024-03-28,4호선,명동,43101,47540,-4439,3,0,16
2024-03-28,4호선,명동,43101,47540,-4439,3,0,17
2024-03-28,4호선,명동,43101,47540,-4439,3,0,18
2024-03-28,4호선,명동,43101,47540,-4439,3,0,19
2024-03-28,4호선,명동,43101,47540,-4439,3,0,20
2024-03-28,4호선,명동,43101,47540,-4439,3,0,21
2024-03-28,4호선,명동,43101,47540,-4439,3,0,22
2024-03-28,4호선,명동,43101,47540,-4439,3,0,23
2024-03-29,4호선,명동,42856,46935,-4079,4,0,00
2024-03-29,4호선,명동,42856,46935,-4079,4,0,01
2024-03-29,4호선,명동,42856,46935,-4079,4,0,02
2024-03-29,4호선,명동,42856,46935,-4079,4,0,03
2024-03-29,4호선,명동,42856,46935,-4079,4,0,04
2024-03-29,4호선,명동,42856,46935,-4079,4,0,05
2024-03-29,4호선,명동,42856,46935,-4079,4,0,06
2024-03-29,4호선,명동,42856,46935,-4079,4,0,07
2024-03-29,4호선,명동,42856,46935,-4079,4,0,08
2024-03-29,4호선,명동,42856,46935,-4079,4,0,09
2024-03-29,4호선,명동,42856,46935,-4079,4,0,10
2024-03-29,4호선,명동,42856,46935,-4079,4,0,11
2024-03-29,4호선,명동,42856,46935,-4079,4,0,12
2024-03-29,4호선,명동,42856,46935,-4079,4,0,13
2024-03-29,4호선,명동,42856,46935,-4079,4,0,14
2024-03-29,4호선,명동,42856,46935,-4079,4,0,15
2024-03-29,4호선,명동,42856,46935,-4079,4,0,16
2024-03-29,4호선,명동,42856,46935,-4079,4,0,17
2024-03-29,4호선,명동,42856,46935,-4079,4,0,18
2024-03-29,4호선,명동,42856,46935,-4079,4,0,19
2024-03-29,4호선,명동,42856,46935,-4079,4,0,20
2024-03-29,4호선,명동,42856,46935,-4079,4,0,21
2024-03-29,4호선,명동,42856,46935,-4079,4,0,22
2024-03-29,4호선,명동,42856,46935,-4079,4,0,23
2024-03-30,4호선,명동,37954,43166,-5212,5,1,00
2024-03-30,4호선,명동,37954,43166,-5212,5,1,01
2024-03-30,4호선,명동,37954,43166,-5212,5,1,02
2024-03-30,4호선,명동,37954,43166,-5212,5,1,03
2024-03-30,4호선,명동,37954,43166,-5212,5,1,04
2024-03-30,4호선,명동,37954,43166,-5212,5,1,05
2024-03-30,4호선,명동,37954,43166,-5212,5,1,06
2024-03-30,4호선,명동,37954,43166,-5212,5,1,07
2024-03-30,4호선,명동,37954,43166,-5212,5,1,08
2024-03-30,4호선,명동,37954,43166,-5212,5,1,09
2024-03-30,4호선,명동,37954,43166,-5212,5,1,10
2024-03-30,4호선,명동,37954,43166,-5212,5,1,11
2024-03-30,4호선,명동,37954,43166,-5212,5,1,12
2024-03-30,4호선,명동,37954,43166,-5212,5,1,13
2024-03-30,4호선,명동,37954,43166,-5212,5,1,14
2024-03-30,4호선,명동,37954,43166,-5212,5,1,15
2024-03-30,4호선,명동,37954,43166,-5212,5,1,16
2024-03-30,4호선,명동,37954,43166,-5212,5,1,17
2024-03-30,4호선,명동,37954,43166,-5212,5,1,18
2024-03-30,4호선,명동,37954,43166,-5212,5,1,19
2024-03-30,4호선,명동,37954,43166,-5212,5,1,20
2024-03-30,4호선,명동,37954,43166,-5212,5,1,21
2024-03-30,4호선,명동,37954,43166,-5212,5,1,22
2024-03-30,4호선,명동,37954,43166,-5212,5,1,23
2024-03-31,4호선,명동,32098,35664,-3566,6,1,00
2024-03-31,4호선,명동,32098,35664,-3566,6,1,01
2024-03-31,4호선,명동,32098,35664,-3566,6,1,02
2024-03-31,4호선,명동,32098,35664,-3566,6,1,03
2024-03-31,4호선,명동,32098,35664,-3566,6,1,04
2024-03-31,4호선,명동,32098,35664,-3566,6,1,05
2024-03-31,4호선,명동,32098,35664,-3566,6,1,06
2024-03-31,4호선,명동,32098,35664,-3566,6,1,07
2024-03-31,4호선,명동,32098,35664,-3566,6,1,08
2024-03-31,4호선,명동,32098,35664,-3566,6,1,09
2024-03-31,4호선,명동,32098,35664,-3566,6,1,10
2024-03-31,4호선,명동,32098,35664,-3566,6,1,11
2024-03-31,4호선,명동,32098,35664,-3566,6,1,12
2024-03-31,4호선,명동,32098,35664,-3566,6,1,13
2024-03-31,4호선,명동,32098,35664,-3566,6,1,14
2024-03-31,4호선,명동,32098,35664,-3566,6,1,15
2024-03-31,4호선,명동,32098,35664,-3566,6,1,16
2024-03-31,4호선,명동,32098,35664,-3566,6,1,17
2024-03-31,4호선,명동,32098,35664,-3566,6,1,18
2024-03-31,4호선,명동,32098,35664,-3566,6,1,19
2024-03-31,4호선,명동,32098,35664,-3566,6,1,20
2024-03-31,4호선,명동,32098,35664,-3566,6,1,21
2024-03-31,4호선,명동,32098,35664,-3566,6,1,22
2024-03-31,4호선,명동,32098,35664,-3566,6,1,23
2024-04-01,4호선,명동,40054,42822,-2768,0,0,00
2024-04-01,4호선,명동,40054,42822,-2768,0,0,01
2024-04-01,4호선,명동,40054,42822,-2768,0,0,02
2024-04-01,4호선,명동,40054,42822,-2768,0,0,03
2024-04-01,4호선,명동,40054,42822,-2768,0,0,04
2024-04-01,4호선,명동,40054,42822,-2768,0,0,05
2024-04-01,4호선,명동,40054,42822,-2768,0,0,06
2024-04-01,4호선,명동,40054,42822,-2768,0,0,07
2024-04-01,4호선,명동,40054,42822,-2768,0,0,08
2024-04-01,4호선,명동,40054,42822,-2768,0,0,09
2024-04-01,4호선,명동,40054,42822,-2768,0,0,10
2024-04-01,4호선,명동,40054,42822,-2768,0,0,11
2024-04-01,4호선,명동,40054,42822,-2768,0,0,12
2024-04-01,4호선,명동,40054,42822,-2768,0,0,13
2024-04-01,4호선,명동,40054,42822,-2768,0,0,14
2024-04-01,4호선,명동,40054,42822,-2768,0,0,15
2024-04-01,4호선,명동,40054,42822,-2768,0,0,16
2024-04-01,4호선,명동,40054,42822,-2768,0,0,17
2024-04-01,4호선,명동,40054,42822,-2768,0,0,18
2024-04-01,4호선,명동,40054,42822,-2768,0,0,19
2024-04-01,4호선,명동,40054,42822,-2768,0,0,20
2024-04-01,4호선,명동,40054,42822,-2768,0,0,21
2024-04-01,4호선,명동,40054,42822,-2768,0,0,22
2024-04-01,4호선,명동,40054,42822,-2768,0,0,23
2024-04-02,4호선,명동,39431,41917,-2486,1,0,00
2024-04-02,4호선,명동,39431,41917,-2486,1,0,01
2024-04-02,4호선,명동,39431,41917,-2486,1,0,02
2024-04-02,4호선,명동,39431,41917,-2486,1,0,03
2024-04-02,4호선,명동,39431,41917,-2486,1,0,04
2024-04-02,4호선,명동,39431,41917,-2486,1,0,05
2024-04-02,4호선,명동,39431,41917,-2486,1,0,06
2024-04-02,4호선,명동,39431,41917,-2486,1,0,07
2024-04-02,4호선,명동,39431,41917,-2486,1,0,08
2024-04-02,4호선,명동,39431,41917,-2486,1,0,09
2024-04-02,4호선,명동,39431,41917,-2486,1,0,10
2024-04-02,4호선,명동,39431,41917,-2486,1,0,11
2024-04-02,4호선,명동,39431,41917,-2486,1,0,12
2024-04-02,4호선,명동,39431,41917,-2486,1,0,13
2024-04-02,4호선,명동,39431,41917,-2486,1,0,14
2024-04-02,4호선,명동,39431,41917,-2486,1,0,15
2024-04-02,4호선,명동,39431,41917,-2486,1,0,16
2024-04-02,4호선,명동,39431,41917,-2486,1,0,17
2024-04-02,4호선,명동,39431,41917,-2486,1,0,18
2024-04-02,4호선,명동,39431,41917,-2486,1,0,19
2024-04-02,4호선,명동,39431,41917,-2486,1,0,20
2024-04-02,4호선,명동,39431,41917,-2486,1,0,21
2024-04-02,4호선,명동,39431,41917,-2486,1,0,22
2024-04-02,4호선,명동,39431,41917,-2486,1,0,23
2024-04-03,4호선,명동,39196,41374,-2178,2,0,00
2024-04-03,4호선,명동,39196,41374,-2178,2,0,01
2024-04-03,4호선,명동,39196,41374,-2178,2,0,02
2024-04-03,4호선,명동,39196,41374,-2178,2,0,03
2024-04-03,4호선,명동,39196,41374,-2178,2,0,04
2024-04-03,4호선,명동,39196,41374,-2178,2,0,05
2024-04-03,4호선,명동,39196,41374,-2178,2,0,06
2024-04-03,4호선,명동,39196,41374,-2178,2,0,07
2024-04-03,4호선,명동,39196,41374,-2178,2,0,08
2024-04-03,4호선,명동,39196,41374,-2178,2,0,09
2024-04-03,4호선,명동,39196,41374,-2178,2,0,10
2024-04-03,4호선,명동,39196,41374,-2178,2,0,11
2024-04-03,4호선,명동,39196,41374,-2178,2,0,12
2024-04-03,4호선,명동,39196,41374,-2178,2,0,13
2024-04-03,4호선,명동,39196,41374,-2178,2,0,14
2024-04-03,4호선,명동,39196,41374,-2178,2,0,15
2024-04-03,4호선,명동,39196,41374,-2178,2,0,16
2024-04-03,4호선,명동,39196,41374,-2178,2,0,17
2024-04-03,4호선,명동,39196,41374,-2178,2,0,18
2024-04-03,4호선,명동,39196,41374,-2178,2,0,19
2024-04-03,4호선,명동,39196,41374,-2178,2,0,20
2024-04-03,4호선,명동,39196,41374,-2178,2,0,21
2024-04-03,4호선,명동,39196,41374,-2178,2,0,22
2024-04-03,4호선,명동,39196,41374,-2178,2,0,23
2024-04-04,4호선,명동,39318,42239,-2921,3,1,00
2024-04-04,4호선,명동,39318,42239,-2921,3,1,01
2024-04-04,4호선,명동,39318,42239,-2921,3,1,02
2024-04-04,4호선,명동,39318,42239,-2921,3,1,03
2024-04-04,4호선,명동,39318,42239,-2921,3,1,04
2024-04-04,4호선,명동,39318,42239,-2921,3,1,05
2024-04-04,4호선,명동,39318,42239,-2921,3,1,06
2024-04-04,4호선,명동,39318,42239,-2921,3,1,07
2024-04-04,4호선,명동,39318,42239,-2921,3,1,08
2024-04-04,4호선,명동,39318,42239,-2921,3,1,09
2024-04-04,4호선,명동,39318,42239,-2921,3,1,10
2024-04-04,4호선,명동,39318,42239,-2921,3,1,11
2024-04-04,4호선,명동,39318,42239,-2921,3,1,12
2024-04-04,4호선,명동,39318,42239,-2921,3,1,13
2024-04-04,4호선,명동,39318,42239,-2921,3,1,14
2024-04-04,4호선,명동,39318,42239,-2921,3,1,15
2024-04-04,4호선,명동,39318,42239,-2921,3,1,16
2024-04-04,4호선,명동,39318,42239,-2921,3,1,17
2024-04-04,4호선,명동,39318,42239,-2921,3,1,18
2024-04-04,4호선,명동,39318,42239,-2921,3,1,19
2024-04-04,4호선,명동,39318,42239,-2921,3,1,20
2024-04-04,4호선,명동,39318,42239,-2921,3,1,21
2024-04-04,4호선,명동,39318,42239,-2921,3,1,22
2024-04-04,4호선,명동,39318,42239,-2921,3,1,23
2024-04-05,4호선,명동,40615,43835,-3220,4,0,00
2024-04-05,4호선,명동,40615,43835,-3220,4,0,01
2024-04-05,4호선,명동,40615,43835,-3220,4,0,02
2024-04-05,4호선,명동,40615,43835,-3220,4,0,03
2024-04-05,4호선,명동,40615,43835,-3220,4,0,04
2024-04-05,4호선,명동,40615,43835,-3220,4,0,05
2024-04-05,4호선,명동,40615,43835,-3220,4,0,06
2024-04-05,4호선,명동,40615,43835,-3220,4,0,07
2024-04-05,4호선,명동,40615,43835,-3220,4,0,08
2024-04-05,4호선,명동,40615,43835,-3220,4,0,09
2024-04-05,4호선,명동,40615,43835,-3220,4,0,10
2024-04-05,4호선,명동,40615,43835,-3220,4,0,11
2024-04-05,4호선,명동,40615,43835,-3220,4,0,12
2024-04-05,4호선,명동,40615,43835,-3220,4,0,13
2024-04-05,4호선,명동,40615,43835,-3220,4,0,14
2024-04-05,4호선,명동,40615,43835,-3220,4,0,15
2024-04-05,4호선,명동,40615,43835,-3220,4,0,16
2024-04-05,4호선,명동,40615,43835,-3220,4,0,17
2024-04-05,4호선,명동,40615,43835,-3220,4,0,18
2024-04-05,4호선,명동,40615,43835,-3220,4,0,19
2024-04-05,4호선,명동,40615,43835,-3220,4,0,20
2024-04-05,4호선,명동,40615,43835,-3220,4,0,21
2024-04-05,4호선,명동,40615,43835,-3220,4,0,22
2024-04-05,4호선,명동,40615,43835,-3220,4,0,23
2024-04-06,4호선,명동,35884,40329,-4445,5,1,00
2024-04-06,4호선,명동,35884,40329,-4445,5,1,01
2024-04-06,4호선,명동,35884,40329,-4445,5,1,02
2024-04-06,4호선,명동,35884,40329,-4445,5,1,03
2024-04-06,4호선,명동,35884,40329,-4445,5,1,04
2024-04-06,4호선,명동,35884,40329,-4445,5,1,05
2024-04-06,4호선,명동,35884,40329,-4445,5,1,06
2024-04-06,4호선,명동,35884,40329,-4445,5,1,07
2024-04-06,4호선,명동,35884,40329,-4445,5,1,08
2024-04-06,4호선,명동,35884,40329,-4445,5,1,09
2024-04-06,4호선,명동,35884,40329,-4445,5,1,10
2024-04-06,4호선,명동,35884,40329,-4445,5,1,11
2024-04-06,4호선,명동,35884,40329,-4445,5,1,12
2024-04-06,4호선,명동,35884,40329,-4445,5,1,13
2024-04-06,4호선,명동,35884,40329,-4445,5,1,14
2024-04-06,4호선,명동,35884,40329,-4445,5,1,15
2024-04-06,4호선,명동,35884,40329,-4445,5,1,16
2024-04-06,4호선,명동,35884,40329,-4445,5,1,17
2024-04-06,4호선,명동,35884,40329,-4445,5,1,18
2024-04-06,4호선,명동,35884,40329,-4445,5,1,19
2024-04-06,4호선,명동,35884,40329,-4445,5,1,20
2024-04-06,4호선,명동,35884,40329,-4445,5,1,21
2024-04-06,4호선,명동,35884,40329,-4445,5,1,22
2024-04-06,4호선,명동,35884,40329,-4445,5,1,23
2024-04-07,4호선,명동,30780,33166,-2386,6,1,00
2024-04-07,4호선,명동,30780,33166,-2386,6,1,01
2024-04-07,4호선,명동,30780,33166,-2386,6,1,02
2024-04-07,4호선,명동,30780,33166,-2386,6,1,03
2024-04-07,4호선,명동,30780,33166,-2386,6,1,04
2024-04-07,4호선,명동,30780,33166,-2386,6,1,05
2024-04-07,4호선,명동,30780,33166,-2386,6,1,06
2024-04-07,4호선,명동,30780,33166,-2386,6,1,07
2024-04-07,4호선,명동,30780,33166,-2386,6,1,08
2024-04-07,4호선,명동,30780,33166,-2386,6,1,09
2024-04-07,4호선,명동,30780,33166,-2386,6,1,10
2024-04-07,4호선,명동,30780,33166,-2386,6,1,11
2024-04-07,4호선,명동,30780,33166,-2386,6,1,12
2024-04-07,4호선,명동,30780,33166,-2386,6,1,13
2024-04-07,4호선,명동,30780,33166,-2386,6,1,14
2024-04-07,4호선,명동,30780,33166,-2386,6,1,15
2024-04-07,4호선,명동,30780,33166,-2386,6,1,16
2024-04-07,4호선,명동,30780,33166,-2386,6,1,17
2024-04-07,4호선,명동,30780,33166,-2386,6,1,18
2024-04-07,4호선,명동,30780,33166,-2386,6,1,19
2024-04-07,4호선,명동,30780,33166,-2386,6,1,20
2024-04-07,4호선,명동,30780,33166,-2386,6,1,21
2024-04-07,4호선,명동,30780,33166,-2386,6,1,22
2024-04-07,4호선,명동,30780,33166,-2386,6,1,23
2024-04-08,4호선,명동,35166,37309,-2143,0,0,00
2024-04-08,4호선,명동,35166,37309,-2143,0,0,01
2024-04-08,4호선,명동,35166,37309,-2143,0,0,02
2024-04-08,4호선,명동,35166,37309,-2143,0,0,03
2024-04-08,4호선,명동,35166,37309,-2143,0,0,04
2024-04-08,4호선,명동,35166,37309,-2143,0,0,05
2024-04-08,4호선,명동,35166,37309,-2143,0,0,06
2024-04-08,4호선,명동,35166,37309,-2143,0,0,07
2024-04-08,4호선,명동,35166,37309,-2143,0,0,08
2024-04-08,4호선,명동,35166,37309,-2143,0,0,09
2024-04-08,4호선,명동,35166,37309,-2143,0,0,10
2024-04-08,4호선,명동,35166,37309,-2143,0,0,11
2024-04-08,4호선,명동,35166,37309,-2143,0,0,12
2024-04-08,4호선,명동,35166,37309,-2143,0,0,13
2024-04-08,4호선,명동,35166,37309,-2143,0,0,14
2024-04-08,4호선,명동,35166,37309,-2143,0,0,15
2024-04-08,4호선,명동,35166,37309,-2143,0,0,16
2024-04-08,4호선,명동,35166,37309,-2143,0,0,17
2024-04-08,4호선,명동,35166,37309,-2143,0,0,18
2024-04-08,4호선,명동,35166,37309,-2143,0,0,19
2024-04-08,4호선,명동,35166,37309,-2143,0,0,20
2024-04-08,4호선,명동,35166,37309,-2143,0,0,21
2024-04-08,4호선,명동,35166,37309,-2143,0,0,22
2024-04-08,4호선,명동,35166,37309,-2143,0,0,23
2024-04-09,4호선,명동,36310,38762,-2452,1,0,00
2024-04-09,4호선,명동,36310,38762,-2452,1,0,01
2024-04-09,4호선,명동,36310,38762,-2452,1,0,02
2024-04-09,4호선,명동,36310,38762,-2452,1,0,03
2024-04-09,4호선,명동,36310,38762,-2452,1,0,04
2024-04-09,4호선,명동,36310,38762,-2452,1,0,05
2024-04-09,4호선,명동,36310,38762,-2452,1,0,06
2024-04-09,4호선,명동,36310,38762,-2452,1,0,07
2024-04-09,4호선,명동,36310,38762,-2452,1,0,08
2024-04-09,4호선,명동,36310,38762,-2452,1,0,09
2024-04-09,4호선,명동,36310,38762,-2452,1,0,10
2024-04-09,4호선,명동,36310,38762,-2452,1,0,11
2024-04-09,4호선,명동,36310,38762,-2452,1,0,12
2024-04-09,4호선,명동,36310,38762,-2452,1,0,13
2024-04-09,4호선,명동,36310,38762,-2452,1,0,14
2024-04-09,4호선,명동,36310,38762,-2452,1,0,15
2024-04-09,4호선,명동,36310,38762,-2452,1,0,16
2024-04-09,4호선,명동,36310,38762,-2452,1,0,17
2024-04-09,4호선,명동,36310,38762,-2452,1,0,18
2024-04-09,4호선,명동,36310,38762,-2452,1,0,19
2024-04-09,4호선,명동,36310,38762,-2452,1,0,20
2024-04-09,4호선,명동,36310,38762,-2452,1,0,21
2024-04-09,4호선,명동,36310,38762,-2452,1,0,22
2024-04-09,4호선,명동,36310,38762,-2452,1,0,23
2024-04-10,4호선,명동,27223,30489,-3266,2,0,00
2024-04-10,4호선,명동,27223,30489,-3266,2,0,01
2024-04-10,4호선,명동,27223,30489,-3266,2,0,02
2024-04-10,4호선,명동,27223,30489,-3266,2,0,03
2024-04-10,4호선,명동,27223,30489,-3266,2,0,04
2024-04-10,4호선,명동,27223,30489,-3266,2,0,05
2024-04-10,4호선,명동,27223,30489,-3266,2,0,06
2024-04-10,4호선,명동,27223,30489,-3266,2,0,07
2024-04-10,4호선,명동,27223,30489,-3266,2,0,08
2024-04-10,4호선,명동,27223,30489,-3266,2,0,09
2024-04-10,4호선,명동,27223,30489,-3266,2,0,10
2024-04-10,4호선,명동,27223,30489,-3266,2,0,11
2024-04-10,4호선,명동,27223,30489,-3266,2,0,12
2024-04-10,4호선,명동,27223,30489,-3266,2,0,13
2024-04-10,4호선,명동,27223,30489,-3266,2,0,14
2024-04-10,4호선,명동,27223,30489,-3266,2,0,15
2024-04-10,4호선,명동,27223,30489,-3266,2,0,16
2024-04-10,4호선,명동,27223,30489,-3266,2,0,17
2024-04-10,4호선,명동,27223,30489,-3266,2,0,18
2024-04-10,4호선,명동,27223,30489,-3266,2,0,19
2024-04-10,4호선,명동,27223,30489,-3266,2,0,20
2024-04-10,4호선,명동,27223,30489,-3266,2,0,21
2024-04-10,4호선,명동,27223,30489,-3266,2,0,22
2024-04-10,4호선,명동,27223,30489,-3266,2,0,23
2024-04-11,4호선,명동,35609,37998,-2389,3,0,00
2024-04-11,4호선,명동,35609,37998,-2389,3,0,01
2024-04-11,4호선,명동,35609,37998,-2389,3,0,02
2024-04-11,4호선,명동,35609,37998,-2389,3,0,03
2024-04-11,4호선,명동,35609,37998,-2389,3,0,04
2024-04-11,4호선,명동,35609,37998,-2389,3,0,05
2024-04-11,4호선,명동,35609,37998,-2389,3,0,06
2024-04-11,4호선,명동,35609,37998,-2389,3,0,07
2024-04-11,4호선,명동,35609,37998,-2389,3,0,08
2024-04-11,4호선,명동,35609,37998,-2389,3,0,09
2024-04-11,4호선,명동,35609,37998,-2389,3,0,10
2024-04-11,4호선,명동,35609,37998,-2389,3,0,11
2024-04-11,4호선,명동,35609,37998,-2389,3,0,12
2024-04-11,4호선,명동,35609,37998,-2389,3,0,13
2024-04-11,4호선,명동,35609,37998,-2389,3,0,14
2024-04-11,4호선,명동,35609,37998,-2389,3,0,15
2024-04-11,4호선,명동,35609,37998,-2389,3,0,16
2024-04-11,4호선,명동,35609,37998,-2389,3,0,17
2024-04-11,4호선,명동,35609,37998,-2389,3,0,18
2024-04-11,4호선,명동,35609,37998,-2389,3,0,19
2024-04-11,4호선,명동,35609,37998,-2389,3,0,20
2024-04-11,4호선,명동,35609,37998,-2389,3,0,21
2024-04-11,4호선,명동,35609,37998,-2389,3,0,22
2024-04-11,4호선,명동,35609,37998,-2389,3,0,23
2024-04-12,4호선,명동,37651,41065,-3414,4,0,00
2024-04-12,4호선,명동,37651,41065,-3414,4,0,01
2024-04-12,4호선,명동,37651,41065,-3414,4,0,02
2024-04-12,4호선,명동,37651,41065,-3414,4,0,03
2024-04-12,4호선,명동,37651,41065,-3414,4,0,04
2024-04-12,4호선,명동,37651,41065,-3414,4,0,05
2024-04-12,4호선,명동,37651,41065,-3414,4,0,06
2024-04-12,4호선,명동,37651,41065,-3414,4,0,07
2024-04-12,4호선,명동,37651,41065,-3414,4,0,08
2024-04-12,4호선,명동,37651,41065,-3414,4,0,09
2024-04-12,4호선,명동,37651,41065,-3414,4,0,10
2024-04-12,4호선,명동,37651,41065,-3414,4,0,11
2024-04-12,4호선,명동,37651,41065,-3414,4,0,12
2024-04-12,4호선,명동,37651,41065,-3414,4,0,13
2024-04-12,4호선,명동,37651,41065,-3414,4,0,14
2024-04-12,4호선,명동,37651,41065,-3414,4,0,15
2024-04-12,4호선,명동,37651,41065,-3414,4,0,16
2024-04-12,4호선,명동,37651,41065,-3414,4,0,17
2024-04-12,4호선,명동,37651,41065,-3414,4,0,18
2024-04-12,4호선,명동,37651,41065,-3414,4,0,19
2024-04-12,4호선,명동,37651,41065,-3414,4,0,20
2024-04-12,4호선,명동,37651,41065,-3414,4,0,21
2024-04-12,4호선,명동,37651,41065,-3414,4,0,22
2024-04-12,4호선,명동,37651,41065,-3414,4,0,23
2024-04-13,4호선,명동,33373,37967,-4594,5,1,00
2024-04-13,4호선,명동,33373,37967,-4594,5,1,01
2024-04-13,4호선,명동,33373,37967,-4594,5,1,02
2024-04-13,4호선,명동,33373,37967,-4594,5,1,03
2024-04-13,4호선,명동,33373,37967,-4594,5,1,04
2024-04-13,4호선,명동,33373,37967,-4594,5,1,05
2024-04-13,4호선,명동,33373,37967,-4594,5,1,06
2024-04-13,4호선,명동,33373,37967,-4594,5,1,07
2024-04-13,4호선,명동,33373,37967,-4594,5,1,08
2024-04-13,4호선,명동,33373,37967,-4594,5,1,09
2024-04-13,4호선,명동,33373,37967,-4594,5,1,10
2024-04-13,4호선,명동,33373,37967,-4594,5,1,11
2024-04-13,4호선,명동,33373,37967,-4594,5,1,12
2024-04-13,4호선,명동,33373,37967,-4594,5,1,13
2024-04-13,4호선,명동,33373,37967,-4594,5,1,14
2024-04-13,4호선,명동,33373,37967,-4594,5,1,15
2024-04-13,4호선,명동,33373,37967,-4594,5,1,16
2024-04-13,4호선,명동,33373,37967,-4594,5,1,17
2024-04-13,4호선,명동,33373,37967,-4594,5,1,18
2024-04-13,4호선,명동,33373,37967,-4594,5,1,19
2024-04-13,4호선,명동,33373,37967,-4594,5,1,20
2024-04-13,4호선,명동,33373,37967,-4594,5,1,21
2024-04-13,4호선,명동,33373,37967,-4594,5,1,22
2024-04-13,4호선,명동,33373,37967,-4594,5,1,23
2024-04-14,4호선,명동,27540,30284,-2744,6,1,00
2024-04-14,4호선,명동,27540,30284,-2744,6,1,01
2024-04-14,4호선,명동,27540,30284,-2744,6,1,02
2024-04-14,4호선,명동,27540,30284,-2744,6,1,03
2024-04-14,4호선,명동,27540,30284,-2744,6,1,04
2024-04-14,4호선,명동,27540,30284,-2744,6,1,05
2024-04-14,4호선,명동,27540,30284,-2744,6,1,06
2024-04-14,4호선,명동,27540,30284,-2744,6,1,07
2024-04-14,4호선,명동,27540,30284,-2744,6,1,08
2024-04-14,4호선,명동,27540,30284,-2744,6,1,09
2024-04-14,4호선,명동,27540,30284,-2744,6,1,10
2024-04-14,4호선,명동,27540,30284,-2744,6,1,11
2024-04-14,4호선,명동,27540,30284,-2744,6,1,12
2024-04-14,4호선,명동,27540,30284,-2744,6,1,13
2024-04-14,4호선,명동,27540,30284,-2744,6,1,14
2024-04-14,4호선,명동,27540,30284,-2744,6,1,15
2024-04-14,4호선,명동,27540,30284,-2744,6,1,16
2024-04-14,4호선,명동,27540,30284,-2744,6,1,17
2024-04-14,4호선,명동,27540,30284,-2744,6,1,18
2024-04-14,4호선,명동,27540,30284,-2744,6,1,19
2024-04-14,4호선,명동,27540,30284,-2744,6,1,20
2024-04-14,4호선,명동,27540,30284,-2744,6,1,21
2024-04-14,4호선,명동,27540,30284,-2744,6,1,22
2024-04-14,4호선,명동,27540,30284,-2744,6,1,23
2024-04-15,4호선,명동,33943,35667,-1724,0,0,00
2024-04-15,4호선,명동,33943,35667,-1724,0,0,01
2024-04-15,4호선,명동,33943,35667,-1724,0,0,02
2024-04-15,4호선,명동,33943,35667,-1724,0,0,03
2024-04-15,4호선,명동,33943,35667,-1724,0,0,04
2024-04-15,4호선,명동,33943,35667,-1724,0,0,05
2024-04-15,4호선,명동,33943,35667,-1724,0,0,06
2024-04-15,4호선,명동,33943,35667,-1724,0,0,07
2024-04-15,4호선,명동,33943,35667,-1724,0,0,08
2024-04-15,4호선,명동,33943,35667,-1724,0,0,09
2024-04-15,4호선,명동,33943,35667,-1724,0,0,10
2024-04-15,4호선,명동,33943,35667,-1724,0,0,11
2024-04-15,4호선,명동,33943,35667,-1724,0,0,12
2024-04-15,4호선,명동,33943,35667,-1724,0,0,13
2024-04-15,4호선,명동,33943,35667,-1724,0,0,14
2024-04-15,4호선,명동,33943,35667,-1724,0,0,15
2024-04-15,4호선,명동,33943,35667,-1724,0,0,16
2024-04-15,4호선,명동,33943,35667,-1724,0,0,17
2024-04-15,4호선,명동,33943,35667,-1724,0,0,18
2024-04-15,4호선,명동,33943,35667,-1724,0,0,19
2024-04-15,4호선,명동,33943,35667,-1724,0,0,20
2024-04-15,4호선,명동,33943,35667,-1724,0,0,21
2024-04-15,4호선,명동,33943,35667,-1724,0,0,22
2024-04-15,4호선,명동,33943,35667,-1724,0,0,23
2024-04-16,4호선,명동,35673,37606,-1933,1,0,00
2024-04-16,4호선,명동,35673,37606,-1933,1,0,01
2024-04-16,4호선,명동,35673,37606,-1933,1,0,02
2024-04-16,4호선,명동,35673,37606,-1933,1,0,03
2024-04-16,4호선,명동,35673,37606,-1933,1,0,04
2024-04-16,4호선,명동,35673,37606,-1933,1,0,05
2024-04-16,4호선,명동,35673,37606,-1933,1,0,06
2024-04-16,4호선,명동,35673,37606,-1933,1,0,07
2024-04-16,4호선,명동,35673,37606,-1933,1,0,08
2024-04-16,4호선,명동,35673,37606,-1933,1,0,09
2024-04-16,4호선,명동,35673,37606,-1933,1,0,10
2024-04-16,4호선,명동,35673,37606,-1933,1,0,11
2024-04-16,4호선,명동,35673,37606,-1933,1,0,12
2024-04-16,4호선,명동,35673,37606,-1933,1,0,13
2024-04-16,4호선,명동,35673,37606,-1933,1,0,14
2024-04-16,4호선,명동,35673,37606,-1933,1,0,15
2024-04-16,4호선,명동,35673,37606,-1933,1,0,16
2024-04-16,4호선,명동,35673,37606,-1933,1,0,17
2024-04-16,4호선,명동,35673,37606,-1933,1,0,18
2024-04-16,4호선,명동,35673,37606,-1933,1,0,19
2024-04-16,4호선,명동,35673,37606,-1933,1,0,20
2024-04-16,4호선,명동,35673,37606,-1933,1,0,21
2024-04-16,4호선,명동,35673,37606,-1933,1,0,22
2024-04-16,4호선,명동,35673,37606,-1933,1,0,23
2024-04-17,4호선,명동,36112,38310,-2198,2,0,00
2024-04-17,4호선,명동,36112,38310,-2198,2,0,01
2024-04-17,4호선,명동,36112,38310,-2198,2,0,02
2024-04-17,4호선,명동,36112,38310,-2198,2,0,03
2024-04-17,4호선,명동,36112,38310,-2198,2,0,04
2024-04-17,4호선,명동,36112,38310,-2198,2,0,05
2024-04-17,4호선,명동,36112,38310,-2198,2,0,06
2024-04-17,4호선,명동,36112,38310,-2198,2,0,07
2024-04-17,4호선,명동,36112,38310,-2198,2,0,08
2024-04-17,4호선,명동,36112,38310,-2198,2,0,09
2024-04-17,4호선,명동,36112,38310,-2198,2,0,10
2024-04-17,4호선,명동,36112,38310,-2198,2,0,11
2024-04-17,4호선,명동,36112,38310,-2198,2,0,12
2024-04-17,4호선,명동,36112,38310,-2198,2,0,13
2024-04-17,4호선,명동,36112,38310,-2198,2,0,14
2024-04-17,4호선,명동,36112,38310,-2198,2,0,15
2024-04-17,4호선,명동,36112,38310,-2198,2,0,16
2024-04-17,4호선,명동,36112,38310,-2198,2,0,17
2024-04-17,4호선,명동,36112,38310,-2198,2,0,18
2024-04-17,4호선,명동,36112,38310,-2198,2,0,19
2024-04-17,4호선,명동,36112,38310,-2198,2,0,20
2024-04-17,4호선,명동,36112,38310,-2198,2,0,21
2024-04-17,4호선,명동,36112,38310,-2198,2,0,22
2024-04-17,4호선,명동,36112,38310,-2198,2,0,23
2024-04-18,4호선,명동,36173,38651,-2478,3,0,00
2024-04-18,4호선,명동,36173,38651,-2478,3,0,01
2024-04-18,4호선,명동,36173,38651,-2478,3,0,02
2024-04-18,4호선,명동,36173,38651,-2478,3,0,03
2024-04-18,4호선,명동,36173,38651,-2478,3,0,04
2024-04-18,4호선,명동,36173,38651,-2478,3,0,05
2024-04-18,4호선,명동,36173,38651,-2478,3,0,06
2024-04-18,4호선,명동,36173,38651,-2478,3,0,07
2024-04-18,4호선,명동,36173,38651,-2478,3,0,08
2024-04-18,4호선,명동,36173,38651,-2478,3,0,09
2024-04-18,4호선,명동,36173,38651,-2478,3,0,10
2024-04-18,4호선,명동,36173,38651,-2478,3,0,11
2024-04-18,4호선,명동,36173,38651,-2478,3,0,12
2024-04-18,4호선,명동,36173,38651,-2478,3,0,13
2024-04-18,4호선,명동,36173,38651,-2478,3,0,14
2024-04-18,4호선,명동,36173,38651,-2478,3,0,15
2024-04-18,4호선,명동,36173,38651,-2478,3,0,16
2024-04-18,4호선,명동,36173,38651,-2478,3,0,17
2024-04-18,4호선,명동,36173,38651,-2478,3,0,18
2024-04-18,4호선,명동,36173,38651,-2478,3,0,19
2024-04-18,4호선,명동,36173,38651,-2478,3,0,20
2024-04-18,4호선,명동,36173,38651,-2478,3,0,21
2024-04-18,4호선,명동,36173,38651,-2478,3,0,22
2024-04-18,4호선,명동,36173,38651,-2478,3,0,23
2024-04-19,4호선,명동,37505,40470,-2965,4,0,00
2024-04-19,4호선,명동,37505,40470,-2965,4,0,01
2024-04-19,4호선,명동,37505,40470,-2965,4,0,02
2024-04-19,4호선,명동,37505,40470,-2965,4,0,03
2024-04-19,4호선,명동,37505,40470,-2965,4,0,04
2024-04-19,4호선,명동,37505,40470,-2965,4,0,05
2024-04-19,4호선,명동,37505,40470,-2965,4,0,06
2024-04-19,4호선,명동,37505,40470,-2965,4,0,07
2024-04-19,4호선,명동,37505,40470,-2965,4,0,08
2024-04-19,4호선,명동,37505,40470,-2965,4,0,09
2024-04-19,4호선,명동,37505,40470,-2965,4,0,10
2024-04-19,4호선,명동,37505,40470,-2965,4,0,11
2024-04-19,4호선,명동,37505,40470,-2965,4,0,12
2024-04-19,4호선,명동,37505,40470,-2965,4,0,13
2024-04-19,4호선,명동,37505,40470,-2965,4,0,14
2024-04-19,4호선,명동,37505,40470,-2965,4,0,15
2024-04-19,4호선,명동,37505,40470,-2965,4,0,16
2024-04-19,4호선,명동,37505,40470,-2965,4,0,17
2024-04-19,4호선,명동,37505,40470,-2965,4,0,18
2024-04-19,4호선,명동,37505,40470,-2965,4,0,19
2024-04-19,4호선,명동,37505,40470,-2965,4,0,20
2024-04-19,4호선,명동,37505,40470,-2965,4,0,21
2024-04-19,4호선,명동,37505,40470,-2965,4,0,22
2024-04-19,4호선,명동,37505,40470,-2965,4,0,23
2024-04-20,4호선,명동,29665,33433,-3768,5,1,00
2024-04-20,4호선,명동,29665,33433,-3768,5,1,01
2024-04-20,4호선,명동,29665,33433,-3768,5,1,02
2024-04-20,4호선,명동,29665,33433,-3768,5,1,03
2024-04-20,4호선,명동,29665,33433,-3768,5,1,04
2024-04-20,4호선,명동,29665,33433,-3768,5,1,05
2024-04-20,4호선,명동,29665,33433,-3768,5,1,06
2024-04-20,4호선,명동,29665,33433,-3768,5,1,07
2024-04-20,4호선,명동,29665,33433,-3768,5,1,08
2024-04-20,4호선,명동,29665,33433,-3768,5,1,09
2024-04-20,4호선,명동,29665,33433,-3768,5,1,10
2024-04-20,4호선,명동,29665,33433,-3768,5,1,11
2024-04-20,4호선,명동,29665,33433,-3768,5,1,12
2024-04-20,4호선,명동,29665,33433,-3768,5,1,13
2024-04-20,4호선,명동,29665,33433,-3768,5,1,14
2024-04-20,4호선,명동,29665,33433,-3768,5,1,15
2024-04-20,4호선,명동,29665,33433,-3768,5,1,16
2024-04-20,4호선,명동,29665,33433,-3768,5,1,17
2024-04-20,4호선,명동,29665,33433,-3768,5,1,18
2024-04-20,4호선,명동,29665,33433,-3768,5,1,19
2024-04-20,4호선,명동,29665,33433,-3768,5,1,20
2024-04-20,4호선,명동,29665,33433,-3768,5,1,21
2024-04-20,4호선,명동,29665,33433,-3768,5,1,22
2024-04-20,4호선,명동,29665,33433,-3768,5,1,23
2024-04-21,4호선,명동,27286,29806,-2520,6,1,00
2024-04-21,4호선,명동,27286,29806,-2520,6,1,01
2024-04-21,4호선,명동,27286,29806,-2520,6,1,02
2024-04-21,4호선,명동,27286,29806,-2520,6,1,03
2024-04-21,4호선,명동,27286,29806,-2520,6,1,04
2024-04-21,4호선,명동,27286,29806,-2520,6,1,05
2024-04-21,4호선,명동,27286,29806,-2520,6,1,06
2024-04-21,4호선,명동,27286,29806,-2520,6,1,07
2024-04-21,4호선,명동,27286,29806,-2520,6,1,08
2024-04-21,4호선,명동,27286,29806,-2520,6,1,09
2024-04-21,4호선,명동,27286,29806,-2520,6,1,10
2024-04-21,4호선,명동,27286,29806,-2520,6,1,11
2024-04-21,4호선,명동,27286,29806,-2520,6,1,12
2024-04-21,4호선,명동,27286,29806,-2520,6,1,13
2024-04-21,4호선,명동,27286,29806,-2520,6,1,14
2024-04-21,4호선,명동,27286,29806,-2520,6,1,15
2024-04-21,4호선,명동,27286,29806,-2520,6,1,16
2024-04-21,4호선,명동,27286,29806,-2520,6,1,17
2024-04-21,4호선,명동,27286,29806,-2520,6,1,18
2024-04-21,4호선,명동,27286,29806,-2520,6,1,19
2024-04-21,4호선,명동,27286,29806,-2520,6,1,20
2024-04-21,4호선,명동,27286,29806,-2520,6,1,21
2024-04-21,4호선,명동,27286,29806,-2520,6,1,22
2024-04-21,4호선,명동,27286,29806,-2520,6,1,23
2024-04-22,4호선,명동,34847,36717,-1870,0,0,00
2024-04-22,4호선,명동,34847,36717,-1870,0,0,01
2024-04-22,4호선,명동,34847,36717,-1870,0,0,02
2024-04-22,4호선,명동,34847,36717,-1870,0,0,03
2024-04-22,4호선,명동,34847,36717,-1870,0,0,04
2024-04-22,4호선,명동,34847,36717,-1870,0,0,05
2024-04-22,4호선,명동,34847,36717,-1870,0,0,06
2024-04-22,4호선,명동,34847,36717,-1870,0,0,07
2024-04-22,4호선,명동,34847,36717,-1870,0,0,08
2024-04-22,4호선,명동,34847,36717,-1870,0,0,09
2024-04-22,4호선,명동,34847,36717,-1870,0,0,10
2024-04-22,4호선,명동,34847,36717,-1870,0,0,11
2024-04-22,4호선,명동,34847,36717,-1870,0,0,12
2024-04-22,4호선,명동,34847,36717,-1870,0,0,13
2024-04-22,4호선,명동,34847,36717,-1870,0,0,14
2024-04-22,4호선,명동,34847,36717,-1870,0,0,15
2024-04-22,4호선,명동,34847,36717,-1870,0,0,16
2024-04-22,4호선,명동,34847,36717,-1870,0,0,17
2024-04-22,4호선,명동,34847,36717,-1870,0,0,18
2024-04-22,4호선,명동,34847,36717,-1870,0,0,19
2024-04-22,4호선,명동,34847,36717,-1870,0,0,20
2024-04-22,4호선,명동,34847,36717,-1870,0,0,21
2024-04-22,4호선,명동,34847,36717,-1870,0,0,22
2024-04-22,4호선,명동,34847,36717,-1870,0,0,23
2024-04-23,4호선,명동,34842,36969,-2127,1,0,00
2024-04-23,4호선,명동,34842,36969,-2127,1,0,01
2024-04-23,4호선,명동,34842,36969,-2127,1,0,02
2024-04-23,4호선,명동,34842,36969,-2127,1,0,03
2024-04-23,4호선,명동,34842,36969,-2127,1,0,04
2024-04-23,4호선,명동,34842,36969,-2127,1,0,05
2024-04-23,4호선,명동,34842,36969,-2127,1,0,06
2024-04-23,4호선,명동,34842,36969,-2127,1,0,07
2024-04-23,4호선,명동,34842,36969,-2127,1,0,08
2024-04-23,4호선,명동,34842,36969,-2127,1,0,09
2024-04-23,4호선,명동,34842,36969,-2127,1,0,10
2024-04-23,4호선,명동,34842,36969,-2127,1,0,11
2024-04-23,4호선,명동,34842,36969,-2127,1,0,12
2024-04-23,4호선,명동,34842,36969,-2127,1,0,13
2024-04-23,4호선,명동,34842,36969,-2127,1,0,14
2024-04-23,4호선,명동,34842,36969,-2127,1,0,15
2024-04-23,4호선,명동,34842,36969,-2127,1,0,16
2024-04-23,4호선,명동,34842,36969,-2127,1,0,17
2024-04-23,4호선,명동,34842,36969,-2127,1,0,18
2024-04-23,4호선,명동,34842,36969,-2127,1,0,19
2024-04-23,4호선,명동,34842,36969,-2127,1,0,20
2024-04-23,4호선,명동,34842,36969,-2127,1,0,21
2024-04-23,4호선,명동,34842,36969,-2127,1,0,22
2024-04-23,4호선,명동,34842,36969,-2127,1,0,23
2024-04-24,4호선,명동,36059,37237,-1178,2,0,00
2024-04-24,4호선,명동,36059,37237,-1178,2,0,01
2024-04-24,4호선,명동,36059,37237,-1178,2,0,02
2024-04-24,4호선,명동,36059,37237,-1178,2,0,03
2024-04-24,4호선,명동,36059,37237,-1178,2,0,04
2024-04-24,4호선,명동,36059,37237,-1178,2,0,05
2024-04-24,4호선,명동,36059,37237,-1178,2,0,06
2024-04-24,4호선,명동,36059,37237,-1178,2,0,07
2024-04-24,4호선,명동,36059,37237,-1178,2,0,08
2024-04-24,4호선,명동,36059,37237,-1178,2,0,09
2024-04-24,4호선,명동,36059,37237,-1178,2,0,10
2024-04-24,4호선,명동,36059,37237,-1178,2,0,11
2024-04-24,4호선,명동,36059,37237,-1178,2,0,12
2024-04-24,4호선,명동,36059,37237,-1178,2,0,13
2024-04-24,4호선,명동,36059,37237,-1178,2,0,14
2024-04-24,4호선,명동,36059,37237,-1178,2,0,15
2024-04-24,4호선,명동,36059,37237,-1178,2,0,16
2024-04-24,4호선,명동,36059,37237,-1178,2,0,17
2024-04-24,4호선,명동,36059,37237,-1178,2,0,18
2024-04-24,4호선,명동,36059,37237,-1178,2,0,19
2024-04-24,4호선,명동,36059,37237,-1178,2,0,20
2024-04-24,4호선,명동,36059,37237,-1178,2,0,21
2024-04-24,4호선,명동,36059,37237,-1178,2,0,22
2024-04-24,4호선,명동,36059,37237,-1178,2,0,23
2024-04-25,4호선,명동,36159,38113,-1954,3,0,00
2024-04-25,4호선,명동,36159,38113,-1954,3,0,01
2024-04-25,4호선,명동,36159,38113,-1954,3,0,02
2024-04-25,4호선,명동,36159,38113,-1954,3,0,03
2024-04-25,4호선,명동,36159,38113,-1954,3,0,04
2024-04-25,4호선,명동,36159,38113,-1954,3,0,05
2024-04-25,4호선,명동,36159,38113,-1954,3,0,06
2024-04-25,4호선,명동,36159,38113,-1954,3,0,07
2024-04-25,4호선,명동,36159,38113,-1954,3,0,08
2024-04-25,4호선,명동,36159,38113,-1954,3,0,09
2024-04-25,4호선,명동,36159,38113,-1954,3,0,10
2024-04-25,4호선,명동,36159,38113,-1954,3,0,11
2024-04-25,4호선,명동,36159,38113,-1954,3,0,12
2024-04-25,4호선,명동,36159,38113,-1954,3,0,13
2024-04-25,4호선,명동,36159,38113,-1954,3,0,14
2024-04-25,4호선,명동,36159,38113,-1954,3,0,15
2024-04-25,4호선,명동,36159,38113,-1954,3,0,16
2024-04-25,4호선,명동,36159,38113,-1954,3,0,17
2024-04-25,4호선,명동,36159,38113,-1954,3,0,18
2024-04-25,4호선,명동,36159,38113,-1954,3,0,19
2024-04-25,4호선,명동,36159,38113,-1954,3,0,20
2024-04-25,4호선,명동,36159,38113,-1954,3,0,21
2024-04-25,4호선,명동,36159,38113,-1954,3,0,22
2024-04-25,4호선,명동,36159,38113,-1954,3,0,23
2024-04-26,4호선,명동,38253,41604,-3351,4,0,00
2024-04-26,4호선,명동,38253,41604,-3351,4,0,01
2024-04-26,4호선,명동,38253,41604,-3351,4,0,02
2024-04-26,4호선,명동,38253,41604,-3351,4,0,03
2024-04-26,4호선,명동,38253,41604,-3351,4,0,04
2024-04-26,4호선,명동,38253,41604,-3351,4,0,05
2024-04-26,4호선,명동,38253,41604,-3351,4,0,06
2024-04-26,4호선,명동,38253,41604,-3351,4,0,07
2024-04-26,4호선,명동,38253,41604,-3351,4,0,08
2024-04-26,4호선,명동,38253,41604,-3351,4,0,09
2024-04-26,4호선,명동,38253,41604,-3351,4,0,10
2024-04-26,4호선,명동,38253,41604,-3351,4,0,11
2024-04-26,4호선,명동,38253,41604,-3351,4,0,12
2024-04-26,4호선,명동,38253,41604,-3351,4,0,13
2024-04-26,4호선,명동,38253,41604,-3351,4,0,14
2024-04-26,4호선,명동,38253,41604,-3351,4,0,15
2024-04-26,4호선,명동,38253,41604,-3351,4,0,16
2024-04-26,4호선,명동,38253,41604,-3351,4,0,17
2024-04-26,4호선,명동,38253,41604,-3351,4,0,18
2024-04-26,4호선,명동,38253,41604,-3351,4,0,19
2024-04-26,4호선,명동,38253,41604,-3351,4,0,20
2024-04-26,4호선,명동,38253,41604,-3351,4,0,21
2024-04-26,4호선,명동,38253,41604,-3351,4,0,22
2024-04-26,4호선,명동,38253,41604,-3351,4,0,23
2024-04-27,4호선,명동,33670,38991,-5321,5,1,00
2024-04-27,4호선,명동,33670,38991,-5321,5,1,01
2024-04-27,4호선,명동,33670,38991,-5321,5,1,02
2024-04-27,4호선,명동,33670,38991,-5321,5,1,03
2024-04-27,4호선,명동,33670,38991,-5321,5,1,04
2024-04-27,4호선,명동,33670,38991,-5321,5,1,05
2024-04-27,4호선,명동,33670,38991,-5321,5,1,06
2024-04-27,4호선,명동,33670,38991,-5321,5,1,07
2024-04-27,4호선,명동,33670,38991,-5321,5,1,08
2024-04-27,4호선,명동,33670,38991,-5321,5,1,09
2024-04-27,4호선,명동,33670,38991,-5321,5,1,10
2024-04-27,4호선,명동,33670,38991,-5321,5,1,11
2024-04-27,4호선,명동,33670,38991,-5321,5,1,12
2024-04-27,4호선,명동,33670,38991,-5321,5,1,13
2024-04-27,4호선,명동,33670,38991,-5321,5,1,14
2024-04-27,4호선,명동,33670,38991,-5321,5,1,15
2024-04-27,4호선,명동,33670,38991,-5321,5,1,16
2024-04-27,4호선,명동,33670,38991,-5321,5,1,17
2024-04-27,4호선,명동,33670,38991,-5321,5,1,18
2024-04-27,4호선,명동,33670,38991,-5321,5,1,19
2024-04-27,4호선,명동,33670,38991,-5321,5,1,20
2024-04-27,4호선,명동,33670,38991,-5321,5,1,21
2024-04-27,4호선,명동,33670,38991,-5321,5,1,22
2024-04-27,4호선,명동,33670,38991,-5321,5,1,23
2024-04-28,4호선,명동,30862,35072,-4210,6,1,00
2024-04-28,4호선,명동,30862,35072,-4210,6,1,01
2024-04-28,4호선,명동,30862,35072,-4210,6,1,02
2024-04-28,4호선,명동,30862,35072,-4210,6,1,03
2024-04-28,4호선,명동,30862,35072,-4210,6,1,04
2024-04-28,4호선,명동,30862,35072,-4210,6,1,05
2024-04-28,4호선,명동,30862,35072,-4210,6,1,06
2024-04-28,4호선,명동,30862,35072,-4210,6,1,07
2024-04-28,4호선,명동,30862,35072,-4210,6,1,08
2024-04-28,4호선,명동,30862,35072,-4210,6,1,09
2024-04-28,4호선,명동,30862,35072,-4210,6,1,10
2024-04-28,4호선,명동,30862,35072,-4210,6,1,11
2024-04-28,4호선,명동,30862,35072,-4210,6,1,12
2024-04-28,4호선,명동,30862,35072,-4210,6,1,13
2024-04-28,4호선,명동,30862,35072,-4210,6,1,14
2024-04-28,4호선,명동,30862,35072,-4210,6,1,15
2024-04-28,4호선,명동,30862,35072,-4210,6,1,16
2024-04-28,4호선,명동,30862,35072,-4210,6,1,17
2024-04-28,4호선,명동,30862,35072,-4210,6,1,18
2024-04-28,4호선,명동,30862,35072,-4210,6,1,19
2024-04-28,4호선,명동,30862,35072,-4210,6,1,20
2024-04-28,4호선,명동,30862,35072,-4210,6,1,21
2024-04-28,4호선,명동,30862,35072,-4210,6,1,22
2024-04-28,4호선,명동,30862,35072,-4210,6,1,23
2024-04-29,4호선,명동,40151,42211,-2060,0,0,00
2024-04-29,4호선,명동,40151,42211,-2060,0,0,01
2024-04-29,4호선,명동,40151,42211,-2060,0,0,02
2024-04-29,4호선,명동,40151,42211,-2060,0,0,03
2024-04-29,4호선,명동,40151,42211,-2060,0,0,04
2024-04-29,4호선,명동,40151,42211,-2060,0,0,05
2024-04-29,4호선,명동,40151,42211,-2060,0,0,06
2024-04-29,4호선,명동,40151,42211,-2060,0,0,07
2024-04-29,4호선,명동,40151,42211,-2060,0,0,08
2024-04-29,4호선,명동,40151,42211,-2060,0,0,09
2024-04-29,4호선,명동,40151,42211,-2060,0,0,10
2024-04-29,4호선,명동,40151,42211,-2060,0,0,11
2024-04-29,4호선,명동,40151,42211,-2060,0,0,12
2024-04-29,4호선,명동,40151,42211,-2060,0,0,13
2024-04-29,4호선,명동,40151,42211,-2060,0,0,14
2024-04-29,4호선,명동,40151,42211,-2060,0,0,15
2024-04-29,4호선,명동,40151,42211,-2060,0,0,16
2024-04-29,4호선,명동,40151,42211,-2060,0,0,17
2024-04-29,4호선,명동,40151,42211,-2060,0,0,18
2024-04-29,4호선,명동,40151,42211,-2060,0,0,19
2024-04-29,4호선,명동,40151,42211,-2060,0,0,20
2024-04-29,4호선,명동,40151,42211,-2060,0,0,21
2024-04-29,4호선,명동,40151,42211,-2060,0,0,22
2024-04-29,4호선,명동,40151,42211,-2060,0,0,23
2024-04-30,4호선,명동,38951,42037,-3086,1,0,00
2024-04-30,4호선,명동,38951,42037,-3086,1,0,01
2024-04-30,4호선,명동,38951,42037,-3086,1,0,02
2024-04-30,4호선,명동,38951,42037,-3086,1,0,03
2024-04-30,4호선,명동,38951,42037,-3086,1,0,04
2024-04-30,4호선,명동,38951,42037,-3086,1,0,05
2024-04-30,4호선,명동,38951,42037,-3086,1,0,06
2024-04-30,4호선,명동,38951,42037,-3086,1,0,07
2024-04-30,4호선,명동,38951,42037,-3086,1,0,08
2024-04-30,4호선,명동,38951,42037,-3086,1,0,09
2024-04-30,4호선,명동,38951,42037,-3086,1,0,10
2024-04-30,4호선,명동,38951,42037,-3086,1,0,11
2024-04-30,4호선,명동,38951,42037,-3086,1,0,12
2024-04-30,4호선,명동,38951,42037,-3086,1,0,13
2024-04-30,4호선,명동,38951,42037,-3086,1,0,14
2024-04-30,4호선,명동,38951,42037,-3086,1,0,15
2024-04-30,4호선,명동,38951,42037,-3086,1,0,16
2024-04-30,4호선,명동,38951,42037,-3086,1,0,17
2024-04-30,4호선,명동,38951,42037,-3086,1,0,18
2024-04-30,4호선,명동,38951,42037,-3086,1,0,19
2024-04-30,4호선,명동,38951,42037,-3086,1,0,20
2024-04-30,4호선,명동,38951,42037,-3086,1,0,21
2024-04-30,4호선,명동,38951,42037,-3086,1,0,22
2024-04-30,4호선,명동,38951,42037,-3086,1,0,23
2024-05-01,4호선,명동,34182,37633,-3451,2,1,00
2024-05-01,4호선,명동,34182,37633,-3451,2,1,01
2024-05-01,4호선,명동,34182,37633,-3451,2,1,02
2024-05-01,4호선,명동,34182,37633,-3451,2,1,03
2024-05-01,4호선,명동,34182,37633,-3451,2,1,04
2024-05-01,4호선,명동,34182,37633,-3451,2,1,05
2024-05-01,4호선,명동,34182,37633,-3451,2,1,06
2024-05-01,4호선,명동,34182,37633,-3451,2,1,07
2024-05-01,4호선,명동,34182,37633,-3451,2,1,08
2024-05-01,4호선,명동,34182,37633,-3451,2,1,09
2024-05-01,4호선,명동,34182,37633,-3451,2,1,10
2024-05-01,4호선,명동,34182,37633,-3451,2,1,11
2024-05-01,4호선,명동,34182,37633,-3451,2,1,12
2024-05-01,4호선,명동,34182,37633,-3451,2,1,13
2024-05-01,4호선,명동,34182,37633,-3451,2,1,14
2024-05-01,4호선,명동,34182,37633,-3451,2,1,15
2024-05-01,4호선,명동,34182,37633,-3451,2,1,16
2024-05-01,4호선,명동,34182,37633,-3451,2,1,17
2024-05-01,4호선,명동,34182,37633,-3451,2,1,18
2024-05-01,4호선,명동,34182,37633,-3451,2,1,19
2024-05-01,4호선,명동,34182,37633,-3451,2,1,20
2024-05-01,4호선,명동,34182,37633,-3451,2,1,21
2024-05-01,4호선,명동,34182,37633,-3451,2,1,22
2024-05-01,4호선,명동,34182,37633,-3451,2,1,23
2024-05-02,4호선,명동,39919,42495,-2576,3,0,00
2024-05-02,4호선,명동,39919,42495,-2576,3,0,01
2024-05-02,4호선,명동,39919,42495,-2576,3,0,02
2024-05-02,4호선,명동,39919,42495,-2576,3,0,03
2024-05-02,4호선,명동,39919,42495,-2576,3,0,04
2024-05-02,4호선,명동,39919,42495,-2576,3,0,05
2024-05-02,4호선,명동,39919,42495,-2576,3,0,06
2024-05-02,4호선,명동,39919,42495,-2576,3,0,07
2024-05-02,4호선,명동,39919,42495,-2576,3,0,08
2024-05-02,4호선,명동,39919,42495,-2576,3,0,09
2024-05-02,4호선,명동,39919,42495,-2576,3,0,10
2024-05-02,4호선,명동,39919,42495,-2576,3,0,11
2024-05-02,4호선,명동,39919,42495,-2576,3,0,12
2024-05-02,4호선,명동,39919,42495,-2576,3,0,13
2024-05-02,4호선,명동,39919,42495,-2576,3,0,14
2024-05-02,4호선,명동,39919,42495,-2576,3,0,15
2024-05-02,4호선,명동,39919,42495,-2576,3,0,16
2024-05-02,4호선,명동,39919,42495,-2576,3,0,17
2024-05-02,4호선,명동,39919,42495,-2576,3,0,18
2024-05-02,4호선,명동,39919,42495,-2576,3,0,19
2024-05-02,4호선,명동,39919,42495,-2576,3,0,20
2024-05-02,4호선,명동,39919,42495,-2576,3,0,21
2024-05-02,4호선,명동,39919,42495,-2576,3,0,22
2024-05-02,4호선,명동,39919,42495,-2576,3,0,23
2024-05-03,4호선,명동,42373,46175,-3802,4,0,00
2024-05-03,4호선,명동,42373,46175,-3802,4,0,01
2024-05-03,4호선,명동,42373,46175,-3802,4,0,02
2024-05-03,4호선,명동,42373,46175,-3802,4,0,03
2024-05-03,4호선,명동,42373,46175,-3802,4,0,04
2024-05-03,4호선,명동,42373,46175,-3802,4,0,05
2024-05-03,4호선,명동,42373,46175,-3802,4,0,06
2024-05-03,4호선,명동,42373,46175,-3802,4,0,07
2024-05-03,4호선,명동,42373,46175,-3802,4,0,08
2024-05-03,4호선,명동,42373,46175,-3802,4,0,09
2024-05-03,4호선,명동,42373,46175,-3802,4,0,10
2024-05-03,4호선,명동,42373,46175,-3802,4,0,11
2024-05-03,4호선,명동,42373,46175,-3802,4,0,12
2024-05-03,4호선,명동,42373,46175,-3802,4,0,13
2024-05-03,4호선,명동,42373,46175,-3802,4,0,14
2024-05-03,4호선,명동,42373,46175,-3802,4,0,15
2024-05-03,4호선,명동,42373,46175,-3802,4,0,16
2024-05-03,4호선,명동,42373,46175,-3802,4,0,17
2024-05-03,4호선,명동,42373,46175,-3802,4,0,18
2024-05-03,4호선,명동,42373,46175,-3802,4,0,19
2024-05-03,4호선,명동,42373,46175,-3802,4,0,20
2024-05-03,4호선,명동,42373,46175,-3802,4,0,21
2024-05-03,4호선,명동,42373,46175,-3802,4,0,22
2024-05-03,4호선,명동,42373,46175,-3802,4,0,23
2024-05-04,4호선,명동,41414,46868,-5454,5,1,00
2024-05-04,4호선,명동,41414,46868,-5454,5,1,01
2024-05-04,4호선,명동,41414,46868,-5454,5,1,02
2024-05-04,4호선,명동,41414,46868,-5454,5,1,03
2024-05-04,4호선,명동,41414,46868,-5454,5,1,04
2024-05-04,4호선,명동,41414,46868,-5454,5,1,05
2024-05-04,4호선,명동,41414,46868,-5454,5,1,06
2024-05-04,4호선,명동,41414,46868,-5454,5,1,07
2024-05-04,4호선,명동,41414,46868,-5454,5,1,08
2024-05-04,4호선,명동,41414,46868,-5454,5,1,09
2024-05-04,4호선,명동,41414,46868,-5454,5,1,10
2024-05-04,4호선,명동,41414,46868,-5454,5,1,11
2024-05-04,4호선,명동,41414,46868,-5454,5,1,12
2024-05-04,4호선,명동,41414,46868,-5454,5,1,13
2024-05-04,4호선,명동,41414,46868,-5454,5,1,14
2024-05-04,4호선,명동,41414,46868,-5454,5,1,15
2024-05-04,4호선,명동,41414,46868,-5454,5,1,16
2024-05-04,4호선,명동,41414,46868,-5454,5,1,17
2024-05-04,4호선,명동,41414,46868,-5454,5,1,18
2024-05-04,4호선,명동,41414,46868,-5454,5,1,19
2024-05-04,4호선,명동,41414,46868,-5454,5,1,20
2024-05-04,4호선,명동,41414,46868,-5454,5,1,21
2024-05-04,4호선,명동,41414,46868,-5454,5,1,22
2024-05-04,4호선,명동,41414,46868,-5454,5,1,23
2024-05-05,4호선,명동,29264,32296,-3032,6,1,00
2024-05-05,4호선,명동,29264,32296,-3032,6,1,01
2024-05-05,4호선,명동,29264,32296,-3032,6,1,02
2024-05-05,4호선,명동,29264,32296,-3032,6,1,03
2024-05-05,4호선,명동,29264,32296,-3032,6,1,04
2024-05-05,4호선,명동,29264,32296,-3032,6,1,05
2024-05-05,4호선,명동,29264,32296,-3032,6,1,06
2024-05-05,4호선,명동,29264,32296,-3032,6,1,07
2024-05-05,4호선,명동,29264,32296,-3032,6,1,08
2024-05-05,4호선,명동,29264,32296,-3032,6,1,09
2024-05-05,4호선,명동,29264,32296,-3032,6,1,10
2024-05-05,4호선,명동,29264,32296,-3032,6,1,11
2024-05-05,4호선,명동,29264,32296,-3032,6,1,12
2024-05-05,4호선,명동,29264,32296,-3032,6,1,13
2024-05-05,4호선,명동,29264,32296,-3032,6,1,14
2024-05-05,4호선,명동,29264,32296,-3032,6,1,15
2024-05-05,4호선,명동,29264,32296,-3032,6,1,16
2024-05-05,4호선,명동,29264,32296,-3032,6,1,17
2024-05-05,4호선,명동,29264,32296,-3032,6,1,18
2024-05-05,4호선,명동,29264,32296,-3032,6,1,19
2024-05-05,4호선,명동,29264,32296,-3032,6,1,20
2024-05-05,4호선,명동,29264,32296,-3032,6,1,21
2024-05-05,4호선,명동,29264,32296,-3032,6,1,22
2024-05-05,4호선,명동,29264,32296,-3032,6,1,23
2024-05-06,4호선,명동,24795,25768,-973,0,0,00
2024-05-06,4호선,명동,24795,25768,-973,0,0,01
2024-05-06,4호선,명동,24795,25768,-973,0,0,02
2024-05-06,4호선,명동,24795,25768,-973,0,0,03
2024-05-06,4호선,명동,24795,25768,-973,0,0,04
2024-05-06,4호선,명동,24795,25768,-973,0,0,05
2024-05-06,4호선,명동,24795,25768,-973,0,0,06
2024-05-06,4호선,명동,24795,25768,-973,0,0,07
2024-05-06,4호선,명동,24795,25768,-973,0,0,08
2024-05-06,4호선,명동,24795,25768,-973,0,0,09
2024-05-06,4호선,명동,24795,25768,-973,0,0,10
2024-05-06,4호선,명동,24795,25768,-973,0,0,11
2024-05-06,4호선,명동,24795,25768,-973,0,0,12
2024-05-06,4호선,명동,24795,25768,-973,0,0,13
2024-05-06,4호선,명동,24795,25768,-973,0,0,14
2024-05-06,4호선,명동,24795,25768,-973,0,0,15
2024-05-06,4호선,명동,24795,25768,-973,0,0,16
2024-05-06,4호선,명동,24795,25768,-973,0,0,17
2024-05-06,4호선,명동,24795,25768,-973,0,0,18
2024-05-06,4호선,명동,24795,25768,-973,0,0,19
2024-05-06,4호선,명동,24795,25768,-973,0,0,20
2024-05-06,4호선,명동,24795,25768,-973,0,0,21
2024-05-06,4호선,명동,24795,25768,-973,0,0,22
2024-05-06,4호선,명동,24795,25768,-973,0,0,23
2024-05-07,4호선,명동,31846,33347,-1501,1,0,00
2024-05-07,4호선,명동,31846,33347,-1501,1,0,01
2024-05-07,4호선,명동,31846,33347,-1501,1,0,02
2024-05-07,4호선,명동,31846,33347,-1501,1,0,03
2024-05-07,4호선,명동,31846,33347,-1501,1,0,04
2024-05-07,4호선,명동,31846,33347,-1501,1,0,05
2024-05-07,4호선,명동,31846,33347,-1501,1,0,06
2024-05-07,4호선,명동,31846,33347,-1501,1,0,07
2024-05-07,4호선,명동,31846,33347,-1501,1,0,08
2024-05-07,4호선,명동,31846,33347,-1501,1,0,09
2024-05-07,4호선,명동,31846,33347,-1501,1,0,10
2024-05-07,4호선,명동,31846,33347,-1501,1,0,11
2024-05-07,4호선,명동,31846,33347,-1501,1,0,12
2024-05-07,4호선,명동,31846,33347,-1501,1,0,13
2024-05-07,4호선,명동,31846,33347,-1501,1,0,14
2024-05-07,4호선,명동,31846,33347,-1501,1,0,15
2024-05-07,4호선,명동,31846,33347,-1501,1,0,16
2024-05-07,4호선,명동,31846,33347,-1501,1,0,17
2024-05-07,4호선,명동,31846,33347,-1501,1,0,18
2024-05-07,4호선,명동,31846,33347,-1501,1,0,19
2024-05-07,4호선,명동,31846,33347,-1501,1,0,20
2024-05-07,4호선,명동,31846,33347,-1501,1,0,21
2024-05-07,4호선,명동,31846,33347,-1501,1,0,22
2024-05-07,4호선,명동,31846,33347,-1501,1,0,23
2024-05-08,4호선,명동,33841,35458,-1617,2,0,00
2024-05-08,4호선,명동,33841,35458,-1617,2,0,01
2024-05-08,4호선,명동,33841,35458,-1617,2,0,02
2024-05-08,4호선,명동,33841,35458,-1617,2,0,03
2024-05-08,4호선,명동,33841,35458,-1617,2,0,04
2024-05-08,4호선,명동,33841,35458,-1617,2,0,05
2024-05-08,4호선,명동,33841,35458,-1617,2,0,06
2024-05-08,4호선,명동,33841,35458,-1617,2,0,07
2024-05-08,4호선,명동,33841,35458,-1617,2,0,08
2024-05-08,4호선,명동,33841,35458,-1617,2,0,09
2024-05-08,4호선,명동,33841,35458,-1617,2,0,10
2024-05-08,4호선,명동,33841,35458,-1617,2,0,11
2024-05-08,4호선,명동,33841,35458,-1617,2,0,12
2024-05-08,4호선,명동,33841,35458,-1617,2,0,13
2024-05-08,4호선,명동,33841,35458,-1617,2,0,14
2024-05-08,4호선,명동,33841,35458,-1617,2,0,15
2024-05-08,4호선,명동,33841,35458,-1617,2,0,16
2024-05-08,4호선,명동,33841,35458,-1617,2,0,17
2024-05-08,4호선,명동,33841,35458,-1617,2,0,18
2024-05-08,4호선,명동,33841,35458,-1617,2,0,19
2024-05-08,4호선,명동,33841,35458,-1617,2,0,20
2024-05-08,4호선,명동,33841,35458,-1617,2,0,21
2024-05-08,4호선,명동,33841,35458,-1617,2,0,22
2024-05-08,4호선,명동,33841,35458,-1617,2,0,23
2024-05-09,4호선,명동,33951,35912,-1961,3,0,00
2024-05-09,4호선,명동,33951,35912,-1961,3,0,01
2024-05-09,4호선,명동,33951,35912,-1961,3,0,02
2024-05-09,4호선,명동,33951,35912,-1961,3,0,03
2024-05-09,4호선,명동,33951,35912,-1961,3,0,04
2024-05-09,4호선,명동,33951,35912,-1961,3,0,05
2024-05-09,4호선,명동,33951,35912,-1961,3,0,06
2024-05-09,4호선,명동,33951,35912,-1961,3,0,07
2024-05-09,4호선,명동,33951,35912,-1961,3,0,08
2024-05-09,4호선,명동,33951,35912,-1961,3,0,09
2024-05-09,4호선,명동,33951,35912,-1961,3,0,10
2024-05-09,4호선,명동,33951,35912,-1961,3,0,11
2024-05-09,4호선,명동,33951,35912,-1961,3,0,12
2024-05-09,4호선,명동,33951,35912,-1961,3,0,13
2024-05-09,4호선,명동,33951,35912,-1961,3,0,14
2024-05-09,4호선,명동,33951,35912,-1961,3,0,15
2024-05-09,4호선,명동,33951,35912,-1961,3,0,16
2024-05-09,4호선,명동,33951,35912,-1961,3,0,17
2024-05-09,4호선,명동,33951,35912,-1961,3,0,18
2024-05-09,4호선,명동,33951,35912,-1961,3,0,19
2024-05-09,4호선,명동,33951,35912,-1961,3,0,20
2024-05-09,4호선,명동,33951,35912,-1961,3,0,21
2024-05-09,4호선,명동,33951,35912,-1961,3,0,22
2024-05-09,4호선,명동,33951,35912,-1961,3,0,23
2024-05-10,4호선,명동,35402,38122,-2720,4,0,00
2024-05-10,4호선,명동,35402,38122,-2720,4,0,01
2024-05-10,4호선,명동,35402,38122,-2720,4,0,02
2024-05-10,4호선,명동,35402,38122,-2720,4,0,03
2024-05-10,4호선,명동,35402,38122,-2720,4,0,04
2024-05-10,4호선,명동,35402,38122,-2720,4,0,05
2024-05-10,4호선,명동,35402,38122,-2720,4,0,06
2024-05-10,4호선,명동,35402,38122,-2720,4,0,07
2024-05-10,4호선,명동,35402,38122,-2720,4,0,08
2024-05-10,4호선,명동,35402,38122,-2720,4,0,09
2024-05-10,4호선,명동,35402,38122,-2720,4,0,10
2024-05-10,4호선,명동,35402,38122,-2720,4,0,11
2024-05-10,4호선,명동,35402,38122,-2720,4,0,12
2024-05-10,4호선,명동,35402,38122,-2720,4,0,13
2024-05-10,4호선,명동,35402,38122,-2720,4,0,14
2024-05-10,4호선,명동,35402,38122,-2720,4,0,15
2024-05-10,4호선,명동,35402,38122,-2720,4,0,16
2024-05-10,4호선,명동,35402,38122,-2720,4,0,17
2024-05-10,4호선,명동,35402,38122,-2720,4,0,18
2024-05-10,4호선,명동,35402,38122,-2720,4,0,19
2024-05-10,4호선,명동,35402,38122,-2720,4,0,20
2024-05-10,4호선,명동,35402,38122,-2720,4,0,21
2024-05-10,4호선,명동,35402,38122,-2720,4,0,22
2024-05-10,4호선,명동,35402,38122,-2720,4,0,23
2024-05-11,4호선,명동,29133,32157,-3024,5,1,00
2024-05-11,4호선,명동,29133,32157,-3024,5,1,01
2024-05-11,4호선,명동,29133,32157,-3024,5,1,02
2024-05-11,4호선,명동,29133,32157,-3024,5,1,03
2024-05-11,4호선,명동,29133,32157,-3024,5,1,04
2024-05-11,4호선,명동,29133,32157,-3024,5,1,05
2024-05-11,4호선,명동,29133,32157,-3024,5,1,06
2024-05-11,4호선,명동,29133,32157,-3024,5,1,07
2024-05-11,4호선,명동,29133,32157,-3024,5,1,08
2024-05-11,4호선,명동,29133,32157,-3024,5,1,09
2024-05-11,4호선,명동,29133,32157,-3024,5,1,10
2024-05-11,4호선,명동,29133,32157,-3024,5,1,11
2024-05-11,4호선,명동,29133,32157,-3024,5,1,12
2024-05-11,4호선,명동,29133,32157,-3024,5,1,13
2024-05-11,4호선,명동,29133,32157,-3024,5,1,14
2024-05-11,4호선,명동,29133,32157,-3024,5,1,15
2024-05-11,4호선,명동,29133,32157,-3024,5,1,16
2024-05-11,4호선,명동,29133,32157,-3024,5,1,17
2024-05-11,4호선,명동,29133,32157,-3024,5,1,18
2024-05-11,4호선,명동,29133,32157,-3024,5,1,19
2024-05-11,4호선,명동,29133,32157,-3024,5,1,20
2024-05-11,4호선,명동,29133,32157,-3024,5,1,21
2024-05-11,4호선,명동,29133,32157,-3024,5,1,22
2024-05-11,4호선,명동,29133,32157,-3024,5,1,23
2024-05-12,4호선,명동,29359,31504,-2145,6,1,00
2024-05-12,4호선,명동,29359,31504,-2145,6,1,01
2024-05-12,4호선,명동,29359,31504,-2145,6,1,02
2024-05-12,4호선,명동,29359,31504,-2145,6,1,03
2024-05-12,4호선,명동,29359,31504,-2145,6,1,04
2024-05-12,4호선,명동,29359,31504,-2145,6,1,05
2024-05-12,4호선,명동,29359,31504,-2145,6,1,06
2024-05-12,4호선,명동,29359,31504,-2145,6,1,07
2024-05-12,4호선,명동,29359,31504,-2145,6,1,08
2024-05-12,4호선,명동,29359,31504,-2145,6,1,09
2024-05-12,4호선,명동,29359,31504,-2145,6,1,10
2024-05-12,4호선,명동,29359,31504,-2145,6,1,11
2024-05-12,4호선,명동,29359,31504,-2145,6,1,12
2024-05-12,4호선,명동,29359,31504,-2145,6,1,13
2024-05-12,4호선,명동,29359,31504,-2145,6,1,14
2024-05-12,4호선,명동,29359,31504,-2145,6,1,15
2024-05-12,4호선,명동,29359,31504,-2145,6,1,16
2024-05-12,4호선,명동,29359,31504,-2145,6,1,17
2024-05-12,4호선,명동,29359,31504,-2145,6,1,18
2024-05-12,4호선,명동,29359,31504,-2145,6,1,19
2024-05-12,4호선,명동,29359,31504,-2145,6,1,20
2024-05-12,4호선,명동,29359,31504,-2145,6,1,21
2024-05-12,4호선,명동,29359,31504,-2145,6,1,22
2024-05-12,4호선,명동,29359,31504,-2145,6,1,23
2024-05-13,4호선,명동,34695,36698,-2003,0,0,00
2024-05-13,4호선,명동,34695,36698,-2003,0,0,01
2024-05-13,4호선,명동,34695,36698,-2003,0,0,02
2024-05-13,4호선,명동,34695,36698,-2003,0,0,03
2024-05-13,4호선,명동,34695,36698,-2003,0,0,04
2024-05-13,4호선,명동,34695,36698,-2003,0,0,05
2024-05-13,4호선,명동,34695,36698,-2003,0,0,06
2024-05-13,4호선,명동,34695,36698,-2003,0,0,07
2024-05-13,4호선,명동,34695,36698,-2003,0,0,08
2024-05-13,4호선,명동,34695,36698,-2003,0,0,09
2024-05-13,4호선,명동,34695,36698,-2003,0,0,10
2024-05-13,4호선,명동,34695,36698,-2003,0,0,11
2024-05-13,4호선,명동,34695,36698,-2003,0,0,12
2024-05-13,4호선,명동,34695,36698,-2003,0,0,13
2024-05-13,4호선,명동,34695,36698,-2003,0,0,14
2024-05-13,4호선,명동,34695,36698,-2003,0,0,15
2024-05-13,4호선,명동,34695,36698,-2003,0,0,16
2024-05-13,4호선,명동,34695,36698,-2003,0,0,17
2024-05-13,4호선,명동,34695,36698,-2003,0,0,18
2024-05-13,4호선,명동,34695,36698,-2003,0,0,19
2024-05-13,4호선,명동,34695,36698,-2003,0,0,20
2024-05-13,4호선,명동,34695,36698,-2003,0,0,21
2024-05-13,4호선,명동,34695,36698,-2003,0,0,22
2024-05-13,4호선,명동,34695,36698,-2003,0,0,23
2024-05-14,4호선,명동,35267,37339,-2072,1,0,00
2024-05-14,4호선,명동,35267,37339,-2072,1,0,01
2024-05-14,4호선,명동,35267,37339,-2072,1,0,02
2024-05-14,4호선,명동,35267,37339,-2072,1,0,03
2024-05-14,4호선,명동,35267,37339,-2072,1,0,04
2024-05-14,4호선,명동,35267,37339,-2072,1,0,05
2024-05-14,4호선,명동,35267,37339,-2072,1,0,06
2024-05-14,4호선,명동,35267,37339,-2072,1,0,07
2024-05-14,4호선,명동,35267,37339,-2072,1,0,08
2024-05-14,4호선,명동,35267,37339,-2072,1,0,09
2024-05-14,4호선,명동,35267,37339,-2072,1,0,10
2024-05-14,4호선,명동,35267,37339,-2072,1,0,11
2024-05-14,4호선,명동,35267,37339,-2072,1,0,12
2024-05-14,4호선,명동,35267,37339,-2072,1,0,13
2024-05-14,4호선,명동,35267,37339,-2072,1,0,14
2024-05-14,4호선,명동,35267,37339,-2072,1,0,15
2024-05-14,4호선,명동,35267,37339,-2072,1,0,16
2024-05-14,4호선,명동,35267,37339,-2072,1,0,17
2024-05-14,4호선,명동,35267,37339,-2072,1,0,18
2024-05-14,4호선,명동,35267,37339,-2072,1,0,19
2024-05-14,4호선,명동,35267,37339,-2072,1,0,20
2024-05-14,4호선,명동,35267,37339,-2072,1,0,21
2024-05-14,4호선,명동,35267,37339,-2072,1,0,22
2024-05-14,4호선,명동,35267,37339,-2072,1,0,23
2024-05-15,4호선,명동,23575,25517,-1942,2,0,00
2024-05-15,4호선,명동,23575,25517,-1942,2,0,01
2024-05-15,4호선,명동,23575,25517,-1942,2,0,02
2024-05-15,4호선,명동,23575,25517,-1942,2,0,03
2024-05-15,4호선,명동,23575,25517,-1942,2,0,04
2024-05-15,4호선,명동,23575,25517,-1942,2,0,05
2024-05-15,4호선,명동,23575,25517,-1942,2,0,06
2024-05-15,4호선,명동,23575,25517,-1942,2,0,07
2024-05-15,4호선,명동,23575,25517,-1942,2,0,08
2024-05-15,4호선,명동,23575,25517,-1942,2,0,09
2024-05-15,4호선,명동,23575,25517,-1942,2,0,10
2024-05-15,4호선,명동,23575,25517,-1942,2,0,11
2024-05-15,4호선,명동,23575,25517,-1942,2,0,12
2024-05-15,4호선,명동,23575,25517,-1942,2,0,13
2024-05-15,4호선,명동,23575,25517,-1942,2,0,14
2024-05-15,4호선,명동,23575,25517,-1942,2,0,15
2024-05-15,4호선,명동,23575,25517,-1942,2,0,16
2024-05-15,4호선,명동,23575,25517,-1942,2,0,17
2024-05-15,4호선,명동,23575,25517,-1942,2,0,18
2024-05-15,4호선,명동,23575,25517,-1942,2,0,19
2024-05-15,4호선,명동,23575,25517,-1942,2,0,20
2024-05-15,4호선,명동,23575,25517,-1942,2,0,21
2024-05-15,4호선,명동,23575,25517,-1942,2,0,22
2024-05-15,4호선,명동,23575,25517,-1942,2,0,23
2024-05-16,4호선,명동,35371,37561,-2190,3,0,00
2024-05-16,4호선,명동,35371,37561,-2190,3,0,01
2024-05-16,4호선,명동,35371,37561,-2190,3,0,02
2024-05-16,4호선,명동,35371,37561,-2190,3,0,03
2024-05-16,4호선,명동,35371,37561,-2190,3,0,04
2024-05-16,4호선,명동,35371,37561,-2190,3,0,05
2024-05-16,4호선,명동,35371,37561,-2190,3,0,06
2024-05-16,4호선,명동,35371,37561,-2190,3,0,07
2024-05-16,4호선,명동,35371,37561,-2190,3,0,08
2024-05-16,4호선,명동,35371,37561,-2190,3,0,09
2024-05-16,4호선,명동,35371,37561,-2190,3,0,10
2024-05-16,4호선,명동,35371,37561,-2190,3,0,11
2024-05-16,4호선,명동,35371,37561,-2190,3,0,12
2024-05-16,4호선,명동,35371,37561,-2190,3,0,13
2024-05-16,4호선,명동,35371,37561,-2190,3,0,14
2024-05-16,4호선,명동,35371,37561,-2190,3,0,15
2024-05-16,4호선,명동,35371,37561,-2190,3,0,16
2024-05-16,4호선,명동,35371,37561,-2190,3,0,17
2024-05-16,4호선,명동,35371,37561,-2190,3,0,18
2024-05-16,4호선,명동,35371,37561,-2190,3,0,19
2024-05-16,4호선,명동,35371,37561,-2190,3,0,20
2024-05-16,4호선,명동,35371,37561,-2190,3,0,21
2024-05-16,4호선,명동,35371,37561,-2190,3,0,22
2024-05-16,4호선,명동,35371,37561,-2190,3,0,23
2024-05-17,4호선,명동,36963,39530,-2567,4,0,00
2024-05-17,4호선,명동,36963,39530,-2567,4,0,01
2024-05-17,4호선,명동,36963,39530,-2567,4,0,02
2024-05-17,4호선,명동,36963,39530,-2567,4,0,03
2024-05-17,4호선,명동,36963,39530,-2567,4,0,04
2024-05-17,4호선,명동,36963,39530,-2567,4,0,05
2024-05-17,4호선,명동,36963,39530,-2567,4,0,06
2024-05-17,4호선,명동,36963,39530,-2567,4,0,07
2024-05-17,4호선,명동,36963,39530,-2567,4,0,08
2024-05-17,4호선,명동,36963,39530,-2567,4,0,09
2024-05-17,4호선,명동,36963,39530,-2567,4,0,10
2024-05-17,4호선,명동,36963,39530,-2567,4,0,11
2024-05-17,4호선,명동,36963,39530,-2567,4,0,12
2024-05-17,4호선,명동,36963,39530,-2567,4,0,13
2024-05-17,4호선,명동,36963,39530,-2567,4,0,14
2024-05-17,4호선,명동,36963,39530,-2567,4,0,15
2024-05-17,4호선,명동,36963,39530,-2567,4,0,16
2024-05-17,4호선,명동,36963,39530,-2567,4,0,17
2024-05-17,4호선,명동,36963,39530,-2567,4,0,18
2024-05-17,4호선,명동,36963,39530,-2567,4,0,19
2024-05-17,4호선,명동,36963,39530,-2567,4,0,20
2024-05-17,4호선,명동,36963,39530,-2567,4,0,21
2024-05-17,4호선,명동,36963,39530,-2567,4,0,22
2024-05-17,4호선,명동,36963,39530,-2567,4,0,23
2024-05-18,4호선,명동,32841,36813,-3972,5,1,00
2024-05-18,4호선,명동,32841,36813,-3972,5,1,01
2024-05-18,4호선,명동,32841,36813,-3972,5,1,02
2024-05-18,4호선,명동,32841,36813,-3972,5,1,03
2024-05-18,4호선,명동,32841,36813,-3972,5,1,04
2024-05-18,4호선,명동,32841,36813,-3972,5,1,05
2024-05-18,4호선,명동,32841,36813,-3972,5,1,06
2024-05-18,4호선,명동,32841,36813,-3972,5,1,07
2024-05-18,4호선,명동,32841,36813,-3972,5,1,08
2024-05-18,4호선,명동,32841,36813,-3972,5,1,09
2024-05-18,4호선,명동,32841,36813,-3972,5,1,10
2024-05-18,4호선,명동,32841,36813,-3972,5,1,11
2024-05-18,4호선,명동,32841,36813,-3972,5,1,12
2024-05-18,4호선,명동,32841,36813,-3972,5,1,13
2024-05-18,4호선,명동,32841,36813,-3972,5,1,14
2024-05-18,4호선,명동,32841,36813,-3972,5,1,15
2024-05-18,4호선,명동,32841,36813,-3972,5,1,16
2024-05-18,4호선,명동,32841,36813,-3972,5,1,17
2024-05-18,4호선,명동,32841,36813,-3972,5,1,18
2024-05-18,4호선,명동,32841,36813,-3972,5,1,19
2024-05-18,4호선,명동,32841,36813,-3972,5,1,20
2024-05-18,4호선,명동,32841,36813,-3972,5,1,21
2024-05-18,4호선,명동,32841,36813,-3972,5,1,22
2024-05-18,4호선,명동,32841,36813,-3972,5,1,23
2024-05-19,4호선,명동,27543,29457,-1914,6,1,00
2024-05-19,4호선,명동,27543,29457,-1914,6,1,01
2024-05-19,4호선,명동,27543,29457,-1914,6,1,02
2024-05-19,4호선,명동,27543,29457,-1914,6,1,03
2024-05-19,4호선,명동,27543,29457,-1914,6,1,04
2024-05-19,4호선,명동,27543,29457,-1914,6,1,05
2024-05-19,4호선,명동,27543,29457,-1914,6,1,06
2024-05-19,4호선,명동,27543,29457,-1914,6,1,07
2024-05-19,4호선,명동,27543,29457,-1914,6,1,08
2024-05-19,4호선,명동,27543,29457,-1914,6,1,09
2024-05-19,4호선,명동,27543,29457,-1914,6,1,10
2024-05-19,4호선,명동,27543,29457,-1914,6,1,11
2024-05-19,4호선,명동,27543,29457,-1914,6,1,12
2024-05-19,4호선,명동,27543,29457,-1914,6,1,13
2024-05-19,4호선,명동,27543,29457,-1914,6,1,14
2024-05-19,4호선,명동,27543,29457,-1914,6,1,15
2024-05-19,4호선,명동,27543,29457,-1914,6,1,16
2024-05-19,4호선,명동,27543,29457,-1914,6,1,17
2024-05-19,4호선,명동,27543,29457,-1914,6,1,18
2024-05-19,4호선,명동,27543,29457,-1914,6,1,19
2024-05-19,4호선,명동,27543,29457,-1914,6,1,20
2024-05-19,4호선,명동,27543,29457,-1914,6,1,21
2024-05-19,4호선,명동,27543,29457,-1914,6,1,22
2024-05-19,4호선,명동,27543,29457,-1914,6,1,23
2024-05-20,4호선,명동,33514,35280,-1766,0,0,00
2024-05-20,4호선,명동,33514,35280,-1766,0,0,01
2024-05-20,4호선,명동,33514,35280,-1766,0,0,02
2024-05-20,4호선,명동,33514,35280,-1766,0,0,03
2024-05-20,4호선,명동,33514,35280,-1766,0,0,04
2024-05-20,4호선,명동,33514,35280,-1766,0,0,05
2024-05-20,4호선,명동,33514,35280,-1766,0,0,06
2024-05-20,4호선,명동,33514,35280,-1766,0,0,07
2024-05-20,4호선,명동,33514,35280,-1766,0,0,08
2024-05-20,4호선,명동,33514,35280,-1766,0,0,09
2024-05-20,4호선,명동,33514,35280,-1766,0,0,10
2024-05-20,4호선,명동,33514,35280,-1766,0,0,11
2024-05-20,4호선,명동,33514,35280,-1766,0,0,12
2024-05-20,4호선,명동,33514,35280,-1766,0,0,13
2024-05-20,4호선,명동,33514,35280,-1766,0,0,14
2024-05-20,4호선,명동,33514,35280,-1766,0,0,15
2024-05-20,4호선,명동,33514,35280,-1766,0,0,16
2024-05-20,4호선,명동,33514,35280,-1766,0,0,17
2024-05-20,4호선,명동,33514,35280,-1766,0,0,18
2024-05-20,4호선,명동,33514,35280,-1766,0,0,19
2024-05-20,4호선,명동,33514,35280,-1766,0,0,20
2024-05-20,4호선,명동,33514,35280,-1766,0,0,21
2024-05-20,4호선,명동,33514,35280,-1766,0,0,22
2024-05-20,4호선,명동,33514,35280,-1766,0,0,23
2024-05-21,4호선,명동,35066,37019,-1953,1,0,00
2024-05-21,4호선,명동,35066,37019,-1953,1,0,01
2024-05-21,4호선,명동,35066,37019,-1953,1,0,02
2024-05-21,4호선,명동,35066,37019,-1953,1,0,03
2024-05-21,4호선,명동,35066,37019,-1953,1,0,04
2024-05-21,4호선,명동,35066,37019,-1953,1,0,05
2024-05-21,4호선,명동,35066,37019,-1953,1,0,06
2024-05-21,4호선,명동,35066,37019,-1953,1,0,07
2024-05-21,4호선,명동,35066,37019,-1953,1,0,08
2024-05-21,4호선,명동,35066,37019,-1953,1,0,09
2024-05-21,4호선,명동,35066,37019,-1953,1,0,10
2024-05-21,4호선,명동,35066,37019,-1953,1,0,11
2024-05-21,4호선,명동,35066,37019,-1953,1,0,12
2024-05-21,4호선,명동,35066,37019,-1953,1,0,13
2024-05-21,4호선,명동,35066,37019,-1953,1,0,14
2024-05-21,4호선,명동,35066,37019,-1953,1,0,15
2024-05-21,4호선,명동,35066,37019,-1953,1,0,16
2024-05-21,4호선,명동,35066,37019,-1953,1,0,17
2024-05-21,4호선,명동,35066,37019,-1953,1,0,18
2024-05-21,4호선,명동,35066,37019,-1953,1,0,19
2024-05-21,4호선,명동,35066,37019,-1953,1,0,20
2024-05-21,4호선,명동,35066,37019,-1953,1,0,21
2024-05-21,4호선,명동,35066,37019,-1953,1,0,22
2024-05-21,4호선,명동,35066,37019,-1953,1,0,23
2024-05-22,4호선,명동,35969,38048,-2079,2,0,00
2024-05-22,4호선,명동,35969,38048,-2079,2,0,01
2024-05-22,4호선,명동,35969,38048,-2079,2,0,02
2024-05-22,4호선,명동,35969,38048,-2079,2,0,03
2024-05-22,4호선,명동,35969,38048,-2079,2,0,04
2024-05-22,4호선,명동,35969,38048,-2079,2,0,05
2024-05-22,4호선,명동,35969,38048,-2079,2,0,06
2024-05-22,4호선,명동,35969,38048,-2079,2,0,07
2024-05-22,4호선,명동,35969,38048,-2079,2,0,08
2024-05-22,4호선,명동,35969,38048,-2079,2,0,09
2024-05-22,4호선,명동,35969,38048,-2079,2,0,10
2024-05-22,4호선,명동,35969,38048,-2079,2,0,11
2024-05-22,4호선,명동,35969,38048,-2079,2,0,12
2024-05-22,4호선,명동,35969,38048,-2079,2,0,13
2024-05-22,4호선,명동,35969,38048,-2079,2,0,14
2024-05-22,4호선,명동,35969,38048,-2079,2,0,15
2024-05-22,4호선,명동,35969,38048,-2079,2,0,16
2024-05-22,4호선,명동,35969,38048,-2079,2,0,17
2024-05-22,4호선,명동,35969,38048,-2079,2,0,18
2024-05-22,4호선,명동,35969,38048,-2079,2,0,19
2024-05-22,4호선,명동,35969,38048,-2079,2,0,20
2024-05-22,4호선,명동,35969,38048,-2079,2,0,21
2024-05-22,4호선,명동,35969,38048,-2079,2,0,22
2024-05-22,4호선,명동,35969,38048,-2079,2,0,23
2024-05-23,4호선,명동,35748,37467,-1719,3,0,00
2024-05-23,4호선,명동,35748,37467,-1719,3,0,01
2024-05-23,4호선,명동,35748,37467,-1719,3,0,02
2024-05-23,4호선,명동,35748,37467,-1719,3,0,03
2024-05-23,4호선,명동,35748,37467,-1719,3,0,04
2024-05-23,4호선,명동,35748,37467,-1719,3,0,05
2024-05-23,4호선,명동,35748,37467,-1719,3,0,06
2024-05-23,4호선,명동,35748,37467,-1719,3,0,07
2024-05-23,4호선,명동,35748,37467,-1719,3,0,08
2024-05-23,4호선,명동,35748,37467,-1719,3,0,09
2024-05-23,4호선,명동,35748,37467,-1719,3,0,10
2024-05-23,4호선,명동,35748,37467,-1719,3,0,11
2024-05-23,4호선,명동,35748,37467,-1719,3,0,12
2024-05-23,4호선,명동,35748,37467,-1719,3,0,13
2024-05-23,4호선,명동,35748,37467,-1719,3,0,14
2024-05-23,4호선,명동,35748,37467,-1719,3,0,15
2024-05-23,4호선,명동,35748,37467,-1719,3,0,16
2024-05-23,4호선,명동,35748,37467,-1719,3,0,17
2024-05-23,4호선,명동,35748,37467,-1719,3,0,18
2024-05-23,4호선,명동,35748,37467,-1719,3,0,19
2024-05-23,4호선,명동,35748,37467,-1719,3,0,20
2024-05-23,4호선,명동,35748,37467,-1719,3,0,21
2024-05-23,4호선,명동,35748,37467,-1719,3,0,22
2024-05-23,4호선,명동,35748,37467,-1719,3,0,23
2024-05-24,4호선,명동,36985,39831,-2846,4,0,00
2024-05-24,4호선,명동,36985,39831,-2846,4,0,01
2024-05-24,4호선,명동,36985,39831,-2846,4,0,02
2024-05-24,4호선,명동,36985,39831,-2846,4,0,03
2024-05-24,4호선,명동,36985,39831,-2846,4,0,04
2024-05-24,4호선,명동,36985,39831,-2846,4,0,05
2024-05-24,4호선,명동,36985,39831,-2846,4,0,06
2024-05-24,4호선,명동,36985,39831,-2846,4,0,07
2024-05-24,4호선,명동,36985,39831,-2846,4,0,08
2024-05-24,4호선,명동,36985,39831,-2846,4,0,09
2024-05-24,4호선,명동,36985,39831,-2846,4,0,10
2024-05-24,4호선,명동,36985,39831,-2846,4,0,11
2024-05-24,4호선,명동,36985,39831,-2846,4,0,12
2024-05-24,4호선,명동,36985,39831,-2846,4,0,13
2024-05-24,4호선,명동,36985,39831,-2846,4,0,14
2024-05-24,4호선,명동,36985,39831,-2846,4,0,15
2024-05-24,4호선,명동,36985,39831,-2846,4,0,16
2024-05-24,4호선,명동,36985,39831,-2846,4,0,17
2024-05-24,4호선,명동,36985,39831,-2846,4,0,18
2024-05-24,4호선,명동,36985,39831,-2846,4,0,19
2024-05-24,4호선,명동,36985,39831,-2846,4,0,20
2024-05-24,4호선,명동,36985,39831,-2846,4,0,21
2024-05-24,4호선,명동,36985,39831,-2846,4,0,22
2024-05-24,4호선,명동,36985,39831,-2846,4,0,23
2024-05-25,4호선,명동,33948,38163,-4215,5,1,00
2024-05-25,4호선,명동,33948,38163,-4215,5,1,01
2024-05-25,4호선,명동,33948,38163,-4215,5,1,02
2024-05-25,4호선,명동,33948,38163,-4215,5,1,03
2024-05-25,4호선,명동,33948,38163,-4215,5,1,04
2024-05-25,4호선,명동,33948,38163,-4215,5,1,05
2024-05-25,4호선,명동,33948,38163,-4215,5,1,06
2024-05-25,4호선,명동,33948,38163,-4215,5,1,07
2024-05-25,4호선,명동,33948,38163,-4215,5,1,08
2024-05-25,4호선,명동,33948,38163,-4215,5,1,09
2024-05-25,4호선,명동,33948,38163,-4215,5,1,10
2024-05-25,4호선,명동,33948,38163,-4215,5,1,11
2024-05-25,4호선,명동,33948,38163,-4215,5,1,12
2024-05-25,4호선,명동,33948,38163,-4215,5,1,13
2024-05-25,4호선,명동,33948,38163,-4215,5,1,14
2024-05-25,4호선,명동,33948,38163,-4215,5,1,15
2024-05-25,4호선,명동,33948,38163,-4215,5,1,16
2024-05-25,4호선,명동,33948,38163,-4215,5,1,17
2024-05-25,4호선,명동,33948,38163,-4215,5,1,18
2024-05-25,4호선,명동,33948,38163,-4215,5,1,19
2024-05-25,4호선,명동,33948,38163,-4215,5,1,20
2024-05-25,4호선,명동,33948,38163,-4215,5,1,21
2024-05-25,4호선,명동,33948,38163,-4215,5,1,22
2024-05-25,4호선,명동,33948,38163,-4215,5,1,23
2024-05-26,4호선,명동,26781,28901,-2120,6,1,00
2024-05-26,4호선,명동,26781,28901,-2120,6,1,01
2024-05-26,4호선,명동,26781,28901,-2120,6,1,02
2024-05-26,4호선,명동,26781,28901,-2120,6,1,03
2024-05-26,4호선,명동,26781,28901,-2120,6,1,04
2024-05-26,4호선,명동,26781,28901,-2120,6,1,05
2024-05-26,4호선,명동,26781,28901,-2120,6,1,06
2024-05-26,4호선,명동,26781,28901,-2120,6,1,07
2024-05-26,4호선,명동,26781,28901,-2120,6,1,08
2024-05-26,4호선,명동,26781,28901,-2120,6,1,09
2024-05-26,4호선,명동,26781,28901,-2120,6,1,10
2024-05-26,4호선,명동,26781,28901,-2120,6,1,11
2024-05-26,4호선,명동,26781,28901,-2120,6,1,12
2024-05-26,4호선,명동,26781,28901,-2120,6,1,13
2024-05-26,4호선,명동,26781,28901,-2120,6,1,14
2024-05-26,4호선,명동,26781,28901,-2120,6,1,15
2024-05-26,4호선,명동,26781,28901,-2120,6,1,16
2024-05-26,4호선,명동,26781,28901,-2120,6,1,17
2024-05-26,4호선,명동,26781,28901,-2120,6,1,18
2024-05-26,4호선,명동,26781,28901,-2120,6,1,19
2024-05-26,4호선,명동,26781,28901,-2120,6,1,20
2024-05-26,4호선,명동,26781,28901,-2120,6,1,21
2024-05-26,4호선,명동,26781,28901,-2120,6,1,22
2024-05-26,4호선,명동,26781,28901,-2120,6,1,23
2024-05-27,4호선,명동,35929,37613,-1684,0,0,00
2024-05-27,4호선,명동,35929,37613,-1684,0,0,01
2024-05-27,4호선,명동,35929,37613,-1684,0,0,02
2024-05-27,4호선,명동,35929,37613,-1684,0,0,03
2024-05-27,4호선,명동,35929,37613,-1684,0,0,04
2024-05-27,4호선,명동,35929,37613,-1684,0,0,05
2024-05-27,4호선,명동,35929,37613,-1684,0,0,06
2024-05-27,4호선,명동,35929,37613,-1684,0,0,07
2024-05-27,4호선,명동,35929,37613,-1684,0,0,08
2024-05-27,4호선,명동,35929,37613,-1684,0,0,09
2024-05-27,4호선,명동,35929,37613,-1684,0,0,10
2024-05-27,4호선,명동,35929,37613,-1684,0,0,11
2024-05-27,4호선,명동,35929,37613,-1684,0,0,12
2024-05-27,4호선,명동,35929,37613,-1684,0,0,13
2024-05-27,4호선,명동,35929,37613,-1684,0,0,14
2024-05-27,4호선,명동,35929,37613,-1684,0,0,15
2024-05-27,4호선,명동,35929,37613,-1684,0,0,16
2024-05-27,4호선,명동,35929,37613,-1684,0,0,17
2024-05-27,4호선,명동,35929,37613,-1684,0,0,18
2024-05-27,4호선,명동,35929,37613,-1684,0,0,19
2024-05-27,4호선,명동,35929,37613,-1684,0,0,20
2024-05-27,4호선,명동,35929,37613,-1684,0,0,21
2024-05-27,4호선,명동,35929,37613,-1684,0,0,22
2024-05-27,4호선,명동,35929,37613,-1684,0,0,23
2024-05-28,4호선,명동,35804,37707,-1903,1,0,00
2024-05-28,4호선,명동,35804,37707,-1903,1,0,01
2024-05-28,4호선,명동,35804,37707,-1903,1,0,02
2024-05-28,4호선,명동,35804,37707,-1903,1,0,03
2024-05-28,4호선,명동,35804,37707,-1903,1,0,04
2024-05-28,4호선,명동,35804,37707,-1903,1,0,05
2024-05-28,4호선,명동,35804,37707,-1903,1,0,06
2024-05-28,4호선,명동,35804,37707,-1903,1,0,07
2024-05-28,4호선,명동,35804,37707,-1903,1,0,08
2024-05-28,4호선,명동,35804,37707,-1903,1,0,09
2024-05-28,4호선,명동,35804,37707,-1903,1,0,10
2024-05-28,4호선,명동,35804,37707,-1903,1,0,11
2024-05-28,4호선,명동,35804,37707,-1903,1,0,12
2024-05-28,4호선,명동,35804,37707,-1903,1,0,13
2024-05-28,4호선,명동,35804,37707,-1903,1,0,14
2024-05-28,4호선,명동,35804,37707,-1903,1,0,15
2024-05-28,4호선,명동,35804,37707,-1903,1,0,16
2024-05-28,4호선,명동,35804,37707,-1903,1,0,17
2024-05-28,4호선,명동,35804,37707,-1903,1,0,18
2024-05-28,4호선,명동,35804,37707,-1903,1,0,19
2024-05-28,4호선,명동,35804,37707,-1903,1,0,20
2024-05-28,4호선,명동,35804,37707,-1903,1,0,21
2024-05-28,4호선,명동,35804,37707,-1903,1,0,22
2024-05-28,4호선,명동,35804,37707,-1903,1,0,23
2024-05-29,4호선,명동,36318,38305,-1987,2,0,00
2024-05-29,4호선,명동,36318,38305,-1987,2,0,01
2024-05-29,4호선,명동,36318,38305,-1987,2,0,02
2024-05-29,4호선,명동,36318,38305,-1987,2,0,03
2024-05-29,4호선,명동,36318,38305,-1987,2,0,04
2024-05-29,4호선,명동,36318,38305,-1987,2,0,05
2024-05-29,4호선,명동,36318,38305,-1987,2,0,06
2024-05-29,4호선,명동,36318,38305,-1987,2,0,07
2024-05-29,4호선,명동,36318,38305,-1987,2,0,08
2024-05-29,4호선,명동,36318,38305,-1987,2,0,09
2024-05-29,4호선,명동,36318,38305,-1987,2,0,10
2024-05-29,4호선,명동,36318,38305,-1987,2,0,11
2024-05-29,4호선,명동,36318,38305,-1987,2,0,12
2024-05-29,4호선,명동,36318,38305,-1987,2,0,13
2024-05-29,4호선,명동,36318,38305,-1987,2,0,14
2024-05-29,4호선,명동,36318,38305,-1987,2,0,15
2024-05-29,4호선,명동,36318,38305,-1987,2,0,16
2024-05-29,4호선,명동,36318,38305,-1987,2,0,17
2024-05-29,4호선,명동,36318,38305,-1987,2,0,18
2024-05-29,4호선,명동,36318,38305,-1987,2,0,19
2024-05-29,4호선,명동,36318,38305,-1987,2,0,20
2024-05-29,4호선,명동,36318,38305,-1987,2,0,21
2024-05-29,4호선,명동,36318,38305,-1987,2,0,22
2024-05-29,4호선,명동,36318,38305,-1987,2,0,23
2024-05-30,4호선,명동,35342,37394,-2052,3,0,00
2024-05-30,4호선,명동,35342,37394,-2052,3,0,01
2024-05-30,4호선,명동,35342,37394,-2052,3,0,02
2024-05-30,4호선,명동,35342,37394,-2052,3,0,03
2024-05-30,4호선,명동,35342,37394,-2052,3,0,04
2024-05-30,4호선,명동,35342,37394,-2052,3,0,05
2024-05-30,4호선,명동,35342,37394,-2052,3,0,06
2024-05-30,4호선,명동,35342,37394,-2052,3,0,07
2024-05-30,4호선,명동,35342,37394,-2052,3,0,08
2024-05-30,4호선,명동,35342,37394,-2052,3,0,09
2024-05-30,4호선,명동,35342,37394,-2052,3,0,10
2024-05-30,4호선,명동,35342,37394,-2052,3,0,11
2024-05-30,4호선,명동,35342,37394,-2052,3,0,12
2024-05-30,4호선,명동,35342,37394,-2052,3,0,13
2024-05-30,4호선,명동,35342,37394,-2052,3,0,14
2024-05-30,4호선,명동,35342,37394,-2052,3,0,15
2024-05-30,4호선,명동,35342,37394,-2052,3,0,16
2024-05-30,4호선,명동,35342,37394,-2052,3,0,17
2024-05-30,4호선,명동,35342,37394,-2052,3,0,18
2024-05-30,4호선,명동,35342,37394,-2052,3,0,19
2024-05-30,4호선,명동,35342,37394,-2052,3,0,20
2024-05-30,4호선,명동,35342,37394,-2052,3,0,21
2024-05-30,4호선,명동,35342,37394,-2052,3,0,22
2024-05-30,4호선,명동,35342,37394,-2052,3,0,23
2024-05-31,4호선,명동,36462,39131,-2669,4,0,00
2024-05-31,4호선,명동,36462,39131,-2669,4,0,01
2024-05-31,4호선,명동,36462,39131,-2669,4,0,02
2024-05-31,4호선,명동,36462,39131,-2669,4,0,03
2024-05-31,4호선,명동,36462,39131,-2669,4,0,04
2024-05-31,4호선,명동,36462,39131,-2669,4,0,05
2024-05-31,4호선,명동,36462,39131,-2669,4,0,06
2024-05-31,4호선,명동,36462,39131,-2669,4,0,07
2024-05-31,4호선,명동,36462,39131,-2669,4,0,08
2024-05-31,4호선,명동,36462,39131,-2669,4,0,09
2024-05-31,4호선,명동,36462,39131,-2669,4,0,10
2024-05-31,4호선,명동,36462,39131,-2669,4,0,11
2024-05-31,4호선,명동,36462,39131,-2669,4,0,12
2024-05-31,4호선,명동,36462,39131,-2669,4,0,13
2024-05-31,4호선,명동,36462,39131,-2669,4,0,14
2024-05-31,4호선,명동,36462,39131,-2669,4,0,15
2024-05-31,4호선,명동,36462,39131,-2669,4,0,16
2024-05-31,4호선,명동,36462,39131,-2669,4,0,17
2024-05-31,4호선,명동,36462,39131,-2669,4,0,18
2024-05-31,4호선,명동,36462,39131,-2669,4,0,19
2024-05-31,4호선,명동,36462,39131,-2669,4,0,20
2024-05-31,4호선,명동,36462,39131,-2669,4,0,21
2024-05-31,4호선,명동,36462,39131,-2669,4,0,22
2024-05-31,4호선,명동,36462,39131,-2669,4,0,23
2024-06-01,4호선,명동,36401,38738,-2337,5,1,00
2024-06-01,4호선,명동,36401,38738,-2337,5,1,01
2024-06-01,4호선,명동,36401,38738,-2337,5,1,02
2024-06-01,4호선,명동,36401,38738,-2337,5,1,03
2024-06-01,4호선,명동,36401,38738,-2337,5,1,04
2024-06-01,4호선,명동,36401,38738,-2337,5,1,05
2024-06-01,4호선,명동,36401,38738,-2337,5,1,06
2024-06-01,4호선,명동,36401,38738,-2337,5,1,07
2024-06-01,4호선,명동,36401,38738,-2337,5,1,08
2024-06-01,4호선,명동,36401,38738,-2337,5,1,09
2024-06-01,4호선,명동,36401,38738,-2337,5,1,10
2024-06-01,4호선,명동,36401,38738,-2337,5,1,11
2024-06-01,4호선,명동,36401,38738,-2337,5,1,12
2024-06-01,4호선,명동,36401,38738,-2337,5,1,13
2024-06-01,4호선,명동,36401,38738,-2337,5,1,14
2024-06-01,4호선,명동,36401,38738,-2337,5,1,15
2024-06-01,4호선,명동,36401,38738,-2337,5,1,16
2024-06-01,4호선,명동,36401,38738,-2337,5,1,17
2024-06-01,4호선,명동,36401,38738,-2337,5,1,18
2024-06-01,4호선,명동,36401,38738,-2337,5,1,19
2024-06-01,4호선,명동,36401,38738,-2337,5,1,20
2024-06-01,4호선,명동,36401,38738,-2337,5,1,21
2024-06-01,4호선,명동,36401,38738,-2337,5,1,22
2024-06-01,4호선,명동,36401,38738,-2337,5,1,23
2024-06-02,4호선,명동,27406,29027,-1621,6,1,00
2024-06-02,4호선,명동,27406,29027,-1621,6,1,01
2024-06-02,4호선,명동,27406,29027,-1621,6,1,02
2024-06-02,4호선,명동,27406,29027,-1621,6,1,03
2024-06-02,4호선,명동,27406,29027,-1621,6,1,04
2024-06-02,4호선,명동,27406,29027,-1621,6,1,05
2024-06-02,4호선,명동,27406,29027,-1621,6,1,06
2024-06-02,4호선,명동,27406,29027,-1621,6,1,07
2024-06-02,4호선,명동,27406,29027,-1621,6,1,08
2024-06-02,4호선,명동,27406,29027,-1621,6,1,09
2024-06-02,4호선,명동,27406,29027,-1621,6,1,10
2024-06-02,4호선,명동,27406,29027,-1621,6,1,11
2024-06-02,4호선,명동,27406,29027,-1621,6,1,12
2024-06-02,4호선,명동,27406,29027,-1621,6,1,13
2024-06-02,4호선,명동,27406,29027,-1621,6,1,14
2024-06-02,4호선,명동,27406,29027,-1621,6,1,15
2024-06-02,4호선,명동,27406,29027,-1621,6,1,16
2024-06-02,4호선,명동,27406,29027,-1621,6,1,17
2024-06-02,4호선,명동,27406,29027,-1621,6,1,18
2024-06-02,4호선,명동,27406,29027,-1621,6,1,19
2024-06-02,4호선,명동,27406,29027,-1621,6,1,20
2024-06-02,4호선,명동,27406,29027,-1621,6,1,21
2024-06-02,4호선,명동,27406,29027,-1621,6,1,22
2024-06-02,4호선,명동,27406,29027,-1621,6,1,23
2024-06-03,4호선,명동,34264,35335,-1071,0,0,00
2024-06-03,4호선,명동,34264,35335,-1071,0,0,01
2024-06-03,4호선,명동,34264,35335,-1071,0,0,02
2024-06-03,4호선,명동,34264,35335,-1071,0,0,03
2024-06-03,4호선,명동,34264,35335,-1071,0,0,04
2024-06-03,4호선,명동,34264,35335,-1071,0,0,05
2024-06-03,4호선,명동,34264,35335,-1071,0,0,06
2024-06-03,4호선,명동,34264,35335,-1071,0,0,07
2024-06-03,4호선,명동,34264,35335,-1071,0,0,08
2024-06-03,4호선,명동,34264,35335,-1071,0,0,09
2024-06-03,4호선,명동,34264,35335,-1071,0,0,10
2024-06-03,4호선,명동,34264,35335,-1071,0,0,11
2024-06-03,4호선,명동,34264,35335,-1071,0,0,12
2024-06-03,4호선,명동,34264,35335,-1071,0,0,13
2024-06-03,4호선,명동,34264,35335,-1071,0,0,14
2024-06-03,4호선,명동,34264,35335,-1071,0,0,15
2024-06-03,4호선,명동,34264,35335,-1071,0,0,16
2024-06-03,4호선,명동,34264,35335,-1071,0,0,17
2024-06-03,4호선,명동,34264,35335,-1071,0,0,18
2024-06-03,4호선,명동,34264,35335,-1071,0,0,19
2024-06-03,4호선,명동,34264,35335,-1071,0,0,20
2024-06-03,4호선,명동,34264,35335,-1071,0,0,21
2024-06-03,4호선,명동,34264,35335,-1071,0,0,22
2024-06-03,4호선,명동,34264,35335,-1071,0,0,23
2024-06-04,4호선,명동,33926,35705,-1779,1,0,00
2024-06-04,4호선,명동,33926,35705,-1779,1,0,01
2024-06-04,4호선,명동,33926,35705,-1779,1,0,02
2024-06-04,4호선,명동,33926,35705,-1779,1,0,03
2024-06-04,4호선,명동,33926,35705,-1779,1,0,04
2024-06-04,4호선,명동,33926,35705,-1779,1,0,05
2024-06-04,4호선,명동,33926,35705,-1779,1,0,06
2024-06-04,4호선,명동,33926,35705,-1779,1,0,07
2024-06-04,4호선,명동,33926,35705,-1779,1,0,08
2024-06-04,4호선,명동,33926,35705,-1779,1,0,09
2024-06-04,4호선,명동,33926,35705,-1779,1,0,10
2024-06-04,4호선,명동,33926,35705,-1779,1,0,11
2024-06-04,4호선,명동,33926,35705,-1779,1,0,12
2024-06-04,4호선,명동,33926,35705,-1779,1,0,13
2024-06-04,4호선,명동,33926,35705,-1779,1,0,14
2024-06-04,4호선,명동,33926,35705,-1779,1,0,15
2024-06-04,4호선,명동,33926,35705,-1779,1,0,16
2024-06-04,4호선,명동,33926,35705,-1779,1,0,17
2024-06-04,4호선,명동,33926,35705,-1779,1,0,18
2024-06-04,4호선,명동,33926,35705,-1779,1,0,19
2024-06-04,4호선,명동,33926,35705,-1779,1,0,20
2024-06-04,4호선,명동,33926,35705,-1779,1,0,21
2024-06-04,4호선,명동,33926,35705,-1779,1,0,22
2024-06-04,4호선,명동,33926,35705,-1779,1,0,23
2024-06-05,4호선,명동,34534,36718,-2184,2,0,00
2024-06-05,4호선,명동,34534,36718,-2184,2,0,01
2024-06-05,4호선,명동,34534,36718,-2184,2,0,02
2024-06-05,4호선,명동,34534,36718,-2184,2,0,03
2024-06-05,4호선,명동,34534,36718,-2184,2,0,04
2024-06-05,4호선,명동,34534,36718,-2184,2,0,05
2024-06-05,4호선,명동,34534,36718,-2184,2,0,06
2024-06-05,4호선,명동,34534,36718,-2184,2,0,07
2024-06-05,4호선,명동,34534,36718,-2184,2,0,08
2024-06-05,4호선,명동,34534,36718,-2184,2,0,09
2024-06-05,4호선,명동,34534,36718,-2184,2,0,10
2024-06-05,4호선,명동,34534,36718,-2184,2,0,11
2024-06-05,4호선,명동,34534,36718,-2184,2,0,12
2024-06-05,4호선,명동,34534,36718,-2184,2,0,13
2024-06-05,4호선,명동,34534,36718,-2184,2,0,14
2024-06-05,4호선,명동,34534,36718,-2184,2,0,15
2024-06-05,4호선,명동,34534,36718,-2184,2,0,16
2024-06-05,4호선,명동,34534,36718,-2184,2,0,17
2024-06-05,4호선,명동,34534,36718,-2184,2,0,18
2024-06-05,4호선,명동,34534,36718,-2184,2,0,19
2024-06-05,4호선,명동,34534,36718,-2184,2,0,20
2024-06-05,4호선,명동,34534,36718,-2184,2,0,21
2024-06-05,4호선,명동,34534,36718,-2184,2,0,22
2024-06-05,4호선,명동,34534,36718,-2184,2,0,23
2024-06-06,4호선,명동,28302,32058,-3756,3,0,00
2024-06-06,4호선,명동,28302,32058,-3756,3,0,01
2024-06-06,4호선,명동,28302,32058,-3756,3,0,02
2024-06-06,4호선,명동,28302,32058,-3756,3,0,03
2024-06-06,4호선,명동,28302,32058,-3756,3,0,04
2024-06-06,4호선,명동,28302,32058,-3756,3,0,05
2024-06-06,4호선,명동,28302,32058,-3756,3,0,06
2024-06-06,4호선,명동,28302,32058,-3756,3,0,07
2024-06-06,4호선,명동,28302,32058,-3756,3,0,08
2024-06-06,4호선,명동,28302,32058,-3756,3,0,09
2024-06-06,4호선,명동,28302,32058,-3756,3,0,10
2024-06-06,4호선,명동,28302,32058,-3756,3,0,11
2024-06-06,4호선,명동,28302,32058,-3756,3,0,12
2024-06-06,4호선,명동,28302,32058,-3756,3,0,13
2024-06-06,4호선,명동,28302,32058,-3756,3,0,14
2024-06-06,4호선,명동,28302,32058,-3756,3,0,15
2024-06-06,4호선,명동,28302,32058,-3756,3,0,16
2024-06-06,4호선,명동,28302,32058,-3756,3,0,17
2024-06-06,4호선,명동,28302,32058,-3756,3,0,18
2024-06-06,4호선,명동,28302,32058,-3756,3,0,19
2024-06-06,4호선,명동,28302,32058,-3756,3,0,20
2024-06-06,4호선,명동,28302,32058,-3756,3,0,21
2024-06-06,4호선,명동,28302,32058,-3756,3,0,22
2024-06-06,4호선,명동,28302,32058,-3756,3,0,23
2024-06-07,4호선,명동,38178,40787,-2609,4,0,00
2024-06-07,4호선,명동,38178,40787,-2609,4,0,01
2024-06-07,4호선,명동,38178,40787,-2609,4,0,02
2024-06-07,4호선,명동,38178,40787,-2609,4,0,03
2024-06-07,4호선,명동,38178,40787,-2609,4,0,04
2024-06-07,4호선,명동,38178,40787,-2609,4,0,05
2024-06-07,4호선,명동,38178,40787,-2609,4,0,06
2024-06-07,4호선,명동,38178,40787,-2609,4,0,07
2024-06-07,4호선,명동,38178,40787,-2609,4,0,08
2024-06-07,4호선,명동,38178,40787,-2609,4,0,09
2024-06-07,4호선,명동,38178,40787,-2609,4,0,10
2024-06-07,4호선,명동,38178,40787,-2609,4,0,11
2024-06-07,4호선,명동,38178,40787,-2609,4,0,12
2024-06-07,4호선,명동,38178,40787,-2609,4,0,13
2024-06-07,4호선,명동,38178,40787,-2609,4,0,14
2024-06-07,4호선,명동,38178,40787,-2609,4,0,15
2024-06-07,4호선,명동,38178,40787,-2609,4,0,16
2024-06-07,4호선,명동,38178,40787,-2609,4,0,17
2024-06-07,4호선,명동,38178,40787,-2609,4,0,18
2024-06-07,4호선,명동,38178,40787,-2609,4,0,19
2024-06-07,4호선,명동,38178,40787,-2609,4,0,20
2024-06-07,4호선,명동,38178,40787,-2609,4,0,21
2024-06-07,4호선,명동,38178,40787,-2609,4,0,22
2024-06-07,4호선,명동,38178,40787,-2609,4,0,23
2024-06-08,4호선,명동,29566,32603,-3037,5,1,00
2024-06-08,4호선,명동,29566,32603,-3037,5,1,01
2024-06-08,4호선,명동,29566,32603,-3037,5,1,02
2024-06-08,4호선,명동,29566,32603,-3037,5,1,03
2024-06-08,4호선,명동,29566,32603,-3037,5,1,04
2024-06-08,4호선,명동,29566,32603,-3037,5,1,05
2024-06-08,4호선,명동,29566,32603,-3037,5,1,06
2024-06-08,4호선,명동,29566,32603,-3037,5,1,07
2024-06-08,4호선,명동,29566,32603,-3037,5,1,08
2024-06-08,4호선,명동,29566,32603,-3037,5,1,09
2024-06-08,4호선,명동,29566,32603,-3037,5,1,10
2024-06-08,4호선,명동,29566,32603,-3037,5,1,11
2024-06-08,4호선,명동,29566,32603,-3037,5,1,12
2024-06-08,4호선,명동,29566,32603,-3037,5,1,13
2024-06-08,4호선,명동,29566,32603,-3037,5,1,14
2024-06-08,4호선,명동,29566,32603,-3037,5,1,15
2024-06-08,4호선,명동,29566,32603,-3037,5,1,16
2024-06-08,4호선,명동,29566,32603,-3037,5,1,17
2024-06-08,4호선,명동,29566,32603,-3037,5,1,18
2024-06-08,4호선,명동,29566,32603,-3037,5,1,19
2024-06-08,4호선,명동,29566,32603,-3037,5,1,20
2024-06-08,4호선,명동,29566,32603,-3037,5,1,21
2024-06-08,4호선,명동,29566,32603,-3037,5,1,22
2024-06-08,4호선,명동,29566,32603,-3037,5,1,23
2024-06-09,4호선,명동,26650,28579,-1929,6,1,00
2024-06-09,4호선,명동,26650,28579,-1929,6,1,01
2024-06-09,4호선,명동,26650,28579,-1929,6,1,02
2024-06-09,4호선,명동,26650,28579,-1929,6,1,03
2024-06-09,4호선,명동,26650,28579,-1929,6,1,04
2024-06-09,4호선,명동,26650,28579,-1929,6,1,05
2024-06-09,4호선,명동,26650,28579,-1929,6,1,06
2024-06-09,4호선,명동,26650,28579,-1929,6,1,07
2024-06-09,4호선,명동,26650,28579,-1929,6,1,08
2024-06-09,4호선,명동,26650,28579,-1929,6,1,09
2024-06-09,4호선,명동,26650,28579,-1929,6,1,10
2024-06-09,4호선,명동,26650,28579,-1929,6,1,11
2024-06-09,4호선,명동,26650,28579,-1929,6,1,12
2024-06-09,4호선,명동,26650,28579,-1929,6,1,13
2024-06-09,4호선,명동,26650,28579,-1929,6,1,14
2024-06-09,4호선,명동,26650,28579,-1929,6,1,15
2024-06-09,4호선,명동,26650,28579,-1929,6,1,16
2024-06-09,4호선,명동,26650,28579,-1929,6,1,17
2024-06-09,4호선,명동,26650,28579,-1929,6,1,18
2024-06-09,4호선,명동,26650,28579,-1929,6,1,19
2024-06-09,4호선,명동,26650,28579,-1929,6,1,20
2024-06-09,4호선,명동,26650,28579,-1929,6,1,21
2024-06-09,4호선,명동,26650,28579,-1929,6,1,22
2024-06-09,4호선,명동,26650,28579,-1929,6,1,23
2024-06-10,4호선,명동,33902,35173,-1271,0,1,00
2024-06-10,4호선,명동,33902,35173,-1271,0,1,01
2024-06-10,4호선,명동,33902,35173,-1271,0,1,02
2024-06-10,4호선,명동,33902,35173,-1271,0,1,03
2024-06-10,4호선,명동,33902,35173,-1271,0,1,04
2024-06-10,4호선,명동,33902,35173,-1271,0,1,05
2024-06-10,4호선,명동,33902,35173,-1271,0,1,06
2024-06-10,4호선,명동,33902,35173,-1271,0,1,07
2024-06-10,4호선,명동,33902,35173,-1271,0,1,08
2024-06-10,4호선,명동,33902,35173,-1271,0,1,09
2024-06-10,4호선,명동,33902,35173,-1271,0,1,10
2024-06-10,4호선,명동,33902,35173,-1271,0,1,11
2024-06-10,4호선,명동,33902,35173,-1271,0,1,12
2024-06-10,4호선,명동,33902,35173,-1271,0,1,13
2024-06-10,4호선,명동,33902,35173,-1271,0,1,14
2024-06-10,4호선,명동,33902,35173,-1271,0,1,15
2024-06-10,4호선,명동,33902,35173,-1271,0,1,16
2024-06-10,4호선,명동,33902,35173,-1271,0,1,17
2024-06-10,4호선,명동,33902,35173,-1271,0,1,18
2024-06-10,4호선,명동,33902,35173,-1271,0,1,19
2024-06-10,4호선,명동,33902,35173,-1271,0,1,20
2024-06-10,4호선,명동,33902,35173,-1271,0,1,21
2024-06-10,4호선,명동,33902,35173,-1271,0,1,22
2024-06-10,4호선,명동,33902,35173,-1271,0,1,23
2024-06-11,4호선,명동,33972,36328,-2356,1,0,00
2024-06-11,4호선,명동,33972,36328,-2356,1,0,01
2024-06-11,4호선,명동,33972,36328,-2356,1,0,02
2024-06-11,4호선,명동,33972,36328,-2356,1,0,03
2024-06-11,4호선,명동,33972,36328,-2356,1,0,04
2024-06-11,4호선,명동,33972,36328,-2356,1,0,05
2024-06-11,4호선,명동,33972,36328,-2356,1,0,06
2024-06-11,4호선,명동,33972,36328,-2356,1,0,07
2024-06-11,4호선,명동,33972,36328,-2356,1,0,08
2024-06-11,4호선,명동,33972,36328,-2356,1,0,09
2024-06-11,4호선,명동,33972,36328,-2356,1,0,10
2024-06-11,4호선,명동,33972,36328,-2356,1,0,11
2024-06-11,4호선,명동,33972,36328,-2356,1,0,12
2024-06-11,4호선,명동,33972,36328,-2356,1,0,13
2024-06-11,4호선,명동,33972,36328,-2356,1,0,14
2024-06-11,4호선,명동,33972,36328,-2356,1,0,15
2024-06-11,4호선,명동,33972,36328,-2356,1,0,16
2024-06-11,4호선,명동,33972,36328,-2356,1,0,17
2024-06-11,4호선,명동,33972,36328,-2356,1,0,18
2024-06-11,4호선,명동,33972,36328,-2356,1,0,19
2024-06-11,4호선,명동,33972,36328,-2356,1,0,20
2024-06-11,4호선,명동,33972,36328,-2356,1,0,21
2024-06-11,4호선,명동,33972,36328,-2356,1,0,22
2024-06-11,4호선,명동,33972,36328,-2356,1,0,23
2024-06-12,4호선,명동,36198,38351,-2153,2,0,00
2024-06-12,4호선,명동,36198,38351,-2153,2,0,01
2024-06-12,4호선,명동,36198,38351,-2153,2,0,02
2024-06-12,4호선,명동,36198,38351,-2153,2,0,03
2024-06-12,4호선,명동,36198,38351,-2153,2,0,04
2024-06-12,4호선,명동,36198,38351,-2153,2,0,05
2024-06-12,4호선,명동,36198,38351,-2153,2,0,06
2024-06-12,4호선,명동,36198,38351,-2153,2,0,07
2024-06-12,4호선,명동,36198,38351,-2153,2,0,08
2024-06-12,4호선,명동,36198,38351,-2153,2,0,09
2024-06-12,4호선,명동,36198,38351,-2153,2,0,10
2024-06-12,4호선,명동,36198,38351,-2153,2,0,11
2024-06-12,4호선,명동,36198,38351,-2153,2,0,12
2024-06-12,4호선,명동,36198,38351,-2153,2,0,13
2024-06-12,4호선,명동,36198,38351,-2153,2,0,14
2024-06-12,4호선,명동,36198,38351,-2153,2,0,15
2024-06-12,4호선,명동,36198,38351,-2153,2,0,16
2024-06-12,4호선,명동,36198,38351,-2153,2,0,17
2024-06-12,4호선,명동,36198,38351,-2153,2,0,18
2024-06-12,4호선,명동,36198,38351,-2153,2,0,19
2024-06-12,4호선,명동,36198,38351,-2153,2,0,20
2024-06-12,4호선,명동,36198,38351,-2153,2,0,21
2024-06-12,4호선,명동,36198,38351,-2153,2,0,22
2024-06-12,4호선,명동,36198,38351,-2153,2,0,23
2024-06-13,4호선,명동,36558,38945,-2387,3,0,00
2024-06-13,4호선,명동,36558,38945,-2387,3,0,01
2024-06-13,4호선,명동,36558,38945,-2387,3,0,02
2024-06-13,4호선,명동,36558,38945,-2387,3,0,03
2024-06-13,4호선,명동,36558,38945,-2387,3,0,04
2024-06-13,4호선,명동,36558,38945,-2387,3,0,05
2024-06-13,4호선,명동,36558,38945,-2387,3,0,06
2024-06-13,4호선,명동,36558,38945,-2387,3,0,07
2024-06-13,4호선,명동,36558,38945,-2387,3,0,08
2024-06-13,4호선,명동,36558,38945,-2387,3,0,09
2024-06-13,4호선,명동,36558,38945,-2387,3,0,10
2024-06-13,4호선,명동,36558,38945,-2387,3,0,11
2024-06-13,4호선,명동,36558,38945,-2387,3,0,12
2024-06-13,4호선,명동,36558,38945,-2387,3,0,13
2024-06-13,4호선,명동,36558,38945,-2387,3,0,14
2024-06-13,4호선,명동,36558,38945,-2387,3,0,15
2024-06-13,4호선,명동,36558,38945,-2387,3,0,16
2024-06-13,4호선,명동,36558,38945,-2387,3,0,17
2024-06-13,4호선,명동,36558,38945,-2387,3,0,18
2024-06-13,4호선,명동,36558,38945,-2387,3,0,19
2024-06-13,4호선,명동,36558,38945,-2387,3,0,20
2024-06-13,4호선,명동,36558,38945,-2387,3,0,21
2024-06-13,4호선,명동,36558,38945,-2387,3,0,22
2024-06-13,4호선,명동,36558,38945,-2387,3,0,23
2024-06-14,4호선,명동,38565,40973,-2408,4,0,00
2024-06-14,4호선,명동,38565,40973,-2408,4,0,01
2024-06-14,4호선,명동,38565,40973,-2408,4,0,02
2024-06-14,4호선,명동,38565,40973,-2408,4,0,03
2024-06-14,4호선,명동,38565,40973,-2408,4,0,04
2024-06-14,4호선,명동,38565,40973,-2408,4,0,05
2024-06-14,4호선,명동,38565,40973,-2408,4,0,06
2024-06-14,4호선,명동,38565,40973,-2408,4,0,07
2024-06-14,4호선,명동,38565,40973,-2408,4,0,08
2024-06-14,4호선,명동,38565,40973,-2408,4,0,09
2024-06-14,4호선,명동,38565,40973,-2408,4,0,10
2024-06-14,4호선,명동,38565,40973,-2408,4,0,11
2024-06-14,4호선,명동,38565,40973,-2408,4,0,12
2024-06-14,4호선,명동,38565,40973,-2408,4,0,13
2024-06-14,4호선,명동,38565,40973,-2408,4,0,14
2024-06-14,4호선,명동,38565,40973,-2408,4,0,15
2024-06-14,4호선,명동,38565,40973,-2408,4,0,16
2024-06-14,4호선,명동,38565,40973,-2408,4,0,17
2024-06-14,4호선,명동,38565,40973,-2408,4,0,18
2024-06-14,4호선,명동,38565,40973,-2408,4,0,19
2024-06-14,4호선,명동,38565,40973,-2408,4,0,20
2024-06-14,4호선,명동,38565,40973,-2408,4,0,21
2024-06-14,4호선,명동,38565,40973,-2408,4,0,22
2024-06-14,4호선,명동,38565,40973,-2408,4,0,23
2024-06-15,4호선,명동,32543,37104,-4561,5,1,00
2024-06-15,4호선,명동,32543,37104,-4561,5,1,01
2024-06-15,4호선,명동,32543,37104,-4561,5,1,02
2024-06-15,4호선,명동,32543,37104,-4561,5,1,03
2024-06-15,4호선,명동,32543,37104,-4561,5,1,04
2024-06-15,4호선,명동,32543,37104,-4561,5,1,05
2024-06-15,4호선,명동,32543,37104,-4561,5,1,06
2024-06-15,4호선,명동,32543,37104,-4561,5,1,07
2024-06-15,4호선,명동,32543,37104,-4561,5,1,08
2024-06-15,4호선,명동,32543,37104,-4561,5,1,09
2024-06-15,4호선,명동,32543,37104,-4561,5,1,10
2024-06-15,4호선,명동,32543,37104,-4561,5,1,11
2024-06-15,4호선,명동,32543,37104,-4561,5,1,12
2024-06-15,4호선,명동,32543,37104,-4561,5,1,13
2024-06-15,4호선,명동,32543,37104,-4561,5,1,14
2024-06-15,4호선,명동,32543,37104,-4561,5,1,15
2024-06-15,4호선,명동,32543,37104,-4561,5,1,16
2024-06-15,4호선,명동,32543,37104,-4561,5,1,17
2024-06-15,4호선,명동,32543,37104,-4561,5,1,18
2024-06-15,4호선,명동,32543,37104,-4561,5,1,19
2024-06-15,4호선,명동,32543,37104,-4561,5,1,20
2024-06-15,4호선,명동,32543,37104,-4561,5,1,21
2024-06-15,4호선,명동,32543,37104,-4561,5,1,22
2024-06-15,4호선,명동,32543,37104,-4561,5,1,23
2024-06-16,4호선,명동,28932,31701,-2769,6,1,00
2024-06-16,4호선,명동,28932,31701,-2769,6,1,01
2024-06-16,4호선,명동,28932,31701,-2769,6,1,02
2024-06-16,4호선,명동,28932,31701,-2769,6,1,03
2024-06-16,4호선,명동,28932,31701,-2769,6,1,04
2024-06-16,4호선,명동,28932,31701,-2769,6,1,05
2024-06-16,4호선,명동,28932,31701,-2769,6,1,06
2024-06-16,4호선,명동,28932,31701,-2769,6,1,07
2024-06-16,4호선,명동,28932,31701,-2769,6,1,08
2024-06-16,4호선,명동,28932,31701,-2769,6,1,09
2024-06-16,4호선,명동,28932,31701,-2769,6,1,10
2024-06-16,4호선,명동,28932,31701,-2769,6,1,11
2024-06-16,4호선,명동,28932,31701,-2769,6,1,12
2024-06-16,4호선,명동,28932,31701,-2769,6,1,13
2024-06-16,4호선,명동,28932,31701,-2769,6,1,14
2024-06-16,4호선,명동,28932,31701,-2769,6,1,15
2024-06-16,4호선,명동,28932,31701,-2769,6,1,16
2024-06-16,4호선,명동,28932,31701,-2769,6,1,17
2024-06-16,4호선,명동,28932,31701,-2769,6,1,18
2024-06-16,4호선,명동,28932,31701,-2769,6,1,19
2024-06-16,4호선,명동,28932,31701,-2769,6,1,20
2024-06-16,4호선,명동,28932,31701,-2769,6,1,21
2024-06-16,4호선,명동,28932,31701,-2769,6,1,22
2024-06-16,4호선,명동,28932,31701,-2769,6,1,23
2024-06-17,4호선,명동,36239,38213,-1974,0,0,00
2024-06-17,4호선,명동,36239,38213,-1974,0,0,01
2024-06-17,4호선,명동,36239,38213,-1974,0,0,02
2024-06-17,4호선,명동,36239,38213,-1974,0,0,03
2024-06-17,4호선,명동,36239,38213,-1974,0,0,04
2024-06-17,4호선,명동,36239,38213,-1974,0,0,05
2024-06-17,4호선,명동,36239,38213,-1974,0,0,06
2024-06-17,4호선,명동,36239,38213,-1974,0,0,07
2024-06-17,4호선,명동,36239,38213,-1974,0,0,08
2024-06-17,4호선,명동,36239,38213,-1974,0,0,09
2024-06-17,4호선,명동,36239,38213,-1974,0,0,10
2024-06-17,4호선,명동,36239,38213,-1974,0,0,11
2024-06-17,4호선,명동,36239,38213,-1974,0,0,12
2024-06-17,4호선,명동,36239,38213,-1974,0,0,13
2024-06-17,4호선,명동,36239,38213,-1974,0,0,14
2024-06-17,4호선,명동,36239,38213,-1974,0,0,15
2024-06-17,4호선,명동,36239,38213,-1974,0,0,16
2024-06-17,4호선,명동,36239,38213,-1974,0,0,17
2024-06-17,4호선,명동,36239,38213,-1974,0,0,18
2024-06-17,4호선,명동,36239,38213,-1974,0,0,19
2024-06-17,4호선,명동,36239,38213,-1974,0,0,20
2024-06-17,4호선,명동,36239,38213,-1974,0,0,21
2024-06-17,4호선,명동,36239,38213,-1974,0,0,22
2024-06-17,4호선,명동,36239,38213,-1974,0,0,23
2024-06-18,4호선,명동,35939,38242,-2303,1,0,00
2024-06-18,4호선,명동,35939,38242,-2303,1,0,01
2024-06-18,4호선,명동,35939,38242,-2303,1,0,02
2024-06-18,4호선,명동,35939,38242,-2303,1,0,03
2024-06-18,4호선,명동,35939,38242,-2303,1,0,04
2024-06-18,4호선,명동,35939,38242,-2303,1,0,05
2024-06-18,4호선,명동,35939,38242,-2303,1,0,06
2024-06-18,4호선,명동,35939,38242,-2303,1,0,07
2024-06-18,4호선,명동,35939,38242,-2303,1,0,08
2024-06-18,4호선,명동,35939,38242,-2303,1,0,09
2024-06-18,4호선,명동,35939,38242,-2303,1,0,10
2024-06-18,4호선,명동,35939,38242,-2303,1,0,11
2024-06-18,4호선,명동,35939,38242,-2303,1,0,12
2024-06-18,4호선,명동,35939,38242,-2303,1,0,13
2024-06-18,4호선,명동,35939,38242,-2303,1,0,14
2024-06-18,4호선,명동,35939,38242,-2303,1,0,15
2024-06-18,4호선,명동,35939,38242,-2303,1,0,16
2024-06-18,4호선,명동,35939,38242,-2303,1,0,17
2024-06-18,4호선,명동,35939,38242,-2303,1,0,18
2024-06-18,4호선,명동,35939,38242,-2303,1,0,19
2024-06-18,4호선,명동,35939,38242,-2303,1,0,20
2024-06-18,4호선,명동,35939,38242,-2303,1,0,21
2024-06-18,4호선,명동,35939,38242,-2303,1,0,22
2024-06-18,4호선,명동,35939,38242,-2303,1,0,23
2024-06-19,4호선,명동,36384,37952,-1568,2,0,00
2024-06-19,4호선,명동,36384,37952,-1568,2,0,01
2024-06-19,4호선,명동,36384,37952,-1568,2,0,02
2024-06-19,4호선,명동,36384,37952,-1568,2,0,03
2024-06-19,4호선,명동,36384,37952,-1568,2,0,04
2024-06-19,4호선,명동,36384,37952,-1568,2,0,05
2024-06-19,4호선,명동,36384,37952,-1568,2,0,06
2024-06-19,4호선,명동,36384,37952,-1568,2,0,07
2024-06-19,4호선,명동,36384,37952,-1568,2,0,08
2024-06-19,4호선,명동,36384,37952,-1568,2,0,09
2024-06-19,4호선,명동,36384,37952,-1568,2,0,10
2024-06-19,4호선,명동,36384,37952,-1568,2,0,11
2024-06-19,4호선,명동,36384,37952,-1568,2,0,12
2024-06-19,4호선,명동,36384,37952,-1568,2,0,13
2024-06-19,4호선,명동,36384,37952,-1568,2,0,14
2024-06-19,4호선,명동,36384,37952,-1568,2,0,15
2024-06-19,4호선,명동,36384,37952,-1568,2,0,16
2024-06-19,4호선,명동,36384,37952,-1568,2,0,17
2024-06-19,4호선,명동,36384,37952,-1568,2,0,18
2024-06-19,4호선,명동,36384,37952,-1568,2,0,19
2024-06-19,4호선,명동,36384,37952,-1568,2,0,20
2024-06-19,4호선,명동,36384,37952,-1568,2,0,21
2024-06-19,4호선,명동,36384,37952,-1568,2,0,22
2024-06-19,4호선,명동,36384,37952,-1568,2,0,23
2024-06-20,4호선,명동,36292,38807,-2515,3,0,00
2024-06-20,4호선,명동,36292,38807,-2515,3,0,01
2024-06-20,4호선,명동,36292,38807,-2515,3,0,02
2024-06-20,4호선,명동,36292,38807,-2515,3,0,03
2024-06-20,4호선,명동,36292,38807,-2515,3,0,04
2024-06-20,4호선,명동,36292,38807,-2515,3,0,05
2024-06-20,4호선,명동,36292,38807,-2515,3,0,06
2024-06-20,4호선,명동,36292,38807,-2515,3,0,07
2024-06-20,4호선,명동,36292,38807,-2515,3,0,08
2024-06-20,4호선,명동,36292,38807,-2515,3,0,09
2024-06-20,4호선,명동,36292,38807,-2515,3,0,10
2024-06-20,4호선,명동,36292,38807,-2515,3,0,11
2024-06-20,4호선,명동,36292,38807,-2515,3,0,12
2024-06-20,4호선,명동,36292,38807,-2515,3,0,13
2024-06-20,4호선,명동,36292,38807,-2515,3,0,14
2024-06-20,4호선,명동,36292,38807,-2515,3,0,15
2024-06-20,4호선,명동,36292,38807,-2515,3,0,16
2024-06-20,4호선,명동,36292,38807,-2515,3,0,17
2024-06-20,4호선,명동,36292,38807,-2515,3,0,18
2024-06-20,4호선,명동,36292,38807,-2515,3,0,19
2024-06-20,4호선,명동,36292,38807,-2515,3,0,20
2024-06-20,4호선,명동,36292,38807,-2515,3,0,21
2024-06-20,4호선,명동,36292,38807,-2515,3,0,22
2024-06-20,4호선,명동,36292,38807,-2515,3,0,23
2024-06-21,4호선,명동,37464,40534,-3070,4,0,00
2024-06-21,4호선,명동,37464,40534,-3070,4,0,01
2024-06-21,4호선,명동,37464,40534,-3070,4,0,02
2024-06-21,4호선,명동,37464,40534,-3070,4,0,03
2024-06-21,4호선,명동,37464,40534,-3070,4,0,04
2024-06-21,4호선,명동,37464,40534,-3070,4,0,05
2024-06-21,4호선,명동,37464,40534,-3070,4,0,06
2024-06-21,4호선,명동,37464,40534,-3070,4,0,07
2024-06-21,4호선,명동,37464,40534,-3070,4,0,08
2024-06-21,4호선,명동,37464,40534,-3070,4,0,09
2024-06-21,4호선,명동,37464,40534,-3070,4,0,10
2024-06-21,4호선,명동,37464,40534,-3070,4,0,11
2024-06-21,4호선,명동,37464,40534,-3070,4,0,12
2024-06-21,4호선,명동,37464,40534,-3070,4,0,13
2024-06-21,4호선,명동,37464,40534,-3070,4,0,14
2024-06-21,4호선,명동,37464,40534,-3070,4,0,15
2024-06-21,4호선,명동,37464,40534,-3070,4,0,16
2024-06-21,4호선,명동,37464,40534,-3070,4,0,17
2024-06-21,4호선,명동,37464,40534,-3070,4,0,18
2024-06-21,4호선,명동,37464,40534,-3070,4,0,19
2024-06-21,4호선,명동,37464,40534,-3070,4,0,20
2024-06-21,4호선,명동,37464,40534,-3070,4,0,21
2024-06-21,4호선,명동,37464,40534,-3070,4,0,22
2024-06-21,4호선,명동,37464,40534,-3070,4,0,23
2024-06-22,4호선,명동,29839,34002,-4163,5,1,00
2024-06-22,4호선,명동,29839,34002,-4163,5,1,01
2024-06-22,4호선,명동,29839,34002,-4163,5,1,02
2024-06-22,4호선,명동,29839,34002,-4163,5,1,03
2024-06-22,4호선,명동,29839,34002,-4163,5,1,04
2024-06-22,4호선,명동,29839,34002,-4163,5,1,05
2024-06-22,4호선,명동,29839,34002,-4163,5,1,06
2024-06-22,4호선,명동,29839,34002,-4163,5,1,07
2024-06-22,4호선,명동,29839,34002,-4163,5,1,08
2024-06-22,4호선,명동,29839,34002,-4163,5,1,09
2024-06-22,4호선,명동,29839,34002,-4163,5,1,10
2024-06-22,4호선,명동,29839,34002,-4163,5,1,11
2024-06-22,4호선,명동,29839,34002,-4163,5,1,12
2024-06-22,4호선,명동,29839,34002,-4163,5,1,13
2024-06-22,4호선,명동,29839,34002,-4163,5,1,14
2024-06-22,4호선,명동,29839,34002,-4163,5,1,15
2024-06-22,4호선,명동,29839,34002,-4163,5,1,16
2024-06-22,4호선,명동,29839,34002,-4163,5,1,17
2024-06-22,4호선,명동,29839,34002,-4163,5,1,18
2024-06-22,4호선,명동,29839,34002,-4163,5,1,19
2024-06-22,4호선,명동,29839,34002,-4163,5,1,20
2024-06-22,4호선,명동,29839,34002,-4163,5,1,21
2024-06-22,4호선,명동,29839,34002,-4163,5,1,22
2024-06-22,4호선,명동,29839,34002,-4163,5,1,23
2024-06-23,4호선,명동,28410,30911,-2501,6,1,00
2024-06-23,4호선,명동,28410,30911,-2501,6,1,01
2024-06-23,4호선,명동,28410,30911,-2501,6,1,02
2024-06-23,4호선,명동,28410,30911,-2501,6,1,03
2024-06-23,4호선,명동,28410,30911,-2501,6,1,04
2024-06-23,4호선,명동,28410,30911,-2501,6,1,05
2024-06-23,4호선,명동,28410,30911,-2501,6,1,06
2024-06-23,4호선,명동,28410,30911,-2501,6,1,07
2024-06-23,4호선,명동,28410,30911,-2501,6,1,08
2024-06-23,4호선,명동,28410,30911,-2501,6,1,09
2024-06-23,4호선,명동,28410,30911,-2501,6,1,10
2024-06-23,4호선,명동,28410,30911,-2501,6,1,11
2024-06-23,4호선,명동,28410,30911,-2501,6,1,12
2024-06-23,4호선,명동,28410,30911,-2501,6,1,13
2024-06-23,4호선,명동,28410,30911,-2501,6,1,14
2024-06-23,4호선,명동,28410,30911,-2501,6,1,15
2024-06-23,4호선,명동,28410,30911,-2501,6,1,16
2024-06-23,4호선,명동,28410,30911,-2501,6,1,17
2024-06-23,4호선,명동,28410,30911,-2501,6,1,18
2024-06-23,4호선,명동,28410,30911,-2501,6,1,19
2024-06-23,4호선,명동,28410,30911,-2501,6,1,20
2024-06-23,4호선,명동,28410,30911,-2501,6,1,21
2024-06-23,4호선,명동,28410,30911,-2501,6,1,22
2024-06-23,4호선,명동,28410,30911,-2501,6,1,23
2024-06-24,4호선,명동,34206,36168,-1962,0,0,00
2024-06-24,4호선,명동,34206,36168,-1962,0,0,01
2024-06-24,4호선,명동,34206,36168,-1962,0,0,02
2024-06-24,4호선,명동,34206,36168,-1962,0,0,03
2024-06-24,4호선,명동,34206,36168,-1962,0,0,04
2024-06-24,4호선,명동,34206,36168,-1962,0,0,05
2024-06-24,4호선,명동,34206,36168,-1962,0,0,06
2024-06-24,4호선,명동,34206,36168,-1962,0,0,07
2024-06-24,4호선,명동,34206,36168,-1962,0,0,08
2024-06-24,4호선,명동,34206,36168,-1962,0,0,09
2024-06-24,4호선,명동,34206,36168,-1962,0,0,10
2024-06-24,4호선,명동,34206,36168,-1962,0,0,11
2024-06-24,4호선,명동,34206,36168,-1962,0,0,12
2024-06-24,4호선,명동,34206,36168,-1962,0,0,13
2024-06-24,4호선,명동,34206,36168,-1962,0,0,14
2024-06-24,4호선,명동,34206,36168,-1962,0,0,15
2024-06-24,4호선,명동,34206,36168,-1962,0,0,16
2024-06-24,4호선,명동,34206,36168,-1962,0,0,17
2024-06-24,4호선,명동,34206,36168,-1962,0,0,18
2024-06-24,4호선,명동,34206,36168,-1962,0,0,19
2024-06-24,4호선,명동,34206,36168,-1962,0,0,20
2024-06-24,4호선,명동,34206,36168,-1962,0,0,21
2024-06-24,4호선,명동,34206,36168,-1962,0,0,22
2024-06-24,4호선,명동,34206,36168,-1962,0,0,23
2024-06-25,4호선,명동,34239,36552,-2313,1,0,00
2024-06-25,4호선,명동,34239,36552,-2313,1,0,01
2024-06-25,4호선,명동,34239,36552,-2313,1,0,02
2024-06-25,4호선,명동,34239,36552,-2313,1,0,03
2024-06-25,4호선,명동,34239,36552,-2313,1,0,04
2024-06-25,4호선,명동,34239,36552,-2313,1,0,05
2024-06-25,4호선,명동,34239,36552,-2313,1,0,06
2024-06-25,4호선,명동,34239,36552,-2313,1,0,07
2024-06-25,4호선,명동,34239,36552,-2313,1,0,08
2024-06-25,4호선,명동,34239,36552,-2313,1,0,09
2024-06-25,4호선,명동,34239,36552,-2313,1,0,10
2024-06-25,4호선,명동,34239,36552,-2313,1,0,11
2024-06-25,4호선,명동,34239,36552,-2313,1,0,12
2024-06-25,4호선,명동,34239,36552,-2313,1,0,13
2024-06-25,4호선,명동,34239,36552,-2313,1,0,14
2024-06-25,4호선,명동,34239,36552,-2313,1,0,15
2024-06-25,4호선,명동,34239,36552,-2313,1,0,16
2024-06-25,4호선,명동,34239,36552,-2313,1,0,17
2024-06-25,4호선,명동,34239,36552,-2313,1,0,18
2024-06-25,4호선,명동,34239,36552,-2313,1,0,19
2024-06-25,4호선,명동,34239,36552,-2313,1,0,20
2024-06-25,4호선,명동,34239,36552,-2313,1,0,21
2024-06-25,4호선,명동,34239,36552,-2313,1,0,22
2024-06-25,4호선,명동,34239,36552,-2313,1,0,23
2024-06-26,4호선,명동,34406,37202,-2796,2,0,00
2024-06-26,4호선,명동,34406,37202,-2796,2,0,01
2024-06-26,4호선,명동,34406,37202,-2796,2,0,02
2024-06-26,4호선,명동,34406,37202,-2796,2,0,03
2024-06-26,4호선,명동,34406,37202,-2796,2,0,04
2024-06-26,4호선,명동,34406,37202,-2796,2,0,05
2024-06-26,4호선,명동,34406,37202,-2796,2,0,06
2024-06-26,4호선,명동,34406,37202,-2796,2,0,07
2024-06-26,4호선,명동,34406,37202,-2796,2,0,08
2024-06-26,4호선,명동,34406,37202,-2796,2,0,09
2024-06-26,4호선,명동,34406,37202,-2796,2,0,10
2024-06-26,4호선,명동,34406,37202,-2796,2,0,11
2024-06-26,4호선,명동,34406,37202,-2796,2,0,12
2024-06-26,4호선,명동,34406,37202,-2796,2,0,13
2024-06-26,4호선,명동,34406,37202,-2796,2,0,14
2024-06-26,4호선,명동,34406,37202,-2796,2,0,15
2024-06-26,4호선,명동,34406,37202,-2796,2,0,16
2024-06-26,4호선,명동,34406,37202,-2796,2,0,17
2024-06-26,4호선,명동,34406,37202,-2796,2,0,18
2024-06-26,4호선,명동,34406,37202,-2796,2,0,19
2024-06-26,4호선,명동,34406,37202,-2796,2,0,20
2024-06-26,4호선,명동,34406,37202,-2796,2,0,21
2024-06-26,4호선,명동,34406,37202,-2796,2,0,22
2024-06-26,4호선,명동,34406,37202,-2796,2,0,23
2024-06-27,4호선,명동,34752,37160,-2408,3,0,00
2024-06-27,4호선,명동,34752,37160,-2408,3,0,01
2024-06-27,4호선,명동,34752,37160,-2408,3,0,02
2024-06-27,4호선,명동,34752,37160,-2408,3,0,03
2024-06-27,4호선,명동,34752,37160,-2408,3,0,04
2024-06-27,4호선,명동,34752,37160,-2408,3,0,05
2024-06-27,4호선,명동,34752,37160,-2408,3,0,06
2024-06-27,4호선,명동,34752,37160,-2408,3,0,07
2024-06-27,4호선,명동,34752,37160,-2408,3,0,08
2024-06-27,4호선,명동,34752,37160,-2408,3,0,09
2024-06-27,4호선,명동,34752,37160,-2408,3,0,10
2024-06-27,4호선,명동,34752,37160,-2408,3,0,11
2024-06-27,4호선,명동,34752,37160,-2408,3,0,12
2024-06-27,4호선,명동,34752,37160,-2408,3,0,13
2024-06-27,4호선,명동,34752,37160,-2408,3,0,14
2024-06-27,4호선,명동,34752,37160,-2408,3,0,15
2024-06-27,4호선,명동,34752,37160,-2408,3,0,16
2024-06-27,4호선,명동,34752,37160,-2408,3,0,17
2024-06-27,4호선,명동,34752,37160,-2408,3,0,18
2024-06-27,4호선,명동,34752,37160,-2408,3,0,19
2024-06-27,4호선,명동,34752,37160,-2408,3,0,20
2024-06-27,4호선,명동,34752,37160,-2408,3,0,21
2024-06-27,4호선,명동,34752,37160,-2408,3,0,22
2024-06-27,4호선,명동,34752,37160,-2408,3,0,23
2024-06-28,4호선,명동,36422,39219,-2797,4,0,00
2024-06-28,4호선,명동,36422,39219,-2797,4,0,01
2024-06-28,4호선,명동,36422,39219,-2797,4,0,02
2024-06-28,4호선,명동,36422,39219,-2797,4,0,03
2024-06-28,4호선,명동,36422,39219,-2797,4,0,04
2024-06-28,4호선,명동,36422,39219,-2797,4,0,05
2024-06-28,4호선,명동,36422,39219,-2797,4,0,06
2024-06-28,4호선,명동,36422,39219,-2797,4,0,07
2024-06-28,4호선,명동,36422,39219,-2797,4,0,08
2024-06-28,4호선,명동,36422,39219,-2797,4,0,09
2024-06-28,4호선,명동,36422,39219,-2797,4,0,10
2024-06-28,4호선,명동,36422,39219,-2797,4,0,11
2024-06-28,4호선,명동,36422,39219,-2797,4,0,12
2024-06-28,4호선,명동,36422,39219,-2797,4,0,13
2024-06-28,4호선,명동,36422,39219,-2797,4,0,14
2024-06-28,4호선,명동,36422,39219,-2797,4,0,15
2024-06-28,4호선,명동,36422,39219,-2797,4,0,16
2024-06-28,4호선,명동,36422,39219,-2797,4,0,17
2024-06-28,4호선,명동,36422,39219,-2797,4,0,18
2024-06-28,4호선,명동,36422,39219,-2797,4,0,19
2024-06-28,4호선,명동,36422,39219,-2797,4,0,20
2024-06-28,4호선,명동,36422,39219,-2797,4,0,21
2024-06-28,4호선,명동,36422,39219,-2797,4,0,22
2024-06-28,4호선,명동,36422,39219,-2797,4,0,23
2024-06-29,4호선,명동,31179,34634,-3455,5,1,00
2024-06-29,4호선,명동,31179,34634,-3455,5,1,01
2024-06-29,4호선,명동,31179,34634,-3455,5,1,02
2024-06-29,4호선,명동,31179,34634,-3455,5,1,03
2024-06-29,4호선,명동,31179,34634,-3455,5,1,04
2024-06-29,4호선,명동,31179,34634,-3455,5,1,05
2024-06-29,4호선,명동,31179,34634,-3455,5,1,06
2024-06-29,4호선,명동,31179,34634,-3455,5,1,07
2024-06-29,4호선,명동,31179,34634,-3455,5,1,08
2024-06-29,4호선,명동,31179,34634,-3455,5,1,09
2024-06-29,4호선,명동,31179,34634,-3455,5,1,10
2024-06-29,4호선,명동,31179,34634,-3455,5,1,11
2024-06-29,4호선,명동,31179,34634,-3455,5,1,12
2024-06-29,4호선,명동,31179,34634,-3455,5,1,13
2024-06-29,4호선,명동,31179,34634,-3455,5,1,14
2024-06-29,4호선,명동,31179,34634,-3455,5,1,15
2024-06-29,4호선,명동,31179,34634,-3455,5,1,16
2024-06-29,4호선,명동,31179,34634,-3455,5,1,17
2024-06-29,4호선,명동,31179,34634,-3455,5,1,18
2024-06-29,4호선,명동,31179,34634,-3455,5,1,19
2024-06-29,4호선,명동,31179,34634,-3455,5,1,20
2024-06-29,4호선,명동,31179,34634,-3455,5,1,21
2024-06-29,4호선,명동,31179,34634,-3455,5,1,22
2024-06-29,4호선,명동,31179,34634,-3455,5,1,23
2024-06-30,4호선,명동,25136,27469,-2333,6,1,00
2024-06-30,4호선,명동,25136,27469,-2333,6,1,01
2024-06-30,4호선,명동,25136,27469,-2333,6,1,02
2024-06-30,4호선,명동,25136,27469,-2333,6,1,03
2024-06-30,4호선,명동,25136,27469,-2333,6,1,04
2024-06-30,4호선,명동,25136,27469,-2333,6,1,05
2024-06-30,4호선,명동,25136,27469,-2333,6,1,06
2024-06-30,4호선,명동,25136,27469,-2333,6,1,07
2024-06-30,4호선,명동,25136,27469,-2333,6,1,08
2024-06-30,4호선,명동,25136,27469,-2333,6,1,09
2024-06-30,4호선,명동,25136,27469,-2333,6,1,10
2024-06-30,4호선,명동,25136,27469,-2333,6,1,11
2024-06-30,4호선,명동,25136,27469,-2333,6,1,12
2024-06-30,4호선,명동,25136,27469,-2333,6,1,13
2024-06-30,4호선,명동,25136,27469,-2333,6,1,14
2024-06-30,4호선,명동,25136,27469,-2333,6,1,15
2024-06-30,4호선,명동,25136,27469,-2333,6,1,16
2024-06-30,4호선,명동,25136,27469,-2333,6,1,17
2024-06-30,4호선,명동,25136,27469,-2333,6,1,18
2024-06-30,4호선,명동,25136,27469,-2333,6,1,19
2024-06-30,4호선,명동,25136,27469,-2333,6,1,20
2024-06-30,4호선,명동,25136,27469,-2333,6,1,21
2024-06-30,4호선,명동,25136,27469,-2333,6,1,22
2024-06-30,4호선,명동,25136,27469,-2333,6,1,23
2024-07-01,4호선,명동,33431,35193,-1762,0,0,00
2024-07-01,4호선,명동,33431,35193,-1762,0,0,01
2024-07-01,4호선,명동,33431,35193,-1762,0,0,02
2024-07-01,4호선,명동,33431,35193,-1762,0,0,03
2024-07-01,4호선,명동,33431,35193,-1762,0,0,04
2024-07-01,4호선,명동,33431,35193,-1762,0,0,05
2024-07-01,4호선,명동,33431,35193,-1762,0,0,06
2024-07-01,4호선,명동,33431,35193,-1762,0,0,07
2024-07-01,4호선,명동,33431,35193,-1762,0,0,08
2024-07-01,4호선,명동,33431,35193,-1762,0,0,09
2024-07-01,4호선,명동,33431,35193,-1762,0,0,10
2024-07-01,4호선,명동,33431,35193,-1762,0,0,11
2024-07-01,4호선,명동,33431,35193,-1762,0,0,12
2024-07-01,4호선,명동,33431,35193,-1762,0,0,13
2024-07-01,4호선,명동,33431,35193,-1762,0,0,14
2024-07-01,4호선,명동,33431,35193,-1762,0,0,15
2024-07-01,4호선,명동,33431,35193,-1762,0,0,16
2024-07-01,4호선,명동,33431,35193,-1762,0,0,17
2024-07-01,4호선,명동,33431,35193,-1762,0,0,18
2024-07-01,4호선,명동,33431,35193,-1762,0,0,19
2024-07-01,4호선,명동,33431,35193,-1762,0,0,20
2024-07-01,4호선,명동,33431,35193,-1762,0,0,21
2024-07-01,4호선,명동,33431,35193,-1762,0,0,22
2024-07-01,4호선,명동,33431,35193,-1762,0,0,23
2024-07-02,4호선,명동,29466,31173,-1707,1,0,00
2024-07-02,4호선,명동,29466,31173,-1707,1,0,01
2024-07-02,4호선,명동,29466,31173,-1707,1,0,02
2024-07-02,4호선,명동,29466,31173,-1707,1,0,03
2024-07-02,4호선,명동,29466,31173,-1707,1,0,04
2024-07-02,4호선,명동,29466,31173,-1707,1,0,05
2024-07-02,4호선,명동,29466,31173,-1707,1,0,06
2024-07-02,4호선,명동,29466,31173,-1707,1,0,07
2024-07-02,4호선,명동,29466,31173,-1707,1,0,08
2024-07-02,4호선,명동,29466,31173,-1707,1,0,09
2024-07-02,4호선,명동,29466,31173,-1707,1,0,10
2024-07-02,4호선,명동,29466,31173,-1707,1,0,11
2024-07-02,4호선,명동,29466,31173,-1707,1,0,12
2024-07-02,4호선,명동,29466,31173,-1707,1,0,13
2024-07-02,4호선,명동,29466,31173,-1707,1,0,14
2024-07-02,4호선,명동,29466,31173,-1707,1,0,15
2024-07-02,4호선,명동,29466,31173,-1707,1,0,16
2024-07-02,4호선,명동,29466,31173,-1707,1,0,17
2024-07-02,4호선,명동,29466,31173,-1707,1,0,18
2024-07-02,4호선,명동,29466,31173,-1707,1,0,19
2024-07-02,4호선,명동,29466,31173,-1707,1,0,20
2024-07-02,4호선,명동,29466,31173,-1707,1,0,21
2024-07-02,4호선,명동,29466,31173,-1707,1,0,22
2024-07-02,4호선,명동,29466,31173,-1707,1,0,23
2024-07-03,4호선,명동,33266,35154,-1888,2,0,00
2024-07-03,4호선,명동,33266,35154,-1888,2,0,01
2024-07-03,4호선,명동,33266,35154,-1888,2,0,02
2024-07-03,4호선,명동,33266,35154,-1888,2,0,03
2024-07-03,4호선,명동,33266,35154,-1888,2,0,04
2024-07-03,4호선,명동,33266,35154,-1888,2,0,05
2024-07-03,4호선,명동,33266,35154,-1888,2,0,06
2024-07-03,4호선,명동,33266,35154,-1888,2,0,07
2024-07-03,4호선,명동,33266,35154,-1888,2,0,08
2024-07-03,4호선,명동,33266,35154,-1888,2,0,09
2024-07-03,4호선,명동,33266,35154,-1888,2,0,10
2024-07-03,4호선,명동,33266,35154,-1888,2,0,11
2024-07-03,4호선,명동,33266,35154,-1888,2,0,12
2024-07-03,4호선,명동,33266,35154,-1888,2,0,13
2024-07-03,4호선,명동,33266,35154,-1888,2,0,14
2024-07-03,4호선,명동,33266,35154,-1888,2,0,15
2024-07-03,4호선,명동,33266,35154,-1888,2,0,16
2024-07-03,4호선,명동,33266,35154,-1888,2,0,17
2024-07-03,4호선,명동,33266,35154,-1888,2,0,18
2024-07-03,4호선,명동,33266,35154,-1888,2,0,19
2024-07-03,4호선,명동,33266,35154,-1888,2,0,20
2024-07-03,4호선,명동,33266,35154,-1888,2,0,21
2024-07-03,4호선,명동,33266,35154,-1888,2,0,22
2024-07-03,4호선,명동,33266,35154,-1888,2,0,23
2024-07-04,4호선,명동,32886,35219,-2333,3,0,00
2024-07-04,4호선,명동,32886,35219,-2333,3,0,01
2024-07-04,4호선,명동,32886,35219,-2333,3,0,02
2024-07-04,4호선,명동,32886,35219,-2333,3,0,03
2024-07-04,4호선,명동,32886,35219,-2333,3,0,04
2024-07-04,4호선,명동,32886,35219,-2333,3,0,05
2024-07-04,4호선,명동,32886,35219,-2333,3,0,06
2024-07-04,4호선,명동,32886,35219,-2333,3,0,07
2024-07-04,4호선,명동,32886,35219,-2333,3,0,08
2024-07-04,4호선,명동,32886,35219,-2333,3,0,09
2024-07-04,4호선,명동,32886,35219,-2333,3,0,10
2024-07-04,4호선,명동,32886,35219,-2333,3,0,11
2024-07-04,4호선,명동,32886,35219,-2333,3,0,12
2024-07-04,4호선,명동,32886,35219,-2333,3,0,13
2024-07-04,4호선,명동,32886,35219,-2333,3,0,14
2024-07-04,4호선,명동,32886,35219,-2333,3,0,15
2024-07-04,4호선,명동,32886,35219,-2333,3,0,16
2024-07-04,4호선,명동,32886,35219,-2333,3,0,17
2024-07-04,4호선,명동,32886,35219,-2333,3,0,18
2024-07-04,4호선,명동,32886,35219,-2333,3,0,19
2024-07-04,4호선,명동,32886,35219,-2333,3,0,20
2024-07-04,4호선,명동,32886,35219,-2333,3,0,21
2024-07-04,4호선,명동,32886,35219,-2333,3,0,22
2024-07-04,4호선,명동,32886,35219,-2333,3,0,23
2024-07-05,4호선,명동,34859,37404,-2545,4,0,00
2024-07-05,4호선,명동,34859,37404,-2545,4,0,01
2024-07-05,4호선,명동,34859,37404,-2545,4,0,02
2024-07-05,4호선,명동,34859,37404,-2545,4,0,03
2024-07-05,4호선,명동,34859,37404,-2545,4,0,04
2024-07-05,4호선,명동,34859,37404,-2545,4,0,05
2024-07-05,4호선,명동,34859,37404,-2545,4,0,06
2024-07-05,4호선,명동,34859,37404,-2545,4,0,07
2024-07-05,4호선,명동,34859,37404,-2545,4,0,08
2024-07-05,4호선,명동,34859,37404,-2545,4,0,09
2024-07-05,4호선,명동,34859,37404,-2545,4,0,10
2024-07-05,4호선,명동,34859,37404,-2545,4,0,11
2024-07-05,4호선,명동,34859,37404,-2545,4,0,12
2024-07-05,4호선,명동,34859,37404,-2545,4,0,13
2024-07-05,4호선,명동,34859,37404,-2545,4,0,14
2024-07-05,4호선,명동,34859,37404,-2545,4,0,15
2024-07-05,4호선,명동,34859,37404,-2545,4,0,16
2024-07-05,4호선,명동,34859,37404,-2545,4,0,17
2024-07-05,4호선,명동,34859,37404,-2545,4,0,18
2024-07-05,4호선,명동,34859,37404,-2545,4,0,19
2024-07-05,4호선,명동,34859,37404,-2545,4,0,20
2024-07-05,4호선,명동,34859,37404,-2545,4,0,21
2024-07-05,4호선,명동,34859,37404,-2545,4,0,22
2024-07-05,4호선,명동,34859,37404,-2545,4,0,23
2024-07-06,4호선,명동,28929,32674,-3745,5,1,00
2024-07-06,4호선,명동,28929,32674,-3745,5,1,01
2024-07-06,4호선,명동,28929,32674,-3745,5,1,02
2024-07-06,4호선,명동,28929,32674,-3745,5,1,03
2024-07-06,4호선,명동,28929,32674,-3745,5,1,04
2024-07-06,4호선,명동,28929,32674,-3745,5,1,05
2024-07-06,4호선,명동,28929,32674,-3745,5,1,06
2024-07-06,4호선,명동,28929,32674,-3745,5,1,07
2024-07-06,4호선,명동,28929,32674,-3745,5,1,08
2024-07-06,4호선,명동,28929,32674,-3745,5,1,09
2024-07-06,4호선,명동,28929,32674,-3745,5,1,10
2024-07-06,4호선,명동,28929,32674,-3745,5,1,11
2024-07-06,4호선,명동,28929,32674,-3745,5,1,12
2024-07-06,4호선,명동,28929,32674,-3745,5,1,13
2024-07-06,4호선,명동,28929,32674,-3745,5,1,14
2024-07-06,4호선,명동,28929,32674,-3745,5,1,15
2024-07-06,4호선,명동,28929,32674,-3745,5,1,16
2024-07-06,4호선,명동,28929,32674,-3745,5,1,17
2024-07-06,4호선,명동,28929,32674,-3745,5,1,18
2024-07-06,4호선,명동,28929,32674,-3745,5,1,19
2024-07-06,4호선,명동,28929,32674,-3745,5,1,20
2024-07-06,4호선,명동,28929,32674,-3745,5,1,21
2024-07-06,4호선,명동,28929,32674,-3745,5,1,22
2024-07-06,4호선,명동,28929,32674,-3745,5,1,23
2024-07-07,4호선,명동,26145,28247,-2102,6,1,00
2024-07-07,4호선,명동,26145,28247,-2102,6,1,01
2024-07-07,4호선,명동,26145,28247,-2102,6,1,02
2024-07-07,4호선,명동,26145,28247,-2102,6,1,03
2024-07-07,4호선,명동,26145,28247,-2102,6,1,04
2024-07-07,4호선,명동,26145,28247,-2102,6,1,05
2024-07-07,4호선,명동,26145,28247,-2102,6,1,06
2024-07-07,4호선,명동,26145,28247,-2102,6,1,07
2024-07-07,4호선,명동,26145,28247,-2102,6,1,08
2024-07-07,4호선,명동,26145,28247,-2102,6,1,09
2024-07-07,4호선,명동,26145,28247,-2102,6,1,10
2024-07-07,4호선,명동,26145,28247,-2102,6,1,11
2024-07-07,4호선,명동,26145,28247,-2102,6,1,12
2024-07-07,4호선,명동,26145,28247,-2102,6,1,13
2024-07-07,4호선,명동,26145,28247,-2102,6,1,14
2024-07-07,4호선,명동,26145,28247,-2102,6,1,15
2024-07-07,4호선,명동,26145,28247,-2102,6,1,16
2024-07-07,4호선,명동,26145,28247,-2102,6,1,17
2024-07-07,4호선,명동,26145,28247,-2102,6,1,18
2024-07-07,4호선,명동,26145,28247,-2102,6,1,19
2024-07-07,4호선,명동,26145,28247,-2102,6,1,20
2024-07-07,4호선,명동,26145,28247,-2102,6,1,21
2024-07-07,4호선,명동,26145,28247,-2102,6,1,22
2024-07-07,4호선,명동,26145,28247,-2102,6,1,23
2024-07-08,4호선,명동,30816,32280,-1464,0,0,00
2024-07-08,4호선,명동,30816,32280,-1464,0,0,01
2024-07-08,4호선,명동,30816,32280,-1464,0,0,02
2024-07-08,4호선,명동,30816,32280,-1464,0,0,03
2024-07-08,4호선,명동,30816,32280,-1464,0,0,04
2024-07-08,4호선,명동,30816,32280,-1464,0,0,05
2024-07-08,4호선,명동,30816,32280,-1464,0,0,06
2024-07-08,4호선,명동,30816,32280,-1464,0,0,07
2024-07-08,4호선,명동,30816,32280,-1464,0,0,08
2024-07-08,4호선,명동,30816,32280,-1464,0,0,09
2024-07-08,4호선,명동,30816,32280,-1464,0,0,10
2024-07-08,4호선,명동,30816,32280,-1464,0,0,11
2024-07-08,4호선,명동,30816,32280,-1464,0,0,12
2024-07-08,4호선,명동,30816,32280,-1464,0,0,13
2024-07-08,4호선,명동,30816,32280,-1464,0,0,14
2024-07-08,4호선,명동,30816,32280,-1464,0,0,15
2024-07-08,4호선,명동,30816,32280,-1464,0,0,16
2024-07-08,4호선,명동,30816,32280,-1464,0,0,17
2024-07-08,4호선,명동,30816,32280,-1464,0,0,18
2024-07-08,4호선,명동,30816,32280,-1464,0,0,19
2024-07-08,4호선,명동,30816,32280,-1464,0,0,20
2024-07-08,4호선,명동,30816,32280,-1464,0,0,21
2024-07-08,4호선,명동,30816,32280,-1464,0,0,22
2024-07-08,4호선,명동,30816,32280,-1464,0,0,23
2024-07-09,4호선,명동,31430,33139,-1709,1,0,00
2024-07-09,4호선,명동,31430,33139,-1709,1,0,01
2024-07-09,4호선,명동,31430,33139,-1709,1,0,02
2024-07-09,4호선,명동,31430,33139,-1709,1,0,03
2024-07-09,4호선,명동,31430,33139,-1709,1,0,04
2024-07-09,4호선,명동,31430,33139,-1709,1,0,05
2024-07-09,4호선,명동,31430,33139,-1709,1,0,06
2024-07-09,4호선,명동,31430,33139,-1709,1,0,07
2024-07-09,4호선,명동,31430,33139,-1709,1,0,08
2024-07-09,4호선,명동,31430,33139,-1709,1,0,09
2024-07-09,4호선,명동,31430,33139,-1709,1,0,10
2024-07-09,4호선,명동,31430,33139,-1709,1,0,11
2024-07-09,4호선,명동,31430,33139,-1709,1,0,12
2024-07-09,4호선,명동,31430,33139,-1709,1,0,13
2024-07-09,4호선,명동,31430,33139,-1709,1,0,14
2024-07-09,4호선,명동,31430,33139,-1709,1,0,15
2024-07-09,4호선,명동,31430,33139,-1709,1,0,16
2024-07-09,4호선,명동,31430,33139,-1709,1,0,17
2024-07-09,4호선,명동,31430,33139,-1709,1,0,18
2024-07-09,4호선,명동,31430,33139,-1709,1,0,19
2024-07-09,4호선,명동,31430,33139,-1709,1,0,20
2024-07-09,4호선,명동,31430,33139,-1709,1,0,21
2024-07-09,4호선,명동,31430,33139,-1709,1,0,22
2024-07-09,4호선,명동,31430,33139,-1709,1,0,23
2024-07-10,4호선,명동,32846,35091,-2245,2,0,00
2024-07-10,4호선,명동,32846,35091,-2245,2,0,01
2024-07-10,4호선,명동,32846,35091,-2245,2,0,02
2024-07-10,4호선,명동,32846,35091,-2245,2,0,03
2024-07-10,4호선,명동,32846,35091,-2245,2,0,04
2024-07-10,4호선,명동,32846,35091,-2245,2,0,05
2024-07-10,4호선,명동,32846,35091,-2245,2,0,06
2024-07-10,4호선,명동,32846,35091,-2245,2,0,07
2024-07-10,4호선,명동,32846,35091,-2245,2,0,08
2024-07-10,4호선,명동,32846,35091,-2245,2,0,09
2024-07-10,4호선,명동,32846,35091,-2245,2,0,10
2024-07-10,4호선,명동,32846,35091,-2245,2,0,11
2024-07-10,4호선,명동,32846,35091,-2245,2,0,12
2024-07-10,4호선,명동,32846,35091,-2245,2,0,13
2024-07-10,4호선,명동,32846,35091,-2245,2,0,14
2024-07-10,4호선,명동,32846,35091,-2245,2,0,15
2024-07-10,4호선,명동,32846,35091,-2245,2,0,16
2024-07-10,4호선,명동,32846,35091,-2245,2,0,17
2024-07-10,4호선,명동,32846,35091,-2245,2,0,18
2024-07-10,4호선,명동,32846,35091,-2245,2,0,19
2024-07-10,4호선,명동,32846,35091,-2245,2,0,20
2024-07-10,4호선,명동,32846,35091,-2245,2,0,21
2024-07-10,4호선,명동,32846,35091,-2245,2,0,22
2024-07-10,4호선,명동,32846,35091,-2245,2,0,23
2024-07-11,4호선,명동,32978,35391,-2413,3,0,00
2024-07-11,4호선,명동,32978,35391,-2413,3,0,01
2024-07-11,4호선,명동,32978,35391,-2413,3,0,02
2024-07-11,4호선,명동,32978,35391,-2413,3,0,03
2024-07-11,4호선,명동,32978,35391,-2413,3,0,04
2024-07-11,4호선,명동,32978,35391,-2413,3,0,05
2024-07-11,4호선,명동,32978,35391,-2413,3,0,06
2024-07-11,4호선,명동,32978,35391,-2413,3,0,07
2024-07-11,4호선,명동,32978,35391,-2413,3,0,08
2024-07-11,4호선,명동,32978,35391,-2413,3,0,09
2024-07-11,4호선,명동,32978,35391,-2413,3,0,10
2024-07-11,4호선,명동,32978,35391,-2413,3,0,11
2024-07-11,4호선,명동,32978,35391,-2413,3,0,12
2024-07-11,4호선,명동,32978,35391,-2413,3,0,13
2024-07-11,4호선,명동,32978,35391,-2413,3,0,14
2024-07-11,4호선,명동,32978,35391,-2413,3,0,15
2024-07-11,4호선,명동,32978,35391,-2413,3,0,16
2024-07-11,4호선,명동,32978,35391,-2413,3,0,17
2024-07-11,4호선,명동,32978,35391,-2413,3,0,18
2024-07-11,4호선,명동,32978,35391,-2413,3,0,19
2024-07-11,4호선,명동,32978,35391,-2413,3,0,20
2024-07-11,4호선,명동,32978,35391,-2413,3,0,21
2024-07-11,4호선,명동,32978,35391,-2413,3,0,22
2024-07-11,4호선,명동,32978,35391,-2413,3,0,23
2024-07-12,4호선,명동,34312,37195,-2883,4,0,00
2024-07-12,4호선,명동,34312,37195,-2883,4,0,01
2024-07-12,4호선,명동,34312,37195,-2883,4,0,02
2024-07-12,4호선,명동,34312,37195,-2883,4,0,03
2024-07-12,4호선,명동,34312,37195,-2883,4,0,04
2024-07-12,4호선,명동,34312,37195,-2883,4,0,05
2024-07-12,4호선,명동,34312,37195,-2883,4,0,06
2024-07-12,4호선,명동,34312,37195,-2883,4,0,07
2024-07-12,4호선,명동,34312,37195,-2883,4,0,08
2024-07-12,4호선,명동,34312,37195,-2883,4,0,09
2024-07-12,4호선,명동,34312,37195,-2883,4,0,10
2024-07-12,4호선,명동,34312,37195,-2883,4,0,11
2024-07-12,4호선,명동,34312,37195,-2883,4,0,12
2024-07-12,4호선,명동,34312,37195,-2883,4,0,13
2024-07-12,4호선,명동,34312,37195,-2883,4,0,14
2024-07-12,4호선,명동,34312,37195,-2883,4,0,15
2024-07-12,4호선,명동,34312,37195,-2883,4,0,16
2024-07-12,4호선,명동,34312,37195,-2883,4,0,17
2024-07-12,4호선,명동,34312,37195,-2883,4,0,18
2024-07-12,4호선,명동,34312,37195,-2883,4,0,19
2024-07-12,4호선,명동,34312,37195,-2883,4,0,20
2024-07-12,4호선,명동,34312,37195,-2883,4,0,21
2024-07-12,4호선,명동,34312,37195,-2883,4,0,22
2024-07-12,4호선,명동,34312,37195,-2883,4,0,23
2024-07-13,4호선,명동,32081,36274,-4193,5,1,00
2024-07-13,4호선,명동,32081,36274,-4193,5,1,01
2024-07-13,4호선,명동,32081,36274,-4193,5,1,02
2024-07-13,4호선,명동,32081,36274,-4193,5,1,03
2024-07-13,4호선,명동,32081,36274,-4193,5,1,04
2024-07-13,4호선,명동,32081,36274,-4193,5,1,05
2024-07-13,4호선,명동,32081,36274,-4193,5,1,06
2024-07-13,4호선,명동,32081,36274,-4193,5,1,07
2024-07-13,4호선,명동,32081,36274,-4193,5,1,08
2024-07-13,4호선,명동,32081,36274,-4193,5,1,09
2024-07-13,4호선,명동,32081,36274,-4193,5,1,10
2024-07-13,4호선,명동,32081,36274,-4193,5,1,11
2024-07-13,4호선,명동,32081,36274,-4193,5,1,12
2024-07-13,4호선,명동,32081,36274,-4193,5,1,13
2024-07-13,4호선,명동,32081,36274,-4193,5,1,14
2024-07-13,4호선,명동,32081,36274,-4193,5,1,15
2024-07-13,4호선,명동,32081,36274,-4193,5,1,16
2024-07-13,4호선,명동,32081,36274,-4193,5,1,17
2024-07-13,4호선,명동,32081,36274,-4193,5,1,18
2024-07-13,4호선,명동,32081,36274,-4193,5,1,19
2024-07-13,4호선,명동,32081,36274,-4193,5,1,20
2024-07-13,4호선,명동,32081,36274,-4193,5,1,21
2024-07-13,4호선,명동,32081,36274,-4193,5,1,22
2024-07-13,4호선,명동,32081,36274,-4193,5,1,23
2024-07-14,4호선,명동,28846,32101,-3255,6,1,00
2024-07-14,4호선,명동,28846,32101,-3255,6,1,01
2024-07-14,4호선,명동,28846,32101,-3255,6,1,02
2024-07-14,4호선,명동,28846,32101,-3255,6,1,03
2024-07-14,4호선,명동,28846,32101,-3255,6,1,04
2024-07-14,4호선,명동,28846,32101,-3255,6,1,05
2024-07-14,4호선,명동,28846,32101,-3255,6,1,06
2024-07-14,4호선,명동,28846,32101,-3255,6,1,07
2024-07-14,4호선,명동,28846,32101,-3255,6,1,08
2024-07-14,4호선,명동,28846,32101,-3255,6,1,09
2024-07-14,4호선,명동,28846,32101,-3255,6,1,10
2024-07-14,4호선,명동,28846,32101,-3255,6,1,11
2024-07-14,4호선,명동,28846,32101,-3255,6,1,12
2024-07-14,4호선,명동,28846,32101,-3255,6,1,13
2024-07-14,4호선,명동,28846,32101,-3255,6,1,14
2024-07-14,4호선,명동,28846,32101,-3255,6,1,15
2024-07-14,4호선,명동,28846,32101,-3255,6,1,16
2024-07-14,4호선,명동,28846,32101,-3255,6,1,17
2024-07-14,4호선,명동,28846,32101,-3255,6,1,18
2024-07-14,4호선,명동,28846,32101,-3255,6,1,19
2024-07-14,4호선,명동,28846,32101,-3255,6,1,20
2024-07-14,4호선,명동,28846,32101,-3255,6,1,21
2024-07-14,4호선,명동,28846,32101,-3255,6,1,22
2024-07-14,4호선,명동,28846,32101,-3255,6,1,23
2024-07-15,4호선,명동,34323,36080,-1757,0,0,00
2024-07-15,4호선,명동,34323,36080,-1757,0,0,01
2024-07-15,4호선,명동,34323,36080,-1757,0,0,02
2024-07-15,4호선,명동,34323,36080,-1757,0,0,03
2024-07-15,4호선,명동,34323,36080,-1757,0,0,04
2024-07-15,4호선,명동,34323,36080,-1757,0,0,05
2024-07-15,4호선,명동,34323,36080,-1757,0,0,06
2024-07-15,4호선,명동,34323,36080,-1757,0,0,07
2024-07-15,4호선,명동,34323,36080,-1757,0,0,08
2024-07-15,4호선,명동,34323,36080,-1757,0,0,09
2024-07-15,4호선,명동,34323,36080,-1757,0,0,10
2024-07-15,4호선,명동,34323,36080,-1757,0,0,11
2024-07-15,4호선,명동,34323,36080,-1757,0,0,12
2024-07-15,4호선,명동,34323,36080,-1757,0,0,13
2024-07-15,4호선,명동,34323,36080,-1757,0,0,14
2024-07-15,4호선,명동,34323,36080,-1757,0,0,15
2024-07-15,4호선,명동,34323,36080,-1757,0,0,16
2024-07-15,4호선,명동,34323,36080,-1757,0,0,17
2024-07-15,4호선,명동,34323,36080,-1757,0,0,18
2024-07-15,4호선,명동,34323,36080,-1757,0,0,19
2024-07-15,4호선,명동,34323,36080,-1757,0,0,20
2024-07-15,4호선,명동,34323,36080,-1757,0,0,21
2024-07-15,4호선,명동,34323,36080,-1757,0,0,22
2024-07-15,4호선,명동,34323,36080,-1757,0,0,23
2024-07-16,4호선,명동,31824,33731,-1907,1,0,00
2024-07-16,4호선,명동,31824,33731,-1907,1,0,01
2024-07-16,4호선,명동,31824,33731,-1907,1,0,02
2024-07-16,4호선,명동,31824,33731,-1907,1,0,03
2024-07-16,4호선,명동,31824,33731,-1907,1,0,04
2024-07-16,4호선,명동,31824,33731,-1907,1,0,05
2024-07-16,4호선,명동,31824,33731,-1907,1,0,06
2024-07-16,4호선,명동,31824,33731,-1907,1,0,07
2024-07-16,4호선,명동,31824,33731,-1907,1,0,08
2024-07-16,4호선,명동,31824,33731,-1907,1,0,09
2024-07-16,4호선,명동,31824,33731,-1907,1,0,10
2024-07-16,4호선,명동,31824,33731,-1907,1,0,11
2024-07-16,4호선,명동,31824,33731,-1907,1,0,12
2024-07-16,4호선,명동,31824,33731,-1907,1,0,13
2024-07-16,4호선,명동,31824,33731,-1907,1,0,14
2024-07-16,4호선,명동,31824,33731,-1907,1,0,15
2024-07-16,4호선,명동,31824,33731,-1907,1,0,16
2024-07-16,4호선,명동,31824,33731,-1907,1,0,17
2024-07-16,4호선,명동,31824,33731,-1907,1,0,18
2024-07-16,4호선,명동,31824,33731,-1907,1,0,19
2024-07-16,4호선,명동,31824,33731,-1907,1,0,20
2024-07-16,4호선,명동,31824,33731,-1907,1,0,21
2024-07-16,4호선,명동,31824,33731,-1907,1,0,22
2024-07-16,4호선,명동,31824,33731,-1907,1,0,23
2024-07-17,4호선,명동,30979,33058,-2079,2,0,00
2024-07-17,4호선,명동,30979,33058,-2079,2,0,01
2024-07-17,4호선,명동,30979,33058,-2079,2,0,02
2024-07-17,4호선,명동,30979,33058,-2079,2,0,03
2024-07-17,4호선,명동,30979,33058,-2079,2,0,04
2024-07-17,4호선,명동,30979,33058,-2079,2,0,05
2024-07-17,4호선,명동,30979,33058,-2079,2,0,06
2024-07-17,4호선,명동,30979,33058,-2079,2,0,07
2024-07-17,4호선,명동,30979,33058,-2079,2,0,08
2024-07-17,4호선,명동,30979,33058,-2079,2,0,09
2024-07-17,4호선,명동,30979,33058,-2079,2,0,10
2024-07-17,4호선,명동,30979,33058,-2079,2,0,11
2024-07-17,4호선,명동,30979,33058,-2079,2,0,12
2024-07-17,4호선,명동,30979,33058,-2079,2,0,13
2024-07-17,4호선,명동,30979,33058,-2079,2,0,14
2024-07-17,4호선,명동,30979,33058,-2079,2,0,15
2024-07-17,4호선,명동,30979,33058,-2079,2,0,16
2024-07-17,4호선,명동,30979,33058,-2079,2,0,17
2024-07-17,4호선,명동,30979,33058,-2079,2,0,18
2024-07-17,4호선,명동,30979,33058,-2079,2,0,19
2024-07-17,4호선,명동,30979,33058,-2079,2,0,20
2024-07-17,4호선,명동,30979,33058,-2079,2,0,21
2024-07-17,4호선,명동,30979,33058,-2079,2,0,22
2024-07-17,4호선,명동,30979,33058,-2079,2,0,23
2024-07-18,4호선,명동,30230,31952,-1722,3,0,00
2024-07-18,4호선,명동,30230,31952,-1722,3,0,01
2024-07-18,4호선,명동,30230,31952,-1722,3,0,02
2024-07-18,4호선,명동,30230,31952,-1722,3,0,03
2024-07-18,4호선,명동,30230,31952,-1722,3,0,04
2024-07-18,4호선,명동,30230,31952,-1722,3,0,05
2024-07-18,4호선,명동,30230,31952,-1722,3,0,06
2024-07-18,4호선,명동,30230,31952,-1722,3,0,07
2024-07-18,4호선,명동,30230,31952,-1722,3,0,08
2024-07-18,4호선,명동,30230,31952,-1722,3,0,09
2024-07-18,4호선,명동,30230,31952,-1722,3,0,10
2024-07-18,4호선,명동,30230,31952,-1722,3,0,11
2024-07-18,4호선,명동,30230,31952,-1722,3,0,12
2024-07-18,4호선,명동,30230,31952,-1722,3,0,13
2024-07-18,4호선,명동,30230,31952,-1722,3,0,14
2024-07-18,4호선,명동,30230,31952,-1722,3,0,15
2024-07-18,4호선,명동,30230,31952,-1722,3,0,16
2024-07-18,4호선,명동,30230,31952,-1722,3,0,17
2024-07-18,4호선,명동,30230,31952,-1722,3,0,18
2024-07-18,4호선,명동,30230,31952,-1722,3,0,19
2024-07-18,4호선,명동,30230,31952,-1722,3,0,20
2024-07-18,4호선,명동,30230,31952,-1722,3,0,21
2024-07-18,4호선,명동,30230,31952,-1722,3,0,22
2024-07-18,4호선,명동,30230,31952,-1722,3,0,23
2024-07-19,4호선,명동,35299,38277,-2978,4,0,00
2024-07-19,4호선,명동,35299,38277,-2978,4,0,01
2024-07-19,4호선,명동,35299,38277,-2978,4,0,02
2024-07-19,4호선,명동,35299,38277,-2978,4,0,03
2024-07-19,4호선,명동,35299,38277,-2978,4,0,04
2024-07-19,4호선,명동,35299,38277,-2978,4,0,05
2024-07-19,4호선,명동,35299,38277,-2978,4,0,06
2024-07-19,4호선,명동,35299,38277,-2978,4,0,07
2024-07-19,4호선,명동,35299,38277,-2978,4,0,08
2024-07-19,4호선,명동,35299,38277,-2978,4,0,09
2024-07-19,4호선,명동,35299,38277,-2978,4,0,10
2024-07-19,4호선,명동,35299,38277,-2978,4,0,11
2024-07-19,4호선,명동,35299,38277,-2978,4,0,12
2024-07-19,4호선,명동,35299,38277,-2978,4,0,13
2024-07-19,4호선,명동,35299,38277,-2978,4,0,14
2024-07-19,4호선,명동,35299,38277,-2978,4,0,15
2024-07-19,4호선,명동,35299,38277,-2978,4,0,16
2024-07-19,4호선,명동,35299,38277,-2978,4,0,17
2024-07-19,4호선,명동,35299,38277,-2978,4,0,18
2024-07-19,4호선,명동,35299,38277,-2978,4,0,19
2024-07-19,4호선,명동,35299,38277,-2978,4,0,20
2024-07-19,4호선,명동,35299,38277,-2978,4,0,21
2024-07-19,4호선,명동,35299,38277,-2978,4,0,22
2024-07-19,4호선,명동,35299,38277,-2978,4,0,23
2024-07-20,4호선,명동,29248,32788,-3540,5,1,00
2024-07-20,4호선,명동,29248,32788,-3540,5,1,01
2024-07-20,4호선,명동,29248,32788,-3540,5,1,02
2024-07-20,4호선,명동,29248,32788,-3540,5,1,03
2024-07-20,4호선,명동,29248,32788,-3540,5,1,04
2024-07-20,4호선,명동,29248,32788,-3540,5,1,05
2024-07-20,4호선,명동,29248,32788,-3540,5,1,06
2024-07-20,4호선,명동,29248,32788,-3540,5,1,07
2024-07-20,4호선,명동,29248,32788,-3540,5,1,08
2024-07-20,4호선,명동,29248,32788,-3540,5,1,09
2024-07-20,4호선,명동,29248,32788,-3540,5,1,10
2024-07-20,4호선,명동,29248,32788,-3540,5,1,11
2024-07-20,4호선,명동,29248,32788,-3540,5,1,12
2024-07-20,4호선,명동,29248,32788,-3540,5,1,13
2024-07-20,4호선,명동,29248,32788,-3540,5,1,14
2024-07-20,4호선,명동,29248,32788,-3540,5,1,15
2024-07-20,4호선,명동,29248,32788,-3540,5,1,16
2024-07-20,4호선,명동,29248,32788,-3540,5,1,17
2024-07-20,4호선,명동,29248,32788,-3540,5,1,18
2024-07-20,4호선,명동,29248,32788,-3540,5,1,19
2024-07-20,4호선,명동,29248,32788,-3540,5,1,20
2024-07-20,4호선,명동,29248,32788,-3540,5,1,21
2024-07-20,4호선,명동,29248,32788,-3540,5,1,22
2024-07-20,4호선,명동,29248,32788,-3540,5,1,23
2024-07-21,4호선,명동,26647,29062,-2415,6,1,00
2024-07-21,4호선,명동,26647,29062,-2415,6,1,01
2024-07-21,4호선,명동,26647,29062,-2415,6,1,02
2024-07-21,4호선,명동,26647,29062,-2415,6,1,03
2024-07-21,4호선,명동,26647,29062,-2415,6,1,04
2024-07-21,4호선,명동,26647,29062,-2415,6,1,05
2024-07-21,4호선,명동,26647,29062,-2415,6,1,06
2024-07-21,4호선,명동,26647,29062,-2415,6,1,07
2024-07-21,4호선,명동,26647,29062,-2415,6,1,08
2024-07-21,4호선,명동,26647,29062,-2415,6,1,09
2024-07-21,4호선,명동,26647,29062,-2415,6,1,10
2024-07-21,4호선,명동,26647,29062,-2415,6,1,11
2024-07-21,4호선,명동,26647,29062,-2415,6,1,12
2024-07-21,4호선,명동,26647,29062,-2415,6,1,13
2024-07-21,4호선,명동,26647,29062,-2415,6,1,14
2024-07-21,4호선,명동,26647,29062,-2415,6,1,15
2024-07-21,4호선,명동,26647,29062,-2415,6,1,16
2024-07-21,4호선,명동,26647,29062,-2415,6,1,17
2024-07-21,4호선,명동,26647,29062,-2415,6,1,18
2024-07-21,4호선,명동,26647,29062,-2415,6,1,19
2024-07-21,4호선,명동,26647,29062,-2415,6,1,20
2024-07-21,4호선,명동,26647,29062,-2415,6,1,21
2024-07-21,4호선,명동,26647,29062,-2415,6,1,22
2024-07-21,4호선,명동,26647,29062,-2415,6,1,23
2024-07-22,4호선,명동,33618,35653,-2035,0,0,00
2024-07-22,4호선,명동,33618,35653,-2035,0,0,01
2024-07-22,4호선,명동,33618,35653,-2035,0,0,02
2024-07-22,4호선,명동,33618,35653,-2035,0,0,03
2024-07-22,4호선,명동,33618,35653,-2035,0,0,04
2024-07-22,4호선,명동,33618,35653,-2035,0,0,05
2024-07-22,4호선,명동,33618,35653,-2035,0,0,06
2024-07-22,4호선,명동,33618,35653,-2035,0,0,07
2024-07-22,4호선,명동,33618,35653,-2035,0,0,08
2024-07-22,4호선,명동,33618,35653,-2035,0,0,09
2024-07-22,4호선,명동,33618,35653,-2035,0,0,10
2024-07-22,4호선,명동,33618,35653,-2035,0,0,11
2024-07-22,4호선,명동,33618,35653,-2035,0,0,12
2024-07-22,4호선,명동,33618,35653,-2035,0,0,13
2024-07-22,4호선,명동,33618,35653,-2035,0,0,14
2024-07-22,4호선,명동,33618,35653,-2035,0,0,15
2024-07-22,4호선,명동,33618,35653,-2035,0,0,16
2024-07-22,4호선,명동,33618,35653,-2035,0,0,17
2024-07-22,4호선,명동,33618,35653,-2035,0,0,18
2024-07-22,4호선,명동,33618,35653,-2035,0,0,19
2024-07-22,4호선,명동,33618,35653,-2035,0,0,20
2024-07-22,4호선,명동,33618,35653,-2035,0,0,21
2024-07-22,4호선,명동,33618,35653,-2035,0,0,22
2024-07-22,4호선,명동,33618,35653,-2035,0,0,23
2024-07-23,4호선,명동,33612,35622,-2010,1,0,00
2024-07-23,4호선,명동,33612,35622,-2010,1,0,01
2024-07-23,4호선,명동,33612,35622,-2010,1,0,02
2024-07-23,4호선,명동,33612,35622,-2010,1,0,03
2024-07-23,4호선,명동,33612,35622,-2010,1,0,04
2024-07-23,4호선,명동,33612,35622,-2010,1,0,05
2024-07-23,4호선,명동,33612,35622,-2010,1,0,06
2024-07-23,4호선,명동,33612,35622,-2010,1,0,07
2024-07-23,4호선,명동,33612,35622,-2010,1,0,08
2024-07-23,4호선,명동,33612,35622,-2010,1,0,09
2024-07-23,4호선,명동,33612,35622,-2010,1,0,10
2024-07-23,4호선,명동,33612,35622,-2010,1,0,11
2024-07-23,4호선,명동,33612,35622,-2010,1,0,12
2024-07-23,4호선,명동,33612,35622,-2010,1,0,13
2024-07-23,4호선,명동,33612,35622,-2010,1,0,14
2024-07-23,4호선,명동,33612,35622,-2010,1,0,15
2024-07-23,4호선,명동,33612,35622,-2010,1,0,16
2024-07-23,4호선,명동,33612,35622,-2010,1,0,17
2024-07-23,4호선,명동,33612,35622,-2010,1,0,18
2024-07-23,4호선,명동,33612,35622,-2010,1,0,19
2024-07-23,4호선,명동,33612,35622,-2010,1,0,20
2024-07-23,4호선,명동,33612,35622,-2010,1,0,21
2024-07-23,4호선,명동,33612,35622,-2010,1,0,22
2024-07-23,4호선,명동,33612,35622,-2010,1,0,23
2024-07-24,4호선,명동,35397,37462,-2065,2,0,00
2024-07-24,4호선,명동,35397,37462,-2065,2,0,01
2024-07-24,4호선,명동,35397,37462,-2065,2,0,02
2024-07-24,4호선,명동,35397,37462,-2065,2,0,03
2024-07-24,4호선,명동,35397,37462,-2065,2,0,04
2024-07-24,4호선,명동,35397,37462,-2065,2,0,05
2024-07-24,4호선,명동,35397,37462,-2065,2,0,06
2024-07-24,4호선,명동,35397,37462,-2065,2,0,07
2024-07-24,4호선,명동,35397,37462,-2065,2,0,08
2024-07-24,4호선,명동,35397,37462,-2065,2,0,09
2024-07-24,4호선,명동,35397,37462,-2065,2,0,10
2024-07-24,4호선,명동,35397,37462,-2065,2,0,11
2024-07-24,4호선,명동,35397,37462,-2065,2,0,12
2024-07-24,4호선,명동,35397,37462,-2065,2,0,13
2024-07-24,4호선,명동,35397,37462,-2065,2,0,14
2024-07-24,4호선,명동,35397,37462,-2065,2,0,15
2024-07-24,4호선,명동,35397,37462,-2065,2,0,16
2024-07-24,4호선,명동,35397,37462,-2065,2,0,17
2024-07-24,4호선,명동,35397,37462,-2065,2,0,18
2024-07-24,4호선,명동,35397,37462,-2065,2,0,19
2024-07-24,4호선,명동,35397,37462,-2065,2,0,20
2024-07-24,4호선,명동,35397,37462,-2065,2,0,21
2024-07-24,4호선,명동,35397,37462,-2065,2,0,22
2024-07-24,4호선,명동,35397,37462,-2065,2,0,23
2024-07-25,4호선,명동,34951,36448,-1497,3,0,00
2024-07-25,4호선,명동,34951,36448,-1497,3,0,01
2024-07-25,4호선,명동,34951,36448,-1497,3,0,02
2024-07-25,4호선,명동,34951,36448,-1497,3,0,03
2024-07-25,4호선,명동,34951,36448,-1497,3,0,04
2024-07-25,4호선,명동,34951,36448,-1497,3,0,05
2024-07-25,4호선,명동,34951,36448,-1497,3,0,06
2024-07-25,4호선,명동,34951,36448,-1497,3,0,07
2024-07-25,4호선,명동,34951,36448,-1497,3,0,08
2024-07-25,4호선,명동,34951,36448,-1497,3,0,09
2024-07-25,4호선,명동,34951,36448,-1497,3,0,10
2024-07-25,4호선,명동,34951,36448,-1497,3,0,11
2024-07-25,4호선,명동,34951,36448,-1497,3,0,12
2024-07-25,4호선,명동,34951,36448,-1497,3,0,13
2024-07-25,4호선,명동,34951,36448,-1497,3,0,14
2024-07-25,4호선,명동,34951,36448,-1497,3,0,15
2024-07-25,4호선,명동,34951,36448,-1497,3,0,16
2024-07-25,4호선,명동,34951,36448,-1497,3,0,17
2024-07-25,4호선,명동,34951,36448,-1497,3,0,18
2024-07-25,4호선,명동,34951,36448,-1497,3,0,19
2024-07-25,4호선,명동,34951,36448,-1497,3,0,20
2024-07-25,4호선,명동,34951,36448,-1497,3,0,21
2024-07-25,4호선,명동,34951,36448,-1497,3,0,22
2024-07-25,4호선,명동,34951,36448,-1497,3,0,23
2024-07-26,4호선,명동,33540,36644,-3104,4,0,00
2024-07-26,4호선,명동,33540,36644,-3104,4,0,01
2024-07-26,4호선,명동,33540,36644,-3104,4,0,02
2024-07-26,4호선,명동,33540,36644,-3104,4,0,03
2024-07-26,4호선,명동,33540,36644,-3104,4,0,04
2024-07-26,4호선,명동,33540,36644,-3104,4,0,05
2024-07-26,4호선,명동,33540,36644,-3104,4,0,06
2024-07-26,4호선,명동,33540,36644,-3104,4,0,07
2024-07-26,4호선,명동,33540,36644,-3104,4,0,08
2024-07-26,4호선,명동,33540,36644,-3104,4,0,09
2024-07-26,4호선,명동,33540,36644,-3104,4,0,10
2024-07-26,4호선,명동,33540,36644,-3104,4,0,11
2024-07-26,4호선,명동,33540,36644,-3104,4,0,12
2024-07-26,4호선,명동,33540,36644,-3104,4,0,13
2024-07-26,4호선,명동,33540,36644,-3104,4,0,14
2024-07-26,4호선,명동,33540,36644,-3104,4,0,15
2024-07-26,4호선,명동,33540,36644,-3104,4,0,16
2024-07-26,4호선,명동,33540,36644,-3104,4,0,17
2024-07-26,4호선,명동,33540,36644,-3104,4,0,18
2024-07-26,4호선,명동,33540,36644,-3104,4,0,19
2024-07-26,4호선,명동,33540,36644,-3104,4,0,20
2024-07-26,4호선,명동,33540,36644,-3104,4,0,21
2024-07-26,4호선,명동,33540,36644,-3104,4,0,22
2024-07-26,4호선,명동,33540,36644,-3104,4,0,23
2024-07-27,4호선,명동,27401,31046,-3645,5,1,00
2024-07-27,4호선,명동,27401,31046,-3645,5,1,01
2024-07-27,4호선,명동,27401,31046,-3645,5,1,02
2024-07-27,4호선,명동,27401,31046,-3645,5,1,03
2024-07-27,4호선,명동,27401,31046,-3645,5,1,04
2024-07-27,4호선,명동,27401,31046,-3645,5,1,05
2024-07-27,4호선,명동,27401,31046,-3645,5,1,06
2024-07-27,4호선,명동,27401,31046,-3645,5,1,07
2024-07-27,4호선,명동,27401,31046,-3645,5,1,08
2024-07-27,4호선,명동,27401,31046,-3645,5,1,09
2024-07-27,4호선,명동,27401,31046,-3645,5,1,10
2024-07-27,4호선,명동,27401,31046,-3645,5,1,11
2024-07-27,4호선,명동,27401,31046,-3645,5,1,12
2024-07-27,4호선,명동,27401,31046,-3645,5,1,13
2024-07-27,4호선,명동,27401,31046,-3645,5,1,14
2024-07-27,4호선,명동,27401,31046,-3645,5,1,15
2024-07-27,4호선,명동,27401,31046,-3645,5,1,16
2024-07-27,4호선,명동,27401,31046,-3645,5,1,17
2024-07-27,4호선,명동,27401,31046,-3645,5,1,18
2024-07-27,4호선,명동,27401,31046,-3645,5,1,19
2024-07-27,4호선,명동,27401,31046,-3645,5,1,20
2024-07-27,4호선,명동,27401,31046,-3645,5,1,21
2024-07-27,4호선,명동,27401,31046,-3645,5,1,22
2024-07-27,4호선,명동,27401,31046,-3645,5,1,23
2024-07-28,4호선,명동,27284,30267,-2983,6,1,00
2024-07-28,4호선,명동,27284,30267,-2983,6,1,01
2024-07-28,4호선,명동,27284,30267,-2983,6,1,02
2024-07-28,4호선,명동,27284,30267,-2983,6,1,03
2024-07-28,4호선,명동,27284,30267,-2983,6,1,04
2024-07-28,4호선,명동,27284,30267,-2983,6,1,05
2024-07-28,4호선,명동,27284,30267,-2983,6,1,06
2024-07-28,4호선,명동,27284,30267,-2983,6,1,07
2024-07-28,4호선,명동,27284,30267,-2983,6,1,08
2024-07-28,4호선,명동,27284,30267,-2983,6,1,09
2024-07-28,4호선,명동,27284,30267,-2983,6,1,10
2024-07-28,4호선,명동,27284,30267,-2983,6,1,11
2024-07-28,4호선,명동,27284,30267,-2983,6,1,12
2024-07-28,4호선,명동,27284,30267,-2983,6,1,13
2024-07-28,4호선,명동,27284,30267,-2983,6,1,14
2024-07-28,4호선,명동,27284,30267,-2983,6,1,15
2024-07-28,4호선,명동,27284,30267,-2983,6,1,16
2024-07-28,4호선,명동,27284,30267,-2983,6,1,17
2024-07-28,4호선,명동,27284,30267,-2983,6,1,18
2024-07-28,4호선,명동,27284,30267,-2983,6,1,19
2024-07-28,4호선,명동,27284,30267,-2983,6,1,20
2024-07-28,4호선,명동,27284,30267,-2983,6,1,21
2024-07-28,4호선,명동,27284,30267,-2983,6,1,22
2024-07-28,4호선,명동,27284,30267,-2983,6,1,23
2024-07-29,4호선,명동,33905,36589,-2684,0,0,00
2024-07-29,4호선,명동,33905,36589,-2684,0,0,01
2024-07-29,4호선,명동,33905,36589,-2684,0,0,02
2024-07-29,4호선,명동,33905,36589,-2684,0,0,03
2024-07-29,4호선,명동,33905,36589,-2684,0,0,04
2024-07-29,4호선,명동,33905,36589,-2684,0,0,05
2024-07-29,4호선,명동,33905,36589,-2684,0,0,06
2024-07-29,4호선,명동,33905,36589,-2684,0,0,07
2024-07-29,4호선,명동,33905,36589,-2684,0,0,08
2024-07-29,4호선,명동,33905,36589,-2684,0,0,09
2024-07-29,4호선,명동,33905,36589,-2684,0,0,10
2024-07-29,4호선,명동,33905,36589,-2684,0,0,11
2024-07-29,4호선,명동,33905,36589,-2684,0,0,12
2024-07-29,4호선,명동,33905,36589,-2684,0,0,13
2024-07-29,4호선,명동,33905,36589,-2684,0,0,14
2024-07-29,4호선,명동,33905,36589,-2684,0,0,15
2024-07-29,4호선,명동,33905,36589,-2684,0,0,16
2024-07-29,4호선,명동,33905,36589,-2684,0,0,17
2024-07-29,4호선,명동,33905,36589,-2684,0,0,18
2024-07-29,4호선,명동,33905,36589,-2684,0,0,19
2024-07-29,4호선,명동,33905,36589,-2684,0,0,20
2024-07-29,4호선,명동,33905,36589,-2684,0,0,21
2024-07-29,4호선,명동,33905,36589,-2684,0,0,22
2024-07-29,4호선,명동,33905,36589,-2684,0,0,23
2024-07-30,4호선,명동,33720,35726,-2006,1,0,00
2024-07-30,4호선,명동,33720,35726,-2006,1,0,01
2024-07-30,4호선,명동,33720,35726,-2006,1,0,02
2024-07-30,4호선,명동,33720,35726,-2006,1,0,03
2024-07-30,4호선,명동,33720,35726,-2006,1,0,04
2024-07-30,4호선,명동,33720,35726,-2006,1,0,05
2024-07-30,4호선,명동,33720,35726,-2006,1,0,06
2024-07-30,4호선,명동,33720,35726,-2006,1,0,07
2024-07-30,4호선,명동,33720,35726,-2006,1,0,08
2024-07-30,4호선,명동,33720,35726,-2006,1,0,09
2024-07-30,4호선,명동,33720,35726,-2006,1,0,10
2024-07-30,4호선,명동,33720,35726,-2006,1,0,11
2024-07-30,4호선,명동,33720,35726,-2006,1,0,12
2024-07-30,4호선,명동,33720,35726,-2006,1,0,13
2024-07-30,4호선,명동,33720,35726,-2006,1,0,14
2024-07-30,4호선,명동,33720,35726,-2006,1,0,15
2024-07-30,4호선,명동,33720,35726,-2006,1,0,16
2024-07-30,4호선,명동,33720,35726,-2006,1,0,17
2024-07-30,4호선,명동,33720,35726,-2006,1,0,18
2024-07-30,4호선,명동,33720,35726,-2006,1,0,19
2024-07-30,4호선,명동,33720,35726,-2006,1,0,20
2024-07-30,4호선,명동,33720,35726,-2006,1,0,21
2024-07-30,4호선,명동,33720,35726,-2006,1,0,22
2024-07-30,4호선,명동,33720,35726,-2006,1,0,23
2024-07-31,4호선,명동,34215,36755,-2540,2,0,00
2024-07-31,4호선,명동,34215,36755,-2540,2,0,01
2024-07-31,4호선,명동,34215,36755,-2540,2,0,02
2024-07-31,4호선,명동,34215,36755,-2540,2,0,03
2024-07-31,4호선,명동,34215,36755,-2540,2,0,04
2024-07-31,4호선,명동,34215,36755,-2540,2,0,05
2024-07-31,4호선,명동,34215,36755,-2540,2,0,06
2024-07-31,4호선,명동,34215,36755,-2540,2,0,07
2024-07-31,4호선,명동,34215,36755,-2540,2,0,08
2024-07-31,4호선,명동,34215,36755,-2540,2,0,09
2024-07-31,4호선,명동,34215,36755,-2540,2,0,10
2024-07-31,4호선,명동,34215,36755,-2540,2,0,11
2024-07-31,4호선,명동,34215,36755,-2540,2,0,12
2024-07-31,4호선,명동,34215,36755,-2540,2,0,13
2024-07-31,4호선,명동,34215,36755,-2540,2,0,14
2024-07-31,4호선,명동,34215,36755,-2540,2,0,15
2024-07-31,4호선,명동,34215,36755,-2540,2,0,16
2024-07-31,4호선,명동,34215,36755,-2540,2,0,17
2024-07-31,4호선,명동,34215,36755,-2540,2,0,18
2024-07-31,4호선,명동,34215,36755,-2540,2,0,19
2024-07-31,4호선,명동,34215,36755,-2540,2,0,20
2024-07-31,4호선,명동,34215,36755,-2540,2,0,21
2024-07-31,4호선,명동,34215,36755,-2540,2,0,22
2024-07-31,4호선,명동,34215,36755,-2540,2,0,23
2024-08-01,4호선,명동,34481,36854,-2373,3,0,00
2024-08-01,4호선,명동,34481,36854,-2373,3,0,01
2024-08-01,4호선,명동,34481,36854,-2373,3,0,02
2024-08-01,4호선,명동,34481,36854,-2373,3,0,03
2024-08-01,4호선,명동,34481,36854,-2373,3,0,04
2024-08-01,4호선,명동,34481,36854,-2373,3,0,05
2024-08-01,4호선,명동,34481,36854,-2373,3,0,06
2024-08-01,4호선,명동,34481,36854,-2373,3,0,07
2024-08-01,4호선,명동,34481,36854,-2373,3,0,08
2024-08-01,4호선,명동,34481,36854,-2373,3,0,09
2024-08-01,4호선,명동,34481,36854,-2373,3,0,10
2024-08-01,4호선,명동,34481,36854,-2373,3,0,11
2024-08-01,4호선,명동,34481,36854,-2373,3,0,12
2024-08-01,4호선,명동,34481,36854,-2373,3,0,13
2024-08-01,4호선,명동,34481,36854,-2373,3,0,14
2024-08-01,4호선,명동,34481,36854,-2373,3,0,15
2024-08-01,4호선,명동,34481,36854,-2373,3,0,16
2024-08-01,4호선,명동,34481,36854,-2373,3,0,17
2024-08-01,4호선,명동,34481,36854,-2373,3,0,18
2024-08-01,4호선,명동,34481,36854,-2373,3,0,19
2024-08-01,4호선,명동,34481,36854,-2373,3,0,20
2024-08-01,4호선,명동,34481,36854,-2373,3,0,21
2024-08-01,4호선,명동,34481,36854,-2373,3,0,22
2024-08-01,4호선,명동,34481,36854,-2373,3,0,23
2024-08-02,4호선,명동,35326,38103,-2777,4,0,00
2024-08-02,4호선,명동,35326,38103,-2777,4,0,01
2024-08-02,4호선,명동,35326,38103,-2777,4,0,02
2024-08-02,4호선,명동,35326,38103,-2777,4,0,03
2024-08-02,4호선,명동,35326,38103,-2777,4,0,04
2024-08-02,4호선,명동,35326,38103,-2777,4,0,05
2024-08-02,4호선,명동,35326,38103,-2777,4,0,06
2024-08-02,4호선,명동,35326,38103,-2777,4,0,07
2024-08-02,4호선,명동,35326,38103,-2777,4,0,08
2024-08-02,4호선,명동,35326,38103,-2777,4,0,09
2024-08-02,4호선,명동,35326,38103,-2777,4,0,10
2024-08-02,4호선,명동,35326,38103,-2777,4,0,11
2024-08-02,4호선,명동,35326,38103,-2777,4,0,12
2024-08-02,4호선,명동,35326,38103,-2777,4,0,13
2024-08-02,4호선,명동,35326,38103,-2777,4,0,14
2024-08-02,4호선,명동,35326,38103,-2777,4,0,15
2024-08-02,4호선,명동,35326,38103,-2777,4,0,16
2024-08-02,4호선,명동,35326,38103,-2777,4,0,17
2024-08-02,4호선,명동,35326,38103,-2777,4,0,18
2024-08-02,4호선,명동,35326,38103,-2777,4,0,19
2024-08-02,4호선,명동,35326,38103,-2777,4,0,20
2024-08-02,4호선,명동,35326,38103,-2777,4,0,21
2024-08-02,4호선,명동,35326,38103,-2777,4,0,22
2024-08-02,4호선,명동,35326,38103,-2777,4,0,23
2024-08-03,4호선,명동,28361,31221,-2860,5,1,00
2024-08-03,4호선,명동,28361,31221,-2860,5,1,01
2024-08-03,4호선,명동,28361,31221,-2860,5,1,02
2024-08-03,4호선,명동,28361,31221,-2860,5,1,03
2024-08-03,4호선,명동,28361,31221,-2860,5,1,04
2024-08-03,4호선,명동,28361,31221,-2860,5,1,05
2024-08-03,4호선,명동,28361,31221,-2860,5,1,06
2024-08-03,4호선,명동,28361,31221,-2860,5,1,07
2024-08-03,4호선,명동,28361,31221,-2860,5,1,08
2024-08-03,4호선,명동,28361,31221,-2860,5,1,09
2024-08-03,4호선,명동,28361,31221,-2860,5,1,10
2024-08-03,4호선,명동,28361,31221,-2860,5,1,11
2024-08-03,4호선,명동,28361,31221,-2860,5,1,12
2024-08-03,4호선,명동,28361,31221,-2860,5,1,13
2024-08-03,4호선,명동,28361,31221,-2860,5,1,14
2024-08-03,4호선,명동,28361,31221,-2860,5,1,15
2024-08-03,4호선,명동,28361,31221,-2860,5,1,16
2024-08-03,4호선,명동,28361,31221,-2860,5,1,17
2024-08-03,4호선,명동,28361,31221,-2860,5,1,18
2024-08-03,4호선,명동,28361,31221,-2860,5,1,19
2024-08-03,4호선,명동,28361,31221,-2860,5,1,20
2024-08-03,4호선,명동,28361,31221,-2860,5,1,21
2024-08-03,4호선,명동,28361,31221,-2860,5,1,22
2024-08-03,4호선,명동,28361,31221,-2860,5,1,23
2024-08-04,4호선,명동,23922,25765,-1843,6,1,00
2024-08-04,4호선,명동,23922,25765,-1843,6,1,01
2024-08-04,4호선,명동,23922,25765,-1843,6,1,02
2024-08-04,4호선,명동,23922,25765,-1843,6,1,03
2024-08-04,4호선,명동,23922,25765,-1843,6,1,04
2024-08-04,4호선,명동,23922,25765,-1843,6,1,05
2024-08-04,4호선,명동,23922,25765,-1843,6,1,06
2024-08-04,4호선,명동,23922,25765,-1843,6,1,07
2024-08-04,4호선,명동,23922,25765,-1843,6,1,08
2024-08-04,4호선,명동,23922,25765,-1843,6,1,09
2024-08-04,4호선,명동,23922,25765,-1843,6,1,10
2024-08-04,4호선,명동,23922,25765,-1843,6,1,11
2024-08-04,4호선,명동,23922,25765,-1843,6,1,12
2024-08-04,4호선,명동,23922,25765,-1843,6,1,13
2024-08-04,4호선,명동,23922,25765,-1843,6,1,14
2024-08-04,4호선,명동,23922,25765,-1843,6,1,15
2024-08-04,4호선,명동,23922,25765,-1843,6,1,16
2024-08-04,4호선,명동,23922,25765,-1843,6,1,17
2024-08-04,4호선,명동,23922,25765,-1843,6,1,18
2024-08-04,4호선,명동,23922,25765,-1843,6,1,19
2024-08-04,4호선,명동,23922,25765,-1843,6,1,20
2024-08-04,4호선,명동,23922,25765,-1843,6,1,21
2024-08-04,4호선,명동,23922,25765,-1843,6,1,22
2024-08-04,4호선,명동,23922,25765,-1843,6,1,23
2024-08-05,4호선,명동,30832,32490,-1658,0,0,00
2024-08-05,4호선,명동,30832,32490,-1658,0,0,01
2024-08-05,4호선,명동,30832,32490,-1658,0,0,02
2024-08-05,4호선,명동,30832,32490,-1658,0,0,03
2024-08-05,4호선,명동,30832,32490,-1658,0,0,04
2024-08-05,4호선,명동,30832,32490,-1658,0,0,05
2024-08-05,4호선,명동,30832,32490,-1658,0,0,06
2024-08-05,4호선,명동,30832,32490,-1658,0,0,07
2024-08-05,4호선,명동,30832,32490,-1658,0,0,08
2024-08-05,4호선,명동,30832,32490,-1658,0,0,09
2024-08-05,4호선,명동,30832,32490,-1658,0,0,10
2024-08-05,4호선,명동,30832,32490,-1658,0,0,11
2024-08-05,4호선,명동,30832,32490,-1658,0,0,12
2024-08-05,4호선,명동,30832,32490,-1658,0,0,13
2024-08-05,4호선,명동,30832,32490,-1658,0,0,14
2024-08-05,4호선,명동,30832,32490,-1658,0,0,15
2024-08-05,4호선,명동,30832,32490,-1658,0,0,16
2024-08-05,4호선,명동,30832,32490,-1658,0,0,17
2024-08-05,4호선,명동,30832,32490,-1658,0,0,18
2024-08-05,4호선,명동,30832,32490,-1658,0,0,19
2024-08-05,4호선,명동,30832,32490,-1658,0,0,20
2024-08-05,4호선,명동,30832,32490,-1658,0,0,21
2024-08-05,4호선,명동,30832,32490,-1658,0,0,22
2024-08-05,4호선,명동,30832,32490,-1658,0,0,23
2024-08-06,4호선,명동,31285,33443,-2158,1,0,00
2024-08-06,4호선,명동,31285,33443,-2158,1,0,01
2024-08-06,4호선,명동,31285,33443,-2158,1,0,02
2024-08-06,4호선,명동,31285,33443,-2158,1,0,03
2024-08-06,4호선,명동,31285,33443,-2158,1,0,04
2024-08-06,4호선,명동,31285,33443,-2158,1,0,05
2024-08-06,4호선,명동,31285,33443,-2158,1,0,06
2024-08-06,4호선,명동,31285,33443,-2158,1,0,07
2024-08-06,4호선,명동,31285,33443,-2158,1,0,08
2024-08-06,4호선,명동,31285,33443,-2158,1,0,09
2024-08-06,4호선,명동,31285,33443,-2158,1,0,10
2024-08-06,4호선,명동,31285,33443,-2158,1,0,11
2024-08-06,4호선,명동,31285,33443,-2158,1,0,12
2024-08-06,4호선,명동,31285,33443,-2158,1,0,13
2024-08-06,4호선,명동,31285,33443,-2158,1,0,14
2024-08-06,4호선,명동,31285,33443,-2158,1,0,15
2024-08-06,4호선,명동,31285,33443,-2158,1,0,16
2024-08-06,4호선,명동,31285,33443,-2158,1,0,17
2024-08-06,4호선,명동,31285,33443,-2158,1,0,18
2024-08-06,4호선,명동,31285,33443,-2158,1,0,19
2024-08-06,4호선,명동,31285,33443,-2158,1,0,20
2024-08-06,4호선,명동,31285,33443,-2158,1,0,21
2024-08-06,4호선,명동,31285,33443,-2158,1,0,22
2024-08-06,4호선,명동,31285,33443,-2158,1,0,23
2024-08-07,4호선,명동,32495,34341,-1846,2,0,00
2024-08-07,4호선,명동,32495,34341,-1846,2,0,01
2024-08-07,4호선,명동,32495,34341,-1846,2,0,02
2024-08-07,4호선,명동,32495,34341,-1846,2,0,03
2024-08-07,4호선,명동,32495,34341,-1846,2,0,04
2024-08-07,4호선,명동,32495,34341,-1846,2,0,05
2024-08-07,4호선,명동,32495,34341,-1846,2,0,06
2024-08-07,4호선,명동,32495,34341,-1846,2,0,07
2024-08-07,4호선,명동,32495,34341,-1846,2,0,08
2024-08-07,4호선,명동,32495,34341,-1846,2,0,09
2024-08-07,4호선,명동,32495,34341,-1846,2,0,10
2024-08-07,4호선,명동,32495,34341,-1846,2,0,11
2024-08-07,4호선,명동,32495,34341,-1846,2,0,12
2024-08-07,4호선,명동,32495,34341,-1846,2,0,13
2024-08-07,4호선,명동,32495,34341,-1846,2,0,14
2024-08-07,4호선,명동,32495,34341,-1846,2,0,15
2024-08-07,4호선,명동,32495,34341,-1846,2,0,16
2024-08-07,4호선,명동,32495,34341,-1846,2,0,17
2024-08-07,4호선,명동,32495,34341,-1846,2,0,18
2024-08-07,4호선,명동,32495,34341,-1846,2,0,19
2024-08-07,4호선,명동,32495,34341,-1846,2,0,20
2024-08-07,4호선,명동,32495,34341,-1846,2,0,21
2024-08-07,4호선,명동,32495,34341,-1846,2,0,22
2024-08-07,4호선,명동,32495,34341,-1846,2,0,23
2024-08-08,4호선,명동,32023,34417,-2394,3,0,00
2024-08-08,4호선,명동,32023,34417,-2394,3,0,01
2024-08-08,4호선,명동,32023,34417,-2394,3,0,02
2024-08-08,4호선,명동,32023,34417,-2394,3,0,03
2024-08-08,4호선,명동,32023,34417,-2394,3,0,04
2024-08-08,4호선,명동,32023,34417,-2394,3,0,05
2024-08-08,4호선,명동,32023,34417,-2394,3,0,06
2024-08-08,4호선,명동,32023,34417,-2394,3,0,07
2024-08-08,4호선,명동,32023,34417,-2394,3,0,08
2024-08-08,4호선,명동,32023,34417,-2394,3,0,09
2024-08-08,4호선,명동,32023,34417,-2394,3,0,10
2024-08-08,4호선,명동,32023,34417,-2394,3,0,11
2024-08-08,4호선,명동,32023,34417,-2394,3,0,12
2024-08-08,4호선,명동,32023,34417,-2394,3,0,13
2024-08-08,4호선,명동,32023,34417,-2394,3,0,14
2024-08-08,4호선,명동,32023,34417,-2394,3,0,15
2024-08-08,4호선,명동,32023,34417,-2394,3,0,16
2024-08-08,4호선,명동,32023,34417,-2394,3,0,17
2024-08-08,4호선,명동,32023,34417,-2394,3,0,18
2024-08-08,4호선,명동,32023,34417,-2394,3,0,19
2024-08-08,4호선,명동,32023,34417,-2394,3,0,20
2024-08-08,4호선,명동,32023,34417,-2394,3,0,21
2024-08-08,4호선,명동,32023,34417,-2394,3,0,22
2024-08-08,4호선,명동,32023,34417,-2394,3,0,23
2024-08-09,4호선,명동,32860,35387,-2527,4,0,00
2024-08-09,4호선,명동,32860,35387,-2527,4,0,01
2024-08-09,4호선,명동,32860,35387,-2527,4,0,02
2024-08-09,4호선,명동,32860,35387,-2527,4,0,03
2024-08-09,4호선,명동,32860,35387,-2527,4,0,04
2024-08-09,4호선,명동,32860,35387,-2527,4,0,05
2024-08-09,4호선,명동,32860,35387,-2527,4,0,06
2024-08-09,4호선,명동,32860,35387,-2527,4,0,07
2024-08-09,4호선,명동,32860,35387,-2527,4,0,08
2024-08-09,4호선,명동,32860,35387,-2527,4,0,09
2024-08-09,4호선,명동,32860,35387,-2527,4,0,10
2024-08-09,4호선,명동,32860,35387,-2527,4,0,11
2024-08-09,4호선,명동,32860,35387,-2527,4,0,12
2024-08-09,4호선,명동,32860,35387,-2527,4,0,13
2024-08-09,4호선,명동,32860,35387,-2527,4,0,14
2024-08-09,4호선,명동,32860,35387,-2527,4,0,15
2024-08-09,4호선,명동,32860,35387,-2527,4,0,16
2024-08-09,4호선,명동,32860,35387,-2527,4,0,17
2024-08-09,4호선,명동,32860,35387,-2527,4,0,18
2024-08-09,4호선,명동,32860,35387,-2527,4,0,19
2024-08-09,4호선,명동,32860,35387,-2527,4,0,20
2024-08-09,4호선,명동,32860,35387,-2527,4,0,21
2024-08-09,4호선,명동,32860,35387,-2527,4,0,22
2024-08-09,4호선,명동,32860,35387,-2527,4,0,23
2024-08-10,4호선,명동,28629,32126,-3497,5,1,00
2024-08-10,4호선,명동,28629,32126,-3497,5,1,01
2024-08-10,4호선,명동,28629,32126,-3497,5,1,02
2024-08-10,4호선,명동,28629,32126,-3497,5,1,03
2024-08-10,4호선,명동,28629,32126,-3497,5,1,04
2024-08-10,4호선,명동,28629,32126,-3497,5,1,05
2024-08-10,4호선,명동,28629,32126,-3497,5,1,06
2024-08-10,4호선,명동,28629,32126,-3497,5,1,07
2024-08-10,4호선,명동,28629,32126,-3497,5,1,08
2024-08-10,4호선,명동,28629,32126,-3497,5,1,09
2024-08-10,4호선,명동,28629,32126,-3497,5,1,10
2024-08-10,4호선,명동,28629,32126,-3497,5,1,11
2024-08-10,4호선,명동,28629,32126,-3497,5,1,12
2024-08-10,4호선,명동,28629,32126,-3497,5,1,13
2024-08-10,4호선,명동,28629,32126,-3497,5,1,14
2024-08-10,4호선,명동,28629,32126,-3497,5,1,15
2024-08-10,4호선,명동,28629,32126,-3497,5,1,16
2024-08-10,4호선,명동,28629,32126,-3497,5,1,17
2024-08-10,4호선,명동,28629,32126,-3497,5,1,18
2024-08-10,4호선,명동,28629,32126,-3497,5,1,19
2024-08-10,4호선,명동,28629,32126,-3497,5,1,20
2024-08-10,4호선,명동,28629,32126,-3497,5,1,21
2024-08-10,4호선,명동,28629,32126,-3497,5,1,22
2024-08-10,4호선,명동,28629,32126,-3497,5,1,23
2024-08-11,4호선,명동,27258,30676,-3418,6,1,00
2024-08-11,4호선,명동,27258,30676,-3418,6,1,01
2024-08-11,4호선,명동,27258,30676,-3418,6,1,02
2024-08-11,4호선,명동,27258,30676,-3418,6,1,03
2024-08-11,4호선,명동,27258,30676,-3418,6,1,04
2024-08-11,4호선,명동,27258,30676,-3418,6,1,05
2024-08-11,4호선,명동,27258,30676,-3418,6,1,06
2024-08-11,4호선,명동,27258,30676,-3418,6,1,07
2024-08-11,4호선,명동,27258,30676,-3418,6,1,08
2024-08-11,4호선,명동,27258,30676,-3418,6,1,09
2024-08-11,4호선,명동,27258,30676,-3418,6,1,10
2024-08-11,4호선,명동,27258,30676,-3418,6,1,11
2024-08-11,4호선,명동,27258,30676,-3418,6,1,12
2024-08-11,4호선,명동,27258,30676,-3418,6,1,13
2024-08-11,4호선,명동,27258,30676,-3418,6,1,14
2024-08-11,4호선,명동,27258,30676,-3418,6,1,15
2024-08-11,4호선,명동,27258,30676,-3418,6,1,16
2024-08-11,4호선,명동,27258,30676,-3418,6,1,17
2024-08-11,4호선,명동,27258,30676,-3418,6,1,18
2024-08-11,4호선,명동,27258,30676,-3418,6,1,19
2024-08-11,4호선,명동,27258,30676,-3418,6,1,20
2024-08-11,4호선,명동,27258,30676,-3418,6,1,21
2024-08-11,4호선,명동,27258,30676,-3418,6,1,22
2024-08-11,4호선,명동,27258,30676,-3418,6,1,23
2024-08-12,4호선,명동,34976,37323,-2347,0,0,00
2024-08-12,4호선,명동,34976,37323,-2347,0,0,01
2024-08-12,4호선,명동,34976,37323,-2347,0,0,02
2024-08-12,4호선,명동,34976,37323,-2347,0,0,03
2024-08-12,4호선,명동,34976,37323,-2347,0,0,04
2024-08-12,4호선,명동,34976,37323,-2347,0,0,05
2024-08-12,4호선,명동,34976,37323,-2347,0,0,06
2024-08-12,4호선,명동,34976,37323,-2347,0,0,07
2024-08-12,4호선,명동,34976,37323,-2347,0,0,08
2024-08-12,4호선,명동,34976,37323,-2347,0,0,09
2024-08-12,4호선,명동,34976,37323,-2347,0,0,10
2024-08-12,4호선,명동,34976,37323,-2347,0,0,11
2024-08-12,4호선,명동,34976,37323,-2347,0,0,12
2024-08-12,4호선,명동,34976,37323,-2347,0,0,13
2024-08-12,4호선,명동,34976,37323,-2347,0,0,14
2024-08-12,4호선,명동,34976,37323,-2347,0,0,15
2024-08-12,4호선,명동,34976,37323,-2347,0,0,16
2024-08-12,4호선,명동,34976,37323,-2347,0,0,17
2024-08-12,4호선,명동,34976,37323,-2347,0,0,18
2024-08-12,4호선,명동,34976,37323,-2347,0,0,19
2024-08-12,4호선,명동,34976,37323,-2347,0,0,20
2024-08-12,4호선,명동,34976,37323,-2347,0,0,21
2024-08-12,4호선,명동,34976,37323,-2347,0,0,22
2024-08-12,4호선,명동,34976,37323,-2347,0,0,23
2024-08-13,4호선,명동,34805,38075,-3270,1,0,00
2024-08-13,4호선,명동,34805,38075,-3270,1,0,01
2024-08-13,4호선,명동,34805,38075,-3270,1,0,02
2024-08-13,4호선,명동,34805,38075,-3270,1,0,03
2024-08-13,4호선,명동,34805,38075,-3270,1,0,04
2024-08-13,4호선,명동,34805,38075,-3270,1,0,05
2024-08-13,4호선,명동,34805,38075,-3270,1,0,06
2024-08-13,4호선,명동,34805,38075,-3270,1,0,07
2024-08-13,4호선,명동,34805,38075,-3270,1,0,08
2024-08-13,4호선,명동,34805,38075,-3270,1,0,09
2024-08-13,4호선,명동,34805,38075,-3270,1,0,10
2024-08-13,4호선,명동,34805,38075,-3270,1,0,11
2024-08-13,4호선,명동,34805,38075,-3270,1,0,12
2024-08-13,4호선,명동,34805,38075,-3270,1,0,13
2024-08-13,4호선,명동,34805,38075,-3270,1,0,14
2024-08-13,4호선,명동,34805,38075,-3270,1,0,15
2024-08-13,4호선,명동,34805,38075,-3270,1,0,16
2024-08-13,4호선,명동,34805,38075,-3270,1,0,17
2024-08-13,4호선,명동,34805,38075,-3270,1,0,18
2024-08-13,4호선,명동,34805,38075,-3270,1,0,19
2024-08-13,4호선,명동,34805,38075,-3270,1,0,20
2024-08-13,4호선,명동,34805,38075,-3270,1,0,21
2024-08-13,4호선,명동,34805,38075,-3270,1,0,22
2024-08-13,4호선,명동,34805,38075,-3270,1,0,23
2024-08-14,4호선,명동,35462,38086,-2624,2,0,00
2024-08-14,4호선,명동,35462,38086,-2624,2,0,01
2024-08-14,4호선,명동,35462,38086,-2624,2,0,02
2024-08-14,4호선,명동,35462,38086,-2624,2,0,03
2024-08-14,4호선,명동,35462,38086,-2624,2,0,04
2024-08-14,4호선,명동,35462,38086,-2624,2,0,05
2024-08-14,4호선,명동,35462,38086,-2624,2,0,06
2024-08-14,4호선,명동,35462,38086,-2624,2,0,07
2024-08-14,4호선,명동,35462,38086,-2624,2,0,08
2024-08-14,4호선,명동,35462,38086,-2624,2,0,09
2024-08-14,4호선,명동,35462,38086,-2624,2,0,10
2024-08-14,4호선,명동,35462,38086,-2624,2,0,11
2024-08-14,4호선,명동,35462,38086,-2624,2,0,12
2024-08-14,4호선,명동,35462,38086,-2624,2,0,13
2024-08-14,4호선,명동,35462,38086,-2624,2,0,14
2024-08-14,4호선,명동,35462,38086,-2624,2,0,15
2024-08-14,4호선,명동,35462,38086,-2624,2,0,16
2024-08-14,4호선,명동,35462,38086,-2624,2,0,17
2024-08-14,4호선,명동,35462,38086,-2624,2,0,18
2024-08-14,4호선,명동,35462,38086,-2624,2,0,19
2024-08-14,4호선,명동,35462,38086,-2624,2,0,20
2024-08-14,4호선,명동,35462,38086,-2624,2,0,21
2024-08-14,4호선,명동,35462,38086,-2624,2,0,22
2024-08-14,4호선,명동,35462,38086,-2624,2,0,23
2024-08-15,4호선,명동,28763,32056,-3293,3,1,00
2024-08-15,4호선,명동,28763,32056,-3293,3,1,01
2024-08-15,4호선,명동,28763,32056,-3293,3,1,02
2024-08-15,4호선,명동,28763,32056,-3293,3,1,03
2024-08-15,4호선,명동,28763,32056,-3293,3,1,04
2024-08-15,4호선,명동,28763,32056,-3293,3,1,05
2024-08-15,4호선,명동,28763,32056,-3293,3,1,06
2024-08-15,4호선,명동,28763,32056,-3293,3,1,07
2024-08-15,4호선,명동,28763,32056,-3293,3,1,08
2024-08-15,4호선,명동,28763,32056,-3293,3,1,09
2024-08-15,4호선,명동,28763,32056,-3293,3,1,10
2024-08-15,4호선,명동,28763,32056,-3293,3,1,11
2024-08-15,4호선,명동,28763,32056,-3293,3,1,12
2024-08-15,4호선,명동,28763,32056,-3293,3,1,13
2024-08-15,4호선,명동,28763,32056,-3293,3,1,14
2024-08-15,4호선,명동,28763,32056,-3293,3,1,15
2024-08-15,4호선,명동,28763,32056,-3293,3,1,16
2024-08-15,4호선,명동,28763,32056,-3293,3,1,17
2024-08-15,4호선,명동,28763,32056,-3293,3,1,18
2024-08-15,4호선,명동,28763,32056,-3293,3,1,19
2024-08-15,4호선,명동,28763,32056,-3293,3,1,20
2024-08-15,4호선,명동,28763,32056,-3293,3,1,21
2024-08-15,4호선,명동,28763,32056,-3293,3,1,22
2024-08-15,4호선,명동,28763,32056,-3293,3,1,23
2024-08-16,4호선,명동,35180,37957,-2777,4,0,00
2024-08-16,4호선,명동,35180,37957,-2777,4,0,01
2024-08-16,4호선,명동,35180,37957,-2777,4,0,02
2024-08-16,4호선,명동,35180,37957,-2777,4,0,03
2024-08-16,4호선,명동,35180,37957,-2777,4,0,04
2024-08-16,4호선,명동,35180,37957,-2777,4,0,05
2024-08-16,4호선,명동,35180,37957,-2777,4,0,06
2024-08-16,4호선,명동,35180,37957,-2777,4,0,07
2024-08-16,4호선,명동,35180,37957,-2777,4,0,08
2024-08-16,4호선,명동,35180,37957,-2777,4,0,09
2024-08-16,4호선,명동,35180,37957,-2777,4,0,10
2024-08-16,4호선,명동,35180,37957,-2777,4,0,11
2024-08-16,4호선,명동,35180,37957,-2777,4,0,12
2024-08-16,4호선,명동,35180,37957,-2777,4,0,13
2024-08-16,4호선,명동,35180,37957,-2777,4,0,14
2024-08-16,4호선,명동,35180,37957,-2777,4,0,15
2024-08-16,4호선,명동,35180,37957,-2777,4,0,16
2024-08-16,4호선,명동,35180,37957,-2777,4,0,17
2024-08-16,4호선,명동,35180,37957,-2777,4,0,18
2024-08-16,4호선,명동,35180,37957,-2777,4,0,19
2024-08-16,4호선,명동,35180,37957,-2777,4,0,20
2024-08-16,4호선,명동,35180,37957,-2777,4,0,21
2024-08-16,4호선,명동,35180,37957,-2777,4,0,22
2024-08-16,4호선,명동,35180,37957,-2777,4,0,23
2024-08-17,4호선,명동,29199,32044,-2845,5,1,00
2024-08-17,4호선,명동,29199,32044,-2845,5,1,01
2024-08-17,4호선,명동,29199,32044,-2845,5,1,02
2024-08-17,4호선,명동,29199,32044,-2845,5,1,03
2024-08-17,4호선,명동,29199,32044,-2845,5,1,04
2024-08-17,4호선,명동,29199,32044,-2845,5,1,05
2024-08-17,4호선,명동,29199,32044,-2845,5,1,06
2024-08-17,4호선,명동,29199,32044,-2845,5,1,07
2024-08-17,4호선,명동,29199,32044,-2845,5,1,08
2024-08-17,4호선,명동,29199,32044,-2845,5,1,09
2024-08-17,4호선,명동,29199,32044,-2845,5,1,10
2024-08-17,4호선,명동,29199,32044,-2845,5,1,11
2024-08-17,4호선,명동,29199,32044,-2845,5,1,12
2024-08-17,4호선,명동,29199,32044,-2845,5,1,13
2024-08-17,4호선,명동,29199,32044,-2845,5,1,14
2024-08-17,4호선,명동,29199,32044,-2845,5,1,15
2024-08-17,4호선,명동,29199,32044,-2845,5,1,16
2024-08-17,4호선,명동,29199,32044,-2845,5,1,17
2024-08-17,4호선,명동,29199,32044,-2845,5,1,18
2024-08-17,4호선,명동,29199,32044,-2845,5,1,19
2024-08-17,4호선,명동,29199,32044,-2845,5,1,20
2024-08-17,4호선,명동,29199,32044,-2845,5,1,21
2024-08-17,4호선,명동,29199,32044,-2845,5,1,22
2024-08-17,4호선,명동,29199,32044,-2845,5,1,23
2024-08-18,4호선,명동,24313,25868,-1555,6,1,00
2024-08-18,4호선,명동,24313,25868,-1555,6,1,01
2024-08-18,4호선,명동,24313,25868,-1555,6,1,02
2024-08-18,4호선,명동,24313,25868,-1555,6,1,03
2024-08-18,4호선,명동,24313,25868,-1555,6,1,04
2024-08-18,4호선,명동,24313,25868,-1555,6,1,05
2024-08-18,4호선,명동,24313,25868,-1555,6,1,06
2024-08-18,4호선,명동,24313,25868,-1555,6,1,07
2024-08-18,4호선,명동,24313,25868,-1555,6,1,08
2024-08-18,4호선,명동,24313,25868,-1555,6,1,09
2024-08-18,4호선,명동,24313,25868,-1555,6,1,10
2024-08-18,4호선,명동,24313,25868,-1555,6,1,11
2024-08-18,4호선,명동,24313,25868,-1555,6,1,12
2024-08-18,4호선,명동,24313,25868,-1555,6,1,13
2024-08-18,4호선,명동,24313,25868,-1555,6,1,14
2024-08-18,4호선,명동,24313,25868,-1555,6,1,15
2024-08-18,4호선,명동,24313,25868,-1555,6,1,16
2024-08-18,4호선,명동,24313,25868,-1555,6,1,17
2024-08-18,4호선,명동,24313,25868,-1555,6,1,18
2024-08-18,4호선,명동,24313,25868,-1555,6,1,19
2024-08-18,4호선,명동,24313,25868,-1555,6,1,20
2024-08-18,4호선,명동,24313,25868,-1555,6,1,21
2024-08-18,4호선,명동,24313,25868,-1555,6,1,22
2024-08-18,4호선,명동,24313,25868,-1555,6,1,23
2024-08-19,4호선,명동,31628,33854,-2226,0,0,00
2024-08-19,4호선,명동,31628,33854,-2226,0,0,01
2024-08-19,4호선,명동,31628,33854,-2226,0,0,02
2024-08-19,4호선,명동,31628,33854,-2226,0,0,03
2024-08-19,4호선,명동,31628,33854,-2226,0,0,04
2024-08-19,4호선,명동,31628,33854,-2226,0,0,05
2024-08-19,4호선,명동,31628,33854,-2226,0,0,06
2024-08-19,4호선,명동,31628,33854,-2226,0,0,07
2024-08-19,4호선,명동,31628,33854,-2226,0,0,08
2024-08-19,4호선,명동,31628,33854,-2226,0,0,09
2024-08-19,4호선,명동,31628,33854,-2226,0,0,10
2024-08-19,4호선,명동,31628,33854,-2226,0,0,11
2024-08-19,4호선,명동,31628,33854,-2226,0,0,12
2024-08-19,4호선,명동,31628,33854,-2226,0,0,13
2024-08-19,4호선,명동,31628,33854,-2226,0,0,14
2024-08-19,4호선,명동,31628,33854,-2226,0,0,15
2024-08-19,4호선,명동,31628,33854,-2226,0,0,16
2024-08-19,4호선,명동,31628,33854,-2226,0,0,17
2024-08-19,4호선,명동,31628,33854,-2226,0,0,18
2024-08-19,4호선,명동,31628,33854,-2226,0,0,19
2024-08-19,4호선,명동,31628,33854,-2226,0,0,20
2024-08-19,4호선,명동,31628,33854,-2226,0,0,21
2024-08-19,4호선,명동,31628,33854,-2226,0,0,22
2024-08-19,4호선,명동,31628,33854,-2226,0,0,23
2024-08-20,4호선,명동,33020,35634,-2614,1,0,00
2024-08-20,4호선,명동,33020,35634,-2614,1,0,01
2024-08-20,4호선,명동,33020,35634,-2614,1,0,02
2024-08-20,4호선,명동,33020,35634,-2614,1,0,03
2024-08-20,4호선,명동,33020,35634,-2614,1,0,04
2024-08-20,4호선,명동,33020,35634,-2614,1,0,05
2024-08-20,4호선,명동,33020,35634,-2614,1,0,06
2024-08-20,4호선,명동,33020,35634,-2614,1,0,07
2024-08-20,4호선,명동,33020,35634,-2614,1,0,08
2024-08-20,4호선,명동,33020,35634,-2614,1,0,09
2024-08-20,4호선,명동,33020,35634,-2614,1,0,10
2024-08-20,4호선,명동,33020,35634,-2614,1,0,11
2024-08-20,4호선,명동,33020,35634,-2614,1,0,12
2024-08-20,4호선,명동,33020,35634,-2614,1,0,13
2024-08-20,4호선,명동,33020,35634,-2614,1,0,14
2024-08-20,4호선,명동,33020,35634,-2614,1,0,15
2024-08-20,4호선,명동,33020,35634,-2614,1,0,16
2024-08-20,4호선,명동,33020,35634,-2614,1,0,17
2024-08-20,4호선,명동,33020,35634,-2614,1,0,18
2024-08-20,4호선,명동,33020,35634,-2614,1,0,19
2024-08-20,4호선,명동,33020,35634,-2614,1,0,20
2024-08-20,4호선,명동,33020,35634,-2614,1,0,21
2024-08-20,4호선,명동,33020,35634,-2614,1,0,22
2024-08-20,4호선,명동,33020,35634,-2614,1,0,23
2024-08-21,4호선,명동,32729,35094,-2365,2,0,00
2024-08-21,4호선,명동,32729,35094,-2365,2,0,01
2024-08-21,4호선,명동,32729,35094,-2365,2,0,02
2024-08-21,4호선,명동,32729,35094,-2365,2,0,03
2024-08-21,4호선,명동,32729,35094,-2365,2,0,04
2024-08-21,4호선,명동,32729,35094,-2365,2,0,05
2024-08-21,4호선,명동,32729,35094,-2365,2,0,06
2024-08-21,4호선,명동,32729,35094,-2365,2,0,07
2024-08-21,4호선,명동,32729,35094,-2365,2,0,08
2024-08-21,4호선,명동,32729,35094,-2365,2,0,09
2024-08-21,4호선,명동,32729,35094,-2365,2,0,10
2024-08-21,4호선,명동,32729,35094,-2365,2,0,11
2024-08-21,4호선,명동,32729,35094,-2365,2,0,12
2024-08-21,4호선,명동,32729,35094,-2365,2,0,13
2024-08-21,4호선,명동,32729,35094,-2365,2,0,14
2024-08-21,4호선,명동,32729,35094,-2365,2,0,15
2024-08-21,4호선,명동,32729,35094,-2365,2,0,16
2024-08-21,4호선,명동,32729,35094,-2365,2,0,17
2024-08-21,4호선,명동,32729,35094,-2365,2,0,18
2024-08-21,4호선,명동,32729,35094,-2365,2,0,19
2024-08-21,4호선,명동,32729,35094,-2365,2,0,20
2024-08-21,4호선,명동,32729,35094,-2365,2,0,21
2024-08-21,4호선,명동,32729,35094,-2365,2,0,22
2024-08-21,4호선,명동,32729,35094,-2365,2,0,23
2024-08-22,4호선,명동,33919,36152,-2233,3,0,00
2024-08-22,4호선,명동,33919,36152,-2233,3,0,01
2024-08-22,4호선,명동,33919,36152,-2233,3,0,02
2024-08-22,4호선,명동,33919,36152,-2233,3,0,03
2024-08-22,4호선,명동,33919,36152,-2233,3,0,04
2024-08-22,4호선,명동,33919,36152,-2233,3,0,05
2024-08-22,4호선,명동,33919,36152,-2233,3,0,06
2024-08-22,4호선,명동,33919,36152,-2233,3,0,07
2024-08-22,4호선,명동,33919,36152,-2233,3,0,08
2024-08-22,4호선,명동,33919,36152,-2233,3,0,09
2024-08-22,4호선,명동,33919,36152,-2233,3,0,10
2024-08-22,4호선,명동,33919,36152,-2233,3,0,11
2024-08-22,4호선,명동,33919,36152,-2233,3,0,12
2024-08-22,4호선,명동,33919,36152,-2233,3,0,13
2024-08-22,4호선,명동,33919,36152,-2233,3,0,14
2024-08-22,4호선,명동,33919,36152,-2233,3,0,15
2024-08-22,4호선,명동,33919,36152,-2233,3,0,16
2024-08-22,4호선,명동,33919,36152,-2233,3,0,17
2024-08-22,4호선,명동,33919,36152,-2233,3,0,18
2024-08-22,4호선,명동,33919,36152,-2233,3,0,19
2024-08-22,4호선,명동,33919,36152,-2233,3,0,20
2024-08-22,4호선,명동,33919,36152,-2233,3,0,21
2024-08-22,4호선,명동,33919,36152,-2233,3,0,22
2024-08-22,4호선,명동,33919,36152,-2233,3,0,23
2024-08-23,4호선,명동,36311,38928,-2617,4,0,00
2024-08-23,4호선,명동,36311,38928,-2617,4,0,01
2024-08-23,4호선,명동,36311,38928,-2617,4,0,02
2024-08-23,4호선,명동,36311,38928,-2617,4,0,03
2024-08-23,4호선,명동,36311,38928,-2617,4,0,04
2024-08-23,4호선,명동,36311,38928,-2617,4,0,05
2024-08-23,4호선,명동,36311,38928,-2617,4,0,06
2024-08-23,4호선,명동,36311,38928,-2617,4,0,07
2024-08-23,4호선,명동,36311,38928,-2617,4,0,08
2024-08-23,4호선,명동,36311,38928,-2617,4,0,09
2024-08-23,4호선,명동,36311,38928,-2617,4,0,10
2024-08-23,4호선,명동,36311,38928,-2617,4,0,11
2024-08-23,4호선,명동,36311,38928,-2617,4,0,12
2024-08-23,4호선,명동,36311,38928,-2617,4,0,13
2024-08-23,4호선,명동,36311,38928,-2617,4,0,14
2024-08-23,4호선,명동,36311,38928,-2617,4,0,15
2024-08-23,4호선,명동,36311,38928,-2617,4,0,16
2024-08-23,4호선,명동,36311,38928,-2617,4,0,17
2024-08-23,4호선,명동,36311,38928,-2617,4,0,18
2024-08-23,4호선,명동,36311,38928,-2617,4,0,19
2024-08-23,4호선,명동,36311,38928,-2617,4,0,20
2024-08-23,4호선,명동,36311,38928,-2617,4,0,21
2024-08-23,4호선,명동,36311,38928,-2617,4,0,22
2024-08-23,4호선,명동,36311,38928,-2617,4,0,23
2024-08-24,4호선,명동,30637,34226,-3589,5,1,00
2024-08-24,4호선,명동,30637,34226,-3589,5,1,01
2024-08-24,4호선,명동,30637,34226,-3589,5,1,02
2024-08-24,4호선,명동,30637,34226,-3589,5,1,03
2024-08-24,4호선,명동,30637,34226,-3589,5,1,04
2024-08-24,4호선,명동,30637,34226,-3589,5,1,05
2024-08-24,4호선,명동,30637,34226,-3589,5,1,06
2024-08-24,4호선,명동,30637,34226,-3589,5,1,07
2024-08-24,4호선,명동,30637,34226,-3589,5,1,08
2024-08-24,4호선,명동,30637,34226,-3589,5,1,09
2024-08-24,4호선,명동,30637,34226,-3589,5,1,10
2024-08-24,4호선,명동,30637,34226,-3589,5,1,11
2024-08-24,4호선,명동,30637,34226,-3589,5,1,12
2024-08-24,4호선,명동,30637,34226,-3589,5,1,13
2024-08-24,4호선,명동,30637,34226,-3589,5,1,14
2024-08-24,4호선,명동,30637,34226,-3589,5,1,15
2024-08-24,4호선,명동,30637,34226,-3589,5,1,16
2024-08-24,4호선,명동,30637,34226,-3589,5,1,17
2024-08-24,4호선,명동,30637,34226,-3589,5,1,18
2024-08-24,4호선,명동,30637,34226,-3589,5,1,19
2024-08-24,4호선,명동,30637,34226,-3589,5,1,20
2024-08-24,4호선,명동,30637,34226,-3589,5,1,21
2024-08-24,4호선,명동,30637,34226,-3589,5,1,22
2024-08-24,4호선,명동,30637,34226,-3589,5,1,23
2024-08-25,4호선,명동,27424,30197,-2773,6,1,00
2024-08-25,4호선,명동,27424,30197,-2773,6,1,01
2024-08-25,4호선,명동,27424,30197,-2773,6,1,02
2024-08-25,4호선,명동,27424,30197,-2773,6,1,03
2024-08-25,4호선,명동,27424,30197,-2773,6,1,04
2024-08-25,4호선,명동,27424,30197,-2773,6,1,05
2024-08-25,4호선,명동,27424,30197,-2773,6,1,06
2024-08-25,4호선,명동,27424,30197,-2773,6,1,07
2024-08-25,4호선,명동,27424,30197,-2773,6,1,08
2024-08-25,4호선,명동,27424,30197,-2773,6,1,09
2024-08-25,4호선,명동,27424,30197,-2773,6,1,10
2024-08-25,4호선,명동,27424,30197,-2773,6,1,11
2024-08-25,4호선,명동,27424,30197,-2773,6,1,12
2024-08-25,4호선,명동,27424,30197,-2773,6,1,13
2024-08-25,4호선,명동,27424,30197,-2773,6,1,14
2024-08-25,4호선,명동,27424,30197,-2773,6,1,15
2024-08-25,4호선,명동,27424,30197,-2773,6,1,16
2024-08-25,4호선,명동,27424,30197,-2773,6,1,17
2024-08-25,4호선,명동,27424,30197,-2773,6,1,18
2024-08-25,4호선,명동,27424,30197,-2773,6,1,19
2024-08-25,4호선,명동,27424,30197,-2773,6,1,20
2024-08-25,4호선,명동,27424,30197,-2773,6,1,21
2024-08-25,4호선,명동,27424,30197,-2773,6,1,22
2024-08-25,4호선,명동,27424,30197,-2773,6,1,23
2024-08-26,4호선,명동,35612,37349,-1737,0,0,00
2024-08-26,4호선,명동,35612,37349,-1737,0,0,01
2024-08-26,4호선,명동,35612,37349,-1737,0,0,02
2024-08-26,4호선,명동,35612,37349,-1737,0,0,03
2024-08-26,4호선,명동,35612,37349,-1737,0,0,04
2024-08-26,4호선,명동,35612,37349,-1737,0,0,05
2024-08-26,4호선,명동,35612,37349,-1737,0,0,06
2024-08-26,4호선,명동,35612,37349,-1737,0,0,07
2024-08-26,4호선,명동,35612,37349,-1737,0,0,08
2024-08-26,4호선,명동,35612,37349,-1737,0,0,09
2024-08-26,4호선,명동,35612,37349,-1737,0,0,10
2024-08-26,4호선,명동,35612,37349,-1737,0,0,11
2024-08-26,4호선,명동,35612,37349,-1737,0,0,12
2024-08-26,4호선,명동,35612,37349,-1737,0,0,13
2024-08-26,4호선,명동,35612,37349,-1737,0,0,14
2024-08-26,4호선,명동,35612,37349,-1737,0,0,15
2024-08-26,4호선,명동,35612,37349,-1737,0,0,16
2024-08-26,4호선,명동,35612,37349,-1737,0,0,17
2024-08-26,4호선,명동,35612,37349,-1737,0,0,18
2024-08-26,4호선,명동,35612,37349,-1737,0,0,19
2024-08-26,4호선,명동,35612,37349,-1737,0,0,20
2024-08-26,4호선,명동,35612,37349,-1737,0,0,21
2024-08-26,4호선,명동,35612,37349,-1737,0,0,22
2024-08-26,4호선,명동,35612,37349,-1737,0,0,23
2024-08-27,4호선,명동,35721,38435,-2714,1,0,00
2024-08-27,4호선,명동,35721,38435,-2714,1,0,01
2024-08-27,4호선,명동,35721,38435,-2714,1,0,02
2024-08-27,4호선,명동,35721,38435,-2714,1,0,03
2024-08-27,4호선,명동,35721,38435,-2714,1,0,04
2024-08-27,4호선,명동,35721,38435,-2714,1,0,05
2024-08-27,4호선,명동,35721,38435,-2714,1,0,06
2024-08-27,4호선,명동,35721,38435,-2714,1,0,07
2024-08-27,4호선,명동,35721,38435,-2714,1,0,08
2024-08-27,4호선,명동,35721,38435,-2714,1,0,09
2024-08-27,4호선,명동,35721,38435,-2714,1,0,10
2024-08-27,4호선,명동,35721,38435,-2714,1,0,11
2024-08-27,4호선,명동,35721,38435,-2714,1,0,12
2024-08-27,4호선,명동,35721,38435,-2714,1,0,13
2024-08-27,4호선,명동,35721,38435,-2714,1,0,14
2024-08-27,4호선,명동,35721,38435,-2714,1,0,15
2024-08-27,4호선,명동,35721,38435,-2714,1,0,16
2024-08-27,4호선,명동,35721,38435,-2714,1,0,17
2024-08-27,4호선,명동,35721,38435,-2714,1,0,18
2024-08-27,4호선,명동,35721,38435,-2714,1,0,19
2024-08-27,4호선,명동,35721,38435,-2714,1,0,20
2024-08-27,4호선,명동,35721,38435,-2714,1,0,21
2024-08-27,4호선,명동,35721,38435,-2714,1,0,22
2024-08-27,4호선,명동,35721,38435,-2714,1,0,23
2024-08-28,4호선,명동,36662,39009,-2347,2,0,00
2024-08-28,4호선,명동,36662,39009,-2347,2,0,01
2024-08-28,4호선,명동,36662,39009,-2347,2,0,02
2024-08-28,4호선,명동,36662,39009,-2347,2,0,03
2024-08-28,4호선,명동,36662,39009,-2347,2,0,04
2024-08-28,4호선,명동,36662,39009,-2347,2,0,05
2024-08-28,4호선,명동,36662,39009,-2347,2,0,06
2024-08-28,4호선,명동,36662,39009,-2347,2,0,07
2024-08-28,4호선,명동,36662,39009,-2347,2,0,08
2024-08-28,4호선,명동,36662,39009,-2347,2,0,09
2024-08-28,4호선,명동,36662,39009,-2347,2,0,10
2024-08-28,4호선,명동,36662,39009,-2347,2,0,11
2024-08-28,4호선,명동,36662,39009,-2347,2,0,12
2024-08-28,4호선,명동,36662,39009,-2347,2,0,13
2024-08-28,4호선,명동,36662,39009,-2347,2,0,14
2024-08-28,4호선,명동,36662,39009,-2347,2,0,15
2024-08-28,4호선,명동,36662,39009,-2347,2,0,16
2024-08-28,4호선,명동,36662,39009,-2347,2,0,17
2024-08-28,4호선,명동,36662,39009,-2347,2,0,18
2024-08-28,4호선,명동,36662,39009,-2347,2,0,19
2024-08-28,4호선,명동,36662,39009,-2347,2,0,20
2024-08-28,4호선,명동,36662,39009,-2347,2,0,21
2024-08-28,4호선,명동,36662,39009,-2347,2,0,22
2024-08-28,4호선,명동,36662,39009,-2347,2,0,23
2024-08-29,4호선,명동,36032,38409,-2377,3,0,00
2024-08-29,4호선,명동,36032,38409,-2377,3,0,01
2024-08-29,4호선,명동,36032,38409,-2377,3,0,02
2024-08-29,4호선,명동,36032,38409,-2377,3,0,03
2024-08-29,4호선,명동,36032,38409,-2377,3,0,04
2024-08-29,4호선,명동,36032,38409,-2377,3,0,05
2024-08-29,4호선,명동,36032,38409,-2377,3,0,06
2024-08-29,4호선,명동,36032,38409,-2377,3,0,07
2024-08-29,4호선,명동,36032,38409,-2377,3,0,08
2024-08-29,4호선,명동,36032,38409,-2377,3,0,09
2024-08-29,4호선,명동,36032,38409,-2377,3,0,10
2024-08-29,4호선,명동,36032,38409,-2377,3,0,11
2024-08-29,4호선,명동,36032,38409,-2377,3,0,12
2024-08-29,4호선,명동,36032,38409,-2377,3,0,13
2024-08-29,4호선,명동,36032,38409,-2377,3,0,14
2024-08-29,4호선,명동,36032,38409,-2377,3,0,15
2024-08-29,4호선,명동,36032,38409,-2377,3,0,16
2024-08-29,4호선,명동,36032,38409,-2377,3,0,17
2024-08-29,4호선,명동,36032,38409,-2377,3,0,18
2024-08-29,4호선,명동,36032,38409,-2377,3,0,19
2024-08-29,4호선,명동,36032,38409,-2377,3,0,20
2024-08-29,4호선,명동,36032,38409,-2377,3,0,21
2024-08-29,4호선,명동,36032,38409,-2377,3,0,22
2024-08-29,4호선,명동,36032,38409,-2377,3,0,23
2024-08-30,4호선,명동,37787,40276,-2489,4,0,00
2024-08-30,4호선,명동,37787,40276,-2489,4,0,01
2024-08-30,4호선,명동,37787,40276,-2489,4,0,02
2024-08-30,4호선,명동,37787,40276,-2489,4,0,03
2024-08-30,4호선,명동,37787,40276,-2489,4,0,04
2024-08-30,4호선,명동,37787,40276,-2489,4,0,05
2024-08-30,4호선,명동,37787,40276,-2489,4,0,06
2024-08-30,4호선,명동,37787,40276,-2489,4,0,07
2024-08-30,4호선,명동,37787,40276,-2489,4,0,08
2024-08-30,4호선,명동,37787,40276,-2489,4,0,09
2024-08-30,4호선,명동,37787,40276,-2489,4,0,10
2024-08-30,4호선,명동,37787,40276,-2489,4,0,11
2024-08-30,4호선,명동,37787,40276,-2489,4,0,12
2024-08-30,4호선,명동,37787,40276,-2489,4,0,13
2024-08-30,4호선,명동,37787,40276,-2489,4,0,14
2024-08-30,4호선,명동,37787,40276,-2489,4,0,15
2024-08-30,4호선,명동,37787,40276,-2489,4,0,16
2024-08-30,4호선,명동,37787,40276,-2489,4,0,17
2024-08-30,4호선,명동,37787,40276,-2489,4,0,18
2024-08-30,4호선,명동,37787,40276,-2489,4,0,19
2024-08-30,4호선,명동,37787,40276,-2489,4,0,20
2024-08-30,4호선,명동,37787,40276,-2489,4,0,21
2024-08-30,4호선,명동,37787,40276,-2489,4,0,22
2024-08-30,4호선,명동,37787,40276,-2489,4,0,23
2024-08-31,4호선,명동,33194,37244,-4050,5,1,00
2024-08-31,4호선,명동,33194,37244,-4050,5,1,01
2024-08-31,4호선,명동,33194,37244,-4050,5,1,02
2024-08-31,4호선,명동,33194,37244,-4050,5,1,03
2024-08-31,4호선,명동,33194,37244,-4050,5,1,04
2024-08-31,4호선,명동,33194,37244,-4050,5,1,05
2024-08-31,4호선,명동,33194,37244,-4050,5,1,06
2024-08-31,4호선,명동,33194,37244,-4050,5,1,07
2024-08-31,4호선,명동,33194,37244,-4050,5,1,08
2024-08-31,4호선,명동,33194,37244,-4050,5,1,09
2024-08-31,4호선,명동,33194,37244,-4050,5,1,10
2024-08-31,4호선,명동,33194,37244,-4050,5,1,11
2024-08-31,4호선,명동,33194,37244,-4050,5,1,12
2024-08-31,4호선,명동,33194,37244,-4050,5,1,13
2024-08-31,4호선,명동,33194,37244,-4050,5,1,14
2024-08-31,4호선,명동,33194,37244,-4050,5,1,15
2024-08-31,4호선,명동,33194,37244,-4050,5,1,16
2024-08-31,4호선,명동,33194,37244,-4050,5,1,17
2024-08-31,4호선,명동,33194,37244,-4050,5,1,18
2024-08-31,4호선,명동,33194,37244,-4050,5,1,19
2024-08-31,4호선,명동,33194,37244,-4050,5,1,20
2024-08-31,4호선,명동,33194,37244,-4050,5,1,21
2024-08-31,4호선,명동,33194,37244,-4050,5,1,22
2024-08-31,4호선,명동,33194,37244,-4050,5,1,23
2024-09-01,4호선,명동,29083,31642,-2559,6,1,00
2024-09-01,4호선,명동,29083,31642,-2559,6,1,01
2024-09-01,4호선,명동,29083,31642,-2559,6,1,02
2024-09-01,4호선,명동,29083,31642,-2559,6,1,03
2024-09-01,4호선,명동,29083,31642,-2559,6,1,04
2024-09-01,4호선,명동,29083,31642,-2559,6,1,05
2024-09-01,4호선,명동,29083,31642,-2559,6,1,06
2024-09-01,4호선,명동,29083,31642,-2559,6,1,07
2024-09-01,4호선,명동,29083,31642,-2559,6,1,08
2024-09-01,4호선,명동,29083,31642,-2559,6,1,09
2024-09-01,4호선,명동,29083,31642,-2559,6,1,10
2024-09-01,4호선,명동,29083,31642,-2559,6,1,11
2024-09-01,4호선,명동,29083,31642,-2559,6,1,12
2024-09-01,4호선,명동,29083,31642,-2559,6,1,13
2024-09-01,4호선,명동,29083,31642,-2559,6,1,14
2024-09-01,4호선,명동,29083,31642,-2559,6,1,15
2024-09-01,4호선,명동,29083,31642,-2559,6,1,16
2024-09-01,4호선,명동,29083,31642,-2559,6,1,17
2024-09-01,4호선,명동,29083,31642,-2559,6,1,18
2024-09-01,4호선,명동,29083,31642,-2559,6,1,19
2024-09-01,4호선,명동,29083,31642,-2559,6,1,20
2024-09-01,4호선,명동,29083,31642,-2559,6,1,21
2024-09-01,4호선,명동,29083,31642,-2559,6,1,22
2024-09-01,4호선,명동,29083,31642,-2559,6,1,23
2024-09-02,4호선,명동,36489,38668,-2179,0,0,00
2024-09-02,4호선,명동,36489,38668,-2179,0,0,01
2024-09-02,4호선,명동,36489,38668,-2179,0,0,02
2024-09-02,4호선,명동,36489,38668,-2179,0,0,03
2024-09-02,4호선,명동,36489,38668,-2179,0,0,04
2024-09-02,4호선,명동,36489,38668,-2179,0,0,05
2024-09-02,4호선,명동,36489,38668,-2179,0,0,06
2024-09-02,4호선,명동,36489,38668,-2179,0,0,07
2024-09-02,4호선,명동,36489,38668,-2179,0,0,08
2024-09-02,4호선,명동,36489,38668,-2179,0,0,09
2024-09-02,4호선,명동,36489,38668,-2179,0,0,10
2024-09-02,4호선,명동,36489,38668,-2179,0,0,11
2024-09-02,4호선,명동,36489,38668,-2179,0,0,12
2024-09-02,4호선,명동,36489,38668,-2179,0,0,13
2024-09-02,4호선,명동,36489,38668,-2179,0,0,14
2024-09-02,4호선,명동,36489,38668,-2179,0,0,15
2024-09-02,4호선,명동,36489,38668,-2179,0,0,16
2024-09-02,4호선,명동,36489,38668,-2179,0,0,17
2024-09-02,4호선,명동,36489,38668,-2179,0,0,18
2024-09-02,4호선,명동,36489,38668,-2179,0,0,19
2024-09-02,4호선,명동,36489,38668,-2179,0,0,20
2024-09-02,4호선,명동,36489,38668,-2179,0,0,21
2024-09-02,4호선,명동,36489,38668,-2179,0,0,22
2024-09-02,4호선,명동,36489,38668,-2179,0,0,23
2024-09-03,4호선,명동,37961,40350,-2389,1,0,00
2024-09-03,4호선,명동,37961,40350,-2389,1,0,01
2024-09-03,4호선,명동,37961,40350,-2389,1,0,02
2024-09-03,4호선,명동,37961,40350,-2389,1,0,03
2024-09-03,4호선,명동,37961,40350,-2389,1,0,04
2024-09-03,4호선,명동,37961,40350,-2389,1,0,05
2024-09-03,4호선,명동,37961,40350,-2389,1,0,06
2024-09-03,4호선,명동,37961,40350,-2389,1,0,07
2024-09-03,4호선,명동,37961,40350,-2389,1,0,08
2024-09-03,4호선,명동,37961,40350,-2389,1,0,09
2024-09-03,4호선,명동,37961,40350,-2389,1,0,10
2024-09-03,4호선,명동,37961,40350,-2389,1,0,11
2024-09-03,4호선,명동,37961,40350,-2389,1,0,12
2024-09-03,4호선,명동,37961,40350,-2389,1,0,13
2024-09-03,4호선,명동,37961,40350,-2389,1,0,14
2024-09-03,4호선,명동,37961,40350,-2389,1,0,15
2024-09-03,4호선,명동,37961,40350,-2389,1,0,16
2024-09-03,4호선,명동,37961,40350,-2389,1,0,17
2024-09-03,4호선,명동,37961,40350,-2389,1,0,18
2024-09-03,4호선,명동,37961,40350,-2389,1,0,19
2024-09-03,4호선,명동,37961,40350,-2389,1,0,20
2024-09-03,4호선,명동,37961,40350,-2389,1,0,21
2024-09-03,4호선,명동,37961,40350,-2389,1,0,22
2024-09-03,4호선,명동,37961,40350,-2389,1,0,23
2024-09-04,4호선,명동,39217,41420,-2203,2,0,00
2024-09-04,4호선,명동,39217,41420,-2203,2,0,01
2024-09-04,4호선,명동,39217,41420,-2203,2,0,02
2024-09-04,4호선,명동,39217,41420,-2203,2,0,03
2024-09-04,4호선,명동,39217,41420,-2203,2,0,04
2024-09-04,4호선,명동,39217,41420,-2203,2,0,05
2024-09-04,4호선,명동,39217,41420,-2203,2,0,06
2024-09-04,4호선,명동,39217,41420,-2203,2,0,07
2024-09-04,4호선,명동,39217,41420,-2203,2,0,08
2024-09-04,4호선,명동,39217,41420,-2203,2,0,09
2024-09-04,4호선,명동,39217,41420,-2203,2,0,10
2024-09-04,4호선,명동,39217,41420,-2203,2,0,11
2024-09-04,4호선,명동,39217,41420,-2203,2,0,12
2024-09-04,4호선,명동,39217,41420,-2203,2,0,13
2024-09-04,4호선,명동,39217,41420,-2203,2,0,14
2024-09-04,4호선,명동,39217,41420,-2203,2,0,15
2024-09-04,4호선,명동,39217,41420,-2203,2,0,16
2024-09-04,4호선,명동,39217,41420,-2203,2,0,17
2024-09-04,4호선,명동,39217,41420,-2203,2,0,18
2024-09-04,4호선,명동,39217,41420,-2203,2,0,19
2024-09-04,4호선,명동,39217,41420,-2203,2,0,20
2024-09-04,4호선,명동,39217,41420,-2203,2,0,21
2024-09-04,4호선,명동,39217,41420,-2203,2,0,22
2024-09-04,4호선,명동,39217,41420,-2203,2,0,23
2024-09-05,4호선,명동,38354,40774,-2420,3,0,00
2024-09-05,4호선,명동,38354,40774,-2420,3,0,01
2024-09-05,4호선,명동,38354,40774,-2420,3,0,02
2024-09-05,4호선,명동,38354,40774,-2420,3,0,03
2024-09-05,4호선,명동,38354,40774,-2420,3,0,04
2024-09-05,4호선,명동,38354,40774,-2420,3,0,05
2024-09-05,4호선,명동,38354,40774,-2420,3,0,06
2024-09-05,4호선,명동,38354,40774,-2420,3,0,07
2024-09-05,4호선,명동,38354,40774,-2420,3,0,08
2024-09-05,4호선,명동,38354,40774,-2420,3,0,09
2024-09-05,4호선,명동,38354,40774,-2420,3,0,10
2024-09-05,4호선,명동,38354,40774,-2420,3,0,11
2024-09-05,4호선,명동,38354,40774,-2420,3,0,12
2024-09-05,4호선,명동,38354,40774,-2420,3,0,13
2024-09-05,4호선,명동,38354,40774,-2420,3,0,14
2024-09-05,4호선,명동,38354,40774,-2420,3,0,15
2024-09-05,4호선,명동,38354,40774,-2420,3,0,16
2024-09-05,4호선,명동,38354,40774,-2420,3,0,17
2024-09-05,4호선,명동,38354,40774,-2420,3,0,18
2024-09-05,4호선,명동,38354,40774,-2420,3,0,19
2024-09-05,4호선,명동,38354,40774,-2420,3,0,20
2024-09-05,4호선,명동,38354,40774,-2420,3,0,21
2024-09-05,4호선,명동,38354,40774,-2420,3,0,22
2024-09-05,4호선,명동,38354,40774,-2420,3,0,23
2024-09-06,4호선,명동,39541,41845,-2304,4,0,00
2024-09-06,4호선,명동,39541,41845,-2304,4,0,01
2024-09-06,4호선,명동,39541,41845,-2304,4,0,02
2024-09-06,4호선,명동,39541,41845,-2304,4,0,03
2024-09-06,4호선,명동,39541,41845,-2304,4,0,04
2024-09-06,4호선,명동,39541,41845,-2304,4,0,05
2024-09-06,4호선,명동,39541,41845,-2304,4,0,06
2024-09-06,4호선,명동,39541,41845,-2304,4,0,07
2024-09-06,4호선,명동,39541,41845,-2304,4,0,08
2024-09-06,4호선,명동,39541,41845,-2304,4,0,09
2024-09-06,4호선,명동,39541,41845,-2304,4,0,10
2024-09-06,4호선,명동,39541,41845,-2304,4,0,11
2024-09-06,4호선,명동,39541,41845,-2304,4,0,12
2024-09-06,4호선,명동,39541,41845,-2304,4,0,13
2024-09-06,4호선,명동,39541,41845,-2304,4,0,14
2024-09-06,4호선,명동,39541,41845,-2304,4,0,15
2024-09-06,4호선,명동,39541,41845,-2304,4,0,16
2024-09-06,4호선,명동,39541,41845,-2304,4,0,17
2024-09-06,4호선,명동,39541,41845,-2304,4,0,18
2024-09-06,4호선,명동,39541,41845,-2304,4,0,19
2024-09-06,4호선,명동,39541,41845,-2304,4,0,20
2024-09-06,4호선,명동,39541,41845,-2304,4,0,21
2024-09-06,4호선,명동,39541,41845,-2304,4,0,22
2024-09-06,4호선,명동,39541,41845,-2304,4,0,23
2024-09-07,4호선,명동,35185,39692,-4507,5,1,00
2024-09-07,4호선,명동,35185,39692,-4507,5,1,01
2024-09-07,4호선,명동,35185,39692,-4507,5,1,02
2024-09-07,4호선,명동,35185,39692,-4507,5,1,03
2024-09-07,4호선,명동,35185,39692,-4507,5,1,04
2024-09-07,4호선,명동,35185,39692,-4507,5,1,05
2024-09-07,4호선,명동,35185,39692,-4507,5,1,06
2024-09-07,4호선,명동,35185,39692,-4507,5,1,07
2024-09-07,4호선,명동,35185,39692,-4507,5,1,08
2024-09-07,4호선,명동,35185,39692,-4507,5,1,09
2024-09-07,4호선,명동,35185,39692,-4507,5,1,10
2024-09-07,4호선,명동,35185,39692,-4507,5,1,11
2024-09-07,4호선,명동,35185,39692,-4507,5,1,12
2024-09-07,4호선,명동,35185,39692,-4507,5,1,13
2024-09-07,4호선,명동,35185,39692,-4507,5,1,14
2024-09-07,4호선,명동,35185,39692,-4507,5,1,15
2024-09-07,4호선,명동,35185,39692,-4507,5,1,16
2024-09-07,4호선,명동,35185,39692,-4507,5,1,17
2024-09-07,4호선,명동,35185,39692,-4507,5,1,18
2024-09-07,4호선,명동,35185,39692,-4507,5,1,19
2024-09-07,4호선,명동,35185,39692,-4507,5,1,20
2024-09-07,4호선,명동,35185,39692,-4507,5,1,21
2024-09-07,4호선,명동,35185,39692,-4507,5,1,22
2024-09-07,4호선,명동,35185,39692,-4507,5,1,23
2024-09-08,4호선,명동,30058,32574,-2516,6,1,00
2024-09-08,4호선,명동,30058,32574,-2516,6,1,01
2024-09-08,4호선,명동,30058,32574,-2516,6,1,02
2024-09-08,4호선,명동,30058,32574,-2516,6,1,03
2024-09-08,4호선,명동,30058,32574,-2516,6,1,04
2024-09-08,4호선,명동,30058,32574,-2516,6,1,05
2024-09-08,4호선,명동,30058,32574,-2516,6,1,06
2024-09-08,4호선,명동,30058,32574,-2516,6,1,07
2024-09-08,4호선,명동,30058,32574,-2516,6,1,08
2024-09-08,4호선,명동,30058,32574,-2516,6,1,09
2024-09-08,4호선,명동,30058,32574,-2516,6,1,10
2024-09-08,4호선,명동,30058,32574,-2516,6,1,11
2024-09-08,4호선,명동,30058,32574,-2516,6,1,12
2024-09-08,4호선,명동,30058,32574,-2516,6,1,13
2024-09-08,4호선,명동,30058,32574,-2516,6,1,14
2024-09-08,4호선,명동,30058,32574,-2516,6,1,15
2024-09-08,4호선,명동,30058,32574,-2516,6,1,16
2024-09-08,4호선,명동,30058,32574,-2516,6,1,17
2024-09-08,4호선,명동,30058,32574,-2516,6,1,18
2024-09-08,4호선,명동,30058,32574,-2516,6,1,19
2024-09-08,4호선,명동,30058,32574,-2516,6,1,20
2024-09-08,4호선,명동,30058,32574,-2516,6,1,21
2024-09-08,4호선,명동,30058,32574,-2516,6,1,22
2024-09-08,4호선,명동,30058,32574,-2516,6,1,23
2024-09-09,4호선,명동,37395,39316,-1921,0,0,00
2024-09-09,4호선,명동,37395,39316,-1921,0,0,01
2024-09-09,4호선,명동,37395,39316,-1921,0,0,02
2024-09-09,4호선,명동,37395,39316,-1921,0,0,03
2024-09-09,4호선,명동,37395,39316,-1921,0,0,04
2024-09-09,4호선,명동,37395,39316,-1921,0,0,05
2024-09-09,4호선,명동,37395,39316,-1921,0,0,06
2024-09-09,4호선,명동,37395,39316,-1921,0,0,07
2024-09-09,4호선,명동,37395,39316,-1921,0,0,08
2024-09-09,4호선,명동,37395,39316,-1921,0,0,09
2024-09-09,4호선,명동,37395,39316,-1921,0,0,10
2024-09-09,4호선,명동,37395,39316,-1921,0,0,11
2024-09-09,4호선,명동,37395,39316,-1921,0,0,12
2024-09-09,4호선,명동,37395,39316,-1921,0,0,13
2024-09-09,4호선,명동,37395,39316,-1921,0,0,14
2024-09-09,4호선,명동,37395,39316,-1921,0,0,15
2024-09-09,4호선,명동,37395,39316,-1921,0,0,16
2024-09-09,4호선,명동,37395,39316,-1921,0,0,17
2024-09-09,4호선,명동,37395,39316,-1921,0,0,18
2024-09-09,4호선,명동,37395,39316,-1921,0,0,19
2024-09-09,4호선,명동,37395,39316,-1921,0,0,20
2024-09-09,4호선,명동,37395,39316,-1921,0,0,21
2024-09-09,4호선,명동,37395,39316,-1921,0,0,22
2024-09-09,4호선,명동,37395,39316,-1921,0,0,23
2024-09-10,4호선,명동,37411,38814,-1403,1,0,00
2024-09-10,4호선,명동,37411,38814,-1403,1,0,01
2024-09-10,4호선,명동,37411,38814,-1403,1,0,02
2024-09-10,4호선,명동,37411,38814,-1403,1,0,03
2024-09-10,4호선,명동,37411,38814,-1403,1,0,04
2024-09-10,4호선,명동,37411,38814,-1403,1,0,05
2024-09-10,4호선,명동,37411,38814,-1403,1,0,06
2024-09-10,4호선,명동,37411,38814,-1403,1,0,07
2024-09-10,4호선,명동,37411,38814,-1403,1,0,08
2024-09-10,4호선,명동,37411,38814,-1403,1,0,09
2024-09-10,4호선,명동,37411,38814,-1403,1,0,10
2024-09-10,4호선,명동,37411,38814,-1403,1,0,11
2024-09-10,4호선,명동,37411,38814,-1403,1,0,12
2024-09-10,4호선,명동,37411,38814,-1403,1,0,13
2024-09-10,4호선,명동,37411,38814,-1403,1,0,14
2024-09-10,4호선,명동,37411,38814,-1403,1,0,15
2024-09-10,4호선,명동,37411,38814,-1403,1,0,16
2024-09-10,4호선,명동,37411,38814,-1403,1,0,17
2024-09-10,4호선,명동,37411,38814,-1403,1,0,18
2024-09-10,4호선,명동,37411,38814,-1403,1,0,19
2024-09-10,4호선,명동,37411,38814,-1403,1,0,20
2024-09-10,4호선,명동,37411,38814,-1403,1,0,21
2024-09-10,4호선,명동,37411,38814,-1403,1,0,22
2024-09-10,4호선,명동,37411,38814,-1403,1,0,23
2024-09-11,4호선,명동,35374,36503,-1129,2,0,00
2024-09-11,4호선,명동,35374,36503,-1129,2,0,01
2024-09-11,4호선,명동,35374,36503,-1129,2,0,02
2024-09-11,4호선,명동,35374,36503,-1129,2,0,03
2024-09-11,4호선,명동,35374,36503,-1129,2,0,04
2024-09-11,4호선,명동,35374,36503,-1129,2,0,05
2024-09-11,4호선,명동,35374,36503,-1129,2,0,06
2024-09-11,4호선,명동,35374,36503,-1129,2,0,07
2024-09-11,4호선,명동,35374,36503,-1129,2,0,08
2024-09-11,4호선,명동,35374,36503,-1129,2,0,09
2024-09-11,4호선,명동,35374,36503,-1129,2,0,10
2024-09-11,4호선,명동,35374,36503,-1129,2,0,11
2024-09-11,4호선,명동,35374,36503,-1129,2,0,12
2024-09-11,4호선,명동,35374,36503,-1129,2,0,13
2024-09-11,4호선,명동,35374,36503,-1129,2,0,14
2024-09-11,4호선,명동,35374,36503,-1129,2,0,15
2024-09-11,4호선,명동,35374,36503,-1129,2,0,16
2024-09-11,4호선,명동,35374,36503,-1129,2,0,17
2024-09-11,4호선,명동,35374,36503,-1129,2,0,18
2024-09-11,4호선,명동,35374,36503,-1129,2,0,19
2024-09-11,4호선,명동,35374,36503,-1129,2,0,20
2024-09-11,4호선,명동,35374,36503,-1129,2,0,21
2024-09-11,4호선,명동,35374,36503,-1129,2,0,22
2024-09-11,4호선,명동,35374,36503,-1129,2,0,23
2024-09-12,4호선,명동,31988,33181,-1193,3,0,00
2024-09-12,4호선,명동,31988,33181,-1193,3,0,01
2024-09-12,4호선,명동,31988,33181,-1193,3,0,02
2024-09-12,4호선,명동,31988,33181,-1193,3,0,03
2024-09-12,4호선,명동,31988,33181,-1193,3,0,04
2024-09-12,4호선,명동,31988,33181,-1193,3,0,05
2024-09-12,4호선,명동,31988,33181,-1193,3,0,06
2024-09-12,4호선,명동,31988,33181,-1193,3,0,07
2024-09-12,4호선,명동,31988,33181,-1193,3,0,08
2024-09-12,4호선,명동,31988,33181,-1193,3,0,09
2024-09-12,4호선,명동,31988,33181,-1193,3,0,10
2024-09-12,4호선,명동,31988,33181,-1193,3,0,11
2024-09-12,4호선,명동,31988,33181,-1193,3,0,12
2024-09-12,4호선,명동,31988,33181,-1193,3,0,13
2024-09-12,4호선,명동,31988,33181,-1193,3,0,14
2024-09-12,4호선,명동,31988,33181,-1193,3,0,15
2024-09-12,4호선,명동,31988,33181,-1193,3,0,16
2024-09-12,4호선,명동,31988,33181,-1193,3,0,17
2024-09-12,4호선,명동,31988,33181,-1193,3,0,18
2024-09-12,4호선,명동,31988,33181,-1193,3,0,19
2024-09-12,4호선,명동,31988,33181,-1193,3,0,20
2024-09-12,4호선,명동,31988,33181,-1193,3,0,21
2024-09-12,4호선,명동,31988,33181,-1193,3,0,22
2024-09-12,4호선,명동,31988,33181,-1193,3,0,23
2024-09-13,4호선,명동,32731,34684,-1953,4,0,00
2024-09-13,4호선,명동,32731,34684,-1953,4,0,01
2024-09-13,4호선,명동,32731,34684,-1953,4,0,02
2024-09-13,4호선,명동,32731,34684,-1953,4,0,03
2024-09-13,4호선,명동,32731,34684,-1953,4,0,04
2024-09-13,4호선,명동,32731,34684,-1953,4,0,05
2024-09-13,4호선,명동,32731,34684,-1953,4,0,06
2024-09-13,4호선,명동,32731,34684,-1953,4,0,07
2024-09-13,4호선,명동,32731,34684,-1953,4,0,08
2024-09-13,4호선,명동,32731,34684,-1953,4,0,09
2024-09-13,4호선,명동,32731,34684,-1953,4,0,10
2024-09-13,4호선,명동,32731,34684,-1953,4,0,11
2024-09-13,4호선,명동,32731,34684,-1953,4,0,12
2024-09-13,4호선,명동,32731,34684,-1953,4,0,13
2024-09-13,4호선,명동,32731,34684,-1953,4,0,14
2024-09-13,4호선,명동,32731,34684,-1953,4,0,15
2024-09-13,4호선,명동,32731,34684,-1953,4,0,16
2024-09-13,4호선,명동,32731,34684,-1953,4,0,17
2024-09-13,4호선,명동,32731,34684,-1953,4,0,18
2024-09-13,4호선,명동,32731,34684,-1953,4,0,19
2024-09-13,4호선,명동,32731,34684,-1953,4,0,20
2024-09-13,4호선,명동,32731,34684,-1953,4,0,21
2024-09-13,4호선,명동,32731,34684,-1953,4,0,22
2024-09-13,4호선,명동,32731,34684,-1953,4,0,23
2024-09-14,4호선,명동,29830,34769,-4939,5,1,00
2024-09-14,4호선,명동,29830,34769,-4939,5,1,01
2024-09-14,4호선,명동,29830,34769,-4939,5,1,02
2024-09-14,4호선,명동,29830,34769,-4939,5,1,03
2024-09-14,4호선,명동,29830,34769,-4939,5,1,04
2024-09-14,4호선,명동,29830,34769,-4939,5,1,05
2024-09-14,4호선,명동,29830,34769,-4939,5,1,06
2024-09-14,4호선,명동,29830,34769,-4939,5,1,07
2024-09-14,4호선,명동,29830,34769,-4939,5,1,08
2024-09-14,4호선,명동,29830,34769,-4939,5,1,09
2024-09-14,4호선,명동,29830,34769,-4939,5,1,10
2024-09-14,4호선,명동,29830,34769,-4939,5,1,11
2024-09-14,4호선,명동,29830,34769,-4939,5,1,12
2024-09-14,4호선,명동,29830,34769,-4939,5,1,13
2024-09-14,4호선,명동,29830,34769,-4939,5,1,14
2024-09-14,4호선,명동,29830,34769,-4939,5,1,15
2024-09-14,4호선,명동,29830,34769,-4939,5,1,16
2024-09-14,4호선,명동,29830,34769,-4939,5,1,17
2024-09-14,4호선,명동,29830,34769,-4939,5,1,18
2024-09-14,4호선,명동,29830,34769,-4939,5,1,19
2024-09-14,4호선,명동,29830,34769,-4939,5,1,20
2024-09-14,4호선,명동,29830,34769,-4939,5,1,21
2024-09-14,4호선,명동,29830,34769,-4939,5,1,22
2024-09-14,4호선,명동,29830,34769,-4939,5,1,23
2024-09-15,4호선,명동,34368,38461,-4093,6,1,00
2024-09-15,4호선,명동,34368,38461,-4093,6,1,01
2024-09-15,4호선,명동,34368,38461,-4093,6,1,02
2024-09-15,4호선,명동,34368,38461,-4093,6,1,03
2024-09-15,4호선,명동,34368,38461,-4093,6,1,04
2024-09-15,4호선,명동,34368,38461,-4093,6,1,05
2024-09-15,4호선,명동,34368,38461,-4093,6,1,06
2024-09-15,4호선,명동,34368,38461,-4093,6,1,07
2024-09-15,4호선,명동,34368,38461,-4093,6,1,08
2024-09-15,4호선,명동,34368,38461,-4093,6,1,09
2024-09-15,4호선,명동,34368,38461,-4093,6,1,10
2024-09-15,4호선,명동,34368,38461,-4093,6,1,11
2024-09-15,4호선,명동,34368,38461,-4093,6,1,12
2024-09-15,4호선,명동,34368,38461,-4093,6,1,13
2024-09-15,4호선,명동,34368,38461,-4093,6,1,14
2024-09-15,4호선,명동,34368,38461,-4093,6,1,15
2024-09-15,4호선,명동,34368,38461,-4093,6,1,16
2024-09-15,4호선,명동,34368,38461,-4093,6,1,17
2024-09-15,4호선,명동,34368,38461,-4093,6,1,18
2024-09-15,4호선,명동,34368,38461,-4093,6,1,19
2024-09-15,4호선,명동,34368,38461,-4093,6,1,20
2024-09-15,4호선,명동,34368,38461,-4093,6,1,21
2024-09-15,4호선,명동,34368,38461,-4093,6,1,22
2024-09-15,4호선,명동,34368,38461,-4093,6,1,23
2024-09-16,4호선,명동,32110,34863,-2753,0,0,00
2024-09-16,4호선,명동,32110,34863,-2753,0,0,01
2024-09-16,4호선,명동,32110,34863,-2753,0,0,02
2024-09-16,4호선,명동,32110,34863,-2753,0,0,03
2024-09-16,4호선,명동,32110,34863,-2753,0,0,04
2024-09-16,4호선,명동,32110,34863,-2753,0,0,05
2024-09-16,4호선,명동,32110,34863,-2753,0,0,06
2024-09-16,4호선,명동,32110,34863,-2753,0,0,07
2024-09-16,4호선,명동,32110,34863,-2753,0,0,08
2024-09-16,4호선,명동,32110,34863,-2753,0,0,09
2024-09-16,4호선,명동,32110,34863,-2753,0,0,10
2024-09-16,4호선,명동,32110,34863,-2753,0,0,11
2024-09-16,4호선,명동,32110,34863,-2753,0,0,12
2024-09-16,4호선,명동,32110,34863,-2753,0,0,13
2024-09-16,4호선,명동,32110,34863,-2753,0,0,14
2024-09-16,4호선,명동,32110,34863,-2753,0,0,15
2024-09-16,4호선,명동,32110,34863,-2753,0,0,16
2024-09-16,4호선,명동,32110,34863,-2753,0,0,17
2024-09-16,4호선,명동,32110,34863,-2753,0,0,18
2024-09-16,4호선,명동,32110,34863,-2753,0,0,19
2024-09-16,4호선,명동,32110,34863,-2753,0,0,20
2024-09-16,4호선,명동,32110,34863,-2753,0,0,21
2024-09-16,4호선,명동,32110,34863,-2753,0,0,22
2024-09-16,4호선,명동,32110,34863,-2753,0,0,23
2024-09-17,4호선,명동,25529,27373,-1844,1,1,00
2024-09-17,4호선,명동,25529,27373,-1844,1,1,01
2024-09-17,4호선,명동,25529,27373,-1844,1,1,02
2024-09-17,4호선,명동,25529,27373,-1844,1,1,03
2024-09-17,4호선,명동,25529,27373,-1844,1,1,04
2024-09-17,4호선,명동,25529,27373,-1844,1,1,05
2024-09-17,4호선,명동,25529,27373,-1844,1,1,06
2024-09-17,4호선,명동,25529,27373,-1844,1,1,07
2024-09-17,4호선,명동,25529,27373,-1844,1,1,08
2024-09-17,4호선,명동,25529,27373,-1844,1,1,09
2024-09-17,4호선,명동,25529,27373,-1844,1,1,10
2024-09-17,4호선,명동,25529,27373,-1844,1,1,11
2024-09-17,4호선,명동,25529,27373,-1844,1,1,12
2024-09-17,4호선,명동,25529,27373,-1844,1,1,13
2024-09-17,4호선,명동,25529,27373,-1844,1,1,14
2024-09-17,4호선,명동,25529,27373,-1844,1,1,15
2024-09-17,4호선,명동,25529,27373,-1844,1,1,16
2024-09-17,4호선,명동,25529,27373,-1844,1,1,17
2024-09-17,4호선,명동,25529,27373,-1844,1,1,18
2024-09-17,4호선,명동,25529,27373,-1844,1,1,19
2024-09-17,4호선,명동,25529,27373,-1844,1,1,20
2024-09-17,4호선,명동,25529,27373,-1844,1,1,21
2024-09-17,4호선,명동,25529,27373,-1844,1,1,22
2024-09-17,4호선,명동,25529,27373,-1844,1,1,23
2024-09-18,4호선,명동,22377,23224,-847,2,0,00
2024-09-18,4호선,명동,22377,23224,-847,2,0,01
2024-09-18,4호선,명동,22377,23224,-847,2,0,02
2024-09-18,4호선,명동,22377,23224,-847,2,0,03
2024-09-18,4호선,명동,22377,23224,-847,2,0,04
2024-09-18,4호선,명동,22377,23224,-847,2,0,05
2024-09-18,4호선,명동,22377,23224,-847,2,0,06
2024-09-18,4호선,명동,22377,23224,-847,2,0,07
2024-09-18,4호선,명동,22377,23224,-847,2,0,08
2024-09-18,4호선,명동,22377,23224,-847,2,0,09
2024-09-18,4호선,명동,22377,23224,-847,2,0,10
2024-09-18,4호선,명동,22377,23224,-847,2,0,11
2024-09-18,4호선,명동,22377,23224,-847,2,0,12
2024-09-18,4호선,명동,22377,23224,-847,2,0,13
2024-09-18,4호선,명동,22377,23224,-847,2,0,14
2024-09-18,4호선,명동,22377,23224,-847,2,0,15
2024-09-18,4호선,명동,22377,23224,-847,2,0,16
2024-09-18,4호선,명동,22377,23224,-847,2,0,17
2024-09-18,4호선,명동,22377,23224,-847,2,0,18
2024-09-18,4호선,명동,22377,23224,-847,2,0,19
2024-09-18,4호선,명동,22377,23224,-847,2,0,20
2024-09-18,4호선,명동,22377,23224,-847,2,0,21
2024-09-18,4호선,명동,22377,23224,-847,2,0,22
2024-09-18,4호선,명동,22377,23224,-847,2,0,23
2024-09-19,4호선,명동,29823,33899,-4076,3,0,00
2024-09-19,4호선,명동,29823,33899,-4076,3,0,01
2024-09-19,4호선,명동,29823,33899,-4076,3,0,02
2024-09-19,4호선,명동,29823,33899,-4076,3,0,03
2024-09-19,4호선,명동,29823,33899,-4076,3,0,04
2024-09-19,4호선,명동,29823,33899,-4076,3,0,05
2024-09-19,4호선,명동,29823,33899,-4076,3,0,06
2024-09-19,4호선,명동,29823,33899,-4076,3,0,07
2024-09-19,4호선,명동,29823,33899,-4076,3,0,08
2024-09-19,4호선,명동,29823,33899,-4076,3,0,09
2024-09-19,4호선,명동,29823,33899,-4076,3,0,10
2024-09-19,4호선,명동,29823,33899,-4076,3,0,11
2024-09-19,4호선,명동,29823,33899,-4076,3,0,12
2024-09-19,4호선,명동,29823,33899,-4076,3,0,13
2024-09-19,4호선,명동,29823,33899,-4076,3,0,14
2024-09-19,4호선,명동,29823,33899,-4076,3,0,15
2024-09-19,4호선,명동,29823,33899,-4076,3,0,16
2024-09-19,4호선,명동,29823,33899,-4076,3,0,17
2024-09-19,4호선,명동,29823,33899,-4076,3,0,18
2024-09-19,4호선,명동,29823,33899,-4076,3,0,19
2024-09-19,4호선,명동,29823,33899,-4076,3,0,20
2024-09-19,4호선,명동,29823,33899,-4076,3,0,21
2024-09-19,4호선,명동,29823,33899,-4076,3,0,22
2024-09-19,4호선,명동,29823,33899,-4076,3,0,23
2024-09-20,4호선,명동,33387,36197,-2810,4,0,00
2024-09-20,4호선,명동,33387,36197,-2810,4,0,01
2024-09-20,4호선,명동,33387,36197,-2810,4,0,02
2024-09-20,4호선,명동,33387,36197,-2810,4,0,03
2024-09-20,4호선,명동,33387,36197,-2810,4,0,04
2024-09-20,4호선,명동,33387,36197,-2810,4,0,05
2024-09-20,4호선,명동,33387,36197,-2810,4,0,06
2024-09-20,4호선,명동,33387,36197,-2810,4,0,07
2024-09-20,4호선,명동,33387,36197,-2810,4,0,08
2024-09-20,4호선,명동,33387,36197,-2810,4,0,09
2024-09-20,4호선,명동,33387,36197,-2810,4,0,10
2024-09-20,4호선,명동,33387,36197,-2810,4,0,11
2024-09-20,4호선,명동,33387,36197,-2810,4,0,12
2024-09-20,4호선,명동,33387,36197,-2810,4,0,13
2024-09-20,4호선,명동,33387,36197,-2810,4,0,14
2024-09-20,4호선,명동,33387,36197,-2810,4,0,15
2024-09-20,4호선,명동,33387,36197,-2810,4,0,16
2024-09-20,4호선,명동,33387,36197,-2810,4,0,17
2024-09-20,4호선,명동,33387,36197,-2810,4,0,18
2024-09-20,4호선,명동,33387,36197,-2810,4,0,19
2024-09-20,4호선,명동,33387,36197,-2810,4,0,20
2024-09-20,4호선,명동,33387,36197,-2810,4,0,21
2024-09-20,4호선,명동,33387,36197,-2810,4,0,22
2024-09-20,4호선,명동,33387,36197,-2810,4,0,23
2024-09-21,4호선,명동,31962,36095,-4133,5,1,00
2024-09-21,4호선,명동,31962,36095,-4133,5,1,01
2024-09-21,4호선,명동,31962,36095,-4133,5,1,02
2024-09-21,4호선,명동,31962,36095,-4133,5,1,03
2024-09-21,4호선,명동,31962,36095,-4133,5,1,04
2024-09-21,4호선,명동,31962,36095,-4133,5,1,05
2024-09-21,4호선,명동,31962,36095,-4133,5,1,06
2024-09-21,4호선,명동,31962,36095,-4133,5,1,07
2024-09-21,4호선,명동,31962,36095,-4133,5,1,08
2024-09-21,4호선,명동,31962,36095,-4133,5,1,09
2024-09-21,4호선,명동,31962,36095,-4133,5,1,10
2024-09-21,4호선,명동,31962,36095,-4133,5,1,11
2024-09-21,4호선,명동,31962,36095,-4133,5,1,12
2024-09-21,4호선,명동,31962,36095,-4133,5,1,13
2024-09-21,4호선,명동,31962,36095,-4133,5,1,14
2024-09-21,4호선,명동,31962,36095,-4133,5,1,15
2024-09-21,4호선,명동,31962,36095,-4133,5,1,16
2024-09-21,4호선,명동,31962,36095,-4133,5,1,17
2024-09-21,4호선,명동,31962,36095,-4133,5,1,18
2024-09-21,4호선,명동,31962,36095,-4133,5,1,19
2024-09-21,4호선,명동,31962,36095,-4133,5,1,20
2024-09-21,4호선,명동,31962,36095,-4133,5,1,21
2024-09-21,4호선,명동,31962,36095,-4133,5,1,22
2024-09-21,4호선,명동,31962,36095,-4133,5,1,23
2024-09-22,4호선,명동,31093,33660,-2567,6,1,00
2024-09-22,4호선,명동,31093,33660,-2567,6,1,01
2024-09-22,4호선,명동,31093,33660,-2567,6,1,02
2024-09-22,4호선,명동,31093,33660,-2567,6,1,03
2024-09-22,4호선,명동,31093,33660,-2567,6,1,04
2024-09-22,4호선,명동,31093,33660,-2567,6,1,05
2024-09-22,4호선,명동,31093,33660,-2567,6,1,06
2024-09-22,4호선,명동,31093,33660,-2567,6,1,07
2024-09-22,4호선,명동,31093,33660,-2567,6,1,08
2024-09-22,4호선,명동,31093,33660,-2567,6,1,09
2024-09-22,4호선,명동,31093,33660,-2567,6,1,10
2024-09-22,4호선,명동,31093,33660,-2567,6,1,11
2024-09-22,4호선,명동,31093,33660,-2567,6,1,12
2024-09-22,4호선,명동,31093,33660,-2567,6,1,13
2024-09-22,4호선,명동,31093,33660,-2567,6,1,14
2024-09-22,4호선,명동,31093,33660,-2567,6,1,15
2024-09-22,4호선,명동,31093,33660,-2567,6,1,16
2024-09-22,4호선,명동,31093,33660,-2567,6,1,17
2024-09-22,4호선,명동,31093,33660,-2567,6,1,18
2024-09-22,4호선,명동,31093,33660,-2567,6,1,19
2024-09-22,4호선,명동,31093,33660,-2567,6,1,20
2024-09-22,4호선,명동,31093,33660,-2567,6,1,21
2024-09-22,4호선,명동,31093,33660,-2567,6,1,22
2024-09-22,4호선,명동,31093,33660,-2567,6,1,23
2024-09-23,4호선,명동,38573,40211,-1638,0,0,00
2024-09-23,4호선,명동,38573,40211,-1638,0,0,01
2024-09-23,4호선,명동,38573,40211,-1638,0,0,02
2024-09-23,4호선,명동,38573,40211,-1638,0,0,03
2024-09-23,4호선,명동,38573,40211,-1638,0,0,04
2024-09-23,4호선,명동,38573,40211,-1638,0,0,05
2024-09-23,4호선,명동,38573,40211,-1638,0,0,06
2024-09-23,4호선,명동,38573,40211,-1638,0,0,07
2024-09-23,4호선,명동,38573,40211,-1638,0,0,08
2024-09-23,4호선,명동,38573,40211,-1638,0,0,09
2024-09-23,4호선,명동,38573,40211,-1638,0,0,10
2024-09-23,4호선,명동,38573,40211,-1638,0,0,11
2024-09-23,4호선,명동,38573,40211,-1638,0,0,12
2024-09-23,4호선,명동,38573,40211,-1638,0,0,13
2024-09-23,4호선,명동,38573,40211,-1638,0,0,14
2024-09-23,4호선,명동,38573,40211,-1638,0,0,15
2024-09-23,4호선,명동,38573,40211,-1638,0,0,16
2024-09-23,4호선,명동,38573,40211,-1638,0,0,17
2024-09-23,4호선,명동,38573,40211,-1638,0,0,18
2024-09-23,4호선,명동,38573,40211,-1638,0,0,19
2024-09-23,4호선,명동,38573,40211,-1638,0,0,20
2024-09-23,4호선,명동,38573,40211,-1638,0,0,21
2024-09-23,4호선,명동,38573,40211,-1638,0,0,22
2024-09-23,4호선,명동,38573,40211,-1638,0,0,23
2024-09-24,4호선,명동,37788,40082,-2294,1,0,00
2024-09-24,4호선,명동,37788,40082,-2294,1,0,01
2024-09-24,4호선,명동,37788,40082,-2294,1,0,02
2024-09-24,4호선,명동,37788,40082,-2294,1,0,03
2024-09-24,4호선,명동,37788,40082,-2294,1,0,04
2024-09-24,4호선,명동,37788,40082,-2294,1,0,05
2024-09-24,4호선,명동,37788,40082,-2294,1,0,06
2024-09-24,4호선,명동,37788,40082,-2294,1,0,07
2024-09-24,4호선,명동,37788,40082,-2294,1,0,08
2024-09-24,4호선,명동,37788,40082,-2294,1,0,09
2024-09-24,4호선,명동,37788,40082,-2294,1,0,10
2024-09-24,4호선,명동,37788,40082,-2294,1,0,11
2024-09-24,4호선,명동,37788,40082,-2294,1,0,12
2024-09-24,4호선,명동,37788,40082,-2294,1,0,13
2024-09-24,4호선,명동,37788,40082,-2294,1,0,14
2024-09-24,4호선,명동,37788,40082,-2294,1,0,15
2024-09-24,4호선,명동,37788,40082,-2294,1,0,16
2024-09-24,4호선,명동,37788,40082,-2294,1,0,17
2024-09-24,4호선,명동,37788,40082,-2294,1,0,18
2024-09-24,4호선,명동,37788,40082,-2294,1,0,19
2024-09-24,4호선,명동,37788,40082,-2294,1,0,20
2024-09-24,4호선,명동,37788,40082,-2294,1,0,21
2024-09-24,4호선,명동,37788,40082,-2294,1,0,22
2024-09-24,4호선,명동,37788,40082,-2294,1,0,23
2024-09-25,4호선,명동,38526,40483,-1957,2,0,00
2024-09-25,4호선,명동,38526,40483,-1957,2,0,01
2024-09-25,4호선,명동,38526,40483,-1957,2,0,02
2024-09-25,4호선,명동,38526,40483,-1957,2,0,03
2024-09-25,4호선,명동,38526,40483,-1957,2,0,04
2024-09-25,4호선,명동,38526,40483,-1957,2,0,05
2024-09-25,4호선,명동,38526,40483,-1957,2,0,06
2024-09-25,4호선,명동,38526,40483,-1957,2,0,07
2024-09-25,4호선,명동,38526,40483,-1957,2,0,08
2024-09-25,4호선,명동,38526,40483,-1957,2,0,09
2024-09-25,4호선,명동,38526,40483,-1957,2,0,10
2024-09-25,4호선,명동,38526,40483,-1957,2,0,11
2024-09-25,4호선,명동,38526,40483,-1957,2,0,12
2024-09-25,4호선,명동,38526,40483,-1957,2,0,13
2024-09-25,4호선,명동,38526,40483,-1957,2,0,14
2024-09-25,4호선,명동,38526,40483,-1957,2,0,15
2024-09-25,4호선,명동,38526,40483,-1957,2,0,16
2024-09-25,4호선,명동,38526,40483,-1957,2,0,17
2024-09-25,4호선,명동,38526,40483,-1957,2,0,18
2024-09-25,4호선,명동,38526,40483,-1957,2,0,19
2024-09-25,4호선,명동,38526,40483,-1957,2,0,20
2024-09-25,4호선,명동,38526,40483,-1957,2,0,21
2024-09-25,4호선,명동,38526,40483,-1957,2,0,22
2024-09-25,4호선,명동,38526,40483,-1957,2,0,23
2024-09-26,4호선,명동,38155,40329,-2174,3,0,00
2024-09-26,4호선,명동,38155,40329,-2174,3,0,01
2024-09-26,4호선,명동,38155,40329,-2174,3,0,02
2024-09-26,4호선,명동,38155,40329,-2174,3,0,03
2024-09-26,4호선,명동,38155,40329,-2174,3,0,04
2024-09-26,4호선,명동,38155,40329,-2174,3,0,05
2024-09-26,4호선,명동,38155,40329,-2174,3,0,06
2024-09-26,4호선,명동,38155,40329,-2174,3,0,07
2024-09-26,4호선,명동,38155,40329,-2174,3,0,08
2024-09-26,4호선,명동,38155,40329,-2174,3,0,09
2024-09-26,4호선,명동,38155,40329,-2174,3,0,10
2024-09-26,4호선,명동,38155,40329,-2174,3,0,11
2024-09-26,4호선,명동,38155,40329,-2174,3,0,12
2024-09-26,4호선,명동,38155,40329,-2174,3,0,13
2024-09-26,4호선,명동,38155,40329,-2174,3,0,14
2024-09-26,4호선,명동,38155,40329,-2174,3,0,15
2024-09-26,4호선,명동,38155,40329,-2174,3,0,16
2024-09-26,4호선,명동,38155,40329,-2174,3,0,17
2024-09-26,4호선,명동,38155,40329,-2174,3,0,18
2024-09-26,4호선,명동,38155,40329,-2174,3,0,19
2024-09-26,4호선,명동,38155,40329,-2174,3,0,20
2024-09-26,4호선,명동,38155,40329,-2174,3,0,21
2024-09-26,4호선,명동,38155,40329,-2174,3,0,22
2024-09-26,4호선,명동,38155,40329,-2174,3,0,23
2024-09-27,4호선,명동,39380,41882,-2502,4,0,00
2024-09-27,4호선,명동,39380,41882,-2502,4,0,01
2024-09-27,4호선,명동,39380,41882,-2502,4,0,02
2024-09-27,4호선,명동,39380,41882,-2502,4,0,03
2024-09-27,4호선,명동,39380,41882,-2502,4,0,04
2024-09-27,4호선,명동,39380,41882,-2502,4,0,05
2024-09-27,4호선,명동,39380,41882,-2502,4,0,06
2024-09-27,4호선,명동,39380,41882,-2502,4,0,07
2024-09-27,4호선,명동,39380,41882,-2502,4,0,08
2024-09-27,4호선,명동,39380,41882,-2502,4,0,09
2024-09-27,4호선,명동,39380,41882,-2502,4,0,10
2024-09-27,4호선,명동,39380,41882,-2502,4,0,11
2024-09-27,4호선,명동,39380,41882,-2502,4,0,12
2024-09-27,4호선,명동,39380,41882,-2502,4,0,13
2024-09-27,4호선,명동,39380,41882,-2502,4,0,14
2024-09-27,4호선,명동,39380,41882,-2502,4,0,15
2024-09-27,4호선,명동,39380,41882,-2502,4,0,16
2024-09-27,4호선,명동,39380,41882,-2502,4,0,17
2024-09-27,4호선,명동,39380,41882,-2502,4,0,18
2024-09-27,4호선,명동,39380,41882,-2502,4,0,19
2024-09-27,4호선,명동,39380,41882,-2502,4,0,20
2024-09-27,4호선,명동,39380,41882,-2502,4,0,21
2024-09-27,4호선,명동,39380,41882,-2502,4,0,22
2024-09-27,4호선,명동,39380,41882,-2502,4,0,23
2024-09-28,4호선,명동,35516,40020,-4504,5,1,00
2024-09-28,4호선,명동,35516,40020,-4504,5,1,01
2024-09-28,4호선,명동,35516,40020,-4504,5,1,02
2024-09-28,4호선,명동,35516,40020,-4504,5,1,03
2024-09-28,4호선,명동,35516,40020,-4504,5,1,04
2024-09-28,4호선,명동,35516,40020,-4504,5,1,05
2024-09-28,4호선,명동,35516,40020,-4504,5,1,06
2024-09-28,4호선,명동,35516,40020,-4504,5,1,07
2024-09-28,4호선,명동,35516,40020,-4504,5,1,08
2024-09-28,4호선,명동,35516,40020,-4504,5,1,09
2024-09-28,4호선,명동,35516,40020,-4504,5,1,10
2024-09-28,4호선,명동,35516,40020,-4504,5,1,11
2024-09-28,4호선,명동,35516,40020,-4504,5,1,12
2024-09-28,4호선,명동,35516,40020,-4504,5,1,13
2024-09-28,4호선,명동,35516,40020,-4504,5,1,14
2024-09-28,4호선,명동,35516,40020,-4504,5,1,15
2024-09-28,4호선,명동,35516,40020,-4504,5,1,16
2024-09-28,4호선,명동,35516,40020,-4504,5,1,17
2024-09-28,4호선,명동,35516,40020,-4504,5,1,18
2024-09-28,4호선,명동,35516,40020,-4504,5,1,19
2024-09-28,4호선,명동,35516,40020,-4504,5,1,20
2024-09-28,4호선,명동,35516,40020,-4504,5,1,21
2024-09-28,4호선,명동,35516,40020,-4504,5,1,22
2024-09-28,4호선,명동,35516,40020,-4504,5,1,23
2024-09-29,4호선,명동,30053,32617,-2564,6,1,00
2024-09-29,4호선,명동,30053,32617,-2564,6,1,01
2024-09-29,4호선,명동,30053,32617,-2564,6,1,02
2024-09-29,4호선,명동,30053,32617,-2564,6,1,03
2024-09-29,4호선,명동,30053,32617,-2564,6,1,04
2024-09-29,4호선,명동,30053,32617,-2564,6,1,05
2024-09-29,4호선,명동,30053,32617,-2564,6,1,06
2024-09-29,4호선,명동,30053,32617,-2564,6,1,07
2024-09-29,4호선,명동,30053,32617,-2564,6,1,08
2024-09-29,4호선,명동,30053,32617,-2564,6,1,09
2024-09-29,4호선,명동,30053,32617,-2564,6,1,10
2024-09-29,4호선,명동,30053,32617,-2564,6,1,11
2024-09-29,4호선,명동,30053,32617,-2564,6,1,12
2024-09-29,4호선,명동,30053,32617,-2564,6,1,13
2024-09-29,4호선,명동,30053,32617,-2564,6,1,14
2024-09-29,4호선,명동,30053,32617,-2564,6,1,15
2024-09-29,4호선,명동,30053,32617,-2564,6,1,16
2024-09-29,4호선,명동,30053,32617,-2564,6,1,17
2024-09-29,4호선,명동,30053,32617,-2564,6,1,18
2024-09-29,4호선,명동,30053,32617,-2564,6,1,19
2024-09-29,4호선,명동,30053,32617,-2564,6,1,20
2024-09-29,4호선,명동,30053,32617,-2564,6,1,21
2024-09-29,4호선,명동,30053,32617,-2564,6,1,22
2024-09-29,4호선,명동,30053,32617,-2564,6,1,23
2024-09-30,4호선,명동,35114,37504,-2390,0,0,00
2024-09-30,4호선,명동,35114,37504,-2390,0,0,01
2024-09-30,4호선,명동,35114,37504,-2390,0,0,02
2024-09-30,4호선,명동,35114,37504,-2390,0,0,03
2024-09-30,4호선,명동,35114,37504,-2390,0,0,04
2024-09-30,4호선,명동,35114,37504,-2390,0,0,05
2024-09-30,4호선,명동,35114,37504,-2390,0,0,06
2024-09-30,4호선,명동,35114,37504,-2390,0,0,07
2024-09-30,4호선,명동,35114,37504,-2390,0,0,08
2024-09-30,4호선,명동,35114,37504,-2390,0,0,09
2024-09-30,4호선,명동,35114,37504,-2390,0,0,10
2024-09-30,4호선,명동,35114,37504,-2390,0,0,11
2024-09-30,4호선,명동,35114,37504,-2390,0,0,12
2024-09-30,4호선,명동,35114,37504,-2390,0,0,13
2024-09-30,4호선,명동,35114,37504,-2390,0,0,14
2024-09-30,4호선,명동,35114,37504,-2390,0,0,15
2024-09-30,4호선,명동,35114,37504,-2390,0,0,16
2024-09-30,4호선,명동,35114,37504,-2390,0,0,17
2024-09-30,4호선,명동,35114,37504,-2390,0,0,18
2024-09-30,4호선,명동,35114,37504,-2390,0,0,19
2024-09-30,4호선,명동,35114,37504,-2390,0,0,20
2024-09-30,4호선,명동,35114,37504,-2390,0,0,21
2024-09-30,4호선,명동,35114,37504,-2390,0,0,22
2024-09-30,4호선,명동,35114,37504,-2390,0,0,23
2024-10-01,4호선,명동,29465,31291,-1826,1,0,00
2024-10-01,4호선,명동,29465,31291,-1826,1,0,01
2024-10-01,4호선,명동,29465,31291,-1826,1,0,02
2024-10-01,4호선,명동,29465,31291,-1826,1,0,03
2024-10-01,4호선,명동,29465,31291,-1826,1,0,04
2024-10-01,4호선,명동,29465,31291,-1826,1,0,05
2024-10-01,4호선,명동,29465,31291,-1826,1,0,06
2024-10-01,4호선,명동,29465,31291,-1826,1,0,07
2024-10-01,4호선,명동,29465,31291,-1826,1,0,08
2024-10-01,4호선,명동,29465,31291,-1826,1,0,09
2024-10-01,4호선,명동,29465,31291,-1826,1,0,10
2024-10-01,4호선,명동,29465,31291,-1826,1,0,11
2024-10-01,4호선,명동,29465,31291,-1826,1,0,12
2024-10-01,4호선,명동,29465,31291,-1826,1,0,13
2024-10-01,4호선,명동,29465,31291,-1826,1,0,14
2024-10-01,4호선,명동,29465,31291,-1826,1,0,15
2024-10-01,4호선,명동,29465,31291,-1826,1,0,16
2024-10-01,4호선,명동,29465,31291,-1826,1,0,17
2024-10-01,4호선,명동,29465,31291,-1826,1,0,18
2024-10-01,4호선,명동,29465,31291,-1826,1,0,19
2024-10-01,4호선,명동,29465,31291,-1826,1,0,20
2024-10-01,4호선,명동,29465,31291,-1826,1,0,21
2024-10-01,4호선,명동,29465,31291,-1826,1,0,22
2024-10-01,4호선,명동,29465,31291,-1826,1,0,23
2024-10-02,4호선,명동,38466,40967,-2501,2,0,00
2024-10-02,4호선,명동,38466,40967,-2501,2,0,01
2024-10-02,4호선,명동,38466,40967,-2501,2,0,02
2024-10-02,4호선,명동,38466,40967,-2501,2,0,03
2024-10-02,4호선,명동,38466,40967,-2501,2,0,04
2024-10-02,4호선,명동,38466,40967,-2501,2,0,05
2024-10-02,4호선,명동,38466,40967,-2501,2,0,06
2024-10-02,4호선,명동,38466,40967,-2501,2,0,07
2024-10-02,4호선,명동,38466,40967,-2501,2,0,08
2024-10-02,4호선,명동,38466,40967,-2501,2,0,09
2024-10-02,4호선,명동,38466,40967,-2501,2,0,10
2024-10-02,4호선,명동,38466,40967,-2501,2,0,11
2024-10-02,4호선,명동,38466,40967,-2501,2,0,12
2024-10-02,4호선,명동,38466,40967,-2501,2,0,13
2024-10-02,4호선,명동,38466,40967,-2501,2,0,14
2024-10-02,4호선,명동,38466,40967,-2501,2,0,15
2024-10-02,4호선,명동,38466,40967,-2501,2,0,16
2024-10-02,4호선,명동,38466,40967,-2501,2,0,17
2024-10-02,4호선,명동,38466,40967,-2501,2,0,18
2024-10-02,4호선,명동,38466,40967,-2501,2,0,19
2024-10-02,4호선,명동,38466,40967,-2501,2,0,20
2024-10-02,4호선,명동,38466,40967,-2501,2,0,21
2024-10-02,4호선,명동,38466,40967,-2501,2,0,22
2024-10-02,4호선,명동,38466,40967,-2501,2,0,23
2024-10-03,4호선,명동,33040,37186,-4146,3,1,00
2024-10-03,4호선,명동,33040,37186,-4146,3,1,01
2024-10-03,4호선,명동,33040,37186,-4146,3,1,02
2024-10-03,4호선,명동,33040,37186,-4146,3,1,03
2024-10-03,4호선,명동,33040,37186,-4146,3,1,04
2024-10-03,4호선,명동,33040,37186,-4146,3,1,05
2024-10-03,4호선,명동,33040,37186,-4146,3,1,06
2024-10-03,4호선,명동,33040,37186,-4146,3,1,07
2024-10-03,4호선,명동,33040,37186,-4146,3,1,08
2024-10-03,4호선,명동,33040,37186,-4146,3,1,09
2024-10-03,4호선,명동,33040,37186,-4146,3,1,10
2024-10-03,4호선,명동,33040,37186,-4146,3,1,11
2024-10-03,4호선,명동,33040,37186,-4146,3,1,12
2024-10-03,4호선,명동,33040,37186,-4146,3,1,13
2024-10-03,4호선,명동,33040,37186,-4146,3,1,14
2024-10-03,4호선,명동,33040,37186,-4146,3,1,15
2024-10-03,4호선,명동,33040,37186,-4146,3,1,16
2024-10-03,4호선,명동,33040,37186,-4146,3,1,17
2024-10-03,4호선,명동,33040,37186,-4146,3,1,18
2024-10-03,4호선,명동,33040,37186,-4146,3,1,19
2024-10-03,4호선,명동,33040,37186,-4146,3,1,20
2024-10-03,4호선,명동,33040,37186,-4146,3,1,21
2024-10-03,4호선,명동,33040,37186,-4146,3,1,22
2024-10-03,4호선,명동,33040,37186,-4146,3,1,23
2024-10-04,4호선,명동,42327,45306,-2979,4,1,00
2024-10-04,4호선,명동,42327,45306,-2979,4,1,01
2024-10-04,4호선,명동,42327,45306,-2979,4,1,02
2024-10-04,4호선,명동,42327,45306,-2979,4,1,03
2024-10-04,4호선,명동,42327,45306,-2979,4,1,04
2024-10-04,4호선,명동,42327,45306,-2979,4,1,05
2024-10-04,4호선,명동,42327,45306,-2979,4,1,06
2024-10-04,4호선,명동,42327,45306,-2979,4,1,07
2024-10-04,4호선,명동,42327,45306,-2979,4,1,08
2024-10-04,4호선,명동,42327,45306,-2979,4,1,09
2024-10-04,4호선,명동,42327,45306,-2979,4,1,10
2024-10-04,4호선,명동,42327,45306,-2979,4,1,11
2024-10-04,4호선,명동,42327,45306,-2979,4,1,12
2024-10-04,4호선,명동,42327,45306,-2979,4,1,13
2024-10-04,4호선,명동,42327,45306,-2979,4,1,14
2024-10-04,4호선,명동,42327,45306,-2979,4,1,15
2024-10-04,4호선,명동,42327,45306,-2979,4,1,16
2024-10-04,4호선,명동,42327,45306,-2979,4,1,17
2024-10-04,4호선,명동,42327,45306,-2979,4,1,18
2024-10-04,4호선,명동,42327,45306,-2979,4,1,19
2024-10-04,4호선,명동,42327,45306,-2979,4,1,20
2024-10-04,4호선,명동,42327,45306,-2979,4,1,21
2024-10-04,4호선,명동,42327,45306,-2979,4,1,22
2024-10-04,4호선,명동,42327,45306,-2979,4,1,23
2024-10-05,4호선,명동,37534,41928,-4394,5,1,00
2024-10-05,4호선,명동,37534,41928,-4394,5,1,01
2024-10-05,4호선,명동,37534,41928,-4394,5,1,02
2024-10-05,4호선,명동,37534,41928,-4394,5,1,03
2024-10-05,4호선,명동,37534,41928,-4394,5,1,04
2024-10-05,4호선,명동,37534,41928,-4394,5,1,05
2024-10-05,4호선,명동,37534,41928,-4394,5,1,06
2024-10-05,4호선,명동,37534,41928,-4394,5,1,07
2024-10-05,4호선,명동,37534,41928,-4394,5,1,08
2024-10-05,4호선,명동,37534,41928,-4394,5,1,09
2024-10-05,4호선,명동,37534,41928,-4394,5,1,10
2024-10-05,4호선,명동,37534,41928,-4394,5,1,11
2024-10-05,4호선,명동,37534,41928,-4394,5,1,12
2024-10-05,4호선,명동,37534,41928,-4394,5,1,13
2024-10-05,4호선,명동,37534,41928,-4394,5,1,14
2024-10-05,4호선,명동,37534,41928,-4394,5,1,15
2024-10-05,4호선,명동,37534,41928,-4394,5,1,16
2024-10-05,4호선,명동,37534,41928,-4394,5,1,17
2024-10-05,4호선,명동,37534,41928,-4394,5,1,18
2024-10-05,4호선,명동,37534,41928,-4394,5,1,19
2024-10-05,4호선,명동,37534,41928,-4394,5,1,20
2024-10-05,4호선,명동,37534,41928,-4394,5,1,21
2024-10-05,4호선,명동,37534,41928,-4394,5,1,22
2024-10-05,4호선,명동,37534,41928,-4394,5,1,23
2024-10-06,4호선,명동,28619,30380,-1761,6,1,00
2024-10-06,4호선,명동,28619,30380,-1761,6,1,01
2024-10-06,4호선,명동,28619,30380,-1761,6,1,02
2024-10-06,4호선,명동,28619,30380,-1761,6,1,03
2024-10-06,4호선,명동,28619,30380,-1761,6,1,04
2024-10-06,4호선,명동,28619,30380,-1761,6,1,05
2024-10-06,4호선,명동,28619,30380,-1761,6,1,06
2024-10-06,4호선,명동,28619,30380,-1761,6,1,07
2024-10-06,4호선,명동,28619,30380,-1761,6,1,08
2024-10-06,4호선,명동,28619,30380,-1761,6,1,09
2024-10-06,4호선,명동,28619,30380,-1761,6,1,10
2024-10-06,4호선,명동,28619,30380,-1761,6,1,11
2024-10-06,4호선,명동,28619,30380,-1761,6,1,12
2024-10-06,4호선,명동,28619,30380,-1761,6,1,13
2024-10-06,4호선,명동,28619,30380,-1761,6,1,14
2024-10-06,4호선,명동,28619,30380,-1761,6,1,15
2024-10-06,4호선,명동,28619,30380,-1761,6,1,16
2024-10-06,4호선,명동,28619,30380,-1761,6,1,17
2024-10-06,4호선,명동,28619,30380,-1761,6,1,18
2024-10-06,4호선,명동,28619,30380,-1761,6,1,19
2024-10-06,4호선,명동,28619,30380,-1761,6,1,20
2024-10-06,4호선,명동,28619,30380,-1761,6,1,21
2024-10-06,4호선,명동,28619,30380,-1761,6,1,22
2024-10-06,4호선,명동,28619,30380,-1761,6,1,23
2024-10-07,4호선,명동,35523,37352,-1829,0,0,00
2024-10-07,4호선,명동,35523,37352,-1829,0,0,01
2024-10-07,4호선,명동,35523,37352,-1829,0,0,02
2024-10-07,4호선,명동,35523,37352,-1829,0,0,03
2024-10-07,4호선,명동,35523,37352,-1829,0,0,04
2024-10-07,4호선,명동,35523,37352,-1829,0,0,05
2024-10-07,4호선,명동,35523,37352,-1829,0,0,06
2024-10-07,4호선,명동,35523,37352,-1829,0,0,07
2024-10-07,4호선,명동,35523,37352,-1829,0,0,08
2024-10-07,4호선,명동,35523,37352,-1829,0,0,09
2024-10-07,4호선,명동,35523,37352,-1829,0,0,10
2024-10-07,4호선,명동,35523,37352,-1829,0,0,11
2024-10-07,4호선,명동,35523,37352,-1829,0,0,12
2024-10-07,4호선,명동,35523,37352,-1829,0,0,13
2024-10-07,4호선,명동,35523,37352,-1829,0,0,14
2024-10-07,4호선,명동,35523,37352,-1829,0,0,15
2024-10-07,4호선,명동,35523,37352,-1829,0,0,16
2024-10-07,4호선,명동,35523,37352,-1829,0,0,17
2024-10-07,4호선,명동,35523,37352,-1829,0,0,18
2024-10-07,4호선,명동,35523,37352,-1829,0,0,19
2024-10-07,4호선,명동,35523,37352,-1829,0,0,20
2024-10-07,4호선,명동,35523,37352,-1829,0,0,21
2024-10-07,4호선,명동,35523,37352,-1829,0,0,22
2024-10-07,4호선,명동,35523,37352,-1829,0,0,23
2024-10-08,4호선,명동,35889,38443,-2554,1,0,00
2024-10-08,4호선,명동,35889,38443,-2554,1,0,01
2024-10-08,4호선,명동,35889,38443,-2554,1,0,02
2024-10-08,4호선,명동,35889,38443,-2554,1,0,03
2024-10-08,4호선,명동,35889,38443,-2554,1,0,04
2024-10-08,4호선,명동,35889,38443,-2554,1,0,05
2024-10-08,4호선,명동,35889,38443,-2554,1,0,06
2024-10-08,4호선,명동,35889,38443,-2554,1,0,07
2024-10-08,4호선,명동,35889,38443,-2554,1,0,08
2024-10-08,4호선,명동,35889,38443,-2554,1,0,09
2024-10-08,4호선,명동,35889,38443,-2554,1,0,10
2024-10-08,4호선,명동,35889,38443,-2554,1,0,11
2024-10-08,4호선,명동,35889,38443,-2554,1,0,12
2024-10-08,4호선,명동,35889,38443,-2554,1,0,13
2024-10-08,4호선,명동,35889,38443,-2554,1,0,14
2024-10-08,4호선,명동,35889,38443,-2554,1,0,15
2024-10-08,4호선,명동,35889,38443,-2554,1,0,16
2024-10-08,4호선,명동,35889,38443,-2554,1,0,17
2024-10-08,4호선,명동,35889,38443,-2554,1,0,18
2024-10-08,4호선,명동,35889,38443,-2554,1,0,19
2024-10-08,4호선,명동,35889,38443,-2554,1,0,20
2024-10-08,4호선,명동,35889,38443,-2554,1,0,21
2024-10-08,4호선,명동,35889,38443,-2554,1,0,22
2024-10-08,4호선,명동,35889,38443,-2554,1,0,23
2024-10-09,4호선,명동,28461,31702,-3241,2,1,00
2024-10-09,4호선,명동,28461,31702,-3241,2,1,01
2024-10-09,4호선,명동,28461,31702,-3241,2,1,02
2024-10-09,4호선,명동,28461,31702,-3241,2,1,03
2024-10-09,4호선,명동,28461,31702,-3241,2,1,04
2024-10-09,4호선,명동,28461,31702,-3241,2,1,05
2024-10-09,4호선,명동,28461,31702,-3241,2,1,06
2024-10-09,4호선,명동,28461,31702,-3241,2,1,07
2024-10-09,4호선,명동,28461,31702,-3241,2,1,08
2024-10-09,4호선,명동,28461,31702,-3241,2,1,09
2024-10-09,4호선,명동,28461,31702,-3241,2,1,10
2024-10-09,4호선,명동,28461,31702,-3241,2,1,11
2024-10-09,4호선,명동,28461,31702,-3241,2,1,12
2024-10-09,4호선,명동,28461,31702,-3241,2,1,13
2024-10-09,4호선,명동,28461,31702,-3241,2,1,14
2024-10-09,4호선,명동,28461,31702,-3241,2,1,15
2024-10-09,4호선,명동,28461,31702,-3241,2,1,16
2024-10-09,4호선,명동,28461,31702,-3241,2,1,17
2024-10-09,4호선,명동,28461,31702,-3241,2,1,18
2024-10-09,4호선,명동,28461,31702,-3241,2,1,19
2024-10-09,4호선,명동,28461,31702,-3241,2,1,20
2024-10-09,4호선,명동,28461,31702,-3241,2,1,21
2024-10-09,4호선,명동,28461,31702,-3241,2,1,22
2024-10-09,4호선,명동,28461,31702,-3241,2,1,23
2024-10-10,4호선,명동,36622,39190,-2568,3,0,00
2024-10-10,4호선,명동,36622,39190,-2568,3,0,01
2024-10-10,4호선,명동,36622,39190,-2568,3,0,02
2024-10-10,4호선,명동,36622,39190,-2568,3,0,03
2024-10-10,4호선,명동,36622,39190,-2568,3,0,04
2024-10-10,4호선,명동,36622,39190,-2568,3,0,05
2024-10-10,4호선,명동,36622,39190,-2568,3,0,06
2024-10-10,4호선,명동,36622,39190,-2568,3,0,07
2024-10-10,4호선,명동,36622,39190,-2568,3,0,08
2024-10-10,4호선,명동,36622,39190,-2568,3,0,09
2024-10-10,4호선,명동,36622,39190,-2568,3,0,10
2024-10-10,4호선,명동,36622,39190,-2568,3,0,11
2024-10-10,4호선,명동,36622,39190,-2568,3,0,12
2024-10-10,4호선,명동,36622,39190,-2568,3,0,13
2024-10-10,4호선,명동,36622,39190,-2568,3,0,14
2024-10-10,4호선,명동,36622,39190,-2568,3,0,15
2024-10-10,4호선,명동,36622,39190,-2568,3,0,16
2024-10-10,4호선,명동,36622,39190,-2568,3,0,17
2024-10-10,4호선,명동,36622,39190,-2568,3,0,18
2024-10-10,4호선,명동,36622,39190,-2568,3,0,19
2024-10-10,4호선,명동,36622,39190,-2568,3,0,20
2024-10-10,4호선,명동,36622,39190,-2568,3,0,21
2024-10-10,4호선,명동,36622,39190,-2568,3,0,22
2024-10-10,4호선,명동,36622,39190,-2568,3,0,23
2024-10-11,4호선,명동,40675,44123,-3448,4,0,00
2024-10-11,4호선,명동,40675,44123,-3448,4,0,01
2024-10-11,4호선,명동,40675,44123,-3448,4,0,02
2024-10-11,4호선,명동,40675,44123,-3448,4,0,03
2024-10-11,4호선,명동,40675,44123,-3448,4,0,04
2024-10-11,4호선,명동,40675,44123,-3448,4,0,05
2024-10-11,4호선,명동,40675,44123,-3448,4,0,06
2024-10-11,4호선,명동,40675,44123,-3448,4,0,07
2024-10-11,4호선,명동,40675,44123,-3448,4,0,08
2024-10-11,4호선,명동,40675,44123,-3448,4,0,09
2024-10-11,4호선,명동,40675,44123,-3448,4,0,10
2024-10-11,4호선,명동,40675,44123,-3448,4,0,11
2024-10-11,4호선,명동,40675,44123,-3448,4,0,12
2024-10-11,4호선,명동,40675,44123,-3448,4,0,13
2024-10-11,4호선,명동,40675,44123,-3448,4,0,14
2024-10-11,4호선,명동,40675,44123,-3448,4,0,15
2024-10-11,4호선,명동,40675,44123,-3448,4,0,16
2024-10-11,4호선,명동,40675,44123,-3448,4,0,17
2024-10-11,4호선,명동,40675,44123,-3448,4,0,18
2024-10-11,4호선,명동,40675,44123,-3448,4,0,19
2024-10-11,4호선,명동,40675,44123,-3448,4,0,20
2024-10-11,4호선,명동,40675,44123,-3448,4,0,21
2024-10-11,4호선,명동,40675,44123,-3448,4,0,22
2024-10-11,4호선,명동,40675,44123,-3448,4,0,23
2024-10-12,4호선,명동,38998,43217,-4219,5,1,00
2024-10-12,4호선,명동,38998,43217,-4219,5,1,01
2024-10-12,4호선,명동,38998,43217,-4219,5,1,02
2024-10-12,4호선,명동,38998,43217,-4219,5,1,03
2024-10-12,4호선,명동,38998,43217,-4219,5,1,04
2024-10-12,4호선,명동,38998,43217,-4219,5,1,05
2024-10-12,4호선,명동,38998,43217,-4219,5,1,06
2024-10-12,4호선,명동,38998,43217,-4219,5,1,07
2024-10-12,4호선,명동,38998,43217,-4219,5,1,08
2024-10-12,4호선,명동,38998,43217,-4219,5,1,09
2024-10-12,4호선,명동,38998,43217,-4219,5,1,10
2024-10-12,4호선,명동,38998,43217,-4219,5,1,11
2024-10-12,4호선,명동,38998,43217,-4219,5,1,12
2024-10-12,4호선,명동,38998,43217,-4219,5,1,13
2024-10-12,4호선,명동,38998,43217,-4219,5,1,14
2024-10-12,4호선,명동,38998,43217,-4219,5,1,15
2024-10-12,4호선,명동,38998,43217,-4219,5,1,16
2024-10-12,4호선,명동,38998,43217,-4219,5,1,17
2024-10-12,4호선,명동,38998,43217,-4219,5,1,18
2024-10-12,4호선,명동,38998,43217,-4219,5,1,19
2024-10-12,4호선,명동,38998,43217,-4219,5,1,20
2024-10-12,4호선,명동,38998,43217,-4219,5,1,21
2024-10-12,4호선,명동,38998,43217,-4219,5,1,22
2024-10-12,4호선,명동,38998,43217,-4219,5,1,23
2024-10-13,4호선,명동,35364,38642,-3278,6,1,00
2024-10-13,4호선,명동,35364,38642,-3278,6,1,01
2024-10-13,4호선,명동,35364,38642,-3278,6,1,02
2024-10-13,4호선,명동,35364,38642,-3278,6,1,03
2024-10-13,4호선,명동,35364,38642,-3278,6,1,04
2024-10-13,4호선,명동,35364,38642,-3278,6,1,05
2024-10-13,4호선,명동,35364,38642,-3278,6,1,06
2024-10-13,4호선,명동,35364,38642,-3278,6,1,07
2024-10-13,4호선,명동,35364,38642,-3278,6,1,08
2024-10-13,4호선,명동,35364,38642,-3278,6,1,09
2024-10-13,4호선,명동,35364,38642,-3278,6,1,10
2024-10-13,4호선,명동,35364,38642,-3278,6,1,11
2024-10-13,4호선,명동,35364,38642,-3278,6,1,12
2024-10-13,4호선,명동,35364,38642,-3278,6,1,13
2024-10-13,4호선,명동,35364,38642,-3278,6,1,14
2024-10-13,4호선,명동,35364,38642,-3278,6,1,15
2024-10-13,4호선,명동,35364,38642,-3278,6,1,16
2024-10-13,4호선,명동,35364,38642,-3278,6,1,17
2024-10-13,4호선,명동,35364,38642,-3278,6,1,18
2024-10-13,4호선,명동,35364,38642,-3278,6,1,19
2024-10-13,4호선,명동,35364,38642,-3278,6,1,20
2024-10-13,4호선,명동,35364,38642,-3278,6,1,21
2024-10-13,4호선,명동,35364,38642,-3278,6,1,22
2024-10-13,4호선,명동,35364,38642,-3278,6,1,23
2024-10-14,4호선,명동,41360,42956,-1596,0,0,00
2024-10-14,4호선,명동,41360,42956,-1596,0,0,01
2024-10-14,4호선,명동,41360,42956,-1596,0,0,02
2024-10-14,4호선,명동,41360,42956,-1596,0,0,03
2024-10-14,4호선,명동,41360,42956,-1596,0,0,04
2024-10-14,4호선,명동,41360,42956,-1596,0,0,05
2024-10-14,4호선,명동,41360,42956,-1596,0,0,06
2024-10-14,4호선,명동,41360,42956,-1596,0,0,07
2024-10-14,4호선,명동,41360,42956,-1596,0,0,08
2024-10-14,4호선,명동,41360,42956,-1596,0,0,09
2024-10-14,4호선,명동,41360,42956,-1596,0,0,10
2024-10-14,4호선,명동,41360,42956,-1596,0,0,11
2024-10-14,4호선,명동,41360,42956,-1596,0,0,12
2024-10-14,4호선,명동,41360,42956,-1596,0,0,13
2024-10-14,4호선,명동,41360,42956,-1596,0,0,14
2024-10-14,4호선,명동,41360,42956,-1596,0,0,15
2024-10-14,4호선,명동,41360,42956,-1596,0,0,16
2024-10-14,4호선,명동,41360,42956,-1596,0,0,17
2024-10-14,4호선,명동,41360,42956,-1596,0,0,18
2024-10-14,4호선,명동,41360,42956,-1596,0,0,19
2024-10-14,4호선,명동,41360,42956,-1596,0,0,20
2024-10-14,4호선,명동,41360,42956,-1596,0,0,21
2024-10-14,4호선,명동,41360,42956,-1596,0,0,22
2024-10-14,4호선,명동,41360,42956,-1596,0,0,23
2024-10-15,4호선,명동,39522,41397,-1875,1,0,00
2024-10-15,4호선,명동,39522,41397,-1875,1,0,01
2024-10-15,4호선,명동,39522,41397,-1875,1,0,02
2024-10-15,4호선,명동,39522,41397,-1875,1,0,03
2024-10-15,4호선,명동,39522,41397,-1875,1,0,04
2024-10-15,4호선,명동,39522,41397,-1875,1,0,05
2024-10-15,4호선,명동,39522,41397,-1875,1,0,06
2024-10-15,4호선,명동,39522,41397,-1875,1,0,07
2024-10-15,4호선,명동,39522,41397,-1875,1,0,08
2024-10-15,4호선,명동,39522,41397,-1875,1,0,09
2024-10-15,4호선,명동,39522,41397,-1875,1,0,10
2024-10-15,4호선,명동,39522,41397,-1875,1,0,11
2024-10-15,4호선,명동,39522,41397,-1875,1,0,12
2024-10-15,4호선,명동,39522,41397,-1875,1,0,13
2024-10-15,4호선,명동,39522,41397,-1875,1,0,14
2024-10-15,4호선,명동,39522,41397,-1875,1,0,15
2024-10-15,4호선,명동,39522,41397,-1875,1,0,16
2024-10-15,4호선,명동,39522,41397,-1875,1,0,17
2024-10-15,4호선,명동,39522,41397,-1875,1,0,18
2024-10-15,4호선,명동,39522,41397,-1875,1,0,19
2024-10-15,4호선,명동,39522,41397,-1875,1,0,20
2024-10-15,4호선,명동,39522,41397,-1875,1,0,21
2024-10-15,4호선,명동,39522,41397,-1875,1,0,22
2024-10-15,4호선,명동,39522,41397,-1875,1,0,23
2024-10-16,4호선,명동,39176,41355,-2179,2,0,00
2024-10-16,4호선,명동,39176,41355,-2179,2,0,01
2024-10-16,4호선,명동,39176,41355,-2179,2,0,02
2024-10-16,4호선,명동,39176,41355,-2179,2,0,03
2024-10-16,4호선,명동,39176,41355,-2179,2,0,04
2024-10-16,4호선,명동,39176,41355,-2179,2,0,05
2024-10-16,4호선,명동,39176,41355,-2179,2,0,06
2024-10-16,4호선,명동,39176,41355,-2179,2,0,07
2024-10-16,4호선,명동,39176,41355,-2179,2,0,08
2024-10-16,4호선,명동,39176,41355,-2179,2,0,09
2024-10-16,4호선,명동,39176,41355,-2179,2,0,10
2024-10-16,4호선,명동,39176,41355,-2179,2,0,11
2024-10-16,4호선,명동,39176,41355,-2179,2,0,12
2024-10-16,4호선,명동,39176,41355,-2179,2,0,13
2024-10-16,4호선,명동,39176,41355,-2179,2,0,14
2024-10-16,4호선,명동,39176,41355,-2179,2,0,15
2024-10-16,4호선,명동,39176,41355,-2179,2,0,16
2024-10-16,4호선,명동,39176,41355,-2179,2,0,17
2024-10-16,4호선,명동,39176,41355,-2179,2,0,18
2024-10-16,4호선,명동,39176,41355,-2179,2,0,19
2024-10-16,4호선,명동,39176,41355,-2179,2,0,20
2024-10-16,4호선,명동,39176,41355,-2179,2,0,21
2024-10-16,4호선,명동,39176,41355,-2179,2,0,22
2024-10-16,4호선,명동,39176,41355,-2179,2,0,23
2024-10-17,4호선,명동,39671,41862,-2191,3,0,00
2024-10-17,4호선,명동,39671,41862,-2191,3,0,01
2024-10-17,4호선,명동,39671,41862,-2191,3,0,02
2024-10-17,4호선,명동,39671,41862,-2191,3,0,03
2024-10-17,4호선,명동,39671,41862,-2191,3,0,04
2024-10-17,4호선,명동,39671,41862,-2191,3,0,05
2024-10-17,4호선,명동,39671,41862,-2191,3,0,06
2024-10-17,4호선,명동,39671,41862,-2191,3,0,07
2024-10-17,4호선,명동,39671,41862,-2191,3,0,08
2024-10-17,4호선,명동,39671,41862,-2191,3,0,09
2024-10-17,4호선,명동,39671,41862,-2191,3,0,10
2024-10-17,4호선,명동,39671,41862,-2191,3,0,11
2024-10-17,4호선,명동,39671,41862,-2191,3,0,12
2024-10-17,4호선,명동,39671,41862,-2191,3,0,13
2024-10-17,4호선,명동,39671,41862,-2191,3,0,14
2024-10-17,4호선,명동,39671,41862,-2191,3,0,15
2024-10-17,4호선,명동,39671,41862,-2191,3,0,16
2024-10-17,4호선,명동,39671,41862,-2191,3,0,17
2024-10-17,4호선,명동,39671,41862,-2191,3,0,18
2024-10-17,4호선,명동,39671,41862,-2191,3,0,19
2024-10-17,4호선,명동,39671,41862,-2191,3,0,20
2024-10-17,4호선,명동,39671,41862,-2191,3,0,21
2024-10-17,4호선,명동,39671,41862,-2191,3,0,22
2024-10-17,4호선,명동,39671,41862,-2191,3,0,23
2024-10-18,4호선,명동,39632,42225,-2593,4,0,00
2024-10-18,4호선,명동,39632,42225,-2593,4,0,01
2024-10-18,4호선,명동,39632,42225,-2593,4,0,02
2024-10-18,4호선,명동,39632,42225,-2593,4,0,03
2024-10-18,4호선,명동,39632,42225,-2593,4,0,04
2024-10-18,4호선,명동,39632,42225,-2593,4,0,05
2024-10-18,4호선,명동,39632,42225,-2593,4,0,06
2024-10-18,4호선,명동,39632,42225,-2593,4,0,07
2024-10-18,4호선,명동,39632,42225,-2593,4,0,08
2024-10-18,4호선,명동,39632,42225,-2593,4,0,09
2024-10-18,4호선,명동,39632,42225,-2593,4,0,10
2024-10-18,4호선,명동,39632,42225,-2593,4,0,11
2024-10-18,4호선,명동,39632,42225,-2593,4,0,12
2024-10-18,4호선,명동,39632,42225,-2593,4,0,13
2024-10-18,4호선,명동,39632,42225,-2593,4,0,14
2024-10-18,4호선,명동,39632,42225,-2593,4,0,15
2024-10-18,4호선,명동,39632,42225,-2593,4,0,16
2024-10-18,4호선,명동,39632,42225,-2593,4,0,17
2024-10-18,4호선,명동,39632,42225,-2593,4,0,18
2024-10-18,4호선,명동,39632,42225,-2593,4,0,19
2024-10-18,4호선,명동,39632,42225,-2593,4,0,20
2024-10-18,4호선,명동,39632,42225,-2593,4,0,21
2024-10-18,4호선,명동,39632,42225,-2593,4,0,22
2024-10-18,4호선,명동,39632,42225,-2593,4,0,23
2024-10-19,4호선,명동,37920,42098,-4178,5,1,00
2024-10-19,4호선,명동,37920,42098,-4178,5,1,01
2024-10-19,4호선,명동,37920,42098,-4178,5,1,02
2024-10-19,4호선,명동,37920,42098,-4178,5,1,03
2024-10-19,4호선,명동,37920,42098,-4178,5,1,04
2024-10-19,4호선,명동,37920,42098,-4178,5,1,05
2024-10-19,4호선,명동,37920,42098,-4178,5,1,06
2024-10-19,4호선,명동,37920,42098,-4178,5,1,07
2024-10-19,4호선,명동,37920,42098,-4178,5,1,08
2024-10-19,4호선,명동,37920,42098,-4178,5,1,09
2024-10-19,4호선,명동,37920,42098,-4178,5,1,10
2024-10-19,4호선,명동,37920,42098,-4178,5,1,11
2024-10-19,4호선,명동,37920,42098,-4178,5,1,12
2024-10-19,4호선,명동,37920,42098,-4178,5,1,13
2024-10-19,4호선,명동,37920,42098,-4178,5,1,14
2024-10-19,4호선,명동,37920,42098,-4178,5,1,15
2024-10-19,4호선,명동,37920,42098,-4178,5,1,16
2024-10-19,4호선,명동,37920,42098,-4178,5,1,17
2024-10-19,4호선,명동,37920,42098,-4178,5,1,18
2024-10-19,4호선,명동,37920,42098,-4178,5,1,19
2024-10-19,4호선,명동,37920,42098,-4178,5,1,20
2024-10-19,4호선,명동,37920,42098,-4178,5,1,21
2024-10-19,4호선,명동,37920,42098,-4178,5,1,22
2024-10-19,4호선,명동,37920,42098,-4178,5,1,23
2024-10-20,4호선,명동,33861,36306,-2445,6,1,00
2024-10-20,4호선,명동,33861,36306,-2445,6,1,01
2024-10-20,4호선,명동,33861,36306,-2445,6,1,02
2024-10-20,4호선,명동,33861,36306,-2445,6,1,03
2024-10-20,4호선,명동,33861,36306,-2445,6,1,04
2024-10-20,4호선,명동,33861,36306,-2445,6,1,05
2024-10-20,4호선,명동,33861,36306,-2445,6,1,06
2024-10-20,4호선,명동,33861,36306,-2445,6,1,07
2024-10-20,4호선,명동,33861,36306,-2445,6,1,08
2024-10-20,4호선,명동,33861,36306,-2445,6,1,09
2024-10-20,4호선,명동,33861,36306,-2445,6,1,10
2024-10-20,4호선,명동,33861,36306,-2445,6,1,11
2024-10-20,4호선,명동,33861,36306,-2445,6,1,12
2024-10-20,4호선,명동,33861,36306,-2445,6,1,13
2024-10-20,4호선,명동,33861,36306,-2445,6,1,14
2024-10-20,4호선,명동,33861,36306,-2445,6,1,15
2024-10-20,4호선,명동,33861,36306,-2445,6,1,16
2024-10-20,4호선,명동,33861,36306,-2445,6,1,17
2024-10-20,4호선,명동,33861,36306,-2445,6,1,18
2024-10-20,4호선,명동,33861,36306,-2445,6,1,19
2024-10-20,4호선,명동,33861,36306,-2445,6,1,20
2024-10-20,4호선,명동,33861,36306,-2445,6,1,21
2024-10-20,4호선,명동,33861,36306,-2445,6,1,22
2024-10-20,4호선,명동,33861,36306,-2445,6,1,23
2024-10-21,4호선,명동,38987,41108,-2121,0,0,00
2024-10-21,4호선,명동,38987,41108,-2121,0,0,01
2024-10-21,4호선,명동,38987,41108,-2121,0,0,02
2024-10-21,4호선,명동,38987,41108,-2121,0,0,03
2024-10-21,4호선,명동,38987,41108,-2121,0,0,04
2024-10-21,4호선,명동,38987,41108,-2121,0,0,05
2024-10-21,4호선,명동,38987,41108,-2121,0,0,06
2024-10-21,4호선,명동,38987,41108,-2121,0,0,07
2024-10-21,4호선,명동,38987,41108,-2121,0,0,08
2024-10-21,4호선,명동,38987,41108,-2121,0,0,09
2024-10-21,4호선,명동,38987,41108,-2121,0,0,10
2024-10-21,4호선,명동,38987,41108,-2121,0,0,11
2024-10-21,4호선,명동,38987,41108,-2121,0,0,12
2024-10-21,4호선,명동,38987,41108,-2121,0,0,13
2024-10-21,4호선,명동,38987,41108,-2121,0,0,14
2024-10-21,4호선,명동,38987,41108,-2121,0,0,15
2024-10-21,4호선,명동,38987,41108,-2121,0,0,16
2024-10-21,4호선,명동,38987,41108,-2121,0,0,17
2024-10-21,4호선,명동,38987,41108,-2121,0,0,18
2024-10-21,4호선,명동,38987,41108,-2121,0,0,19
2024-10-21,4호선,명동,38987,41108,-2121,0,0,20
2024-10-21,4호선,명동,38987,41108,-2121,0,0,21
2024-10-21,4호선,명동,38987,41108,-2121,0,0,22
2024-10-21,4호선,명동,38987,41108,-2121,0,0,23
2024-10-22,4호선,명동,37305,39227,-1922,1,0,00
2024-10-22,4호선,명동,37305,39227,-1922,1,0,01
2024-10-22,4호선,명동,37305,39227,-1922,1,0,02
2024-10-22,4호선,명동,37305,39227,-1922,1,0,03
2024-10-22,4호선,명동,37305,39227,-1922,1,0,04
2024-10-22,4호선,명동,37305,39227,-1922,1,0,05
2024-10-22,4호선,명동,37305,39227,-1922,1,0,06
2024-10-22,4호선,명동,37305,39227,-1922,1,0,07
2024-10-22,4호선,명동,37305,39227,-1922,1,0,08
2024-10-22,4호선,명동,37305,39227,-1922,1,0,09
2024-10-22,4호선,명동,37305,39227,-1922,1,0,10
2024-10-22,4호선,명동,37305,39227,-1922,1,0,11
2024-10-22,4호선,명동,37305,39227,-1922,1,0,12
2024-10-22,4호선,명동,37305,39227,-1922,1,0,13
2024-10-22,4호선,명동,37305,39227,-1922,1,0,14
2024-10-22,4호선,명동,37305,39227,-1922,1,0,15
2024-10-22,4호선,명동,37305,39227,-1922,1,0,16
2024-10-22,4호선,명동,37305,39227,-1922,1,0,17
2024-10-22,4호선,명동,37305,39227,-1922,1,0,18
2024-10-22,4호선,명동,37305,39227,-1922,1,0,19
2024-10-22,4호선,명동,37305,39227,-1922,1,0,20
2024-10-22,4호선,명동,37305,39227,-1922,1,0,21
2024-10-22,4호선,명동,37305,39227,-1922,1,0,22
2024-10-22,4호선,명동,37305,39227,-1922,1,0,23
2024-10-23,4호선,명동,40491,42375,-1884,2,0,00
2024-10-23,4호선,명동,40491,42375,-1884,2,0,01
2024-10-23,4호선,명동,40491,42375,-1884,2,0,02
2024-10-23,4호선,명동,40491,42375,-1884,2,0,03
2024-10-23,4호선,명동,40491,42375,-1884,2,0,04
2024-10-23,4호선,명동,40491,42375,-1884,2,0,05
2024-10-23,4호선,명동,40491,42375,-1884,2,0,06
2024-10-23,4호선,명동,40491,42375,-1884,2,0,07
2024-10-23,4호선,명동,40491,42375,-1884,2,0,08
2024-10-23,4호선,명동,40491,42375,-1884,2,0,09
2024-10-23,4호선,명동,40491,42375,-1884,2,0,10
2024-10-23,4호선,명동,40491,42375,-1884,2,0,11
2024-10-23,4호선,명동,40491,42375,-1884,2,0,12
2024-10-23,4호선,명동,40491,42375,-1884,2,0,13
2024-10-23,4호선,명동,40491,42375,-1884,2,0,14
2024-10-23,4호선,명동,40491,42375,-1884,2,0,15
2024-10-23,4호선,명동,40491,42375,-1884,2,0,16
2024-10-23,4호선,명동,40491,42375,-1884,2,0,17
2024-10-23,4호선,명동,40491,42375,-1884,2,0,18
2024-10-23,4호선,명동,40491,42375,-1884,2,0,19
2024-10-23,4호선,명동,40491,42375,-1884,2,0,20
2024-10-23,4호선,명동,40491,42375,-1884,2,0,21
2024-10-23,4호선,명동,40491,42375,-1884,2,0,22
2024-10-23,4호선,명동,40491,42375,-1884,2,0,23
2024-10-24,4호선,명동,41753,44124,-2371,3,0,00
2024-10-24,4호선,명동,41753,44124,-2371,3,0,01
2024-10-24,4호선,명동,41753,44124,-2371,3,0,02
2024-10-24,4호선,명동,41753,44124,-2371,3,0,03
2024-10-24,4호선,명동,41753,44124,-2371,3,0,04
2024-10-24,4호선,명동,41753,44124,-2371,3,0,05
2024-10-24,4호선,명동,41753,44124,-2371,3,0,06
2024-10-24,4호선,명동,41753,44124,-2371,3,0,07
2024-10-24,4호선,명동,41753,44124,-2371,3,0,08
2024-10-24,4호선,명동,41753,44124,-2371,3,0,09
2024-10-24,4호선,명동,41753,44124,-2371,3,0,10
2024-10-24,4호선,명동,41753,44124,-2371,3,0,11
2024-10-24,4호선,명동,41753,44124,-2371,3,0,12
2024-10-24,4호선,명동,41753,44124,-2371,3,0,13
2024-10-24,4호선,명동,41753,44124,-2371,3,0,14
2024-10-24,4호선,명동,41753,44124,-2371,3,0,15
2024-10-24,4호선,명동,41753,44124,-2371,3,0,16
2024-10-24,4호선,명동,41753,44124,-2371,3,0,17
2024-10-24,4호선,명동,41753,44124,-2371,3,0,18
2024-10-24,4호선,명동,41753,44124,-2371,3,0,19
2024-10-24,4호선,명동,41753,44124,-2371,3,0,20
2024-10-24,4호선,명동,41753,44124,-2371,3,0,21
2024-10-24,4호선,명동,41753,44124,-2371,3,0,22
2024-10-24,4호선,명동,41753,44124,-2371,3,0,23
2024-10-25,4호선,명동,42064,45043,-2979,4,0,00
2024-10-25,4호선,명동,42064,45043,-2979,4,0,01
2024-10-25,4호선,명동,42064,45043,-2979,4,0,02
2024-10-25,4호선,명동,42064,45043,-2979,4,0,03
2024-10-25,4호선,명동,42064,45043,-2979,4,0,04
2024-10-25,4호선,명동,42064,45043,-2979,4,0,05
2024-10-25,4호선,명동,42064,45043,-2979,4,0,06
2024-10-25,4호선,명동,42064,45043,-2979,4,0,07
2024-10-25,4호선,명동,42064,45043,-2979,4,0,08
2024-10-25,4호선,명동,42064,45043,-2979,4,0,09
2024-10-25,4호선,명동,42064,45043,-2979,4,0,10
2024-10-25,4호선,명동,42064,45043,-2979,4,0,11
2024-10-25,4호선,명동,42064,45043,-2979,4,0,12
2024-10-25,4호선,명동,42064,45043,-2979,4,0,13
2024-10-25,4호선,명동,42064,45043,-2979,4,0,14
2024-10-25,4호선,명동,42064,45043,-2979,4,0,15
2024-10-25,4호선,명동,42064,45043,-2979,4,0,16
2024-10-25,4호선,명동,42064,45043,-2979,4,0,17
2024-10-25,4호선,명동,42064,45043,-2979,4,0,18
2024-10-25,4호선,명동,42064,45043,-2979,4,0,19
2024-10-25,4호선,명동,42064,45043,-2979,4,0,20
2024-10-25,4호선,명동,42064,45043,-2979,4,0,21
2024-10-25,4호선,명동,42064,45043,-2979,4,0,22
2024-10-25,4호선,명동,42064,45043,-2979,4,0,23
2024-10-26,4호선,명동,38597,42642,-4045,5,1,00
2024-10-26,4호선,명동,38597,42642,-4045,5,1,01
2024-10-26,4호선,명동,38597,42642,-4045,5,1,02
2024-10-26,4호선,명동,38597,42642,-4045,5,1,03
2024-10-26,4호선,명동,38597,42642,-4045,5,1,04
2024-10-26,4호선,명동,38597,42642,-4045,5,1,05
2024-10-26,4호선,명동,38597,42642,-4045,5,1,06
2024-10-26,4호선,명동,38597,42642,-4045,5,1,07
2024-10-26,4호선,명동,38597,42642,-4045,5,1,08
2024-10-26,4호선,명동,38597,42642,-4045,5,1,09
2024-10-26,4호선,명동,38597,42642,-4045,5,1,10
2024-10-26,4호선,명동,38597,42642,-4045,5,1,11
2024-10-26,4호선,명동,38597,42642,-4045,5,1,12
2024-10-26,4호선,명동,38597,42642,-4045,5,1,13
2024-10-26,4호선,명동,38597,42642,-4045,5,1,14
2024-10-26,4호선,명동,38597,42642,-4045,5,1,15
2024-10-26,4호선,명동,38597,42642,-4045,5,1,16
2024-10-26,4호선,명동,38597,42642,-4045,5,1,17
2024-10-26,4호선,명동,38597,42642,-4045,5,1,18
2024-10-26,4호선,명동,38597,42642,-4045,5,1,19
2024-10-26,4호선,명동,38597,42642,-4045,5,1,20
2024-10-26,4호선,명동,38597,42642,-4045,5,1,21
2024-10-26,4호선,명동,38597,42642,-4045,5,1,22
2024-10-26,4호선,명동,38597,42642,-4045,5,1,23
2024-10-27,4호선,명동,36472,36563,-91,6,1,00
2024-10-27,4호선,명동,36472,36563,-91,6,1,01
2024-10-27,4호선,명동,36472,36563,-91,6,1,02
2024-10-27,4호선,명동,36472,36563,-91,6,1,03
2024-10-27,4호선,명동,36472,36563,-91,6,1,04
2024-10-27,4호선,명동,36472,36563,-91,6,1,05
2024-10-27,4호선,명동,36472,36563,-91,6,1,06
2024-10-27,4호선,명동,36472,36563,-91,6,1,07
2024-10-27,4호선,명동,36472,36563,-91,6,1,08
2024-10-27,4호선,명동,36472,36563,-91,6,1,09
2024-10-27,4호선,명동,36472,36563,-91,6,1,10
2024-10-27,4호선,명동,36472,36563,-91,6,1,11
2024-10-27,4호선,명동,36472,36563,-91,6,1,12
2024-10-27,4호선,명동,36472,36563,-91,6,1,13
2024-10-27,4호선,명동,36472,36563,-91,6,1,14
2024-10-27,4호선,명동,36472,36563,-91,6,1,15
2024-10-27,4호선,명동,36472,36563,-91,6,1,16
2024-10-27,4호선,명동,36472,36563,-91,6,1,17
2024-10-27,4호선,명동,36472,36563,-91,6,1,18
2024-10-27,4호선,명동,36472,36563,-91,6,1,19
2024-10-27,4호선,명동,36472,36563,-91,6,1,20
2024-10-27,4호선,명동,36472,36563,-91,6,1,21
2024-10-27,4호선,명동,36472,36563,-91,6,1,22
2024-10-27,4호선,명동,36472,36563,-91,6,1,23
2024-10-28,4호선,명동,38567,40593,-2026,0,0,00
2024-10-28,4호선,명동,38567,40593,-2026,0,0,01
2024-10-28,4호선,명동,38567,40593,-2026,0,0,02
2024-10-28,4호선,명동,38567,40593,-2026,0,0,03
2024-10-28,4호선,명동,38567,40593,-2026,0,0,04
2024-10-28,4호선,명동,38567,40593,-2026,0,0,05
2024-10-28,4호선,명동,38567,40593,-2026,0,0,06
2024-10-28,4호선,명동,38567,40593,-2026,0,0,07
2024-10-28,4호선,명동,38567,40593,-2026,0,0,08
2024-10-28,4호선,명동,38567,40593,-2026,0,0,09
2024-10-28,4호선,명동,38567,40593,-2026,0,0,10
2024-10-28,4호선,명동,38567,40593,-2026,0,0,11
2024-10-28,4호선,명동,38567,40593,-2026,0,0,12
2024-10-28,4호선,명동,38567,40593,-2026,0,0,13
2024-10-28,4호선,명동,38567,40593,-2026,0,0,14
2024-10-28,4호선,명동,38567,40593,-2026,0,0,15
2024-10-28,4호선,명동,38567,40593,-2026,0,0,16
2024-10-28,4호선,명동,38567,40593,-2026,0,0,17
2024-10-28,4호선,명동,38567,40593,-2026,0,0,18
2024-10-28,4호선,명동,38567,40593,-2026,0,0,19
2024-10-28,4호선,명동,38567,40593,-2026,0,0,20
2024-10-28,4호선,명동,38567,40593,-2026,0,0,21
2024-10-28,4호선,명동,38567,40593,-2026,0,0,22
2024-10-28,4호선,명동,38567,40593,-2026,0,0,23
2024-10-29,4호선,명동,38606,40737,-2131,1,0,00
2024-10-29,4호선,명동,38606,40737,-2131,1,0,01
2024-10-29,4호선,명동,38606,40737,-2131,1,0,02
2024-10-29,4호선,명동,38606,40737,-2131,1,0,03
2024-10-29,4호선,명동,38606,40737,-2131,1,0,04
2024-10-29,4호선,명동,38606,40737,-2131,1,0,05
2024-10-29,4호선,명동,38606,40737,-2131,1,0,06
2024-10-29,4호선,명동,38606,40737,-2131,1,0,07
2024-10-29,4호선,명동,38606,40737,-2131,1,0,08
2024-10-29,4호선,명동,38606,40737,-2131,1,0,09
2024-10-29,4호선,명동,38606,40737,-2131,1,0,10
2024-10-29,4호선,명동,38606,40737,-2131,1,0,11
2024-10-29,4호선,명동,38606,40737,-2131,1,0,12
2024-10-29,4호선,명동,38606,40737,-2131,1,0,13
2024-10-29,4호선,명동,38606,40737,-2131,1,0,14
2024-10-29,4호선,명동,38606,40737,-2131,1,0,15
2024-10-29,4호선,명동,38606,40737,-2131,1,0,16
2024-10-29,4호선,명동,38606,40737,-2131,1,0,17
2024-10-29,4호선,명동,38606,40737,-2131,1,0,18
2024-10-29,4호선,명동,38606,40737,-2131,1,0,19
2024-10-29,4호선,명동,38606,40737,-2131,1,0,20
2024-10-29,4호선,명동,38606,40737,-2131,1,0,21
2024-10-29,4호선,명동,38606,40737,-2131,1,0,22
2024-10-29,4호선,명동,38606,40737,-2131,1,0,23
2024-10-30,4호선,명동,39209,41292,-2083,2,0,00
2024-10-30,4호선,명동,39209,41292,-2083,2,0,01
2024-10-30,4호선,명동,39209,41292,-2083,2,0,02
2024-10-30,4호선,명동,39209,41292,-2083,2,0,03
2024-10-30,4호선,명동,39209,41292,-2083,2,0,04
2024-10-30,4호선,명동,39209,41292,-2083,2,0,05
2024-10-30,4호선,명동,39209,41292,-2083,2,0,06
2024-10-30,4호선,명동,39209,41292,-2083,2,0,07
2024-10-30,4호선,명동,39209,41292,-2083,2,0,08
2024-10-30,4호선,명동,39209,41292,-2083,2,0,09
2024-10-30,4호선,명동,39209,41292,-2083,2,0,10
2024-10-30,4호선,명동,39209,41292,-2083,2,0,11
2024-10-30,4호선,명동,39209,41292,-2083,2,0,12
2024-10-30,4호선,명동,39209,41292,-2083,2,0,13
2024-10-30,4호선,명동,39209,41292,-2083,2,0,14
2024-10-30,4호선,명동,39209,41292,-2083,2,0,15
2024-10-30,4호선,명동,39209,41292,-2083,2,0,16
2024-10-30,4호선,명동,39209,41292,-2083,2,0,17
2024-10-30,4호선,명동,39209,41292,-2083,2,0,18
2024-10-30,4호선,명동,39209,41292,-2083,2,0,19
2024-10-30,4호선,명동,39209,41292,-2083,2,0,20
2024-10-30,4호선,명동,39209,41292,-2083,2,0,21
2024-10-30,4호선,명동,39209,41292,-2083,2,0,22
2024-10-30,4호선,명동,39209,41292,-2083,2,0,23
2024-10-31,4호선,명동,38479,40953,-2474,3,0,00
2024-10-31,4호선,명동,38479,40953,-2474,3,0,01
2024-10-31,4호선,명동,38479,40953,-2474,3,0,02
2024-10-31,4호선,명동,38479,40953,-2474,3,0,03
2024-10-31,4호선,명동,38479,40953,-2474,3,0,04
2024-10-31,4호선,명동,38479,40953,-2474,3,0,05
2024-10-31,4호선,명동,38479,40953,-2474,3,0,06
2024-10-31,4호선,명동,38479,40953,-2474,3,0,07
2024-10-31,4호선,명동,38479,40953,-2474,3,0,08
2024-10-31,4호선,명동,38479,40953,-2474,3,0,09
2024-10-31,4호선,명동,38479,40953,-2474,3,0,10
2024-10-31,4호선,명동,38479,40953,-2474,3,0,11
2024-10-31,4호선,명동,38479,40953,-2474,3,0,12
2024-10-31,4호선,명동,38479,40953,-2474,3,0,13
2024-10-31,4호선,명동,38479,40953,-2474,3,0,14
2024-10-31,4호선,명동,38479,40953,-2474,3,0,15
2024-10-31,4호선,명동,38479,40953,-2474,3,0,16
2024-10-31,4호선,명동,38479,40953,-2474,3,0,17
2024-10-31,4호선,명동,38479,40953,-2474,3,0,18
2024-10-31,4호선,명동,38479,40953,-2474,3,0,19
2024-10-31,4호선,명동,38479,40953,-2474,3,0,20
2024-10-31,4호선,명동,38479,40953,-2474,3,0,21
2024-10-31,4호선,명동,38479,40953,-2474,3,0,22
2024-10-31,4호선,명동,38479,40953,-2474,3,0,23
2024-11-01,4호선,명동,41243,44499,-3256,4,0,00
2024-11-01,4호선,명동,41243,44499,-3256,4,0,01
2024-11-01,4호선,명동,41243,44499,-3256,4,0,02
2024-11-01,4호선,명동,41243,44499,-3256,4,0,03
2024-11-01,4호선,명동,41243,44499,-3256,4,0,04
2024-11-01,4호선,명동,41243,44499,-3256,4,0,05
2024-11-01,4호선,명동,41243,44499,-3256,4,0,06
2024-11-01,4호선,명동,41243,44499,-3256,4,0,07
2024-11-01,4호선,명동,41243,44499,-3256,4,0,08
2024-11-01,4호선,명동,41243,44499,-3256,4,0,09
2024-11-01,4호선,명동,41243,44499,-3256,4,0,10
2024-11-01,4호선,명동,41243,44499,-3256,4,0,11
2024-11-01,4호선,명동,41243,44499,-3256,4,0,12
2024-11-01,4호선,명동,41243,44499,-3256,4,0,13
2024-11-01,4호선,명동,41243,44499,-3256,4,0,14
2024-11-01,4호선,명동,41243,44499,-3256,4,0,15
2024-11-01,4호선,명동,41243,44499,-3256,4,0,16
2024-11-01,4호선,명동,41243,44499,-3256,4,0,17
2024-11-01,4호선,명동,41243,44499,-3256,4,0,18
2024-11-01,4호선,명동,41243,44499,-3256,4,0,19
2024-11-01,4호선,명동,41243,44499,-3256,4,0,20
2024-11-01,4호선,명동,41243,44499,-3256,4,0,21
2024-11-01,4호선,명동,41243,44499,-3256,4,0,22
2024-11-01,4호선,명동,41243,44499,-3256,4,0,23
2024-11-02,4호선,명동,43024,47353,-4329,5,1,00
2024-11-02,4호선,명동,43024,47353,-4329,5,1,01
2024-11-02,4호선,명동,43024,47353,-4329,5,1,02
2024-11-02,4호선,명동,43024,47353,-4329,5,1,03
2024-11-02,4호선,명동,43024,47353,-4329,5,1,04
2024-11-02,4호선,명동,43024,47353,-4329,5,1,05
2024-11-02,4호선,명동,43024,47353,-4329,5,1,06
2024-11-02,4호선,명동,43024,47353,-4329,5,1,07
2024-11-02,4호선,명동,43024,47353,-4329,5,1,08
2024-11-02,4호선,명동,43024,47353,-4329,5,1,09
2024-11-02,4호선,명동,43024,47353,-4329,5,1,10
2024-11-02,4호선,명동,43024,47353,-4329,5,1,11
2024-11-02,4호선,명동,43024,47353,-4329,5,1,12
2024-11-02,4호선,명동,43024,47353,-4329,5,1,13
2024-11-02,4호선,명동,43024,47353,-4329,5,1,14
2024-11-02,4호선,명동,43024,47353,-4329,5,1,15
2024-11-02,4호선,명동,43024,47353,-4329,5,1,16
2024-11-02,4호선,명동,43024,47353,-4329,5,1,17
2024-11-02,4호선,명동,43024,47353,-4329,5,1,18
2024-11-02,4호선,명동,43024,47353,-4329,5,1,19
2024-11-02,4호선,명동,43024,47353,-4329,5,1,20
2024-11-02,4호선,명동,43024,47353,-4329,5,1,21
2024-11-02,4호선,명동,43024,47353,-4329,5,1,22
2024-11-02,4호선,명동,43024,47353,-4329,5,1,23
2024-11-03,4호선,명동,37443,41272,-3829,6,1,00
2024-11-03,4호선,명동,37443,41272,-3829,6,1,01
2024-11-03,4호선,명동,37443,41272,-3829,6,1,02
2024-11-03,4호선,명동,37443,41272,-3829,6,1,03
2024-11-03,4호선,명동,37443,41272,-3829,6,1,04
2024-11-03,4호선,명동,37443,41272,-3829,6,1,05
2024-11-03,4호선,명동,37443,41272,-3829,6,1,06
2024-11-03,4호선,명동,37443,41272,-3829,6,1,07
2024-11-03,4호선,명동,37443,41272,-3829,6,1,08
2024-11-03,4호선,명동,37443,41272,-3829,6,1,09
2024-11-03,4호선,명동,37443,41272,-3829,6,1,10
2024-11-03,4호선,명동,37443,41272,-3829,6,1,11
2024-11-03,4호선,명동,37443,41272,-3829,6,1,12
2024-11-03,4호선,명동,37443,41272,-3829,6,1,13
2024-11-03,4호선,명동,37443,41272,-3829,6,1,14
2024-11-03,4호선,명동,37443,41272,-3829,6,1,15
2024-11-03,4호선,명동,37443,41272,-3829,6,1,16
2024-11-03,4호선,명동,37443,41272,-3829,6,1,17
2024-11-03,4호선,명동,37443,41272,-3829,6,1,18
2024-11-03,4호선,명동,37443,41272,-3829,6,1,19
2024-11-03,4호선,명동,37443,41272,-3829,6,1,20
2024-11-03,4호선,명동,37443,41272,-3829,6,1,21
2024-11-03,4호선,명동,37443,41272,-3829,6,1,22
2024-11-03,4호선,명동,37443,41272,-3829,6,1,23
2024-11-04,4호선,명동,39461,41400,-1939,0,0,00
2024-11-04,4호선,명동,39461,41400,-1939,0,0,01
2024-11-04,4호선,명동,39461,41400,-1939,0,0,02
2024-11-04,4호선,명동,39461,41400,-1939,0,0,03
2024-11-04,4호선,명동,39461,41400,-1939,0,0,04
2024-11-04,4호선,명동,39461,41400,-1939,0,0,05
2024-11-04,4호선,명동,39461,41400,-1939,0,0,06
2024-11-04,4호선,명동,39461,41400,-1939,0,0,07
2024-11-04,4호선,명동,39461,41400,-1939,0,0,08
2024-11-04,4호선,명동,39461,41400,-1939,0,0,09
2024-11-04,4호선,명동,39461,41400,-1939,0,0,10
2024-11-04,4호선,명동,39461,41400,-1939,0,0,11
2024-11-04,4호선,명동,39461,41400,-1939,0,0,12
2024-11-04,4호선,명동,39461,41400,-1939,0,0,13
2024-11-04,4호선,명동,39461,41400,-1939,0,0,14
2024-11-04,4호선,명동,39461,41400,-1939,0,0,15
2024-11-04,4호선,명동,39461,41400,-1939,0,0,16
2024-11-04,4호선,명동,39461,41400,-1939,0,0,17
2024-11-04,4호선,명동,39461,41400,-1939,0,0,18
2024-11-04,4호선,명동,39461,41400,-1939,0,0,19
2024-11-04,4호선,명동,39461,41400,-1939,0,0,20
2024-11-04,4호선,명동,39461,41400,-1939,0,0,21
2024-11-04,4호선,명동,39461,41400,-1939,0,0,22
2024-11-04,4호선,명동,39461,41400,-1939,0,0,23
2024-11-05,4호선,명동,38558,40342,-1784,1,0,00
2024-11-05,4호선,명동,38558,40342,-1784,1,0,01
2024-11-05,4호선,명동,38558,40342,-1784,1,0,02
2024-11-05,4호선,명동,38558,40342,-1784,1,0,03
2024-11-05,4호선,명동,38558,40342,-1784,1,0,04
2024-11-05,4호선,명동,38558,40342,-1784,1,0,05
2024-11-05,4호선,명동,38558,40342,-1784,1,0,06
2024-11-05,4호선,명동,38558,40342,-1784,1,0,07
2024-11-05,4호선,명동,38558,40342,-1784,1,0,08
2024-11-05,4호선,명동,38558,40342,-1784,1,0,09
2024-11-05,4호선,명동,38558,40342,-1784,1,0,10
2024-11-05,4호선,명동,38558,40342,-1784,1,0,11
2024-11-05,4호선,명동,38558,40342,-1784,1,0,12
2024-11-05,4호선,명동,38558,40342,-1784,1,0,13
2024-11-05,4호선,명동,38558,40342,-1784,1,0,14
2024-11-05,4호선,명동,38558,40342,-1784,1,0,15
2024-11-05,4호선,명동,38558,40342,-1784,1,0,16
2024-11-05,4호선,명동,38558,40342,-1784,1,0,17
2024-11-05,4호선,명동,38558,40342,-1784,1,0,18
2024-11-05,4호선,명동,38558,40342,-1784,1,0,19
2024-11-05,4호선,명동,38558,40342,-1784,1,0,20
2024-11-05,4호선,명동,38558,40342,-1784,1,0,21
2024-11-05,4호선,명동,38558,40342,-1784,1,0,22
2024-11-05,4호선,명동,38558,40342,-1784,1,0,23
2024-11-06,4호선,명동,39125,40897,-1772,2,0,00
2024-11-06,4호선,명동,39125,40897,-1772,2,0,01
2024-11-06,4호선,명동,39125,40897,-1772,2,0,02
2024-11-06,4호선,명동,39125,40897,-1772,2,0,03
2024-11-06,4호선,명동,39125,40897,-1772,2,0,04
2024-11-06,4호선,명동,39125,40897,-1772,2,0,05
2024-11-06,4호선,명동,39125,40897,-1772,2,0,06
2024-11-06,4호선,명동,39125,40897,-1772,2,0,07
2024-11-06,4호선,명동,39125,40897,-1772,2,0,08
2024-11-06,4호선,명동,39125,40897,-1772,2,0,09
2024-11-06,4호선,명동,39125,40897,-1772,2,0,10
2024-11-06,4호선,명동,39125,40897,-1772,2,0,11
2024-11-06,4호선,명동,39125,40897,-1772,2,0,12
2024-11-06,4호선,명동,39125,40897,-1772,2,0,13
2024-11-06,4호선,명동,39125,40897,-1772,2,0,14
2024-11-06,4호선,명동,39125,40897,-1772,2,0,15
2024-11-06,4호선,명동,39125,40897,-1772,2,0,16
2024-11-06,4호선,명동,39125,40897,-1772,2,0,17
2024-11-06,4호선,명동,39125,40897,-1772,2,0,18
2024-11-06,4호선,명동,39125,40897,-1772,2,0,19
2024-11-06,4호선,명동,39125,40897,-1772,2,0,20
2024-11-06,4호선,명동,39125,40897,-1772,2,0,21
2024-11-06,4호선,명동,39125,40897,-1772,2,0,22
2024-11-06,4호선,명동,39125,40897,-1772,2,0,23
2024-11-07,4호선,명동,37677,39875,-2198,3,0,00
2024-11-07,4호선,명동,37677,39875,-2198,3,0,01
2024-11-07,4호선,명동,37677,39875,-2198,3,0,02
2024-11-07,4호선,명동,37677,39875,-2198,3,0,03
2024-11-07,4호선,명동,37677,39875,-2198,3,0,04
2024-11-07,4호선,명동,37677,39875,-2198,3,0,05
2024-11-07,4호선,명동,37677,39875,-2198,3,0,06
2024-11-07,4호선,명동,37677,39875,-2198,3,0,07
2024-11-07,4호선,명동,37677,39875,-2198,3,0,08
2024-11-07,4호선,명동,37677,39875,-2198,3,0,09
2024-11-07,4호선,명동,37677,39875,-2198,3,0,10
2024-11-07,4호선,명동,37677,39875,-2198,3,0,11
2024-11-07,4호선,명동,37677,39875,-2198,3,0,12
2024-11-07,4호선,명동,37677,39875,-2198,3,0,13
2024-11-07,4호선,명동,37677,39875,-2198,3,0,14
2024-11-07,4호선,명동,37677,39875,-2198,3,0,15
2024-11-07,4호선,명동,37677,39875,-2198,3,0,16
2024-11-07,4호선,명동,37677,39875,-2198,3,0,17
2024-11-07,4호선,명동,37677,39875,-2198,3,0,18
2024-11-07,4호선,명동,37677,39875,-2198,3,0,19
2024-11-07,4호선,명동,37677,39875,-2198,3,0,20
2024-11-07,4호선,명동,37677,39875,-2198,3,0,21
2024-11-07,4호선,명동,37677,39875,-2198,3,0,22
2024-11-07,4호선,명동,37677,39875,-2198,3,0,23
2024-11-08,4호선,명동,40508,43336,-2828,4,0,00
2024-11-08,4호선,명동,40508,43336,-2828,4,0,01
2024-11-08,4호선,명동,40508,43336,-2828,4,0,02
2024-11-08,4호선,명동,40508,43336,-2828,4,0,03
2024-11-08,4호선,명동,40508,43336,-2828,4,0,04
2024-11-08,4호선,명동,40508,43336,-2828,4,0,05
2024-11-08,4호선,명동,40508,43336,-2828,4,0,06
2024-11-08,4호선,명동,40508,43336,-2828,4,0,07
2024-11-08,4호선,명동,40508,43336,-2828,4,0,08
2024-11-08,4호선,명동,40508,43336,-2828,4,0,09
2024-11-08,4호선,명동,40508,43336,-2828,4,0,10
2024-11-08,4호선,명동,40508,43336,-2828,4,0,11
2024-11-08,4호선,명동,40508,43336,-2828,4,0,12
2024-11-08,4호선,명동,40508,43336,-2828,4,0,13
2024-11-08,4호선,명동,40508,43336,-2828,4,0,14
2024-11-08,4호선,명동,40508,43336,-2828,4,0,15
2024-11-08,4호선,명동,40508,43336,-2828,4,0,16
2024-11-08,4호선,명동,40508,43336,-2828,4,0,17
2024-11-08,4호선,명동,40508,43336,-2828,4,0,18
2024-11-08,4호선,명동,40508,43336,-2828,4,0,19
2024-11-08,4호선,명동,40508,43336,-2828,4,0,20
2024-11-08,4호선,명동,40508,43336,-2828,4,0,21
2024-11-08,4호선,명동,40508,43336,-2828,4,0,22
2024-11-08,4호선,명동,40508,43336,-2828,4,0,23
2024-11-09,4호선,명동,44563,47224,-2661,5,1,00
2024-11-09,4호선,명동,44563,47224,-2661,5,1,01
2024-11-09,4호선,명동,44563,47224,-2661,5,1,02
2024-11-09,4호선,명동,44563,47224,-2661,5,1,03
2024-11-09,4호선,명동,44563,47224,-2661,5,1,04
2024-11-09,4호선,명동,44563,47224,-2661,5,1,05
2024-11-09,4호선,명동,44563,47224,-2661,5,1,06
2024-11-09,4호선,명동,44563,47224,-2661,5,1,07
2024-11-09,4호선,명동,44563,47224,-2661,5,1,08
2024-11-09,4호선,명동,44563,47224,-2661,5,1,09
2024-11-09,4호선,명동,44563,47224,-2661,5,1,10
2024-11-09,4호선,명동,44563,47224,-2661,5,1,11
2024-11-09,4호선,명동,44563,47224,-2661,5,1,12
2024-11-09,4호선,명동,44563,47224,-2661,5,1,13
2024-11-09,4호선,명동,44563,47224,-2661,5,1,14
2024-11-09,4호선,명동,44563,47224,-2661,5,1,15
2024-11-09,4호선,명동,44563,47224,-2661,5,1,16
2024-11-09,4호선,명동,44563,47224,-2661,5,1,17
2024-11-09,4호선,명동,44563,47224,-2661,5,1,18
2024-11-09,4호선,명동,44563,47224,-2661,5,1,19
2024-11-09,4호선,명동,44563,47224,-2661,5,1,20
2024-11-09,4호선,명동,44563,47224,-2661,5,1,21
2024-11-09,4호선,명동,44563,47224,-2661,5,1,22
2024-11-09,4호선,명동,44563,47224,-2661,5,1,23
2024-11-10,4호선,명동,33219,35834,-2615,6,1,00
2024-11-10,4호선,명동,33219,35834,-2615,6,1,01
2024-11-10,4호선,명동,33219,35834,-2615,6,1,02
2024-11-10,4호선,명동,33219,35834,-2615,6,1,03
2024-11-10,4호선,명동,33219,35834,-2615,6,1,04
2024-11-10,4호선,명동,33219,35834,-2615,6,1,05
2024-11-10,4호선,명동,33219,35834,-2615,6,1,06
2024-11-10,4호선,명동,33219,35834,-2615,6,1,07
2024-11-10,4호선,명동,33219,35834,-2615,6,1,08
2024-11-10,4호선,명동,33219,35834,-2615,6,1,09
2024-11-10,4호선,명동,33219,35834,-2615,6,1,10
2024-11-10,4호선,명동,33219,35834,-2615,6,1,11
2024-11-10,4호선,명동,33219,35834,-2615,6,1,12
2024-11-10,4호선,명동,33219,35834,-2615,6,1,13
2024-11-10,4호선,명동,33219,35834,-2615,6,1,14
2024-11-10,4호선,명동,33219,35834,-2615,6,1,15
2024-11-10,4호선,명동,33219,35834,-2615,6,1,16
2024-11-10,4호선,명동,33219,35834,-2615,6,1,17
2024-11-10,4호선,명동,33219,35834,-2615,6,1,18
2024-11-10,4호선,명동,33219,35834,-2615,6,1,19
2024-11-10,4호선,명동,33219,35834,-2615,6,1,20
2024-11-10,4호선,명동,33219,35834,-2615,6,1,21
2024-11-10,4호선,명동,33219,35834,-2615,6,1,22
2024-11-10,4호선,명동,33219,35834,-2615,6,1,23
2024-11-11,4호선,명동,37871,39747,-1876,0,0,00
2024-11-11,4호선,명동,37871,39747,-1876,0,0,01
2024-11-11,4호선,명동,37871,39747,-1876,0,0,02
2024-11-11,4호선,명동,37871,39747,-1876,0,0,03
2024-11-11,4호선,명동,37871,39747,-1876,0,0,04
2024-11-11,4호선,명동,37871,39747,-1876,0,0,05
2024-11-11,4호선,명동,37871,39747,-1876,0,0,06
2024-11-11,4호선,명동,37871,39747,-1876,0,0,07
2024-11-11,4호선,명동,37871,39747,-1876,0,0,08
2024-11-11,4호선,명동,37871,39747,-1876,0,0,09
2024-11-11,4호선,명동,37871,39747,-1876,0,0,10
2024-11-11,4호선,명동,37871,39747,-1876,0,0,11
2024-11-11,4호선,명동,37871,39747,-1876,0,0,12
2024-11-11,4호선,명동,37871,39747,-1876,0,0,13
2024-11-11,4호선,명동,37871,39747,-1876,0,0,14
2024-11-11,4호선,명동,37871,39747,-1876,0,0,15
2024-11-11,4호선,명동,37871,39747,-1876,0,0,16
2024-11-11,4호선,명동,37871,39747,-1876,0,0,17
2024-11-11,4호선,명동,37871,39747,-1876,0,0,18
2024-11-11,4호선,명동,37871,39747,-1876,0,0,19
2024-11-11,4호선,명동,37871,39747,-1876,0,0,20
2024-11-11,4호선,명동,37871,39747,-1876,0,0,21
2024-11-11,4호선,명동,37871,39747,-1876,0,0,22
2024-11-11,4호선,명동,37871,39747,-1876,0,0,23
2024-11-12,4호선,명동,36901,39076,-2175,1,0,00
2024-11-12,4호선,명동,36901,39076,-2175,1,0,01
2024-11-12,4호선,명동,36901,39076,-2175,1,0,02
2024-11-12,4호선,명동,36901,39076,-2175,1,0,03
2024-11-12,4호선,명동,36901,39076,-2175,1,0,04
2024-11-12,4호선,명동,36901,39076,-2175,1,0,05
2024-11-12,4호선,명동,36901,39076,-2175,1,0,06
2024-11-12,4호선,명동,36901,39076,-2175,1,0,07
2024-11-12,4호선,명동,36901,39076,-2175,1,0,08
2024-11-12,4호선,명동,36901,39076,-2175,1,0,09
2024-11-12,4호선,명동,36901,39076,-2175,1,0,10
2024-11-12,4호선,명동,36901,39076,-2175,1,0,11
2024-11-12,4호선,명동,36901,39076,-2175,1,0,12
2024-11-12,4호선,명동,36901,39076,-2175,1,0,13
2024-11-12,4호선,명동,36901,39076,-2175,1,0,14
2024-11-12,4호선,명동,36901,39076,-2175,1,0,15
2024-11-12,4호선,명동,36901,39076,-2175,1,0,16
2024-11-12,4호선,명동,36901,39076,-2175,1,0,17
2024-11-12,4호선,명동,36901,39076,-2175,1,0,18
2024-11-12,4호선,명동,36901,39076,-2175,1,0,19
2024-11-12,4호선,명동,36901,39076,-2175,1,0,20
2024-11-12,4호선,명동,36901,39076,-2175,1,0,21
2024-11-12,4호선,명동,36901,39076,-2175,1,0,22
2024-11-12,4호선,명동,36901,39076,-2175,1,0,23
2024-11-13,4호선,명동,37790,39854,-2064,2,0,00
2024-11-13,4호선,명동,37790,39854,-2064,2,0,01
2024-11-13,4호선,명동,37790,39854,-2064,2,0,02
2024-11-13,4호선,명동,37790,39854,-2064,2,0,03
2024-11-13,4호선,명동,37790,39854,-2064,2,0,04
2024-11-13,4호선,명동,37790,39854,-2064,2,0,05
2024-11-13,4호선,명동,37790,39854,-2064,2,0,06
2024-11-13,4호선,명동,37790,39854,-2064,2,0,07
2024-11-13,4호선,명동,37790,39854,-2064,2,0,08
2024-11-13,4호선,명동,37790,39854,-2064,2,0,09
2024-11-13,4호선,명동,37790,39854,-2064,2,0,10
2024-11-13,4호선,명동,37790,39854,-2064,2,0,11
2024-11-13,4호선,명동,37790,39854,-2064,2,0,12
2024-11-13,4호선,명동,37790,39854,-2064,2,0,13
2024-11-13,4호선,명동,37790,39854,-2064,2,0,14
2024-11-13,4호선,명동,37790,39854,-2064,2,0,15
2024-11-13,4호선,명동,37790,39854,-2064,2,0,16
2024-11-13,4호선,명동,37790,39854,-2064,2,0,17
2024-11-13,4호선,명동,37790,39854,-2064,2,0,18
2024-11-13,4호선,명동,37790,39854,-2064,2,0,19
2024-11-13,4호선,명동,37790,39854,-2064,2,0,20
2024-11-13,4호선,명동,37790,39854,-2064,2,0,21
2024-11-13,4호선,명동,37790,39854,-2064,2,0,22
2024-11-13,4호선,명동,37790,39854,-2064,2,0,23
2024-11-14,4호선,명동,36949,40173,-3224,3,0,00
2024-11-14,4호선,명동,36949,40173,-3224,3,0,01
2024-11-14,4호선,명동,36949,40173,-3224,3,0,02
2024-11-14,4호선,명동,36949,40173,-3224,3,0,03
2024-11-14,4호선,명동,36949,40173,-3224,3,0,04
2024-11-14,4호선,명동,36949,40173,-3224,3,0,05
2024-11-14,4호선,명동,36949,40173,-3224,3,0,06
2024-11-14,4호선,명동,36949,40173,-3224,3,0,07
2024-11-14,4호선,명동,36949,40173,-3224,3,0,08
2024-11-14,4호선,명동,36949,40173,-3224,3,0,09
2024-11-14,4호선,명동,36949,40173,-3224,3,0,10
2024-11-14,4호선,명동,36949,40173,-3224,3,0,11
2024-11-14,4호선,명동,36949,40173,-3224,3,0,12
2024-11-14,4호선,명동,36949,40173,-3224,3,0,13
2024-11-14,4호선,명동,36949,40173,-3224,3,0,14
2024-11-14,4호선,명동,36949,40173,-3224,3,0,15
2024-11-14,4호선,명동,36949,40173,-3224,3,0,16
2024-11-14,4호선,명동,36949,40173,-3224,3,0,17
2024-11-14,4호선,명동,36949,40173,-3224,3,0,18
2024-11-14,4호선,명동,36949,40173,-3224,3,0,19
2024-11-14,4호선,명동,36949,40173,-3224,3,0,20
2024-11-14,4호선,명동,36949,40173,-3224,3,0,21
2024-11-14,4호선,명동,36949,40173,-3224,3,0,22
2024-11-14,4호선,명동,36949,40173,-3224,3,0,23
2024-11-15,4호선,명동,39932,43356,-3424,4,0,00
2024-11-15,4호선,명동,39932,43356,-3424,4,0,01
2024-11-15,4호선,명동,39932,43356,-3424,4,0,02
2024-11-15,4호선,명동,39932,43356,-3424,4,0,03
2024-11-15,4호선,명동,39932,43356,-3424,4,0,04
2024-11-15,4호선,명동,39932,43356,-3424,4,0,05
2024-11-15,4호선,명동,39932,43356,-3424,4,0,06
2024-11-15,4호선,명동,39932,43356,-3424,4,0,07
2024-11-15,4호선,명동,39932,43356,-3424,4,0,08
2024-11-15,4호선,명동,39932,43356,-3424,4,0,09
2024-11-15,4호선,명동,39932,43356,-3424,4,0,10
2024-11-15,4호선,명동,39932,43356,-3424,4,0,11
2024-11-15,4호선,명동,39932,43356,-3424,4,0,12
2024-11-15,4호선,명동,39932,43356,-3424,4,0,13
2024-11-15,4호선,명동,39932,43356,-3424,4,0,14
2024-11-15,4호선,명동,39932,43356,-3424,4,0,15
2024-11-15,4호선,명동,39932,43356,-3424,4,0,16
2024-11-15,4호선,명동,39932,43356,-3424,4,0,17
2024-11-15,4호선,명동,39932,43356,-3424,4,0,18
2024-11-15,4호선,명동,39932,43356,-3424,4,0,19
2024-11-15,4호선,명동,39932,43356,-3424,4,0,20
2024-11-15,4호선,명동,39932,43356,-3424,4,0,21
2024-11-15,4호선,명동,39932,43356,-3424,4,0,22
2024-11-15,4호선,명동,39932,43356,-3424,4,0,23
2024-11-16,4호선,명동,38907,43093,-4186,5,1,00
2024-11-16,4호선,명동,38907,43093,-4186,5,1,01
2024-11-16,4호선,명동,38907,43093,-4186,5,1,02
2024-11-16,4호선,명동,38907,43093,-4186,5,1,03
2024-11-16,4호선,명동,38907,43093,-4186,5,1,04
2024-11-16,4호선,명동,38907,43093,-4186,5,1,05
2024-11-16,4호선,명동,38907,43093,-4186,5,1,06
2024-11-16,4호선,명동,38907,43093,-4186,5,1,07
2024-11-16,4호선,명동,38907,43093,-4186,5,1,08
2024-11-16,4호선,명동,38907,43093,-4186,5,1,09
2024-11-16,4호선,명동,38907,43093,-4186,5,1,10
2024-11-16,4호선,명동,38907,43093,-4186,5,1,11
2024-11-16,4호선,명동,38907,43093,-4186,5,1,12
2024-11-16,4호선,명동,38907,43093,-4186,5,1,13
2024-11-16,4호선,명동,38907,43093,-4186,5,1,14
2024-11-16,4호선,명동,38907,43093,-4186,5,1,15
2024-11-16,4호선,명동,38907,43093,-4186,5,1,16
2024-11-16,4호선,명동,38907,43093,-4186,5,1,17
2024-11-16,4호선,명동,38907,43093,-4186,5,1,18
2024-11-16,4호선,명동,38907,43093,-4186,5,1,19
2024-11-16,4호선,명동,38907,43093,-4186,5,1,20
2024-11-16,4호선,명동,38907,43093,-4186,5,1,21
2024-11-16,4호선,명동,38907,43093,-4186,5,1,22
2024-11-16,4호선,명동,38907,43093,-4186,5,1,23
2024-11-17,4호선,명동,33641,36112,-2471,6,1,00
2024-11-17,4호선,명동,33641,36112,-2471,6,1,01
2024-11-17,4호선,명동,33641,36112,-2471,6,1,02
2024-11-17,4호선,명동,33641,36112,-2471,6,1,03
2024-11-17,4호선,명동,33641,36112,-2471,6,1,04
2024-11-17,4호선,명동,33641,36112,-2471,6,1,05
2024-11-17,4호선,명동,33641,36112,-2471,6,1,06
2024-11-17,4호선,명동,33641,36112,-2471,6,1,07
2024-11-17,4호선,명동,33641,36112,-2471,6,1,08
2024-11-17,4호선,명동,33641,36112,-2471,6,1,09
2024-11-17,4호선,명동,33641,36112,-2471,6,1,10
2024-11-17,4호선,명동,33641,36112,-2471,6,1,11
2024-11-17,4호선,명동,33641,36112,-2471,6,1,12
2024-11-17,4호선,명동,33641,36112,-2471,6,1,13
2024-11-17,4호선,명동,33641,36112,-2471,6,1,14
2024-11-17,4호선,명동,33641,36112,-2471,6,1,15
2024-11-17,4호선,명동,33641,36112,-2471,6,1,16
2024-11-17,4호선,명동,33641,36112,-2471,6,1,17
2024-11-17,4호선,명동,33641,36112,-2471,6,1,18
2024-11-17,4호선,명동,33641,36112,-2471,6,1,19
2024-11-17,4호선,명동,33641,36112,-2471,6,1,20
2024-11-17,4호선,명동,33641,36112,-2471,6,1,21
2024-11-17,4호선,명동,33641,36112,-2471,6,1,22
2024-11-17,4호선,명동,33641,36112,-2471,6,1,23
2024-11-18,4호선,명동,36314,38024,-1710,0,0,00
2024-11-18,4호선,명동,36314,38024,-1710,0,0,01
2024-11-18,4호선,명동,36314,38024,-1710,0,0,02
2024-11-18,4호선,명동,36314,38024,-1710,0,0,03
2024-11-18,4호선,명동,36314,38024,-1710,0,0,04
2024-11-18,4호선,명동,36314,38024,-1710,0,0,05
2024-11-18,4호선,명동,36314,38024,-1710,0,0,06
2024-11-18,4호선,명동,36314,38024,-1710,0,0,07
2024-11-18,4호선,명동,36314,38024,-1710,0,0,08
2024-11-18,4호선,명동,36314,38024,-1710,0,0,09
2024-11-18,4호선,명동,36314,38024,-1710,0,0,10
2024-11-18,4호선,명동,36314,38024,-1710,0,0,11
2024-11-18,4호선,명동,36314,38024,-1710,0,0,12
2024-11-18,4호선,명동,36314,38024,-1710,0,0,13
2024-11-18,4호선,명동,36314,38024,-1710,0,0,14
2024-11-18,4호선,명동,36314,38024,-1710,0,0,15
2024-11-18,4호선,명동,36314,38024,-1710,0,0,16
2024-11-18,4호선,명동,36314,38024,-1710,0,0,17
2024-11-18,4호선,명동,36314,38024,-1710,0,0,18
2024-11-18,4호선,명동,36314,38024,-1710,0,0,19
2024-11-18,4호선,명동,36314,38024,-1710,0,0,20
2024-11-18,4호선,명동,36314,38024,-1710,0,0,21
2024-11-18,4호선,명동,36314,38024,-1710,0,0,22
2024-11-18,4호선,명동,36314,38024,-1710,0,0,23
2024-11-19,4호선,명동,36084,38524,-2440,1,0,00
2024-11-19,4호선,명동,36084,38524,-2440,1,0,01
2024-11-19,4호선,명동,36084,38524,-2440,1,0,02
2024-11-19,4호선,명동,36084,38524,-2440,1,0,03
2024-11-19,4호선,명동,36084,38524,-2440,1,0,04
2024-11-19,4호선,명동,36084,38524,-2440,1,0,05
2024-11-19,4호선,명동,36084,38524,-2440,1,0,06
2024-11-19,4호선,명동,36084,38524,-2440,1,0,07
2024-11-19,4호선,명동,36084,38524,-2440,1,0,08
2024-11-19,4호선,명동,36084,38524,-2440,1,0,09
2024-11-19,4호선,명동,36084,38524,-2440,1,0,10
2024-11-19,4호선,명동,36084,38524,-2440,1,0,11
2024-11-19,4호선,명동,36084,38524,-2440,1,0,12
2024-11-19,4호선,명동,36084,38524,-2440,1,0,13
2024-11-19,4호선,명동,36084,38524,-2440,1,0,14
2024-11-19,4호선,명동,36084,38524,-2440,1,0,15
2024-11-19,4호선,명동,36084,38524,-2440,1,0,16
2024-11-19,4호선,명동,36084,38524,-2440,1,0,17
2024-11-19,4호선,명동,36084,38524,-2440,1,0,18
2024-11-19,4호선,명동,36084,38524,-2440,1,0,19
2024-11-19,4호선,명동,36084,38524,-2440,1,0,20
2024-11-19,4호선,명동,36084,38524,-2440,1,0,21
2024-11-19,4호선,명동,36084,38524,-2440,1,0,22
2024-11-19,4호선,명동,36084,38524,-2440,1,0,23
2024-11-20,4호선,명동,37577,39249,-1672,2,0,00
2024-11-20,4호선,명동,37577,39249,-1672,2,0,01
2024-11-20,4호선,명동,37577,39249,-1672,2,0,02
2024-11-20,4호선,명동,37577,39249,-1672,2,0,03
2024-11-20,4호선,명동,37577,39249,-1672,2,0,04
2024-11-20,4호선,명동,37577,39249,-1672,2,0,05
2024-11-20,4호선,명동,37577,39249,-1672,2,0,06
2024-11-20,4호선,명동,37577,39249,-1672,2,0,07
2024-11-20,4호선,명동,37577,39249,-1672,2,0,08
2024-11-20,4호선,명동,37577,39249,-1672,2,0,09
2024-11-20,4호선,명동,37577,39249,-1672,2,0,10
2024-11-20,4호선,명동,37577,39249,-1672,2,0,11
2024-11-20,4호선,명동,37577,39249,-1672,2,0,12
2024-11-20,4호선,명동,37577,39249,-1672,2,0,13
2024-11-20,4호선,명동,37577,39249,-1672,2,0,14
2024-11-20,4호선,명동,37577,39249,-1672,2,0,15
2024-11-20,4호선,명동,37577,39249,-1672,2,0,16
2024-11-20,4호선,명동,37577,39249,-1672,2,0,17
2024-11-20,4호선,명동,37577,39249,-1672,2,0,18
2024-11-20,4호선,명동,37577,39249,-1672,2,0,19
2024-11-20,4호선,명동,37577,39249,-1672,2,0,20
2024-11-20,4호선,명동,37577,39249,-1672,2,0,21
2024-11-20,4호선,명동,37577,39249,-1672,2,0,22
2024-11-20,4호선,명동,37577,39249,-1672,2,0,23
2024-11-21,4호선,명동,38046,40571,-2525,3,0,00
2024-11-21,4호선,명동,38046,40571,-2525,3,0,01
2024-11-21,4호선,명동,38046,40571,-2525,3,0,02
2024-11-21,4호선,명동,38046,40571,-2525,3,0,03
2024-11-21,4호선,명동,38046,40571,-2525,3,0,04
2024-11-21,4호선,명동,38046,40571,-2525,3,0,05
2024-11-21,4호선,명동,38046,40571,-2525,3,0,06
2024-11-21,4호선,명동,38046,40571,-2525,3,0,07
2024-11-21,4호선,명동,38046,40571,-2525,3,0,08
2024-11-21,4호선,명동,38046,40571,-2525,3,0,09
2024-11-21,4호선,명동,38046,40571,-2525,3,0,10
2024-11-21,4호선,명동,38046,40571,-2525,3,0,11
2024-11-21,4호선,명동,38046,40571,-2525,3,0,12
2024-11-21,4호선,명동,38046,40571,-2525,3,0,13
2024-11-21,4호선,명동,38046,40571,-2525,3,0,14
2024-11-21,4호선,명동,38046,40571,-2525,3,0,15
2024-11-21,4호선,명동,38046,40571,-2525,3,0,16
2024-11-21,4호선,명동,38046,40571,-2525,3,0,17
2024-11-21,4호선,명동,38046,40571,-2525,3,0,18
2024-11-21,4호선,명동,38046,40571,-2525,3,0,19
2024-11-21,4호선,명동,38046,40571,-2525,3,0,20
2024-11-21,4호선,명동,38046,40571,-2525,3,0,21
2024-11-21,4호선,명동,38046,40571,-2525,3,0,22
2024-11-21,4호선,명동,38046,40571,-2525,3,0,23
2024-11-22,4호선,명동,40607,44074,-3467,4,0,00
2024-11-22,4호선,명동,40607,44074,-3467,4,0,01
2024-11-22,4호선,명동,40607,44074,-3467,4,0,02
2024-11-22,4호선,명동,40607,44074,-3467,4,0,03
2024-11-22,4호선,명동,40607,44074,-3467,4,0,04
2024-11-22,4호선,명동,40607,44074,-3467,4,0,05
2024-11-22,4호선,명동,40607,44074,-3467,4,0,06
2024-11-22,4호선,명동,40607,44074,-3467,4,0,07
2024-11-22,4호선,명동,40607,44074,-3467,4,0,08
2024-11-22,4호선,명동,40607,44074,-3467,4,0,09
2024-11-22,4호선,명동,40607,44074,-3467,4,0,10
2024-11-22,4호선,명동,40607,44074,-3467,4,0,11
2024-11-22,4호선,명동,40607,44074,-3467,4,0,12
2024-11-22,4호선,명동,40607,44074,-3467,4,0,13
2024-11-22,4호선,명동,40607,44074,-3467,4,0,14
2024-11-22,4호선,명동,40607,44074,-3467,4,0,15
2024-11-22,4호선,명동,40607,44074,-3467,4,0,16
2024-11-22,4호선,명동,40607,44074,-3467,4,0,17
2024-11-22,4호선,명동,40607,44074,-3467,4,0,18
2024-11-22,4호선,명동,40607,44074,-3467,4,0,19
2024-11-22,4호선,명동,40607,44074,-3467,4,0,20
2024-11-22,4호선,명동,40607,44074,-3467,4,0,21
2024-11-22,4호선,명동,40607,44074,-3467,4,0,22
2024-11-22,4호선,명동,40607,44074,-3467,4,0,23
2024-11-23,4호선,명동,43029,44594,-1565,5,1,00
2024-11-23,4호선,명동,43029,44594,-1565,5,1,01
2024-11-23,4호선,명동,43029,44594,-1565,5,1,02
2024-11-23,4호선,명동,43029,44594,-1565,5,1,03
2024-11-23,4호선,명동,43029,44594,-1565,5,1,04
2024-11-23,4호선,명동,43029,44594,-1565,5,1,05
2024-11-23,4호선,명동,43029,44594,-1565,5,1,06
2024-11-23,4호선,명동,43029,44594,-1565,5,1,07
2024-11-23,4호선,명동,43029,44594,-1565,5,1,08
2024-11-23,4호선,명동,43029,44594,-1565,5,1,09
2024-11-23,4호선,명동,43029,44594,-1565,5,1,10
2024-11-23,4호선,명동,43029,44594,-1565,5,1,11
2024-11-23,4호선,명동,43029,44594,-1565,5,1,12
2024-11-23,4호선,명동,43029,44594,-1565,5,1,13
2024-11-23,4호선,명동,43029,44594,-1565,5,1,14
2024-11-23,4호선,명동,43029,44594,-1565,5,1,15
2024-11-23,4호선,명동,43029,44594,-1565,5,1,16
2024-11-23,4호선,명동,43029,44594,-1565,5,1,17
2024-11-23,4호선,명동,43029,44594,-1565,5,1,18
2024-11-23,4호선,명동,43029,44594,-1565,5,1,19
2024-11-23,4호선,명동,43029,44594,-1565,5,1,20
2024-11-23,4호선,명동,43029,44594,-1565,5,1,21
2024-11-23,4호선,명동,43029,44594,-1565,5,1,22
2024-11-23,4호선,명동,43029,44594,-1565,5,1,23
2024-11-24,4호선,명동,33982,36094,-2112,6,1,00
2024-11-24,4호선,명동,33982,36094,-2112,6,1,01
2024-11-24,4호선,명동,33982,36094,-2112,6,1,02
2024-11-24,4호선,명동,33982,36094,-2112,6,1,03
2024-11-24,4호선,명동,33982,36094,-2112,6,1,04
2024-11-24,4호선,명동,33982,36094,-2112,6,1,05
2024-11-24,4호선,명동,33982,36094,-2112,6,1,06
2024-11-24,4호선,명동,33982,36094,-2112,6,1,07
2024-11-24,4호선,명동,33982,36094,-2112,6,1,08
2024-11-24,4호선,명동,33982,36094,-2112,6,1,09
2024-11-24,4호선,명동,33982,36094,-2112,6,1,10
2024-11-24,4호선,명동,33982,36094,-2112,6,1,11
2024-11-24,4호선,명동,33982,36094,-2112,6,1,12
2024-11-24,4호선,명동,33982,36094,-2112,6,1,13
2024-11-24,4호선,명동,33982,36094,-2112,6,1,14
2024-11-24,4호선,명동,33982,36094,-2112,6,1,15
2024-11-24,4호선,명동,33982,36094,-2112,6,1,16
2024-11-24,4호선,명동,33982,36094,-2112,6,1,17
2024-11-24,4호선,명동,33982,36094,-2112,6,1,18
2024-11-24,4호선,명동,33982,36094,-2112,6,1,19
2024-11-24,4호선,명동,33982,36094,-2112,6,1,20
2024-11-24,4호선,명동,33982,36094,-2112,6,1,21
2024-11-24,4호선,명동,33982,36094,-2112,6,1,22
2024-11-24,4호선,명동,33982,36094,-2112,6,1,23
2024-11-25,4호선,명동,36990,38476,-1486,0,0,00
2024-11-25,4호선,명동,36990,38476,-1486,0,0,01
2024-11-25,4호선,명동,36990,38476,-1486,0,0,02
2024-11-25,4호선,명동,36990,38476,-1486,0,0,03
2024-11-25,4호선,명동,36990,38476,-1486,0,0,04
2024-11-25,4호선,명동,36990,38476,-1486,0,0,05
2024-11-25,4호선,명동,36990,38476,-1486,0,0,06
2024-11-25,4호선,명동,36990,38476,-1486,0,0,07
2024-11-25,4호선,명동,36990,38476,-1486,0,0,08
2024-11-25,4호선,명동,36990,38476,-1486,0,0,09
2024-11-25,4호선,명동,36990,38476,-1486,0,0,10
2024-11-25,4호선,명동,36990,38476,-1486,0,0,11
2024-11-25,4호선,명동,36990,38476,-1486,0,0,12
2024-11-25,4호선,명동,36990,38476,-1486,0,0,13
2024-11-25,4호선,명동,36990,38476,-1486,0,0,14
2024-11-25,4호선,명동,36990,38476,-1486,0,0,15
2024-11-25,4호선,명동,36990,38476,-1486,0,0,16
2024-11-25,4호선,명동,36990,38476,-1486,0,0,17
2024-11-25,4호선,명동,36990,38476,-1486,0,0,18
2024-11-25,4호선,명동,36990,38476,-1486,0,0,19
2024-11-25,4호선,명동,36990,38476,-1486,0,0,20
2024-11-25,4호선,명동,36990,38476,-1486,0,0,21
2024-11-25,4호선,명동,36990,38476,-1486,0,0,22
2024-11-25,4호선,명동,36990,38476,-1486,0,0,23
2024-11-26,4호선,명동,36729,38752,-2023,1,0,00
2024-11-26,4호선,명동,36729,38752,-2023,1,0,01
2024-11-26,4호선,명동,36729,38752,-2023,1,0,02
2024-11-26,4호선,명동,36729,38752,-2023,1,0,03
2024-11-26,4호선,명동,36729,38752,-2023,1,0,04
2024-11-26,4호선,명동,36729,38752,-2023,1,0,05
2024-11-26,4호선,명동,36729,38752,-2023,1,0,06
2024-11-26,4호선,명동,36729,38752,-2023,1,0,07
2024-11-26,4호선,명동,36729,38752,-2023,1,0,08
2024-11-26,4호선,명동,36729,38752,-2023,1,0,09
2024-11-26,4호선,명동,36729,38752,-2023,1,0,10
2024-11-26,4호선,명동,36729,38752,-2023,1,0,11
2024-11-26,4호선,명동,36729,38752,-2023,1,0,12
2024-11-26,4호선,명동,36729,38752,-2023,1,0,13
2024-11-26,4호선,명동,36729,38752,-2023,1,0,14
2024-11-26,4호선,명동,36729,38752,-2023,1,0,15
2024-11-26,4호선,명동,36729,38752,-2023,1,0,16
2024-11-26,4호선,명동,36729,38752,-2023,1,0,17
2024-11-26,4호선,명동,36729,38752,-2023,1,0,18
2024-11-26,4호선,명동,36729,38752,-2023,1,0,19
2024-11-26,4호선,명동,36729,38752,-2023,1,0,20
2024-11-26,4호선,명동,36729,38752,-2023,1,0,21
2024-11-26,4호선,명동,36729,38752,-2023,1,0,22
2024-11-26,4호선,명동,36729,38752,-2023,1,0,23
2024-11-27,4호선,명동,38235,40908,-2673,2,0,00
2024-11-27,4호선,명동,38235,40908,-2673,2,0,01
2024-11-27,4호선,명동,38235,40908,-2673,2,0,02
2024-11-27,4호선,명동,38235,40908,-2673,2,0,03
2024-11-27,4호선,명동,38235,40908,-2673,2,0,04
2024-11-27,4호선,명동,38235,40908,-2673,2,0,05
2024-11-27,4호선,명동,38235,40908,-2673,2,0,06
2024-11-27,4호선,명동,38235,40908,-2673,2,0,07
2024-11-27,4호선,명동,38235,40908,-2673,2,0,08
2024-11-27,4호선,명동,38235,40908,-2673,2,0,09
2024-11-27,4호선,명동,38235,40908,-2673,2,0,10
2024-11-27,4호선,명동,38235,40908,-2673,2,0,11
2024-11-27,4호선,명동,38235,40908,-2673,2,0,12
2024-11-27,4호선,명동,38235,40908,-2673,2,0,13
2024-11-27,4호선,명동,38235,40908,-2673,2,0,14
2024-11-27,4호선,명동,38235,40908,-2673,2,0,15
2024-11-27,4호선,명동,38235,40908,-2673,2,0,16
2024-11-27,4호선,명동,38235,40908,-2673,2,0,17
2024-11-27,4호선,명동,38235,40908,-2673,2,0,18
2024-11-27,4호선,명동,38235,40908,-2673,2,0,19
2024-11-27,4호선,명동,38235,40908,-2673,2,0,20
2024-11-27,4호선,명동,38235,40908,-2673,2,0,21
2024-11-27,4호선,명동,38235,40908,-2673,2,0,22
2024-11-27,4호선,명동,38235,40908,-2673,2,0,23
2024-11-28,4호선,명동,37342,39865,-2523,3,0,00
2024-11-28,4호선,명동,37342,39865,-2523,3,0,01
2024-11-28,4호선,명동,37342,39865,-2523,3,0,02
2024-11-28,4호선,명동,37342,39865,-2523,3,0,03
2024-11-28,4호선,명동,37342,39865,-2523,3,0,04
2024-11-28,4호선,명동,37342,39865,-2523,3,0,05
2024-11-28,4호선,명동,37342,39865,-2523,3,0,06
2024-11-28,4호선,명동,37342,39865,-2523,3,0,07
2024-11-28,4호선,명동,37342,39865,-2523,3,0,08
2024-11-28,4호선,명동,37342,39865,-2523,3,0,09
2024-11-28,4호선,명동,37342,39865,-2523,3,0,10
2024-11-28,4호선,명동,37342,39865,-2523,3,0,11
2024-11-28,4호선,명동,37342,39865,-2523,3,0,12
2024-11-28,4호선,명동,37342,39865,-2523,3,0,13
2024-11-28,4호선,명동,37342,39865,-2523,3,0,14
2024-11-28,4호선,명동,37342,39865,-2523,3,0,15
2024-11-28,4호선,명동,37342,39865,-2523,3,0,16
2024-11-28,4호선,명동,37342,39865,-2523,3,0,17
2024-11-28,4호선,명동,37342,39865,-2523,3,0,18
2024-11-28,4호선,명동,37342,39865,-2523,3,0,19
2024-11-28,4호선,명동,37342,39865,-2523,3,0,20
2024-11-28,4호선,명동,37342,39865,-2523,3,0,21
2024-11-28,4호선,명동,37342,39865,-2523,3,0,22
2024-11-28,4호선,명동,37342,39865,-2523,3,0,23
2024-11-29,4호선,명동,40937,43926,-2989,4,0,00
2024-11-29,4호선,명동,40937,43926,-2989,4,0,01
2024-11-29,4호선,명동,40937,43926,-2989,4,0,02
2024-11-29,4호선,명동,40937,43926,-2989,4,0,03
2024-11-29,4호선,명동,40937,43926,-2989,4,0,04
2024-11-29,4호선,명동,40937,43926,-2989,4,0,05
2024-11-29,4호선,명동,40937,43926,-2989,4,0,06
2024-11-29,4호선,명동,40937,43926,-2989,4,0,07
2024-11-29,4호선,명동,40937,43926,-2989,4,0,08
2024-11-29,4호선,명동,40937,43926,-2989,4,0,09
2024-11-29,4호선,명동,40937,43926,-2989,4,0,10
2024-11-29,4호선,명동,40937,43926,-2989,4,0,11
2024-11-29,4호선,명동,40937,43926,-2989,4,0,12
2024-11-29,4호선,명동,40937,43926,-2989,4,0,13
2024-11-29,4호선,명동,40937,43926,-2989,4,0,14
2024-11-29,4호선,명동,40937,43926,-2989,4,0,15
2024-11-29,4호선,명동,40937,43926,-2989,4,0,16
2024-11-29,4호선,명동,40937,43926,-2989,4,0,17
2024-11-29,4호선,명동,40937,43926,-2989,4,0,18
2024-11-29,4호선,명동,40937,43926,-2989,4,0,19
2024-11-29,4호선,명동,40937,43926,-2989,4,0,20
2024-11-29,4호선,명동,40937,43926,-2989,4,0,21
2024-11-29,4호선,명동,40937,43926,-2989,4,0,22
2024-11-29,4호선,명동,40937,43926,-2989,4,0,23
2024-11-30,4호선,명동,40349,44107,-3758,5,1,00
2024-11-30,4호선,명동,40349,44107,-3758,5,1,01
2024-11-30,4호선,명동,40349,44107,-3758,5,1,02
2024-11-30,4호선,명동,40349,44107,-3758,5,1,03
2024-11-30,4호선,명동,40349,44107,-3758,5,1,04
2024-11-30,4호선,명동,40349,44107,-3758,5,1,05
2024-11-30,4호선,명동,40349,44107,-3758,5,1,06
2024-11-30,4호선,명동,40349,44107,-3758,5,1,07
2024-11-30,4호선,명동,40349,44107,-3758,5,1,08
2024-11-30,4호선,명동,40349,44107,-3758,5,1,09
2024-11-30,4호선,명동,40349,44107,-3758,5,1,10
2024-11-30,4호선,명동,40349,44107,-3758,5,1,11
2024-11-30,4호선,명동,40349,44107,-3758,5,1,12
2024-11-30,4호선,명동,40349,44107,-3758,5,1,13
2024-11-30,4호선,명동,40349,44107,-3758,5,1,14
2024-11-30,4호선,명동,40349,44107,-3758,5,1,15
2024-11-30,4호선,명동,40349,44107,-3758,5,1,16
2024-11-30,4호선,명동,40349,44107,-3758,5,1,17
2024-11-30,4호선,명동,40349,44107,-3758,5,1,18
2024-11-30,4호선,명동,40349,44107,-3758,5,1,19
2024-11-30,4호선,명동,40349,44107,-3758,5,1,20
2024-11-30,4호선,명동,40349,44107,-3758,5,1,21
2024-11-30,4호선,명동,40349,44107,-3758,5,1,22
2024-11-30,4호선,명동,40349,44107,-3758,5,1,23
