in,ratio_in,datetime,year,month,time,out,ratio_out,in_CMR,ratio_in_CMR,in_HH,ratio_in_HH,Net_in_out,is_valid_datetime
44,4e-05,2024-11-04,2024,11,0,0,0.0,72,8e-05,26,3e-05,44,True
1892,0.00164,2024-11-05,2024,11,0,1466,0.00119,3510,0.00371,1519,0.00179,426,True
4132,0.00358,2024-11-06,2024,11,0,25061,0.02036,5864,0.00619,3503,0.00412,-20929,True
9020,0.00782,2024-11-07,2024,11,0,55355,0.04498,12941,0.01367,5712,0.00672,-46335,True
18160,0.01575,2024-11-08,2024,11,0,136749,0.11112,24046,0.02539,9978,0.01174,-118589,True
33474,0.02903,2024-11-09,2024,11,0,111025,0.09022,30903,0.03264,14943,0.01758,-77551,True
38825,0.03367,2024-11-10,2024,11,0,75688,0.0615,34068,0.03598,20566,0.02419,-36863,True
45264,0.03926,2024-11-11,2024,11,0,76171,0.0619,36457,0.0385,31615,0.03718,-30907,True
46133,0.04001,2024-11-12,2024,11,0,80314,0.06526,35320,0.0373,41003,0.04823,-34181,True
52010,0.04511,2024-11-13,2024,11,0,80742,0.06561,42008,0.04436,53121,0.06248,-28732,True
64364,0.05582,2024-11-14,2024,11,0,75651,0.06147,50735,0.05358,68197,0.08021,-11287,True
84257,0.07307,2024-11-15,2024,11,0,79333,0.06447,58434,0.06171,81107,0.09539,4924,True
100951,0.08755,2024-11-16,2024,11,0,83119,0.06754,73225,0.07733,98674,0.11605,17832,True
113090,0.09808,2024-11-17,2024,11,0,89809,0.07298,114697,0.12113,123597,0.14537,23281,True
153183,0.13285,2024-11-18,2024,11,0,85616,0.06957,162993,0.17213,130994,0.15407,67567,True
95980,0.08324,2024-11-19,2024,11,0,64149,0.05213,74975,0.07918,64014,0.07529,31831,True
92654,0.08036,2024-11-20,2024,11,0,46407,0.03771,59806,0.06316,58422,0.06871,46247,True
87307,0.07572,2024-11-21,2024,11,0,32244,0.0262,56421,0.05958,24412,0.02871,55063,True
78072,0.06771,2024-11-22,2024,11,0,18581,0.0151,42341,0.04471,13427,0.01579,59491,True
31939,0.0277,2024-11-23,2024,11,0,9904,0.00805,23661,0.02499,4828,0.00568,22035,True
2282,0.00198,1900-01-01,1900,1,0,3081,0.0025,4432,0.00468,576,0.00068,-799,True
0,0.0,2024-11-01,2024,11,0,142,0.00012,3,0.0,2,0.0,-142,True
0,0.0,2024-11-02,2024,11,0,0,0.0,0,0.0,0,0.0,0,True
0,0.0,2024-11-03,2024,11,0,0,0.0,0,0.0,0,0.0,0,True
33,3e-05,2024-10-04,2024,10,0,1,0.0,45,5e-05,19,2e-05,32,True
1978,0.0017,2024-10-05,2024,10,0,1898,0.00153,3748,0.00401,1585,0.00183,80,True
4503,0.00387,2024-10-06,2024,10,0,25187,0.02027,6317,0.00675,3690,0.00425,-20684,True
9685,0.00833,2024-10-07,2024,10,0,56227,0.04525,13401,0.01432,6055,0.00698,-46542,True
20322,0.01748,2024-10-08,2024,10,0,134490,0.10823,24481,0.02617,11047,0.01273,-114168,True
35152,0.03023,2024-10-09,2024,10,0,109065,0.08777,32066,0.03427,15688,0.01807,-73913,True
40779,0.03507,2024-10-10,2024,10,0,79254,0.06378,35482,0.03792,21558,0.02483,-38475,True
46342,0.03986,2024-10-11,2024,10,0,79957,0.06435,37140,0.0397,32856,0.03785,-33615,True
49198,0.04232,2024-10-12,2024,10,0,85120,0.0685,36817,0.03935,44443,0.0512,-35922,True
55026,0.04733,2024-10-13,2024,10,0,82588,0.06646,42926,0.04588,56801,0.06543,-27562,True
68443,0.05887,2024-10-14,2024,10,0,79700,0.06414,51321,0.05485,72304,0.08329,-11257,True
87035,0.07486,2024-10-15,2024,10,0,80317,0.06464,58519,0.06255,86383,0.09951,6718,True
101659,0.08744,2024-10-16,2024,10,0,83752,0.0674,71387,0.0763,104245,0.12009,17907,True
114737,0.09869,2024-10-17,2024,10,0,86561,0.06966,110775,0.1184,124252,0.14314,28176,True
151585,0.13038,2024-10-18,2024,10,0,81923,0.06593,157637,0.16849,127666,0.14707,69662,True
94526,0.0813,2024-10-19,2024,10,0,63539,0.05113,73339,0.07839,61827,0.07122,30987,True
86548,0.07444,2024-10-20,2024,10,0,47111,0.03791,57617,0.06158,56492,0.06508,39437,True
83737,0.07202,2024-10-21,2024,10,0,33475,0.02694,53673,0.05737,22882,0.02636,50262,True
77325,0.06651,2024-10-22,2024,10,0,19620,0.01579,41073,0.0439,13053,0.01504,57705,True
32130,0.02764,2024-10-23,2024,10,0,9844,0.00792,23460,0.02507,4613,0.00531,22286,True
1912,0.00164,1900-01-01,1900,1,0,2830,0.00228,4377,0.00468,601,0.00069,-918,True
0,0.0,2024-10-01,2024,10,0,124,0.0001,9,1e-05,1,0.0,-124,True
0,0.0,2024-10-02,2024,10,0,0,0.0,0,0.0,0,0.0,0,True
0,0.0,2024-10-03,2024,10,0,0,0.0,0,0.0,0,0.0,0,True
34,3e-05,2024-09-04,2024,9,0,8,1e-05,41,5e-05,14,2e-05,26,True
1757,0.00172,2024-09-05,2024,9,0,1459,0.00133,3330,0.004,1248,0.00178,298,True
4100,0.004,2024-09-06,2024,9,0,21821,0.01982,5541,0.00665,3188,0.00455,-17721,True
8848,0.00864,2024-09-07,2024,9,0,49745,0.04518,12136,0.01456,5235,0.00746,-40897,True
18235,0.0178,2024-09-08,2024,9,0,118703,0.1078,21168,0.0254,9032,0.01288,-100468,True
31778,0.03102,2024-09-09,2024,9,0,94977,0.08625,27902,0.03347,13124,0.01871,-63199,True
37295,0.03641,2024-09-10,2024,9,0,66380,0.06028,30924,0.0371,17866,0.02547,-29085,True
43447,0.04241,2024-09-11,2024,9,0,67519,0.06132,33137,0.03976,27671,0.03945,-24072,True
45331,0.04425,2024-09-12,2024,9,0,73706,0.06694,33148,0.03977,36231,0.05166,-28375,True
48868,0.04771,2024-09-13,2024,9,0,74012,0.06721,38487,0.04617,45432,0.06478,-25144,True
60392,0.05896,2024-09-14,2024,9,0,70021,0.06359,45458,0.05454,55010,0.07844,-9629,True
75480,0.07368,2024-09-15,2024,9,0,73077,0.06637,52800,0.06335,64275,0.09165,2403,True
88103,0.08601,2024-09-16,2024,9,0,72972,0.06627,63855,0.07661,76047,0.10843,15131,True
97802,0.09548,2024-09-17,2024,9,0,77300,0.0702,97914,0.11747,97924,0.13963,20502,True
128048,0.125,2024-09-18,2024,9,0,73135,0.06642,138258,0.16587,107078,0.15268,54913,True
83852,0.08186,2024-09-19,2024,9,0,57836,0.05252,65758,0.07889,53980,0.07697,26016,True
75322,0.07353,2024-09-20,2024,9,0,44965,0.04084,52018,0.06241,51533,0.07348,30357,True
75314,0.07352,2024-09-21,2024,9,0,30924,0.02808,48469,0.05815,19872,0.02833,44390,True
69832,0.06817,2024-09-22,2024,9,0,19202,0.01744,37589,0.0451,11745,0.01675,50630,True
28726,0.02804,2024-09-23,2024,9,0,10286,0.00934,21562,0.02587,4266,0.00608,18440,True
1801,0.00176,1900-01-01,1900,1,0,2971,0.0027,4014,0.00482,560,0.0008,-1170,True
6,1e-05,2024-09-01,2024,9,0,113,0.0001,21,3e-05,3,0.0,-107,True
0,0.0,2024-09-02,2024,9,0,0,0.0,0,0.0,0,0.0,0,True
0,0.0,2024-09-03,2024,9,0,0,0.0,0,0.0,0,0.0,0,True
27,3e-05,2024-08-04,2024,8,0,9,1e-05,46,6e-05,22,3e-05,18,True
1743,0.00174,2024-08-05,2024,8,0,1424,0.00132,3286,0.00403,1299,0.00178,319,True
3943,0.00394,2024-08-06,2024,8,0,23025,0.0213,5734,0.00704,3161,0.00433,-19082,True
8263,0.00826,2024-08-07,2024,8,0,51077,0.04725,12322,0.01513,5134,0.00703,-42814,True
16638,0.01662,2024-08-08,2024,8,0,121371,0.11227,21915,0.02691,9243,0.01266,-104733,True
32178,0.03215,2024-08-09,2024,8,0,85248,0.07886,27541,0.03382,13205,0.01808,-53070,True
39767,0.03973,2024-08-10,2024,8,0,62246,0.05758,32802,0.04028,19133,0.0262,-22479,True
44617,0.04458,2024-08-11,2024,8,0,64483,0.05965,35823,0.04399,29617,0.04056,-19866,True
44202,0.04416,2024-08-12,2024,8,0,68394,0.06327,33901,0.04163,38877,0.05324,-24192,True
47153,0.04711,2024-08-13,2024,8,0,71120,0.06579,36882,0.04529,46596,0.06381,-23967,True
54835,0.05479,2024-08-14,2024,8,0,68974,0.0638,40406,0.04961,54295,0.07436,-14139,True
66163,0.06611,2024-08-15,2024,8,0,69928,0.06469,45584,0.05597,63007,0.08629,-3765,True
81379,0.08131,2024-08-16,2024,8,0,72892,0.06743,58125,0.07137,77303,0.10587,8487,True
95986,0.0959,2024-08-17,2024,8,0,76403,0.07068,96940,0.11903,104674,0.14335,19583,True
135251,0.13514,2024-08-18,2024,8,0,71694,0.06632,145692,0.1789,119709,0.16395,63557,True
81266,0.0812,2024-08-19,2024,8,0,58224,0.05386,64301,0.07896,56628,0.07755,23042,True
74135,0.07407,2024-08-20,2024,8,0,46366,0.04289,49503,0.06078,53093,0.07271,27769,True
73585,0.07352,2024-08-21,2024,8,0,33445,0.03094,46328,0.05689,19569,0.0268,40140,True
68777,0.06872,2024-08-22,2024,8,0,20851,0.01929,35312,0.04336,11379,0.01558,47926,True
29031,0.02901,2024-08-23,2024,8,0,10738,0.00993,18736,0.02301,3765,0.00516,18293,True
1906,0.0019,1900-01-01,1900,1,0,3002,0.00278,3215,0.00395,466,0.00064,-1096,True
1,0.0,2024-08-01,2024,8,0,125,0.00012,4,0.0,0,0.0,-124,True
0,0.0,2024-08-02,2024,8,0,0,0.0,0,0.0,0,0.0,0,True
0,0.0,2024-08-03,2024,8,0,0,0.0,0,0.0,0,0.0,0,True
23,2e-05,2024-07-04,2024,7,0,2,0.0,69,8e-05,23,3e-05,21,True
1529,0.00155,2024-07-05,2024,7,0,1485,0.0014,3318,0.00385,1365,0.00171,44,True
3836,0.00388,2024-07-06,2024,7,0,24450,0.02299,5654,0.00656,3489,0.00437,-20614,True
8515,0.00861,2024-07-07,2024,7,0,56072,0.05271,12691,0.01472,5199,0.00652,-47557,True
15704,0.01589,2024-07-08,2024,7,0,131844,0.12395,22169,0.02572,9442,0.01184,-116140,True
28792,0.02913,2024-07-09,2024,7,0,91510,0.08603,26827,0.03112,13008,0.01631,-62718,True
36226,0.03665,2024-07-10,2024,7,0,63360,0.05957,31251,0.03625,19208,0.02408,-27134,True
42392,0.04289,2024-07-11,2024,7,0,63414,0.05962,35746,0.04147,30719,0.03852,-21022,True
43145,0.04365,2024-07-12,2024,7,0,66392,0.06242,35021,0.04063,40486,0.05076,-23247,True
46514,0.04706,2024-07-13,2024,7,0,69525,0.06536,39333,0.04563,50713,0.06358,-23011,True
53833,0.05446,2024-07-14,2024,7,0,66111,0.06215,43129,0.05003,60421,0.07576,-12278,True
65670,0.06644,2024-07-15,2024,7,0,65566,0.06164,47895,0.05556,70625,0.08855,104,True
80032,0.08096,2024-07-16,2024,7,0,68364,0.06427,59620,0.06916,86210,0.10809,11668,True
97823,0.09896,2024-07-17,2024,7,0,69439,0.06528,105001,0.12181,116736,0.14636,28384,True
142913,0.14458,2024-07-18,2024,7,0,66632,0.06264,162946,0.18903,132363,0.16596,76281,True
79890,0.08082,2024-07-19,2024,7,0,53054,0.04988,68112,0.07901,60791,0.07622,26836,True
73067,0.07392,2024-07-20,2024,7,0,42521,0.03997,52870,0.06133,56516,0.07086,30546,True
71583,0.07242,2024-07-21,2024,7,0,31576,0.02969,49566,0.0575,22051,0.02765,40007,True
67058,0.06784,2024-07-22,2024,7,0,18822,0.01769,37603,0.04362,12886,0.01616,48236,True
27904,0.02823,2024-07-23,2024,7,0,10481,0.00985,19538,0.02267,4772,0.00598,17423,True
2035,0.00206,1900-01-01,1900,1,0,2955,0.00278,3647,0.00423,555,0.0007,-920,True
0,0.0,2024-07-01,2024,7,0,120,0.00011,8,1e-05,2,0.0,-120,True
0,0.0,2024-07-02,2024,7,0,0,0.0,0,0.0,0,0.0,0,True
0,0.0,2024-07-03,2024,7,0,0,0.0,0,0.0,0,0.0,0,True
20,2e-05,2024-06-04,2024,6,0,3,0.0,89,0.00011,26,3e-05,17,True
1499,0.0015,2024-06-05,2024,6,0,1544,0.00144,3685,0.00437,1404,0.00179,-45,True
3927,0.00392,2024-06-06,2024,6,0,23290,0.02166,5861,0.00695,3190,0.00408,-19363,True
8507,0.0085,2024-06-07,2024,6,0,52620,0.04894,12370,0.01466,5196,0.00664,-44113,True
16480,0.01647,2024-06-08,2024,6,0,118536,0.11025,20768,0.02462,9212,0.01178,-102056,True
30131,0.03011,2024-06-09,2024,6,0,91908,0.08548,26920,0.03191,13023,0.01665,-61777,True
35987,0.03596,2024-06-10,2024,6,0,66778,0.06211,31619,0.03748,19352,0.02474,-30791,True
42214,0.04218,2024-06-11,2024,6,0,67872,0.06313,34857,0.04132,31893,0.04077,-25658,True
43896,0.04386,2024-06-12,2024,6,0,73655,0.0685,34907,0.04137,42726,0.05462,-29759,True
47947,0.04791,2024-06-13,2024,6,0,71267,0.06628,40361,0.04784,54361,0.06949,-23320,True
59188,0.05914,2024-06-14,2024,6,0,68065,0.06331,45276,0.05366,64787,0.08282,-8877,True
71865,0.07181,2024-06-15,2024,6,0,68734,0.06393,50908,0.06034,74210,0.09487,3131,True
85299,0.08523,2024-06-16,2024,6,0,70287,0.06537,61855,0.07332,86500,0.11058,15012,True
97555,0.09748,2024-06-17,2024,6,0,71161,0.06618,97214,0.11523,108496,0.1387,26394,True
131016,0.13091,2024-06-18,2024,6,0,67857,0.06311,143524,0.17012,116696,0.14918,63159,True
78532,0.07847,2024-06-19,2024,6,0,52093,0.04845,64606,0.07658,56153,0.07179,26439,True
73230,0.07317,2024-06-20,2024,6,0,42859,0.03986,52188,0.06186,55242,0.07062,30371,True
72596,0.07254,2024-06-21,2024,6,0,32846,0.03055,51359,0.06087,21979,0.0281,39750,True
68342,0.06829,2024-06-22,2024,6,0,20104,0.0187,39351,0.04664,12597,0.0161,48238,True
30651,0.03063,2024-06-23,2024,6,0,10489,0.00976,22113,0.02621,4743,0.00606,20162,True
1916,0.00191,1900-01-01,1900,1,0,3082,0.00287,3846,0.00456,452,0.00058,-1166,True
6,1e-05,2024-06-01,2024,6,0,140,0.00013,3,0.0,0,0.0,-134,True
0,0.0,2024-06-02,2024,6,0,0,0.0,0,0.0,0,0.0,0,True
0,0.0,2024-06-03,2024,6,0,0,0.0,0,0.0,0,0.0,0,True
25,2e-05,2024-05-04,2024,5,0,2,0.0,90,9e-05,21,3e-05,23,True
1669,0.00159,2024-05-05,2024,5,0,1376,0.00122,3893,0.00409,1459,0.00174,293,True
4278,0.00408,2024-05-06,2024,5,0,24021,0.02134,6503,0.00684,3475,0.00415,-19743,True
9063,0.00863,2024-05-07,2024,5,0,54871,0.04875,13282,0.01396,5559,0.00663,-45808,True
17401,0.01658,2024-05-08,2024,5,0,130121,0.11561,21746,0.02286,9691,0.01156,-112720,True
31184,0.02971,2024-05-09,2024,5,0,100673,0.08945,28935,0.03041,13380,0.01597,-69489,True
36791,0.03505,2024-05-10,2024,5,0,70421,0.06257,33735,0.03546,19783,0.02361,-33630,True
43720,0.04165,2024-05-11,2024,5,0,71385,0.06342,37754,0.03968,32797,0.03914,-27665,True
45464,0.04332,2024-05-12,2024,5,0,78250,0.06952,37812,0.03974,45002,0.0537,-32786,True
50153,0.04778,2024-05-13,2024,5,0,75936,0.06747,44558,0.04683,58785,0.07015,-25783,True
61962,0.05903,2024-05-14,2024,5,0,70488,0.06263,51385,0.05401,71877,0.08577,-8526,True
78709,0.07499,2024-05-15,2024,5,0,71163,0.06323,57977,0.06094,82412,0.09834,7546,True
94386,0.08993,2024-05-16,2024,5,0,71656,0.06367,70660,0.07427,92837,0.11078,22730,True
102821,0.09796,2024-05-17,2024,5,0,73943,0.0657,108449,0.11399,115929,0.13834,28878,True
138582,0.13203,2024-05-18,2024,5,0,68640,0.06099,157183,0.16522,125497,0.14975,69942,True
81188,0.07735,2024-05-19,2024,5,0,53659,0.04768,72686,0.0764,59891,0.07147,27529,True
74953,0.07141,2024-05-20,2024,5,0,42938,0.03815,60100,0.06317,58153,0.06939,32015,True
75003,0.07146,2024-05-21,2024,5,0,32794,0.02914,58247,0.06122,23003,0.02745,42209,True
69647,0.06636,2024-05-22,2024,5,0,19603,0.01742,49343,0.05186,12992,0.0155,50044,True
30478,0.02904,2024-05-23,2024,5,0,10290,0.00914,31122,0.03271,4887,0.00583,20188,True
2121,0.00202,1900-01-01,1900,1,0,3174,0.00282,5918,0.00622,594,0.00071,-1053,True
2,0.0,2024-05-01,2024,5,0,105,9e-05,6,1e-05,2,0.0,-103,True
0,0.0,2024-05-02,2024,5,0,0,0.0,0,0.0,0,0.0,0,True
0,0.0,2024-05-03,2024,5,0,0,0.0,0,0.0,0,0.0,0,True
40,4e-05,2024-04-04,2024,4,0,0,0.0,68,7e-05,32,4e-05,40,True
1611,0.00152,2024-04-05,2024,4,0,1267,0.00111,3603,0.00376,1448,0.00173,344,True
4085,0.00386,2024-04-06,2024,4,0,23403,0.02048,6315,0.00659,3338,0.00399,-19318,True
8648,0.00817,2024-04-07,2024,4,0,56939,0.04984,13543,0.01414,5490,0.00657,-48291,True
16814,0.01589,2024-04-08,2024,4,0,134948,0.11812,22488,0.02348,9540,0.01141,-118134,True
30936,0.02923,2024-04-09,2024,4,0,101651,0.08898,28906,0.03018,13312,0.01592,-70715,True
36473,0.03446,2024-04-10,2024,4,0,73047,0.06394,33149,0.03461,19238,0.02301,-36574,True
42044,0.03973,2024-04-11,2024,4,0,72479,0.06344,36501,0.03811,30466,0.03643,-30435,True
45165,0.04268,2024-04-12,2024,4,0,79389,0.06949,36423,0.03803,42525,0.05086,-34224,True
49786,0.04704,2024-04-13,2024,4,0,75129,0.06576,44117,0.04606,56890,0.06803,-25343,True
60367,0.05704,2024-04-14,2024,4,0,67962,0.05949,52196,0.0545,69534,0.08316,-7595,True
76842,0.07261,2024-04-15,2024,4,0,71855,0.0629,58830,0.06142,80983,0.09685,4987,True
94504,0.0893,2024-04-16,2024,4,0,71785,0.06283,73758,0.07701,92419,0.11052,22719,True
104734,0.09896,2024-04-17,2024,4,0,73809,0.06461,110706,0.11558,116622,0.13947,30925,True
142648,0.13479,2024-04-18,2024,4,0,72738,0.06367,163351,0.17055,128838,0.15408,69910,True
84123,0.07949,2024-04-19,2024,4,0,57063,0.04995,76975,0.08037,63102,0.07546,27060,True
77593,0.07332,2024-04-20,2024,4,0,45174,0.03954,61872,0.0646,59363,0.07099,32419,True
77093,0.07285,2024-04-21,2024,4,0,31610,0.02767,58730,0.06132,23702,0.02835,45483,True
71703,0.06775,2024-04-22,2024,4,0,19569,0.01713,45693,0.04771,13474,0.01611,52134,True
31143,0.02943,2024-04-23,2024,4,0,9684,0.00848,25731,0.02686,5166,0.00618,21459,True
1949,0.00184,1900-01-01,1900,1,0,2799,0.00245,4847,0.00506,703,0.00084,-850,True
0,0.0,2024-04-01,2024,4,0,150,0.00013,5,1e-05,4,0.0,-150,True
0,0.0,2024-04-02,2024,4,0,0,0.0,0,0.0,0,0.0,0,True
0,0.0,2024-04-03,2024,4,0,0,0.0,0,0.0,0,0.0,0,True
37,3e-05,2024-03-04,2024,3,0,10,1e-05,89,9e-05,35,4e-05,27,True
1482,0.00133,2024-03-05,2024,3,0,1156,0.00096,3658,0.00385,1347,0.00164,326,True
4302,0.00386,2024-03-06,2024,3,0,22348,0.01857,6085,0.00641,3380,0.00412,-18046,True
9579,0.00859,2024-03-07,2024,3,0,55575,0.04619,13206,0.01391,5515,0.00672,-45996,True
19179,0.0172,2024-03-08,2024,3,0,134366,0.11167,22680,0.02388,9865,0.01202,-115187,True
33807,0.03032,2024-03-09,2024,3,0,101346,0.08423,28903,0.03044,13475,0.01642,-67539,True
42158,0.03781,2024-03-10,2024,3,0,73054,0.06071,32488,0.03421,19070,0.02324,-30896,True
47838,0.0429,2024-03-11,2024,3,0,74621,0.06202,35653,0.03755,30380,0.03702,-26783,True
47386,0.0425,2024-03-12,2024,3,0,82459,0.06853,35107,0.03697,41288,0.05031,-35073,True
51717,0.04638,2024-03-13,2024,3,0,79267,0.06588,42239,0.04448,54564,0.06649,-27550,True
64014,0.05741,2024-03-14,2024,3,0,74532,0.06194,50133,0.0528,67467,0.08221,-10518,True
80148,0.07188,2024-03-15,2024,3,0,78960,0.06562,56697,0.05971,80483,0.09807,1188,True
98271,0.08814,2024-03-16,2024,3,0,79283,0.06589,72105,0.07594,92422,0.11262,18988,True
107377,0.0963,2024-03-17,2024,3,0,83510,0.0694,107643,0.11336,112894,0.13757,23867,True
144750,0.12982,2024-03-18,2024,3,0,79955,0.06645,160679,0.16921,125614,0.15307,64795,True
90233,0.08093,2024-03-19,2024,3,0,65577,0.0545,76660,0.08073,61674,0.07515,24656,True
83081,0.07451,2024-03-20,2024,3,0,48280,0.04012,62512,0.06583,59871,0.07296,34801,True
81181,0.07281,2024-03-21,2024,3,0,34000,0.02826,60979,0.06422,22823,0.02781,47181,True
74548,0.06686,2024-03-22,2024,3,0,20297,0.01687,48876,0.05147,12983,0.01582,54251,True
31839,0.02856,2024-03-23,2024,3,0,10999,0.00914,28163,0.02966,4833,0.00589,20840,True
2072,0.00186,1900-01-01,1900,1,0,3479,0.00289,5006,0.00527,654,0.0008,-1407,True
4,0.0,2024-03-01,2024,3,0,192,0.00016,0,0.0,0,0.0,-188,True
1,0.0,2024-03-02,2024,3,0,1,0.0,0,0.0,0,0.0,0,True
0,0.0,2024-03-03,2024,3,0,0,0.0,0,0.0,0,0.0,0,True
14,2e-05,2024-02-04,2024,2,0,1,0.0,82,0.00011,50,7e-05,13,True
1164,0.00135,2024-02-05,2024,2,0,948,0.00103,2842,0.00377,1092,0.00161,216,True
2997,0.00348,2024-02-06,2024,2,0,18517,0.02009,5129,0.0068,2884,0.00426,-15520,True
6486,0.00754,2024-02-07,2024,2,0,43857,0.04759,10237,0.01358,4354,0.00644,-37371,True
12238,0.01423,2024-02-08,2024,2,0,105016,0.11396,16777,0.02225,7540,0.01115,-92778,True
23508,0.02733,2024-02-09,2024,2,0,73868,0.08016,20699,0.02745,10257,0.01516,-50360,True
30498,0.03545,2024-02-10,2024,2,0,54193,0.05881,24434,0.03241,14693,0.02172,-23695,True
35949,0.04179,2024-02-11,2024,2,0,58733,0.06374,28975,0.03843,23493,0.03473,-22784,True
36376,0.04229,2024-02-12,2024,2,0,62259,0.06756,30022,0.03982,31813,0.04703,-25883,True
40300,0.04685,2024-02-13,2024,2,0,65619,0.07121,35779,0.04745,41690,0.06163,-25319,True
48703,0.05662,2024-02-14,2024,2,0,61607,0.06685,40911,0.05426,51809,0.07658,-12904,True
61248,0.0712,2024-02-15,2024,2,0,61580,0.06683,44979,0.05965,63058,0.09321,-332,True
72054,0.08376,2024-02-16,2024,2,0,62357,0.06767,55719,0.0739,75978,0.11231,9697,True
88773,0.1032,2024-02-17,2024,2,0,62736,0.06808,85937,0.11397,95637,0.14137,26037,True
124640,0.14489,2024-02-18,2024,2,0,58930,0.06395,137855,0.18283,112330,0.16604,65710,True
74673,0.0868,2024-02-19,2024,2,0,45760,0.04966,62222,0.08252,53556,0.07917,28913,True
65511,0.07615,2024-02-20,2024,2,0,33539,0.0364,46945,0.06226,51060,0.07548,31972,True
59936,0.06967,2024-02-21,2024,2,0,24287,0.02636,45539,0.0604,19300,0.02853,35649,True
52208,0.06069,2024-02-22,2024,2,0,15810,0.01716,35861,0.04756,11210,0.01657,36398,True
21427,0.02491,2024-02-23,2024,2,0,8847,0.0096,19555,0.02593,4127,0.0061,12580,True
1521,0.00177,1900-01-01,1900,1,0,2911,0.00316,3504,0.00465,569,0.00084,-1390,True
15,2e-05,2024-02-01,2024,2,0,126,0.00014,14,2e-05,5,1e-05,-111,True
0,0.0,2024-02-02,2024,2,0,1,0.0,0,0.0,0,0.0,-1,True
0,0.0,2024-02-03,2024,2,0,0,0.0,0,0.0,0,0.0,0,True
22,3e-05,2024-01-04,2024,1,0,0,0.0,80,0.0001,46,6e-05,22,True
1299,0.00151,2024-01-05,2024,1,0,1051,0.00115,3236,0.004,1219,0.00163,248,True
3117,0.00362,2024-01-06,2024,1,0,20354,0.02224,5340,0.0066,2897,0.00386,-17237,True
5943,0.00689,2024-01-07,2024,1,0,48990,0.05353,10606,0.01311,4746,0.00633,-43047,True
10975,0.01273,2024-01-08,2024,1,0,122758,0.13413,17896,0.02212,8029,0.0107,-111783,True
20620,0.02392,2024-01-09,2024,1,0,81750,0.08933,20705,0.0256,10220,0.01362,-61130,True
27046,0.03137,2024-01-10,2024,1,0,55607,0.06076,23542,0.02911,14762,0.01968,-28561,True
32820,0.03807,2024-01-11,2024,1,0,57084,0.06237,28998,0.03585,24662,0.03288,-24264,True
34260,0.03974,2024-01-12,2024,1,0,59357,0.06486,30134,0.03725,33883,0.04517,-25097,True
40277,0.04672,2024-01-13,2024,1,0,63916,0.06984,35575,0.04398,43822,0.05842,-23639,True
47425,0.05501,2024-01-14,2024,1,0,59469,0.06498,41859,0.05175,56383,0.07517,-12044,True
59971,0.06957,2024-01-15,2024,1,0,59812,0.06536,45601,0.05638,67855,0.09046,159,True
69483,0.0806,2024-01-16,2024,1,0,58354,0.06376,56873,0.07031,84321,0.11241,11129,True
91955,0.10667,2024-01-17,2024,1,0,58673,0.06411,97667,0.12075,106516,0.142,33282,True
138263,0.16038,2024-01-18,2024,1,0,55338,0.06047,159487,0.19717,129991,0.1733,82925,True
76898,0.0892,2024-01-19,2024,1,0,40323,0.04406,69602,0.08605,61553,0.08206,36575,True
66663,0.07733,2024-01-20,2024,1,0,28181,0.03079,50864,0.06288,58242,0.07765,38482,True
62084,0.07202,2024-01-21,2024,1,0,21001,0.02295,48862,0.06041,22819,0.03042,41083,True
52068,0.0604,2024-01-22,2024,1,0,13649,0.01491,37967,0.04694,12957,0.01727,38419,True
19523,0.02265,2024-01-23,2024,1,0,7318,0.008,20223,0.025,4622,0.00616,12205,True
1369,0.00159,1900-01-01,1900,1,0,2109,0.0023,3745,0.00463,559,0.00075,-740,True
1,0.0,2024-01-01,2024,1,0,91,0.0001,2,0.0,0,0.0,-90,True
0,0.0,2024-01-02,2024,1,0,0,0.0,0,0.0,0,0.0,0,True
0,0.0,2024-01-03,2024,1,0,0,0.0,0,0.0,0,0.0,0,True
31,3e-05,2023-12-04,2023,12,0,0,0.0,113,0.00013,27,3e-05,31,True
1272,0.00115,2023-12-05,2023,12,0,1000,0.00081,3625,0.0042,1264,0.00153,272,True
3468,0.00314,2023-12-06,2023,12,0,20027,0.01627,5628,0.00652,3067,0.0037,-16559,True
6721,0.00608,2023-12-07,2023,12,0,51767,0.04205,11639,0.01348,5003,0.00604,-45046,True
12451,0.01127,2023-12-08,2023,12,0,114384,0.09291,18317,0.02122,8169,0.00986,-101933,True
25710,0.02327,2023-12-09,2023,12,0,90276,0.07333,22921,0.02655,11436,0.01381,-64566,True
34264,0.03101,2023-12-10,2023,12,0,68054,0.05528,28561,0.03308,16689,0.02015,-33790,True
42865,0.03879,2023-12-11,2023,12,0,73234,0.05949,33667,0.03899,28037,0.03385,-30369,True
44404,0.04019,2023-12-12,2023,12,0,80527,0.06541,35179,0.04075,38295,0.04623,-36123,True
49428,0.04473,2023-12-13,2023,12,0,87201,0.07083,40819,0.04728,49904,0.06025,-37773,True
58992,0.05339,2023-12-14,2023,12,0,86255,0.07006,46879,0.0543,61332,0.07404,-27263,True
73881,0.06686,2023-12-15,2023,12,0,91696,0.07448,53392,0.06184,74464,0.08989,-17815,True
86135,0.07796,2023-12-16,2023,12,0,98382,0.07991,65695,0.07609,89505,0.10805,-12247,True
108590,0.09828,2023-12-17,2023,12,0,103291,0.0839,97766,0.11324,111331,0.1344,5299,True
149044,0.13489,2023-12-18,2023,12,0,93459,0.07592,142102,0.16459,131222,0.15841,55585,True
101103,0.0915,2023-12-19,2023,12,0,64468,0.05237,69143,0.08008,71932,0.08684,36635,True
98884,0.08949,2023-12-20,2023,12,0,43828,0.0356,56274,0.06518,71429,0.08623,55056,True
96173,0.08704,2023-12-21,2023,12,0,31214,0.02535,56288,0.0652,31899,0.03851,64959,True
78762,0.07128,2023-12-22,2023,12,0,18838,0.0153,45339,0.05251,16595,0.02003,59924,True
30255,0.02738,2023-12-23,2023,12,0,9356,0.0076,25162,0.02914,5819,0.00702,20899,True
2361,0.00214,1900-01-01,1900,1,0,3248,0.00264,4778,0.00553,857,0.00103,-887,True
134,0.00012,2023-12-01,2023,12,0,555,0.00045,91,0.00011,69,8e-05,-421,True
0,0.0,2023-12-02,2023,12,0,28,2e-05,0,0.0,0,0.0,-28,True
0,0.0,2023-12-03,2023,12,0,0,0.0,0,0.0,0,0.0,0,True
28,3e-05,2023-11-04,2023,11,0,0,0.0,79,9e-05,9,1e-05,28,True
1511,0.00144,2023-11-05,2023,11,0,1076,0.00095,3471,0.00375,1319,0.00164,435,True
4122,0.00393,2023-11-06,2023,11,0,20444,0.01806,5821,0.00629,3216,0.00399,-16322,True
8567,0.00816,2023-11-07,2023,11,0,55703,0.04921,13220,0.01429,5552,0.00689,-47136,True
16664,0.01588,2023-11-08,2023,11,0,130133,0.11496,21768,0.02354,9152,0.01136,-113469,True
31282,0.0298,2023-11-09,2023,11,0,105229,0.09296,27349,0.02957,12926,0.01605,-73947,True
36938,0.03519,2023-11-10,2023,11,0,69594,0.06148,30005,0.03244,17824,0.02213,-32656,True
42963,0.04093,2023-11-11,2023,11,0,66924,0.05912,34214,0.03699,28336,0.03518,-23961,True
43940,0.04186,2023-11-12,2023,11,0,71931,0.06354,34117,0.03689,38522,0.04783,-27991,True
47423,0.04518,2023-11-13,2023,11,0,72197,0.06378,41401,0.04476,49341,0.06126,-24774,True
56997,0.0543,2023-11-14,2023,11,0,67633,0.05975,47834,0.05172,60820,0.07551,-10636,True
73453,0.06998,2023-11-15,2023,11,0,72700,0.06422,56824,0.06144,73144,0.09081,753,True
86012,0.08195,2023-11-16,2023,11,0,75706,0.06688,70085,0.07578,89070,0.11058,10306,True
108692,0.10355,2023-11-17,2023,11,0,83489,0.07375,112339,0.12146,113676,0.14113,25203,True
146080,0.13917,2023-11-18,2023,11,0,79945,0.07062,164971,0.17837,132982,0.1651,66135,True
86086,0.08202,2023-11-19,2023,11,0,57512,0.0508,74970,0.08106,64494,0.08007,28574,True
82580,0.07868,2023-11-20,2023,11,0,40795,0.03604,59734,0.06458,60685,0.07534,41785,True
80075,0.07629,2023-11-21,2023,11,0,28670,0.02533,56810,0.06142,25051,0.0311,51405,True
68613,0.06537,2023-11-22,2023,11,0,18323,0.01619,42233,0.04566,14034,0.01742,50290,True
25656,0.02444,2023-11-23,2023,11,0,10306,0.0091,22955,0.02482,4699,0.00583,15350,True
1934,0.00184,1900-01-01,1900,1,0,3517,0.00311,4696,0.00508,608,0.00075,-1583,True
0,0.0,2023-11-01,2023,11,0,194,0.00017,4,0.0,0,0.0,-194,True
0,0.0,2023-11-02,2023,11,0,0,0.0,1,0.0,0,0.0,0,True
0,0.0,2023-11-03,2023,11,0,0,0.0,0,0.0,0,0.0,0,True
23,2e-05,2023-10-04,2023,10,0,3,0.0,98,0.00011,24,3e-05,20,True
1611,0.00155,2023-10-05,2023,10,0,1130,0.00101,3532,0.00405,1271,0.0016,481,True
4558,0.0044,2023-10-06,2023,10,0,20279,0.01811,6220,0.00713,3313,0.00416,-15721,True
8876,0.00856,2023-10-07,2023,10,0,53695,0.04796,12548,0.01438,5627,0.00707,-44819,True
18162,0.01751,2023-10-08,2023,10,0,119781,0.10698,21013,0.02409,9543,0.01199,-101619,True
32543,0.03138,2023-10-09,2023,10,0,94373,0.08429,26803,0.03073,13311,0.01672,-61830,True
37627,0.03629,2023-10-10,2023,10,0,71465,0.06383,30366,0.03481,18253,0.02293,-33838,True
42292,0.04078,2023-10-11,2023,10,0,73173,0.06536,32420,0.03717,29823,0.03747,-30881,True
44565,0.04298,2023-10-12,2023,10,0,77667,0.06937,33892,0.03885,40439,0.05081,-33102,True
50494,0.04869,2023-10-13,2023,10,0,77134,0.06889,40913,0.0469,52828,0.06637,-26640,True
59238,0.05713,2023-10-14,2023,10,0,71356,0.06373,47335,0.05426,66193,0.08316,-12118,True
75096,0.07242,2023-10-15,2023,10,0,73120,0.06531,54931,0.06297,78109,0.09814,1976,True
88188,0.08504,2023-10-16,2023,10,0,75082,0.06706,67646,0.07755,90572,0.11379,13106,True
106102,0.10232,2023-10-17,2023,10,0,76499,0.06833,102375,0.11736,110054,0.13827,29603,True
138150,0.13323,2023-10-18,2023,10,0,73359,0.06552,148143,0.16983,121732,0.15294,64791,True
84890,0.08186,2023-10-19,2023,10,0,56280,0.05027,70872,0.08125,58407,0.07338,28610,True
79573,0.07674,2023-10-20,2023,10,0,40634,0.03629,55332,0.06343,56453,0.07093,38939,True
75276,0.07259,2023-10-21,2023,10,0,31342,0.02799,52060,0.05968,22339,0.02807,43934,True
63463,0.0612,2023-10-22,2023,10,0,19316,0.01725,39067,0.04479,12445,0.01564,44147,True
24633,0.02376,2023-10-23,2023,10,0,10797,0.00964,22620,0.02593,4643,0.00583,13836,True
1599,0.00154,1900-01-01,1900,1,0,3000,0.00268,4133,0.00474,543,0.00068,-1401,True
0,0.0,2023-10-01,2023,10,0,133,0.00012,0,0.0,2,0.0,-133,True
0,0.0,2023-10-02,2023,10,0,0,0.0,0,0.0,0,0.0,0,True
0,0.0,2023-10-03,2023,10,0,0,0.0,0,0.0,0,0.0,0,True
34,4e-05,2023-09-04,2023,9,0,6,1e-05,69,8e-05,17,2e-05,28,True
1633,0.00169,2023-09-05,2023,9,0,984,0.00095,3239,0.00388,1091,0.00152,649,True
4324,0.00448,2023-09-06,2023,9,0,19157,0.01845,5711,0.00684,3079,0.00429,-14833,True
8527,0.00883,2023-09-07,2023,9,0,50691,0.04883,11800,0.01414,5282,0.00736,-42164,True
16433,0.01702,2023-09-08,2023,9,0,118105,0.11376,19178,0.02298,8896,0.0124,-101672,True
31267,0.03239,2023-09-09,2023,9,0,90111,0.0868,23769,0.02848,12029,0.01677,-58844,True
36269,0.03757,2023-09-10,2023,9,0,62095,0.05981,27122,0.0325,17623,0.02456,-25826,True
42141,0.04366,2023-09-11,2023,9,0,61668,0.0594,31081,0.03724,27153,0.03784,-19527,True
43858,0.04544,2023-09-12,2023,9,0,70191,0.06761,32556,0.03901,36867,0.05138,-26333,True
47249,0.04895,2023-09-13,2023,9,0,70515,0.06792,39206,0.04698,45111,0.06287,-23266,True
55441,0.05744,2023-09-14,2023,9,0,65185,0.06279,46069,0.0552,54503,0.07596,-9744,True
70972,0.07353,2023-09-15,2023,9,0,66803,0.06435,53126,0.06365,64477,0.08986,4169,True
80495,0.08339,2023-09-16,2023,9,0,68827,0.0663,65990,0.07907,78746,0.10975,11668,True
98538,0.10208,2023-09-17,2023,9,0,70933,0.06832,98998,0.11862,100175,0.13962,27605,True
129132,0.13378,2023-09-18,2023,9,0,66697,0.06424,142317,0.17052,114925,0.16017,62435,True
76884,0.07965,2023-09-19,2023,9,0,52125,0.05021,67299,0.08064,55581,0.07746,24759,True
72619,0.07523,2023-09-20,2023,9,0,39249,0.03781,52208,0.06255,53348,0.07435,33370,True
68127,0.07058,2023-09-21,2023,9,0,29583,0.02849,50003,0.05991,21422,0.02986,38544,True
57367,0.05943,2023-09-22,2023,9,0,20181,0.01944,39141,0.0469,12051,0.0168,37186,True
22359,0.02316,2023-09-23,2023,9,0,11416,0.011,21720,0.02602,4534,0.00632,10943,True
1603,0.00166,1900-01-01,1900,1,0,3468,0.00334,4004,0.0048,590,0.00082,-1865,True
3,0.0,2023-09-01,2023,9,0,194,0.00019,2,0.0,0,0.0,-191,True
0,0.0,2023-09-02,2023,9,0,0,0.0,0,0.0,0,0.0,0,True
0,0.0,2023-09-03,2023,9,0,0,0.0,0,0.0,0,0.0,0,True
18,2e-05,2023-08-04,2023,8,0,1,0.0,87,0.00011,16,2e-05,17,True
1672,0.00183,2023-08-05,2023,8,0,982,0.00099,3327,0.00424,1104,0.00153,690,True
4417,0.00483,2023-08-06,2023,8,0,19639,0.01985,5534,0.00705,3018,0.00418,-15222,True
8128,0.00888,2023-08-07,2023,8,0,51339,0.0519,11572,0.01474,5130,0.00711,-43211,True
16206,0.01771,2023-08-08,2023,8,0,117085,0.11835,19417,0.02473,8661,0.012,-100879,True
31170,0.03406,2023-08-09,2023,8,0,80830,0.08171,23964,0.03052,12588,0.01744,-49660,True
38048,0.04158,2023-08-10,2023,8,0,57940,0.05857,27054,0.03445,18508,0.02564,-19892,True
42740,0.04671,2023-08-11,2023,8,0,58093,0.05872,30580,0.03895,29040,0.04024,-15353,True
41448,0.0453,2023-08-12,2023,8,0,61336,0.062,30671,0.03906,37353,0.05175,-19888,True
44193,0.0483,2023-08-13,2023,8,0,63546,0.06424,35376,0.04505,44331,0.06142,-19353,True
49728,0.05435,2023-08-14,2023,8,0,61550,0.06222,40064,0.05102,52527,0.07278,-11822,True
60153,0.06574,2023-08-15,2023,8,0,63199,0.06388,45361,0.05777,62579,0.0867,-3046,True
71296,0.07792,2023-08-16,2023,8,0,65409,0.06612,58173,0.07409,76205,0.10558,5887,True
89840,0.09818,2023-08-17,2023,8,0,67012,0.06774,95674,0.12185,101309,0.14037,22828,True
131120,0.14329,2023-08-18,2023,8,0,64215,0.06491,145699,0.18556,123305,0.17084,66905,True
74659,0.08159,2023-08-19,2023,8,0,50416,0.05096,64872,0.08262,55879,0.07742,24243,True
67285,0.07353,2023-08-20,2023,8,0,39296,0.03972,47611,0.06064,52238,0.07238,27989,True
64446,0.07043,2023-08-21,2023,8,0,31166,0.0315,44843,0.05711,20855,0.0289,33280,True
54876,0.05997,2023-08-22,2023,8,0,21010,0.02124,34422,0.04384,12263,0.01699,33866,True
22263,0.02433,2023-08-23,2023,8,0,11680,0.01181,17576,0.02238,4351,0.00603,10583,True
1328,0.00145,1900-01-01,1900,1,0,3416,0.00345,3324,0.00423,490,0.00068,-2088,True
2,0.0,2023-08-01,2023,8,0,113,0.00011,0,0.0,0,0.0,-111,True
0,0.0,2023-08-02,2023,8,0,0,0.0,0,0.0,0,0.0,0,True
0,0.0,2023-08-03,2023,8,0,0,0.0,0,0.0,0,0.0,0,True
23,3e-05,2023-07-04,2023,7,0,4,0.0,82,0.0001,14,2e-05,19,True
1765,0.00194,2023-07-05,2023,7,0,1099,0.00113,3408,0.00432,1154,0.00152,666,True
3978,0.00438,2023-07-06,2023,7,0,18839,0.01929,5314,0.00673,2974,0.00391,-14861,True
7640,0.00841,2023-07-07,2023,7,0,51729,0.05298,11304,0.01432,5079,0.00668,-44089,True
15509,0.01708,2023-07-08,2023,7,0,116379,0.11919,19531,0.02474,8935,0.01175,-100870,True
29824,0.03284,2023-07-09,2023,7,0,82525,0.08452,25098,0.03179,12425,0.01634,-52701,True
36886,0.04062,2023-07-10,2023,7,0,58055,0.05946,27404,0.03471,18346,0.02413,-21169,True
41904,0.04614,2023-07-11,2023,7,0,57869,0.05927,30345,0.03844,29789,0.03918,-15965,True
42492,0.04679,2023-07-12,2023,7,0,60991,0.06246,31886,0.04039,39994,0.05261,-18499,True
45492,0.05009,2023-07-13,2023,7,0,64400,0.06595,37323,0.04727,48552,0.06386,-18908,True
50275,0.05536,2023-07-14,2023,7,0,61250,0.06273,41867,0.05303,57710,0.07591,-10975,True
61421,0.06763,2023-07-15,2023,7,0,60809,0.06228,45044,0.05705,68437,0.09002,612,True
70675,0.07782,2023-07-16,2023,7,0,62519,0.06403,55255,0.06999,83829,0.11026,8156,True
90692,0.09986,2023-07-17,2023,7,0,65425,0.067,92661,0.11737,106930,0.14065,25267,True
128945,0.14198,2023-07-18,2023,7,0,62921,0.06444,146060,0.185,128545,0.16908,66024,True
71558,0.07879,2023-07-19,2023,7,0,47863,0.04902,63395,0.0803,55372,0.07283,23695,True
66804,0.07356,2023-07-20,2023,7,0,37940,0.03886,48605,0.06156,51358,0.06755,28864,True
63134,0.06952,2023-07-21,2023,7,0,29670,0.03039,46196,0.05851,22687,0.02984,33464,True
55010,0.06057,2023-07-22,2023,7,0,20307,0.0208,36619,0.04638,12826,0.01687,34703,True
22763,0.02506,2023-07-23,2023,7,0,11796,0.01208,18857,0.02388,4683,0.00616,10967,True
1385,0.00153,1900-01-01,1900,1,0,3875,0.00397,3252,0.00412,614,0.00081,-2490,True
0,0.0,2023-07-01,2023,7,0,160,0.00016,1,0.0,0,0.0,-160,True
0,0.0,2023-07-02,2023,7,0,1,0.0,0,0.0,0,0.0,-1,True
0,0.0,2023-07-03,2023,7,0,0,0.0,0,0.0,0,0.0,0,True
31,3e-05,2023-06-04,2023,6,0,1,0.0,134,0.00016,13,2e-05,30,True
1545,0.00165,2023-06-05,2023,6,0,1111,0.0011,3847,0.0046,1253,0.0016,434,True
3879,0.00413,2023-06-06,2023,6,0,19165,0.01899,5377,0.00643,3074,0.00393,-15286,True
7855,0.00837,2023-06-07,2023,6,0,54205,0.05372,11527,0.01379,5258,0.00672,-46350,True
15344,0.01635,2023-06-08,2023,6,0,123971,0.12287,18489,0.02212,8967,0.01146,-108627,True
28403,0.03027,2023-06-09,2023,6,0,88895,0.08811,25386,0.03038,12654,0.01618,-60492,True
35329,0.03765,2023-06-10,2023,6,0,62613,0.06206,26998,0.03231,18605,0.02379,-27284,True
41862,0.04462,2023-06-11,2023,6,0,61474,0.06093,30564,0.03657,30725,0.03928,-19612,True
41964,0.04473,2023-06-12,2023,6,0,67475,0.06688,32940,0.03942,41960,0.05365,-25511,True
46839,0.04992,2023-06-13,2023,6,0,66388,0.0658,39713,0.04752,52390,0.06698,-19549,True
55018,0.05864,2023-06-14,2023,6,0,61533,0.06099,46098,0.05516,63708,0.08146,-6515,True
67175,0.0716,2023-06-15,2023,6,0,62962,0.0624,50747,0.06073,73154,0.09353,4213,True
76076,0.08108,2023-06-16,2023,6,0,63121,0.06256,60504,0.0724,84829,0.10846,12955,True
94352,0.10056,2023-06-17,2023,6,0,64872,0.0643,96163,0.11507,107512,0.13746,29480,True
133931,0.14275,2023-06-18,2023,6,0,61128,0.06059,149862,0.17933,134634,0.17214,72803,True
74154,0.07903,2023-06-19,2023,6,0,47374,0.04695,66823,0.07996,53248,0.06808,26780,True
68058,0.07254,2023-06-20,2023,6,0,36245,0.03592,52765,0.06314,47799,0.06111,31813,True
65498,0.06981,2023-06-21,2023,6,0,29484,0.02922,51495,0.06162,23030,0.02945,36014,True
56305,0.06001,2023-06-22,2023,6,0,20619,0.02044,40064,0.04794,13672,0.01748,35686,True
23085,0.0246,2023-06-23,2023,6,0,12460,0.01235,21743,0.02602,4952,0.00633,10625,True
1541,0.00164,1900-01-01,1900,1,0,3696,0.00366,4419,0.00529,683,0.00087,-2155,True
3,0.0,2023-06-01,2023,6,0,170,0.00017,4,0.0,0,0.0,-167,True
1,0.0,2023-06-02,2023,6,0,0,0.0,0,0.0,1,0.0,1,True
0,0.0,2023-06-03,2023,6,0,0,0.0,0,0.0,0,0.0,0,True
34,4e-05,2023-05-04,2023,5,0,1,0.0,88,0.0001,25,3e-05,33,True
1680,0.00176,2023-05-05,2023,5,0,1078,0.00106,4166,0.00471,1360,0.00166,602,True
4168,0.00437,2023-05-06,2023,5,0,18498,0.01821,5444,0.00616,3252,0.00397,-14330,True
7889,0.00828,2023-05-07,2023,5,0,53064,0.05223,11446,0.01295,5434,0.00663,-45175,True
15884,0.01667,2023-05-08,2023,5,0,126117,0.12413,18223,0.02061,9445,0.01153,-110233,True
28153,0.02954,2023-05-09,2023,5,0,91444,0.09001,24754,0.028,12888,0.01573,-63291,True
33539,0.03519,2023-05-10,2023,5,0,64123,0.06311,27174,0.03074,19228,0.02348,-30584,True
41332,0.04336,2023-05-11,2023,5,0,63505,0.06251,31194,0.03528,31709,0.03871,-22173,True
42960,0.04507,2023-05-12,2023,5,0,70822,0.06971,34078,0.03855,43690,0.05334,-27862,True
46396,0.04868,2023-05-13,2023,5,0,68422,0.06735,40975,0.04635,56636,0.06915,-22026,True
55064,0.05777,2023-05-14,2023,5,0,62961,0.06197,48432,0.05478,69094,0.08436,-7897,True
71692,0.07522,2023-05-15,2023,5,0,64426,0.06341,54724,0.0619,78757,0.09615,7266,True
79362,0.08326,2023-05-16,2023,5,0,62907,0.06192,65293,0.07386,92931,0.11346,16455,True
100350,0.10528,2023-05-17,2023,5,0,65682,0.06465,99731,0.11281,110835,0.13532,34668,True
134639,0.14126,2023-05-18,2023,5,0,61065,0.0601,150914,0.1707,133390,0.16286,73574,True
74781,0.07846,2023-05-19,2023,5,0,46001,0.04528,71221,0.08056,56452,0.06892,28780,True
68901,0.07229,2023-05-20,2023,5,0,35725,0.03516,56985,0.06446,50736,0.06194,33176,True
66633,0.06991,2023-05-21,2023,5,0,28050,0.02761,55329,0.06258,23679,0.02891,38583,True
56357,0.05913,2023-05-22,2023,5,0,18619,0.01833,48451,0.0548,13770,0.01681,37738,True
21784,0.02286,2023-05-23,2023,5,0,10262,0.0101,29765,0.03367,5057,0.00617,11522,True
1532,0.00161,1900-01-01,1900,1,0,3113,0.00306,5680,0.00642,699,0.00085,-1581,True
0,0.0,2023-05-01,2023,5,0,91,9e-05,1,0.0,1,0.0,-91,True
0,0.0,2023-05-02,2023,5,0,0,0.0,0,0.0,0,0.0,0,True
0,0.0,2023-05-03,2023,5,0,0,0.0,0,0.0,0,0.0,0,True
18,2e-05,2023-04-04,2023,4,0,0,0.0,94,0.00011,20,3e-05,18,True
1433,0.00152,2023-04-05,2023,4,0,1134,0.00112,3711,0.00437,1364,0.00178,299,True
3965,0.00422,2023-04-06,2023,4,0,16499,0.0163,5068,0.00597,3134,0.00409,-12534,True
7917,0.00842,2023-04-07,2023,4,0,53268,0.05264,10862,0.0128,5546,0.00724,-45351,True
15553,0.01654,2023-04-08,2023,4,0,121787,0.12034,17915,0.0211,9096,0.01187,-106234,True
28163,0.02995,2023-04-09,2023,4,0,91658,0.09057,23184,0.02731,12002,0.01566,-63495,True
35740,0.038,2023-04-10,2023,4,0,64507,0.06374,25677,0.03025,18029,0.02353,-28767,True
41100,0.0437,2023-04-11,2023,4,0,63674,0.06292,29916,0.03524,28616,0.03734,-22574,True
42144,0.04481,2023-04-12,2023,4,0,71454,0.07061,32174,0.0379,39044,0.05095,-29310,True
45894,0.0488,2023-04-13,2023,4,0,67690,0.06689,39260,0.04625,49673,0.06482,-21796,True
53000,0.05636,2023-04-14,2023,4,0,61474,0.06075,46867,0.05521,60568,0.07904,-8474,True
68232,0.07255,2023-04-15,2023,4,0,63325,0.06257,53952,0.06356,71889,0.09382,4907,True
76086,0.0809,2023-04-16,2023,4,0,62244,0.06151,64456,0.07593,84552,0.11034,13842,True
100382,0.10674,2023-04-17,2023,4,0,66286,0.0655,97490,0.11485,104841,0.13682,34096,True
133239,0.14168,2023-04-18,2023,4,0,62155,0.06142,148467,0.1749,129227,0.16865,71084,True
75827,0.08063,2023-04-19,2023,4,0,48385,0.04781,71249,0.08393,56538,0.07378,27442,True
69168,0.07355,2023-04-20,2023,4,0,36965,0.03653,55562,0.06545,50022,0.06528,32203,True
65648,0.0698,2023-04-21,2023,4,0,28273,0.02794,53527,0.06306,23506,0.03068,37375,True
55169,0.05866,2023-04-22,2023,4,0,18522,0.0183,42204,0.04972,13189,0.01721,36647,True
20440,0.02173,2023-04-23,2023,4,0,9866,0.00975,22935,0.02702,4797,0.00626,10574,True
1328,0.00141,1900-01-01,1900,1,0,2734,0.0027,4297,0.00506,611,0.0008,-1406,True
4,0.0,2023-04-01,2023,4,0,86,8e-05,2,0.0,2,0.0,-82,True
0,0.0,2023-04-02,2023,4,0,0,0.0,0,0.0,0,0.0,0,True
0,0.0,2023-04-03,2023,4,0,0,0.0,0,0.0,0,0.0,0,True
43,4e-05,2023-03-04,2023,3,0,13,1e-05,72,8e-05,27,3e-05,30,True
1777,0.00182,2023-03-05,2023,3,0,1004,0.00096,3630,0.00406,1654,0.00205,773,True
4015,0.00412,2023-03-06,2023,3,0,16536,0.01586,4679,0.00523,3062,0.0038,-12521,True
7618,0.00781,2023-03-07,2023,3,0,55598,0.05332,10969,0.01226,5378,0.00668,-47980,True
16131,0.01655,2023-03-08,2023,3,0,135110,0.12958,17942,0.02006,9074,0.01127,-118979,True
29414,0.03017,2023-03-09,2023,3,0,94004,0.09016,22349,0.02498,11951,0.01484,-64590,True
36251,0.03719,2023-03-10,2023,3,0,63317,0.06073,23895,0.02671,17563,0.02181,-27066,True
42679,0.04378,2023-03-11,2023,3,0,62168,0.05962,28194,0.03152,28963,0.03596,-19489,True
42321,0.04342,2023-03-12,2023,3,0,74199,0.07116,31424,0.03513,39751,0.04936,-31878,True
44349,0.0455,2023-03-13,2023,3,0,67053,0.06431,38873,0.04346,52200,0.06481,-22704,True
54189,0.05559,2023-03-14,2023,3,0,63045,0.06046,47079,0.05263,64848,0.08052,-8856,True
70716,0.07254,2023-03-15,2023,3,0,64952,0.06229,54614,0.06105,77760,0.09655,5764,True
83403,0.08556,2023-03-16,2023,3,0,63603,0.061,68486,0.07656,91564,0.11369,19800,True
104504,0.10721,2023-03-17,2023,3,0,69448,0.06661,104497,0.11682,111643,0.13862,35056,True
142596,0.14628,2023-03-18,2023,3,0,65772,0.06308,162596,0.18177,138244,0.17165,76824,True
79613,0.08167,2023-03-19,2023,3,0,51120,0.04903,77008,0.08609,57812,0.07178,28493,True
71483,0.07333,2023-03-20,2023,3,0,36077,0.0346,60260,0.06737,50586,0.06281,35406,True
66997,0.06873,2023-03-21,2023,3,0,26764,0.02567,57804,0.06462,23688,0.02941,40233,True
54930,0.05635,2023-03-22,2023,3,0,18502,0.01774,47750,0.05338,13670,0.01697,36428,True
20322,0.02085,2023-03-23,2023,3,0,10637,0.0102,27371,0.0306,5305,0.00659,9685,True
1444,0.00148,1900-01-01,1900,1,0,3611,0.00346,5026,0.00562,627,0.00078,-2167,True
4,0.0,2023-03-01,2023,3,0,142,0.00014,6,1e-05,1,0.0,-138,True
0,0.0,2023-03-02,2023,3,0,0,0.0,0,0.0,0,0.0,0,True
0,0.0,2023-03-03,2023,3,0,0,0.0,0,0.0,0,0.0,0,True
21,3e-05,2023-02-04,2023,2,0,3,0.0,64,9e-05,11,2e-05,18,True
1213,0.0017,2023-02-05,2023,2,0,854,0.00112,2896,0.00418,1298,0.0019,359,True
2842,0.00397,2023-02-06,2023,2,0,14283,0.01871,4068,0.00587,2629,0.00385,-11441,True
5065,0.00708,2023-02-07,2023,2,0,41754,0.0547,8429,0.01216,4164,0.0061,-36689,True
9853,0.01377,2023-02-08,2023,2,0,102815,0.13469,14449,0.02084,6927,0.01014,-92962,True
18113,0.02531,2023-02-09,2023,2,0,69287,0.09076,15771,0.02275,9000,0.01318,-51174,True
23810,0.03327,2023-02-10,2023,2,0,47853,0.06269,17175,0.02477,13390,0.0196,-24043,True
28646,0.04003,2023-02-11,2023,2,0,49678,0.06508,21277,0.03069,23030,0.03371,-21032,True
30827,0.04308,2023-02-12,2023,2,0,52885,0.06928,24260,0.03499,32053,0.04692,-22058,True
34206,0.0478,2023-02-13,2023,2,0,52855,0.06924,29208,0.04213,41979,0.06145,-18649,True
39388,0.05504,2023-02-14,2023,2,0,48969,0.06415,34694,0.05004,54250,0.07942,-9581,True
50642,0.07077,2023-02-15,2023,2,0,46347,0.06071,41133,0.05933,66162,0.09685,4295,True
59194,0.08272,2023-02-16,2023,2,0,46163,0.06047,50778,0.07324,79825,0.11686,13031,True
78078,0.10911,2023-02-17,2023,2,0,47863,0.0627,81749,0.11791,97179,0.14226,30215,True
118318,0.16534,2023-02-18,2023,2,0,45682,0.05984,137462,0.19827,122443,0.17924,72636,True
63795,0.08915,2023-02-19,2023,2,0,33243,0.04355,62722,0.09047,50500,0.07393,30552,True
54007,0.07547,2023-02-20,2023,2,0,22481,0.02945,45246,0.06526,42653,0.06244,31526,True
48030,0.06712,2023-02-21,2023,2,0,17315,0.02268,45458,0.06557,19346,0.02832,30715,True
35742,0.04995,2023-02-22,2023,2,0,13094,0.01715,35112,0.05064,11582,0.01695,22648,True
12855,0.01796,2023-02-23,2023,2,0,7508,0.00984,18162,0.0262,4162,0.00609,5347,True
938,0.00131,1900-01-01,1900,1,0,2325,0.00305,3185,0.00459,527,0.00077,-1387,True
1,0.0,2023-02-01,2023,2,0,111,0.00015,2,0.0,0,0.0,-110,True
0,0.0,2023-02-02,2023,2,0,0,0.0,0,0.0,0,0.0,0,True
0,0.0,2023-02-03,2023,2,0,0,0.0,0,0.0,0,0.0,0,True
42,6e-05,2023-01-04,2023,1,0,10,1e-05,58,9e-05,12,2e-05,32,True
1105,0.00161,2023-01-05,2023,1,0,869,0.00119,2732,0.00414,1326,0.00212,236,True
2877,0.00418,2023-01-06,2023,1,0,14287,0.01953,4121,0.00625,2618,0.00418,-11410,True
5095,0.0074,2023-01-07,2023,1,0,41014,0.05607,8304,0.0126,4263,0.0068,-35919,True
8867,0.01289,2023-01-08,2023,1,0,102145,0.13964,13757,0.02087,6796,0.01084,-93278,True
15541,0.02259,2023-01-09,2023,1,0,66853,0.0914,14723,0.02234,8408,0.01342,-51312,True
21589,0.03137,2023-01-10,2023,1,0,44550,0.0609,15723,0.02385,12750,0.02034,-22961,True
27621,0.04014,2023-01-11,2023,1,0,44821,0.06127,20575,0.03122,21275,0.03395,-17200,True
29951,0.04353,2023-01-12,2023,1,0,48042,0.06568,23345,0.03542,28251,0.04508,-18091,True
32421,0.04712,2023-01-13,2023,1,0,49087,0.06711,27121,0.04115,35335,0.05638,-16666,True
37787,0.05492,2023-01-14,2023,1,0,46377,0.0634,32742,0.04968,44955,0.07173,-8590,True
47365,0.06883,2023-01-15,2023,1,0,45652,0.06241,39324,0.05966,55495,0.08855,1713,True
55910,0.08125,2023-01-16,2023,1,0,46231,0.0632,48200,0.07313,69755,0.1113,9679,True
74276,0.10794,2023-01-17,2023,1,0,47456,0.06488,80147,0.1216,89070,0.14212,26820,True
115031,0.16717,2023-01-18,2023,1,0,44576,0.06094,131805,0.19997,117912,0.18814,70455,True
61601,0.08952,2023-01-19,2023,1,0,31135,0.04256,59711,0.09059,48867,0.07797,30466,True
53183,0.07729,2023-01-20,2023,1,0,21223,0.02901,42737,0.06484,43362,0.06919,31960,True
47984,0.06973,2023-01-21,2023,1,0,16741,0.02289,42102,0.06388,20122,0.03211,31243,True
36140,0.05252,2023-01-22,2023,1,0,11612,0.01587,32599,0.04946,11185,0.01785,24528,True
12707,0.01847,2023-01-23,2023,1,0,6561,0.00897,16318,0.02476,4355,0.00695,6146,True
993,0.00144,1900-01-01,1900,1,0,2098,0.00287,2947,0.00447,599,0.00096,-1105,True
13,2e-05,2023-01-01,2023,1,0,133,0.00018,19,3e-05,3,0.0,-120,True
0,0.0,2023-01-02,2023,1,0,0,0.0,0,0.0,0,0.0,0,True
0,0.0,2023-01-03,2023,1,0,0,0.0,0,0.0,0,0.0,0,True
33,4e-05,2022-12-04,2022,12,0,4,0.0,90,0.00011,26,3e-05,29,True
1042,0.00114,2022-12-05,2022,12,0,864,0.00086,3233,0.00408,1846,0.0023,178,True
3260,0.00356,2022-12-06,2022,12,0,15677,0.01568,4878,0.00615,3108,0.00388,-12417,True
5473,0.00597,2022-12-07,2022,12,0,49115,0.04912,9565,0.01206,4844,0.00604,-43642,True
9833,0.01073,2022-12-08,2022,12,0,104948,0.10496,15320,0.01932,7444,0.00928,-95115,True
19013,0.02075,2022-12-09,2022,12,0,75751,0.07576,17166,0.02164,9512,0.01186,-56738,True
26822,0.02928,2022-12-10,2022,12,0,55282,0.05529,19356,0.0244,15110,0.01885,-28460,True
34610,0.03778,2022-12-11,2022,12,0,58423,0.05843,24926,0.03143,26208,0.03269,-23813,True
37740,0.0412,2022-12-12,2022,12,0,64855,0.06486,29534,0.03724,35946,0.04483,-27115,True
41241,0.04502,2022-12-13,2022,12,0,66750,0.06675,34822,0.0439,45854,0.05719,-25509,True
48492,0.05293,2022-12-14,2022,12,0,66624,0.06663,41565,0.05241,57991,0.07233,-18132,True
59834,0.06532,2022-12-15,2022,12,0,69829,0.06983,48562,0.06123,69673,0.0869,-9995,True
70462,0.07692,2022-12-16,2022,12,0,78478,0.07848,60805,0.07667,86783,0.10824,-8016,True
90532,0.09883,2022-12-17,2022,12,0,84570,0.08458,94290,0.11888,107918,0.1346,5962,True
141014,0.15393,2022-12-18,2022,12,0,76685,0.07669,143350,0.18074,142832,0.17815,64329,True
86955,0.09492,2022-12-19,2022,12,0,50698,0.0507,69267,0.08733,67541,0.08424,36257,True
84524,0.09227,2022-12-20,2022,12,0,32718,0.03272,52464,0.06615,62545,0.07801,51806,True
78107,0.08526,2022-12-21,2022,12,0,23532,0.02353,53694,0.0677,31377,0.03914,54575,True
57218,0.06246,2022-12-22,2022,12,0,14551,0.01455,43392,0.05471,18570,0.02316,42667,True
18218,0.01989,2022-12-23,2022,12,0,7746,0.00775,22783,0.02873,5828,0.00727,10472,True
1619,0.00177,1900-01-01,1900,1,0,2478,0.00248,3998,0.00504,777,0.00097,-859,True
35,4e-05,2022-12-01,2022,12,0,342,0.00034,16,2e-05,10,1e-05,-307,True
0,0.0,2022-12-02,2022,12,0,6,1e-05,47,6e-05,0,0.0,-6,True
0,0.0,2022-12-03,2022,12,0,0,0.0,0,0.0,0,0.0,0,True
20,3e-05,2022-11-04,2022,11,0,2,0.0,111,0.00014,7,1e-05,18,True
1074,0.00136,2022-11-05,2022,11,0,888,0.00107,3296,0.00403,1795,0.0024,186,True
3141,0.00399,2022-11-06,2022,11,0,15687,0.01898,4513,0.00552,3099,0.00414,-12546,True
6028,0.00765,2022-11-07,2022,11,0,50781,0.06146,9680,0.01185,5101,0.00682,-44753,True
11321,0.01436,2022-11-08,2022,11,0,116994,0.14159,16036,0.01963,8223,0.011,-105673,True
18808,0.02386,2022-11-09,2022,11,0,85216,0.10313,17335,0.02122,10277,0.01374,-66408,True
22920,0.02908,2022-11-10,2022,11,0,53169,0.06435,18795,0.023,15255,0.0204,-30249,True
29599,0.03755,2022-11-11,2022,11,0,51404,0.06221,24967,0.03056,25772,0.03446,-21805,True
32615,0.04138,2022-11-12,2022,11,0,59099,0.07152,28663,0.03508,35285,0.04719,-26484,True
36949,0.04688,2022-11-13,2022,11,0,53635,0.06491,35277,0.04318,45959,0.06146,-16686,True
45137,0.05727,2022-11-14,2022,11,0,47786,0.05783,43702,0.05349,58109,0.07771,-2649,True
60804,0.07714,2022-11-15,2022,11,0,48965,0.05926,51982,0.06363,69473,0.09291,11839,True
70582,0.08955,2022-11-16,2022,11,0,49012,0.05932,64476,0.07892,85372,0.11417,21570,True
87665,0.11122,2022-11-17,2022,11,0,54547,0.06601,101072,0.12371,106957,0.14303,33118,True
128464,0.16299,2022-11-18,2022,11,0,49646,0.06008,154283,0.18884,132284,0.1769,78818,True
67003,0.08501,2022-11-19,2022,11,0,33375,0.04039,71541,0.08757,54698,0.07315,33628,True
61005,0.0774,2022-11-20,2022,11,0,20781,0.02515,53049,0.06493,48873,0.06536,40224,True
53831,0.0683,2022-11-21,2022,11,0,16327,0.01976,52686,0.06449,22886,0.03061,37504,True
38050,0.04827,2022-11-22,2022,11,0,10915,0.01321,40103,0.04909,13110,0.01753,27135,True
12006,0.01523,2022-11-23,2022,11,0,5993,0.00725,20695,0.02533,4522,0.00605,6013,True
1171,0.00149,1900-01-01,1900,1,0,1992,0.00241,4737,0.0058,717,0.00096,-821,True
1,0.0,2022-11-01,2022,11,0,83,0.0001,2,0.0,1,0.0,-82,True
0,0.0,2022-11-02,2022,11,0,0,0.0,0,0.0,0,0.0,0,True
0,0.0,2022-11-03,2022,11,0,0,0.0,0,0.0,0,0.0,0,True
53,7e-05,2022-10-04,2022,10,0,2,0.0,104,0.00014,20,3e-05,51,True
1974,0.00252,2022-10-05,2022,10,0,987,0.00119,3804,0.00495,1945,0.00261,987,True
4520,0.00578,2022-10-06,2022,10,0,15781,0.019,4974,0.00648,3224,0.00432,-11261,True
6780,0.00867,2022-10-07,2022,10,0,47964,0.05776,9486,0.01235,5103,0.00684,-41184,True
12037,0.01538,2022-10-08,2022,10,0,106667,0.12844,15186,0.01978,8474,0.01135,-94630,True
19548,0.02498,2022-10-09,2022,10,0,79367,0.09557,16804,0.02188,10553,0.01414,-59819,True
23738,0.03034,2022-10-10,2022,10,0,54482,0.06561,18887,0.02459,15860,0.02125,-30744,True
30574,0.03908,2022-10-11,2022,10,0,56255,0.06774,24264,0.0316,26818,0.03593,-25681,True
34307,0.04385,2022-10-12,2022,10,0,63535,0.07651,27833,0.03624,37830,0.05068,-29228,True
40505,0.05177,2022-10-13,2022,10,0,56756,0.06834,34971,0.04554,49915,0.06688,-16251,True
47062,0.06015,2022-10-14,2022,10,0,50923,0.06132,41696,0.0543,62863,0.08422,-3861,True
60420,0.07722,2022-10-15,2022,10,0,50394,0.06068,49976,0.06508,73331,0.09825,10026,True
71874,0.09186,2022-10-16,2022,10,0,49900,0.06009,61751,0.08041,87153,0.11677,21974,True
86526,0.11059,2022-10-17,2022,10,0,52436,0.06314,92464,0.12041,104836,0.14046,34090,True
121119,0.1548,2022-10-18,2022,10,0,48986,0.05899,136838,0.17819,121811,0.1632,72133,True
65233,0.08337,2022-10-19,2022,10,0,33091,0.03985,66837,0.08704,51689,0.06925,32142,True
58357,0.07458,2022-10-20,2022,10,0,22303,0.02686,49554,0.06453,45668,0.06119,36054,True
49891,0.06376,2022-10-21,2022,10,0,18117,0.02182,49905,0.06499,21072,0.02823,31774,True
35700,0.04563,2022-10-22,2022,10,0,12826,0.01544,38701,0.0504,12598,0.01688,22874,True
11375,0.01454,2022-10-23,2022,10,0,7488,0.00902,20468,0.02665,5021,0.00673,3887,True
835,0.00107,1900-01-01,1900,1,0,2094,0.00252,3423,0.00446,591,0.00079,-1259,True
2,0.0,2022-10-01,2022,10,0,97,0.00012,3,0.0,1,0.0,-95,True
1,0.0,2022-10-02,2022,10,0,1,0.0,0,0.0,0,0.0,0,True
0,0.0,2022-10-03,2022,10,0,0,0.0,0,0.0,0,0.0,0,True
16,2e-05,2022-09-04,2022,9,0,1,0.0,82,0.00011,17,3e-05,15,True
1321,0.00201,2022-09-05,2022,9,0,906,0.00131,3274,0.00434,1543,0.00236,415,True
3359,0.00512,2022-09-06,2022,9,0,16266,0.0235,4592,0.00609,2932,0.00448,-12907,True
5488,0.00836,2022-09-07,2022,9,0,46067,0.06654,9100,0.01207,4802,0.00733,-40579,True
8814,0.01343,2022-09-08,2022,9,0,108126,0.15619,14366,0.01906,7539,0.01151,-99312,True
13911,0.02119,2022-09-09,2022,9,0,73032,0.10549,15041,0.01995,9148,0.01397,-59121,True
16884,0.02572,2022-09-10,2022,9,0,43155,0.06234,16261,0.02157,13793,0.02106,-26271,True
23359,0.03558,2022-09-11,2022,9,0,42462,0.06134,22731,0.03015,24166,0.0369,-19103,True
27457,0.04182,2022-09-12,2022,9,0,51145,0.07388,25961,0.03444,33190,0.05067,-23688,True
32235,0.0491,2022-09-13,2022,9,0,44115,0.06372,33018,0.0438,41270,0.06301,-11880,True
37756,0.05751,2022-09-14,2022,9,0,38666,0.05585,40166,0.05328,50470,0.07705,-910,True
52656,0.0802,2022-09-15,2022,9,0,40277,0.05818,49535,0.06571,60672,0.09263,12379,True
61992,0.09442,2022-09-16,2022,9,0,38548,0.05568,61216,0.08121,74070,0.11309,23444,True
76447,0.11644,2022-09-17,2022,9,0,41927,0.06056,93019,0.1234,92389,0.14105,34520,True
109212,0.16635,2022-09-18,2022,9,0,37980,0.05486,137683,0.18265,113558,0.17337,71232,True
55428,0.08443,2022-09-19,2022,9,0,24643,0.0356,64637,0.08575,46927,0.07165,30785,True
48537,0.07393,2022-09-20,2022,9,0,15312,0.02212,47317,0.06277,41521,0.06339,33225,True
41723,0.06355,2022-09-21,2022,9,0,12434,0.01796,46429,0.06159,19817,0.03026,29289,True
30139,0.04591,2022-09-22,2022,9,0,9488,0.01371,40032,0.05311,11957,0.01826,20651,True
8974,0.01367,2022-09-23,2022,9,0,5886,0.0085,24638,0.03268,4553,0.00695,3088,True
812,0.00124,1900-01-01,1900,1,0,1799,0.0026,4713,0.00625,653,0.001,-987,True
3,0.0,2022-09-01,2022,9,0,58,8e-05,6,1e-05,2,0.0,-55,True
0,0.0,2022-09-02,2022,9,0,0,0.0,0,0.0,0,0.0,0,True
0,0.0,2022-09-03,2022,9,0,0,0.0,0,0.0,0,0.0,0,True
26,4e-05,2022-08-04,2022,8,0,2,0.0,98,0.00015,6,1e-05,24,True
1284,0.00218,2022-08-05,2022,8,0,856,0.00139,2778,0.00428,1521,0.0024,428,True
3202,0.00545,2022-08-06,2022,8,0,17813,0.02887,4275,0.00658,2969,0.00469,-14611,True
5294,0.00901,2022-08-07,2022,8,0,43072,0.0698,8566,0.01319,4462,0.00705,-37778,True
8428,0.01434,2022-08-08,2022,8,0,99665,0.16152,13980,0.02153,7458,0.01178,-91237,True
12432,0.02115,2022-08-09,2022,8,0,63046,0.10217,14964,0.02305,9029,0.01426,-50614,True
16569,0.02819,2022-08-10,2022,8,0,40209,0.06516,15127,0.0233,13693,0.02163,-23640,True
22742,0.0387,2022-08-11,2022,8,0,39743,0.06441,20320,0.0313,24062,0.03801,-17001,True
26690,0.04541,2022-08-12,2022,8,0,41760,0.06768,23657,0.03643,32712,0.05168,-15070,True
29445,0.0501,2022-08-13,2022,8,0,38979,0.06317,26670,0.04108,39341,0.06215,-9534,True
33784,0.05748,2022-08-14,2022,8,0,34964,0.05666,31974,0.04924,47669,0.07531,-1180,True
40404,0.06875,2022-08-15,2022,8,0,35094,0.05687,37348,0.05752,55328,0.08741,5310,True
49925,0.08495,2022-08-16,2022,8,0,33083,0.05361,46402,0.07146,69354,0.10957,16842,True
68109,0.11589,2022-08-17,2022,8,0,33987,0.05508,81369,0.12532,90491,0.14296,34122,True
106955,0.18199,2022-08-18,2022,8,0,32587,0.05281,132622,0.20425,115175,0.18195,74368,True
52101,0.08865,2022-08-19,2022,8,0,21220,0.03439,59265,0.09128,44867,0.07088,30881,True
42617,0.07251,2022-08-20,2022,8,0,13886,0.0225,41644,0.06414,40444,0.06389,28731,True
35842,0.06099,2022-08-21,2022,8,0,11182,0.01812,39628,0.06103,18816,0.02973,24660,True
23803,0.0405,2022-08-22,2022,8,0,8821,0.0143,31011,0.04776,11339,0.01791,14982,True
7499,0.01276,2022-08-23,2022,8,0,5409,0.00877,15313,0.02358,3816,0.00603,2090,True
561,0.00095,1900-01-01,1900,1,0,1622,0.00263,2286,0.00352,442,0.0007,-1061,True
1,0.0,2022-08-01,2022,8,0,59,0.0001,1,0.0,0,0.0,-58,True
0,0.0,2022-08-02,2022,8,0,0,0.0,0,0.0,0,0.0,0,True
0,0.0,2022-08-03,2022,8,0,0,0.0,0,0.0,0,0.0,0,True
8,1e-05,2022-07-04,2022,7,0,1,0.0,74,0.00011,15,2e-05,7,True
1111,0.00189,2022-07-05,2022,7,0,950,0.00155,3100,0.00462,1544,0.00226,161,True
3059,0.0052,2022-07-06,2022,7,0,19540,0.03193,4491,0.0067,3079,0.00451,-16481,True
5201,0.00885,2022-07-07,2022,7,0,45903,0.075,8837,0.01318,4586,0.00671,-40702,True
8540,0.01453,2022-07-08,2022,7,0,94170,0.15387,14783,0.02205,7858,0.0115,-85630,True
12131,0.02064,2022-07-09,2022,7,0,61726,0.10085,14451,0.02155,9465,0.01385,-49595,True
15199,0.02585,2022-07-10,2022,7,0,40491,0.06616,15283,0.0228,15356,0.02247,-25292,True
22593,0.03843,2022-07-11,2022,7,0,40738,0.06656,20430,0.03047,26625,0.03897,-18145,True
27147,0.04618,2022-07-12,2022,7,0,39789,0.06501,24016,0.03582,36480,0.05339,-12642,True
30436,0.05177,2022-07-13,2022,7,0,38947,0.06364,28819,0.04298,44877,0.06568,-8511,True
33936,0.05773,2022-07-14,2022,7,0,35096,0.05734,33621,0.05015,52728,0.07717,-1160,True
40545,0.06897,2022-07-15,2022,7,0,34680,0.05666,39675,0.05918,61760,0.09039,5865,True
50799,0.08641,2022-07-16,2022,7,0,32279,0.05274,48168,0.07184,78660,0.11512,18520,True
69096,0.11754,2022-07-17,2022,7,0,33350,0.05449,82716,0.12337,99178,0.14515,35746,True
105656,0.17973,2022-07-18,2022,7,0,33152,0.05417,135560,0.20219,117269,0.17163,72504,True
49569,0.08432,2022-07-19,2022,7,0,21557,0.03522,60166,0.08974,45240,0.06621,28012,True
42331,0.07201,2022-07-20,2022,7,0,13667,0.02233,43958,0.06557,41386,0.06057,28664,True
37742,0.0642,2022-07-21,2022,7,0,11101,0.01814,42798,0.06384,20728,0.03034,26641,True
25763,0.04382,2022-07-22,2022,7,0,9097,0.01486,34213,0.05103,12399,0.01815,16666,True
7000,0.01191,2022-07-23,2022,7,0,5294,0.00865,15252,0.02275,4020,0.00588,1706,True
13,2e-05,1900-01-01,1900,1,0,502,0.00082,33,5e-05,7,1e-05,-489,True
0,0.0,2022-07-01,2022,7,0,0,0.0,0,0.0,0,0.0,0,True
0,0.0,2022-07-02,2022,7,0,0,0.0,0,0.0,0,0.0,0,True
0,0.0,2022-07-03,2022,7,0,0,0.0,0,0.0,0,0.0,0,True
14,2e-05,2022-06-04,2022,6,0,1,0.0,105,0.00015,16,2e-05,13,True
1069,0.00184,2022-06-05,2022,6,0,953,0.00156,3533,0.00505,1605,0.00236,116,True
2894,0.00498,2022-06-06,2022,6,0,18814,0.03084,4694,0.00671,3118,0.00458,-15920,True
4870,0.00838,2022-06-07,2022,6,0,45187,0.07407,8674,0.01239,4661,0.00684,-40317,True
7753,0.01334,2022-06-08,2022,6,0,98329,0.16117,13693,0.01956,7873,0.01155,-90576,True
10670,0.01836,2022-06-09,2022,6,0,65225,0.10691,14503,0.02072,9522,0.01397,-54555,True
13504,0.02324,2022-06-10,2022,6,0,43395,0.07113,15771,0.02253,14414,0.02115,-29891,True
20800,0.03579,2022-06-11,2022,6,0,41750,0.06843,21691,0.03098,26347,0.03866,-20950,True
25682,0.04419,2022-06-12,2022,6,0,44517,0.07297,25859,0.03694,36025,0.05286,-18835,True
29948,0.05153,2022-06-13,2022,6,0,39988,0.06555,31303,0.04471,46025,0.06753,-10040,True
35094,0.06039,2022-06-14,2022,6,0,34656,0.05681,36522,0.05217,56389,0.08274,438,True
44176,0.07601,2022-06-15,2022,6,0,34180,0.05603,41983,0.05997,64177,0.09417,9996,True
54818,0.09433,2022-06-16,2022,6,0,30518,0.05002,51176,0.0731,77531,0.11376,24300,True
67864,0.11677,2022-06-17,2022,6,0,31681,0.05193,84291,0.1204,94922,0.13928,36183,True
104041,0.17902,2022-06-18,2022,6,0,30027,0.04922,135555,0.19363,114376,0.16782,74014,True
49847,0.08577,2022-06-19,2022,6,0,18520,0.03036,63104,0.09014,44626,0.06548,31327,True
41970,0.07222,2022-06-20,2022,6,0,11076,0.01815,46002,0.06571,41796,0.06133,30894,True
36448,0.06272,2022-06-21,2022,6,0,9079,0.01488,45023,0.06431,20783,0.03049,27369,True
23470,0.04039,2022-06-22,2022,6,0,7166,0.01175,38553,0.05507,12907,0.01894,16304,True
6218,0.0107,2022-06-23,2022,6,0,4649,0.00762,18009,0.02572,4407,0.00647,1569,True
5,1e-05,1900-01-01,1900,1,0,373,0.00061,22,3e-05,5,1e-05,-368,True
0,0.0,2022-06-01,2022,6,0,0,0.0,0,0.0,0,0.0,0,True
0,0.0,2022-06-02,2022,6,0,0,0.0,0,0.0,0,0.0,0,True
0,0.0,2022-06-03,2022,6,0,0,0.0,0,0.0,0,0.0,0,True
15,2e-05,2022-05-04,2022,5,0,1,0.0,99,0.00013,34,5e-05,14,True
853,0.00138,2022-05-05,2022,5,0,968,0.00149,3457,0.00459,1754,0.00241,-115,True
2611,0.00423,2022-05-06,2022,5,0,18740,0.02887,4830,0.00641,3156,0.00434,-16129,True
4543,0.00737,2022-05-07,2022,5,0,45968,0.07081,8961,0.01189,4939,0.00679,-41425,True
7459,0.0121,2022-05-08,2022,5,0,114898,0.17699,13837,0.01836,8486,0.01167,-107439,True
9726,0.01577,2022-05-09,2022,5,0,72349,0.11145,14786,0.01962,9965,0.0137,-62623,True
12536,0.02033,2022-05-10,2022,5,0,43482,0.06698,16659,0.0221,15634,0.02149,-30946,True
21065,0.03416,2022-05-11,2022,5,0,44060,0.06787,22566,0.02994,28386,0.03903,-22995,True
27016,0.04381,2022-05-12,2022,5,0,50732,0.07815,26651,0.03536,39329,0.05407,-23716,True
30030,0.0487,2022-05-13,2022,5,0,43414,0.06688,32732,0.04342,50023,0.06877,-13384,True
35401,0.05741,2022-05-14,2022,5,0,35955,0.05539,39957,0.05301,60272,0.08286,-554,True
52355,0.0849,2022-05-15,2022,5,0,36463,0.05617,45069,0.05979,69536,0.0956,15892,True
60243,0.09769,2022-05-16,2022,5,0,30388,0.04681,57463,0.07623,82555,0.1135,29855,True
72677,0.11785,2022-05-17,2022,5,0,33574,0.05172,89679,0.11897,99506,0.1368,39103,True
114156,0.18511,2022-05-18,2022,5,0,30024,0.04625,141604,0.18786,120110,0.16513,84132,True
51937,0.08422,2022-05-19,2022,5,0,18357,0.02828,67556,0.08962,48309,0.06642,33580,True
45139,0.0732,2022-05-20,2022,5,0,10475,0.01614,50489,0.06698,45081,0.06198,34664,True
38334,0.06216,2022-05-21,2022,5,0,8322,0.01282,50982,0.06763,22181,0.03049,30012,True
24689,0.04004,2022-05-22,2022,5,0,6379,0.00983,45971,0.06099,13724,0.01887,18310,True
5887,0.00955,2022-05-23,2022,5,0,4216,0.00649,20433,0.02711,4387,0.00603,1671,True
5,1e-05,1900-01-01,1900,1,0,415,0.00064,7,1e-05,5,1e-05,-410,True
0,0.0,2022-05-01,2022,5,0,0,0.0,1,0.0,1,0.0,0,True
0,0.0,2022-05-02,2022,5,0,0,0.0,0,0.0,0,0.0,0,True
0,0.0,2022-05-03,2022,5,0,0,0.0,0,0.0,0,0.0,0,True
13,2e-05,2022-04-04,2022,4,0,1,0.0,57,8e-05,24,4e-05,12,True
683,0.00128,2022-04-05,2022,4,0,820,0.00146,3066,0.00432,1654,0.00256,-137,True
2360,0.00441,2022-04-06,2022,4,0,16345,0.02911,4322,0.00609,2879,0.00446,-13985,True
3933,0.00735,2022-04-07,2022,4,0,42058,0.07489,8311,0.01171,4441,0.00688,-38125,True
6383,0.01192,2022-04-08,2022,4,0,104752,0.18653,12973,0.01827,7820,0.01211,-98369,True
7684,0.01436,2022-04-09,2022,4,0,65341,0.11635,13176,0.01856,8866,0.01373,-57657,True
9932,0.01855,2022-04-10,2022,4,0,39006,0.06946,14601,0.02057,13284,0.02058,-29074,True
16903,0.03158,2022-04-11,2022,4,0,37514,0.0668,20166,0.0284,23711,0.03673,-20611,True
23323,0.04357,2022-04-12,2022,4,0,43635,0.0777,24224,0.03412,33503,0.0519,-20312,True
25916,0.04842,2022-04-13,2022,4,0,35856,0.06385,30975,0.04363,43148,0.06684,-9940,True
30573,0.05712,2022-04-14,2022,4,0,30840,0.05492,37423,0.05271,51738,0.08014,-267,True
43267,0.08083,2022-04-15,2022,4,0,30677,0.05463,44184,0.06223,60865,0.09428,12590,True
53649,0.10023,2022-04-16,2022,4,0,25760,0.04587,55615,0.07833,75280,0.11661,27889,True
64877,0.1212,2022-04-17,2022,4,0,27150,0.04835,85507,0.12044,89677,0.13891,37727,True
104515,0.19525,2022-04-18,2022,4,0,24715,0.04401,136554,0.19234,109794,0.17007,79800,True
47162,0.08811,2022-04-19,2022,4,0,14991,0.02669,65318,0.092,43240,0.06698,32171,True
38745,0.07238,2022-04-20,2022,4,0,7716,0.01374,47130,0.06638,41301,0.06398,31029,True
31185,0.05826,2022-04-21,2022,4,0,5983,0.01065,47568,0.067,18855,0.02921,25202,True
19274,0.03601,2022-04-22,2022,4,0,4780,0.00851,40917,0.05763,11636,0.01802,14494,True
4900,0.00915,2022-04-23,2022,4,0,3323,0.00592,17872,0.02517,3841,0.00595,1577,True
3,1e-05,1900-01-01,1900,1,0,310,0.00055,7,1e-05,7,1e-05,-307,True
0,0.0,2022-04-01,2022,4,0,0,0.0,0,0.0,1,0.0,0,True
0,0.0,2022-04-02,2022,4,0,0,0.0,0,0.0,0,0.0,0,True
0,0.0,2022-04-03,2022,4,0,0,0.0,0,0.0,0,0.0,0,True
15,3e-05,2022-03-04,2022,3,0,0,0.0,44,7e-05,23,4e-05,15,True
647,0.00142,2022-03-05,2022,3,0,760,0.00162,2242,0.0035,1653,0.00296,-113,True
2348,0.00517,2022-03-06,2022,3,0,14441,0.03074,3769,0.00588,2682,0.0048,-12093,True
3935,0.00866,2022-03-07,2022,3,0,38155,0.08121,7807,0.01218,4402,0.00788,-34220,True
5714,0.01258,2022-03-08,2022,3,0,95827,0.20395,11528,0.01798,7066,0.01265,-90113,True
6609,0.01455,2022-03-09,2022,3,0,58182,0.12383,11684,0.01822,7608,0.01362,-51573,True
8481,0.01867,2022-03-10,2022,3,0,31238,0.06649,13215,0.02061,11482,0.02055,-22757,True
14019,0.03087,2022-03-11,2022,3,0,28295,0.06022,17442,0.0272,20092,0.03597,-14276,True
19334,0.04257,2022-03-12,2022,3,0,35594,0.07576,21318,0.03325,27547,0.04931,-16260,True
21172,0.04662,2022-03-13,2022,3,0,28983,0.06169,26022,0.04058,33772,0.06046,-7811,True
25515,0.05618,2022-03-14,2022,3,0,25193,0.05362,33103,0.05163,41777,0.07479,322,True
35948,0.07915,2022-03-15,2022,3,0,25034,0.05328,38548,0.06012,50447,0.09031,10914,True
44904,0.09887,2022-03-16,2022,3,0,21012,0.04472,48950,0.07634,65950,0.11806,23892,True
55425,0.12203,2022-03-17,2022,3,0,20737,0.04414,77527,0.12091,77735,0.13915,34688,True
93390,0.20562,2022-03-18,2022,3,0,18691,0.03978,129206,0.2015,99097,0.17739,74699,True
39910,0.08787,2022-03-19,2022,3,0,11046,0.02351,61865,0.09648,39145,0.07007,28864,True
32371,0.07127,2022-03-20,2022,3,0,5873,0.0125,41825,0.06523,38778,0.06942,26498,True
25324,0.05576,2022-03-21,2022,3,0,4570,0.00973,42181,0.06578,16400,0.02936,20754,True
15628,0.03441,2022-03-22,2022,3,0,3575,0.00761,37095,0.05785,9633,0.01724,12053,True
3483,0.00767,2022-03-23,2022,3,0,2423,0.00516,15835,0.0247,3335,0.00597,1060,True
5,1e-05,1900-01-01,1900,1,0,219,0.00047,11,2e-05,4,1e-05,-214,True
0,0.0,2022-03-01,2022,3,0,0,0.0,0,0.0,0,0.0,0,True
0,0.0,2022-03-02,2022,3,0,0,0.0,0,0.0,0,0.0,0,True
0,0.0,2022-03-03,2022,3,0,0,0.0,0,0.0,0,0.0,0,True
13,3e-05,2022-02-04,2022,2,0,0,0.0,74,0.00014,21,4e-05,13,True
593,0.00159,2022-02-05,2022,2,0,619,0.0016,1884,0.00368,1414,0.00299,-26,True
2105,0.00563,2022-02-06,2022,2,0,10896,0.02819,3002,0.00586,2357,0.00498,-8791,True
3182,0.00851,2022-02-07,2022,2,0,27958,0.07233,6050,0.01182,3455,0.0073,-24776,True
4539,0.01214,2022-02-08,2022,2,0,75861,0.19627,9863,0.01927,5976,0.01262,-71322,True
5627,0.01506,2022-02-09,2022,2,0,48705,0.12601,10291,0.0201,6571,0.01388,-43078,True
7470,0.01999,2022-02-10,2022,2,0,26961,0.06976,10517,0.02054,9581,0.02024,-19491,True
11907,0.03186,2022-02-11,2022,2,0,25179,0.06514,13998,0.02734,16427,0.0347,-13272,True
15413,0.04124,2022-02-12,2022,2,0,25419,0.06577,16541,0.03231,21860,0.04618,-10006,True
17604,0.0471,2022-02-13,2022,2,0,25031,0.06476,20574,0.04019,26802,0.05662,-7427,True
21758,0.05821,2022-02-14,2022,2,0,23868,0.06175,25749,0.0503,33806,0.07141,-2110,True
26867,0.07188,2022-02-15,2022,2,0,21464,0.05553,29916,0.05844,41375,0.0874,5403,True
32194,0.08614,2022-02-16,2022,2,0,18125,0.04689,37604,0.07345,56372,0.11908,14069,True
46063,0.12324,2022-02-17,2022,2,0,17633,0.04562,62467,0.12202,67663,0.14293,28430,True
79684,0.21319,2022-02-18,2022,2,0,15849,0.04101,109272,0.21344,87142,0.18408,63835,True
34736,0.09294,2022-02-19,2022,2,0,8915,0.02307,50781,0.09919,33894,0.0716,25821,True
28445,0.0761,2022-02-20,2022,2,0,4903,0.01269,38055,0.07433,34362,0.07259,23542,True
24179,0.06469,2022-02-21,2022,2,0,4886,0.01264,41469,0.081,15979,0.03375,19293,True
9907,0.02651,2022-02-22,2022,2,0,2996,0.00775,19791,0.03866,6956,0.01469,6911,True
1475,0.00395,2022-02-23,2022,2,0,1112,0.00288,4048,0.00791,1374,0.0029,363,True
1,0.0,1900-01-01,1900,1,0,129,0.00033,3,1e-05,1,0.0,-128,True
0,0.0,2022-02-01,2022,2,0,0,0.0,0,0.0,0,0.0,0,True
0,0.0,2022-02-02,2022,2,0,0,0.0,0,0.0,0,0.0,0,True
0,0.0,2022-02-03,2022,2,0,0,0.0,0,0.0,0,0.0,0,True
8,2e-05,2022-01-04,2022,1,0,0,0.0,84,0.00014,35,6e-05,8,True
599,0.00128,2022-01-05,2022,1,0,787,0.00163,2233,0.00374,1517,0.00259,-188,True
2297,0.00492,2022-01-06,2022,1,0,12542,0.02597,3399,0.0057,2666,0.00456,-10245,True
3401,0.00729,2022-01-07,2022,1,0,31132,0.06445,6878,0.01153,4172,0.00713,-27731,True
5513,0.01182,2022-01-08,2022,1,0,91016,0.18843,11267,0.01889,6835,0.01169,-85503,True
6480,0.01389,2022-01-09,2022,1,0,56350,0.11666,12011,0.02014,7519,0.01285,-49870,True
8705,0.01866,2022-01-10,2022,1,0,32258,0.06678,12416,0.02082,10981,0.01877,-23553,True
13799,0.02958,2022-01-11,2022,1,0,31743,0.06572,16986,0.02848,19597,0.0335,-17944,True
18507,0.03967,2022-01-12,2022,1,0,31669,0.06556,19706,0.03304,26613,0.0455,-13162,True
21517,0.04612,2022-01-13,2022,1,0,32551,0.06739,24771,0.04153,32995,0.05641,-11034,True
25538,0.05474,2022-01-14,2022,1,0,30136,0.06239,30252,0.05072,42133,0.07203,-4598,True
32354,0.06935,2022-01-15,2022,1,0,28686,0.05939,35227,0.05906,50601,0.08651,3668,True
39028,0.08366,2022-01-16,2022,1,0,25650,0.0531,44274,0.07423,66565,0.1138,13378,True
56220,0.12051,2022-01-17,2022,1,0,25659,0.05312,73257,0.12282,82592,0.1412,30561,True
96031,0.20584,2022-01-18,2022,1,0,22793,0.04719,125560,0.21051,106366,0.18185,73238,True
44778,0.09598,2022-01-19,2022,1,0,12310,0.02549,56533,0.09478,43704,0.07472,32468,True
42657,0.09144,2022-01-20,2022,1,0,6453,0.01336,47096,0.07896,46117,0.07884,36204,True
35969,0.0771,2022-01-21,2022,1,0,6946,0.01438,54017,0.09056,25367,0.04337,29023,True
10999,0.02358,2022-01-22,2022,1,0,3071,0.00636,16048,0.02691,6944,0.01187,7928,True
2127,0.00456,2022-01-23,2022,1,0,1190,0.00246,4441,0.00745,1601,0.00274,937,True
0,0.0,1900-01-01,1900,1,0,83,0.00017,3,1e-05,0,0.0,-83,True
0,0.0,2022-01-01,2022,1,0,0,0.0,0,0.0,0,0.0,0,True
0,0.0,2022-01-02,2022,1,0,0,0.0,0,0.0,0,0.0,0,True
0,0.0,2022-01-03,2022,1,0,0,0.0,0,0.0,0,0.0,0,True
13,2e-05,2021-12-04,2021,12,0,0,0.0,58,9e-05,33,5e-05,13,True
677,0.00113,2021-12-05,2021,12,0,724,0.00114,2653,0.00403,1729,0.00255,-47,True
2350,0.00394,2021-12-06,2021,12,0,13475,0.02127,3847,0.00584,2685,0.00397,-11125,True
3808,0.00638,2021-12-07,2021,12,0,40346,0.06369,7929,0.01203,4257,0.00629,-36538,True
5833,0.00978,2021-12-08,2021,12,0,101473,0.16017,12271,0.01862,7403,0.01093,-95640,True
7485,0.01255,2021-12-09,2021,12,0,61741,0.09746,12812,0.01944,8048,0.01189,-54256,True
9841,0.0165,2021-12-10,2021,12,0,36512,0.05763,13605,0.02064,12119,0.0179,-26671,True
16283,0.0273,2021-12-11,2021,12,0,35792,0.0565,18206,0.02762,21401,0.03161,-19509,True
22450,0.03763,2021-12-12,2021,12,0,37264,0.05882,21943,0.03329,29669,0.04382,-14814,True
25620,0.04295,2021-12-13,2021,12,0,41098,0.06487,27465,0.04167,36421,0.05379,-15478,True
29789,0.04994,2021-12-14,2021,12,0,39671,0.06262,33768,0.05123,44994,0.06645,-9882,True
38108,0.06388,2021-12-15,2021,12,0,42682,0.06737,39039,0.05923,55036,0.08128,-4574,True
47717,0.07999,2021-12-16,2021,12,0,42779,0.06753,50018,0.07589,73896,0.10913,4938,True
67992,0.11398,2021-12-17,2021,12,0,45821,0.07233,82791,0.12561,95163,0.14054,22171,True
115898,0.19428,2021-12-18,2021,12,0,42581,0.06721,137545,0.20868,123625,0.18257,73317,True
61903,0.10377,2021-12-19,2021,12,0,24068,0.03799,62825,0.09532,55375,0.08178,37835,True
59795,0.10023,2021-12-20,2021,12,0,11319,0.01787,46359,0.07033,56628,0.08363,48476,True
52873,0.08863,2021-12-21,2021,12,0,9450,0.01492,49777,0.07552,31281,0.0462,43423,True
22697,0.03805,2021-12-22,2021,12,0,4642,0.00733,26339,0.03996,13948,0.0206,18055,True
5410,0.00907,2021-12-23,2021,12,0,1903,0.003,9869,0.01497,3411,0.00504,3507,True
7,1e-05,1900-01-01,1900,1,0,173,0.00027,9,1e-05,6,1e-05,-166,True
0,0.0,2021-12-01,2021,12,0,0,0.0,0,0.0,1,0.0,0,True
0,0.0,2021-12-02,2021,12,0,0,0.0,0,0.0,0,0.0,0,True
0,0.0,2021-12-03,2021,12,0,0,0.0,0,0.0,0,0.0,0,True
19,4e-05,2021-11-04,2021,11,0,2,0.0,71,0.0001,28,5e-05,17,True
698,0.00137,2021-11-05,2021,11,0,818,0.00151,2964,0.00429,1812,0.00292,-120,True
2279,0.00446,2021-11-06,2021,11,0,12891,0.02381,4024,0.00582,2857,0.0046,-10612,True
4036,0.0079,2021-11-07,2021,11,0,38760,0.07159,8304,0.01202,4531,0.0073,-34724,True
6188,0.01211,2021-11-08,2021,11,0,105866,0.19555,12686,0.01836,7747,0.01247,-99678,True
7228,0.01414,2021-11-09,2021,11,0,65491,0.12097,13190,0.01909,8298,0.01336,-58263,True
8962,0.01753,2021-11-10,2021,11,0,37856,0.06992,13880,0.02009,12314,0.01983,-28894,True
14792,0.02894,2021-11-11,2021,11,0,37465,0.0692,19675,0.02848,21921,0.03529,-22673,True
19494,0.03813,2021-11-12,2021,11,0,36827,0.06802,22727,0.03289,30438,0.04901,-17333,True
24780,0.04848,2021-11-13,2021,11,0,35693,0.06593,28661,0.04148,38288,0.06164,-10913,True
28483,0.05572,2021-11-14,2021,11,0,31221,0.05767,35427,0.05127,45751,0.07366,-2738,True
38447,0.07521,2021-11-15,2021,11,0,30321,0.05601,41465,0.06001,57040,0.09184,8126,True
45498,0.089,2021-11-16,2021,11,0,25824,0.0477,52391,0.07583,70877,0.11411,19674,True
63200,0.12363,2021-11-17,2021,11,0,26339,0.04865,86244,0.12482,90823,0.14623,36861,True
105206,0.20581,2021-11-18,2021,11,0,24891,0.04598,142714,0.20656,113696,0.18305,80315,True
46007,0.09,2021-11-19,2021,11,0,13278,0.02453,64904,0.09394,41866,0.06741,32729,True
39578,0.07742,2021-11-20,2021,11,0,6845,0.01264,45321,0.06559,39932,0.06429,32733,True
32332,0.06325,2021-11-21,2021,11,0,4960,0.00916,44942,0.06505,18790,0.03025,27372,True
19162,0.03749,2021-11-22,2021,11,0,3635,0.00671,36601,0.05297,10777,0.01735,15527,True
4788,0.00937,2021-11-23,2021,11,0,2073,0.00383,14713,0.02129,3312,0.00533,2715,True
9,2e-05,1900-01-01,1900,1,0,326,0.0006,17,2e-05,7,1e-05,-317,True
1,0.0,2021-11-01,2021,11,0,2,0.0,2,0.0,1,0.0,-1,True
1,0.0,2021-11-02,2021,11,0,0,0.0,0,0.0,0,0.0,1,True
0,0.0,2021-11-03,2021,11,0,0,0.0,0,0.0,0,0.0,0,True
15,3e-05,2021-10-04,2021,10,0,0,0.0,48,8e-05,28,5e-05,15,True
646,0.00141,2021-10-05,2021,10,0,753,0.00156,2446,0.00393,1678,0.00283,-107,True
2169,0.00473,2021-10-06,2021,10,0,12233,0.02528,3726,0.00598,2926,0.00493,-10064,True
3468,0.00756,2021-10-07,2021,10,0,35591,0.07355,7568,0.01215,4580,0.00771,-32123,True
5339,0.01165,2021-10-08,2021,10,0,90994,0.18804,11055,0.01775,7099,0.01196,-85655,True
6639,0.01448,2021-10-09,2021,10,0,53416,0.11038,12224,0.01963,8150,0.01373,-46777,True
7937,0.01731,2021-10-10,2021,10,0,34665,0.07163,13164,0.02114,12611,0.02124,-26728,True
13451,0.02934,2021-10-11,2021,10,0,34866,0.07205,17759,0.02851,21862,0.03682,-21415,True
18990,0.04142,2021-10-12,2021,10,0,35825,0.07403,21024,0.03376,31240,0.05261,-16835,True
22935,0.05002,2021-10-13,2021,10,0,33814,0.06988,27037,0.04341,38782,0.06532,-10879,True
27372,0.0597,2021-10-14,2021,10,0,30769,0.06358,33396,0.05362,48468,0.08163,-3397,True
34159,0.07451,2021-10-15,2021,10,0,28262,0.0584,38241,0.0614,58523,0.09856,5897,True
43378,0.09461,2021-10-16,2021,10,0,24095,0.04979,47066,0.07557,72748,0.12252,19283,True
56771,0.12383,2021-10-17,2021,10,0,22844,0.04721,77647,0.12467,84013,0.14149,33927,True
92057,0.20079,2021-10-18,2021,10,0,19904,0.04113,126807,0.2036,97239,0.16377,72153,True
42134,0.0919,2021-10-19,2021,10,0,10911,0.02255,59248,0.09513,37450,0.06307,31223,True
34377,0.07498,2021-10-20,2021,10,0,5344,0.01104,40712,0.06537,37645,0.0634,29033,True
28846,0.06292,2021-10-21,2021,10,0,4161,0.0086,43505,0.06985,16458,0.02772,24685,True
15864,0.0346,2021-10-22,2021,10,0,3848,0.00795,34571,0.05551,10369,0.01746,12016,True
1923,0.00419,2021-10-23,2021,10,0,1465,0.00303,5585,0.00897,1894,0.00319,458,True
2,0.0,1900-01-01,1900,1,0,154,0.00032,3,0.0,2,0.0,-152,True
1,0.0,2021-10-01,2021,10,0,0,0.0,1,0.0,0,0.0,1,True
0,0.0,2021-10-02,2021,10,0,1,0.0,0,0.0,0,0.0,-1,True
0,0.0,2021-10-03,2021,10,0,0,0.0,0,0.0,0,0.0,0,True
11,3e-05,2021-09-04,2021,9,0,2,0.0,36,6e-05,14,3e-05,9,True
592,0.00146,2021-09-05,2021,9,0,696,0.00165,2155,0.00386,1528,0.00295,-104,True
1909,0.0047,2021-09-06,2021,9,0,11631,0.0275,3527,0.00632,2732,0.00528,-9722,True
3320,0.00818,2021-09-07,2021,9,0,34850,0.08239,7221,0.01295,3985,0.00769,-31530,True
4839,0.01192,2021-09-08,2021,9,0,87173,0.20609,10117,0.01814,6552,0.01265,-82334,True
5803,0.01429,2021-09-09,2021,9,0,48056,0.11361,11275,0.02022,7508,0.0145,-42253,True
7228,0.0178,2021-09-10,2021,9,0,28994,0.06854,12021,0.02155,11633,0.02246,-21766,True
11552,0.02845,2021-09-11,2021,9,0,28007,0.06621,16111,0.02889,19723,0.03808,-16455,True
15751,0.03879,2021-09-12,2021,9,0,28897,0.06832,18580,0.03332,26745,0.05164,-13146,True
19326,0.04759,2021-09-13,2021,9,0,28100,0.06643,23601,0.04232,31508,0.06084,-8774,True
22958,0.05653,2021-09-14,2021,9,0,24086,0.05694,28943,0.0519,38820,0.07496,-1128,True
29674,0.07307,2021-09-15,2021,9,0,23479,0.05551,33714,0.06045,47022,0.09079,6195,True
37524,0.0924,2021-09-16,2021,9,0,20517,0.0485,42513,0.07623,59873,0.11561,17007,True
50043,0.12323,2021-09-17,2021,9,0,19205,0.0454,70896,0.12712,72872,0.14071,30838,True
86456,0.21289,2021-09-18,2021,9,0,17657,0.04174,121491,0.21785,92105,0.17784,68799,True
38929,0.09586,2021-09-19,2021,9,0,9755,0.02306,55466,0.09946,36254,0.07,29174,True
31330,0.07715,2021-09-20,2021,9,0,4564,0.01079,36527,0.0655,35605,0.06875,26766,True
25335,0.06239,2021-09-21,2021,9,0,3583,0.00847,35542,0.06373,14134,0.02729,21752,True
11875,0.02924,2021-09-22,2021,9,0,2605,0.00616,23496,0.04213,7721,0.01491,9270,True
1641,0.00404,2021-09-23,2021,9,0,1037,0.00245,4460,0.008,1561,0.00301,604,True
6,1e-05,1900-01-01,1900,1,0,97,0.00023,1,0.0,2,0.0,-91,True
1,0.0,2021-09-01,2021,9,0,2,0.0,0,0.0,0,0.0,-1,True
1,0.0,2021-09-02,2021,9,0,2,0.0,0,0.0,0,0.0,-1,True
0,0.0,2021-09-03,2021,9,0,0,0.0,0,0.0,0,0.0,0,True
10,3e-05,2021-08-04,2021,8,0,0,0.0,38,7e-05,23,5e-05,10,True
757,0.00197,2021-08-05,2021,8,0,730,0.00183,2311,0.00418,1421,0.00283,27,True
1944,0.00507,2021-08-06,2021,8,0,11836,0.02967,3548,0.00642,2756,0.00548,-9892,True
3392,0.00884,2021-08-07,2021,8,0,33934,0.08506,7185,0.013,3858,0.00768,-30542,True
4791,0.01249,2021-08-08,2021,8,0,90174,0.22605,10773,0.01949,6611,0.01316,-85383,True
6013,0.01568,2021-08-09,2021,8,0,48658,0.12197,11549,0.02089,7750,0.01542,-42645,True
7257,0.01892,2021-08-10,2021,8,0,28220,0.07074,11917,0.02156,11578,0.02304,-20963,True
11300,0.02946,2021-08-11,2021,8,0,25835,0.06476,15871,0.02871,19102,0.03801,-14535,True
14830,0.03866,2021-08-12,2021,8,0,24855,0.06231,18528,0.03352,26251,0.05224,-10025,True
17946,0.04679,2021-08-13,2021,8,0,24756,0.06206,22699,0.04107,29506,0.05872,-6810,True
20880,0.05444,2021-08-14,2021,8,0,21644,0.05426,27652,0.05003,35096,0.06984,-764,True
25422,0.06628,2021-08-15,2021,8,0,20005,0.05015,31788,0.05751,41422,0.08243,5417,True
32154,0.08383,2021-08-16,2021,8,0,17372,0.04355,40678,0.0736,54211,0.10788,14782,True
48464,0.12635,2021-08-17,2021,8,0,16037,0.0402,72662,0.13146,73612,0.14649,32427,True
89274,0.23275,2021-08-18,2021,8,0,15109,0.03787,128865,0.23314,96702,0.19244,74165,True
36417,0.09494,2021-08-19,2021,8,0,8658,0.0217,55734,0.10083,36037,0.07171,27759,True
29410,0.07668,2021-08-20,2021,8,0,4446,0.01115,36784,0.06655,35739,0.07112,24964,True
22732,0.05927,2021-08-21,2021,8,0,3392,0.0085,32730,0.05922,13319,0.0265,19340,True
9361,0.02441,2021-08-22,2021,8,0,2311,0.00579,17690,0.03201,6111,0.01216,7050,True
1206,0.00314,2021-08-23,2021,8,0,860,0.00216,3723,0.00674,1411,0.00281,346,True
1,0.0,1900-01-01,1900,1,0,88,0.00022,1,0.0,0,0.0,-87,True
0,0.0,2021-08-01,2021,8,0,0,0.0,0,0.0,0,0.0,0,True
0,0.0,2021-08-02,2021,8,0,0,0.0,0,0.0,0,0.0,0,True
0,0.0,2021-08-03,2021,8,0,0,0.0,0,0.0,0,0.0,0,True
10,3e-05,2021-07-04,2021,7,0,0,0.0,50,8e-05,31,6e-05,10,True
740,0.00186,2021-07-05,2021,7,0,770,0.00186,2706,0.0046,1508,0.00276,-30,True
2025,0.00508,2021-07-06,2021,7,0,12365,0.02982,3872,0.00658,2960,0.00541,-10340,True
3517,0.00882,2021-07-07,2021,7,0,37818,0.09122,8043,0.01367,4313,0.00788,-34301,True
4741,0.01189,2021-07-08,2021,7,0,98020,0.23643,11481,0.01951,7232,0.01322,-93279,True
6325,0.01587,2021-07-09,2021,7,0,52727,0.12718,12189,0.02071,8281,0.01514,-46402,True
7806,0.01958,2021-07-10,2021,7,0,29188,0.0704,12541,0.02131,13035,0.02383,-21382,True
11748,0.02947,2021-07-11,2021,7,0,25592,0.06173,15916,0.02704,20896,0.0382,-13844,True
15395,0.03862,2021-07-12,2021,7,0,23060,0.05562,18592,0.03159,27281,0.04987,-7665,True
18344,0.04602,2021-07-13,2021,7,0,23239,0.05605,22938,0.03898,31766,0.05807,-4895,True
20886,0.0524,2021-07-14,2021,7,0,21612,0.05213,28078,0.04771,37166,0.06795,-726,True
25310,0.0635,2021-07-15,2021,7,0,18745,0.04521,32056,0.05447,44348,0.08108,6565,True
31933,0.08012,2021-07-16,2021,7,0,16702,0.04029,41759,0.07096,62126,0.11358,15231,True
49154,0.12332,2021-07-17,2021,7,0,16541,0.0399,77423,0.13156,82105,0.1501,32613,True
93704,0.2351,2021-07-18,2021,7,0,16596,0.04003,139877,0.23768,104575,0.19118,77108,True
37927,0.09516,2021-07-19,2021,7,0,9640,0.02325,60044,0.10203,38494,0.07037,28287,True
29665,0.07443,2021-07-20,2021,7,0,4629,0.01117,36676,0.06232,36890,0.06744,25036,True
24373,0.06115,2021-07-21,2021,7,0,3501,0.00844,35425,0.06019,14265,0.02608,20872,True
13359,0.03352,2021-07-22,2021,7,0,2745,0.00662,24457,0.04156,8238,0.01506,10614,True
1616,0.00405,2021-07-23,2021,7,0,972,0.00234,4384,0.00745,1482,0.00271,644,True
0,0.0,1900-01-01,1900,1,0,124,0.0003,1,0.0,2,0.0,-124,True
0,0.0,2021-07-01,2021,7,0,0,0.0,0,0.0,0,0.0,0,True
0,0.0,2021-07-02,2021,7,0,0,0.0,0,0.0,0,0.0,0,True
0,0.0,2021-07-03,2021,7,0,0,0.0,0,0.0,0,0.0,0,True
10,2e-05,2021-06-04,2021,6,0,0,0.0,54,8e-05,50,8e-05,10,True
611,0.00129,2021-06-05,2021,6,0,850,0.00169,2692,0.0041,1721,0.00276,-239,True
2136,0.0045,2021-06-06,2021,6,0,13660,0.02721,3982,0.00606,2928,0.0047,-11524,True
3784,0.00797,2021-06-07,2021,6,0,44464,0.08858,8475,0.01291,4582,0.00735,-40680,True
5465,0.01151,2021-06-08,2021,6,0,106323,0.21181,12093,0.01841,7339,0.01177,-100858,True
6696,0.0141,2021-06-09,2021,6,0,60066,0.11966,13091,0.01993,8528,0.01368,-53370,True
8141,0.01714,2021-06-10,2021,6,0,35117,0.06996,13463,0.0205,13513,0.02167,-26976,True
13367,0.02814,2021-06-11,2021,6,0,33268,0.06627,17229,0.02623,23179,0.03718,-19901,True
17826,0.03753,2021-06-12,2021,6,0,32845,0.06543,21943,0.03341,32393,0.05196,-15019,True
22502,0.04738,2021-06-13,2021,6,0,31778,0.06331,26722,0.04069,39481,0.06332,-9276,True
27275,0.05743,2021-06-14,2021,6,0,27085,0.05396,31475,0.04793,46310,0.07428,190,True
32919,0.06931,2021-06-15,2021,6,0,24883,0.04957,35530,0.0541,54462,0.08735,8036,True
41772,0.08795,2021-06-16,2021,6,0,21967,0.04376,45419,0.06916,69260,0.11109,19805,True
57022,0.12006,2021-06-17,2021,6,0,21646,0.04312,81876,0.12467,90197,0.14467,35376,True
102798,0.21645,2021-06-18,2021,6,0,21727,0.04328,144563,0.22013,114170,0.18312,81071,True
44860,0.09445,2021-06-19,2021,6,0,11735,0.02338,63583,0.09682,42966,0.06891,33125,True
35904,0.0756,2021-06-20,2021,6,0,5440,0.01084,42031,0.064,39287,0.06301,30464,True
31474,0.06627,2021-06-21,2021,6,0,4132,0.00823,47269,0.07198,18989,0.03046,27342,True
18227,0.03838,2021-06-22,2021,6,0,3421,0.00681,38780,0.05905,12108,0.01942,14806,True
2144,0.00451,2021-06-23,2021,6,0,1403,0.00279,6445,0.00981,2002,0.00321,741,True
1,0.0,1900-01-01,1900,1,0,169,0.00034,4,1e-05,2,0.0,-168,True
2,0.0,2021-06-01,2021,6,0,3,1e-05,0,0.0,1,0.0,-1,True
0,0.0,2021-06-02,2021,6,0,0,0.0,0,0.0,0,0.0,0,True
0,0.0,2021-06-03,2021,6,0,0,0.0,0,0.0,0,0.0,0,True
12,3e-05,2021-05-04,2021,5,0,0,0.0,40,6e-05,37,6e-05,12,True
639,0.00145,2021-05-05,2021,5,0,770,0.00166,2638,0.00425,1692,0.00283,-131,True
2070,0.00469,2021-05-06,2021,5,0,12242,0.02645,3905,0.00629,2998,0.00502,-10172,True
3379,0.00765,2021-05-07,2021,5,0,36312,0.07845,7708,0.01241,4531,0.00759,-32933,True
4968,0.01125,2021-05-08,2021,5,0,91706,0.19813,11052,0.01779,7082,0.01186,-86738,True
6180,0.01399,2021-05-09,2021,5,0,55005,0.11884,12213,0.01966,8387,0.01404,-48825,True
7789,0.01764,2021-05-10,2021,5,0,32816,0.0709,12755,0.02053,12663,0.0212,-25027,True
12798,0.02898,2021-05-11,2021,5,0,31780,0.06866,16746,0.02696,22068,0.03695,-18982,True
17030,0.03856,2021-05-12,2021,5,0,32006,0.06915,21235,0.03419,30434,0.05096,-14976,True
21286,0.0482,2021-05-13,2021,5,0,31618,0.06831,25215,0.04059,38258,0.06406,-10332,True
25493,0.05772,2021-05-14,2021,5,0,27427,0.05926,31339,0.05045,46376,0.07765,-1934,True
31939,0.07232,2021-05-15,2021,5,0,25430,0.05494,35414,0.05701,53847,0.09016,6509,True
39172,0.0887,2021-05-16,2021,5,0,21719,0.04692,44406,0.07149,67026,0.11223,17453,True
52556,0.119,2021-05-17,2021,5,0,20121,0.04347,74911,0.1206,84034,0.1407,32435,True
91698,0.20764,2021-05-18,2021,5,0,19118,0.0413,126842,0.2042,104619,0.17517,72580,True
42157,0.09546,2021-05-19,2021,5,0,10965,0.02369,60013,0.09661,41151,0.0689,31192,True
34715,0.07861,2021-05-20,2021,5,0,5242,0.01133,42090,0.06776,39254,0.06573,29473,True
29599,0.06702,2021-05-21,2021,5,0,4001,0.00864,47228,0.07603,18771,0.03143,25598,True
16223,0.03673,2021-05-22,2021,5,0,3228,0.00697,39202,0.06311,11947,0.02,12995,True
1923,0.00435,2021-05-23,2021,5,0,1224,0.00264,6208,0.00999,2070,0.00347,699,True
2,0.0,1900-01-01,1900,1,0,126,0.00027,6,1e-05,0,0.0,-124,True
1,0.0,2021-05-01,2021,5,0,0,0.0,0,0.0,0,0.0,1,True
0,0.0,2021-05-02,2021,5,0,0,0.0,0,0.0,1,0.0,0,True
0,0.0,2021-05-03,2021,5,0,0,0.0,0,0.0,0,0.0,0,True
23,5e-05,2021-04-04,2021,4,0,0,0.0,44,7e-05,44,7e-05,23,True
615,0.00134,2021-04-05,2021,4,0,871,0.00182,2509,0.00381,1675,0.00271,-256,True
1965,0.00429,2021-04-06,2021,4,0,12698,0.02652,3811,0.00578,3040,0.00491,-10733,True
3406,0.00743,2021-04-07,2021,4,0,42536,0.08884,8454,0.01282,4669,0.00755,-39130,True
5085,0.0111,2021-04-08,2021,4,0,104940,0.21918,11664,0.01769,7318,0.01183,-99855,True
6262,0.01366,2021-04-09,2021,4,0,58007,0.12116,12206,0.01851,8291,0.0134,-51745,True
7745,0.0169,2021-04-10,2021,4,0,33406,0.06977,12862,0.01951,12753,0.02061,-25661,True
12004,0.02619,2021-04-11,2021,4,0,31306,0.06539,16695,0.02532,21767,0.03518,-19302,True
16586,0.03619,2021-04-12,2021,4,0,30819,0.06437,21260,0.03224,30331,0.04902,-14233,True
20577,0.0449,2021-04-13,2021,4,0,29397,0.0614,25175,0.03818,36844,0.05955,-8820,True
25072,0.05471,2021-04-14,2021,4,0,26104,0.05452,31982,0.04851,44768,0.07236,-1032,True
32253,0.07038,2021-04-15,2021,4,0,23893,0.0499,36462,0.0553,53262,0.08609,8360,True
40442,0.08825,2021-04-16,2021,4,0,20731,0.0433,46156,0.07,67579,0.10923,19711,True
55264,0.12059,2021-04-17,2021,4,0,20245,0.04228,82798,0.12558,89893,0.14529,35019,True
101761,0.22205,2021-04-18,2021,4,0,19897,0.04156,144571,0.21927,117077,0.18923,81864,True
44835,0.09783,2021-04-19,2021,4,0,11036,0.02305,66576,0.10097,44231,0.07149,33799,True
35465,0.07739,2021-04-20,2021,4,0,4833,0.01009,43912,0.0666,40414,0.06532,30632,True
30254,0.06602,2021-04-21,2021,4,0,3676,0.00768,47916,0.07267,19591,0.03166,26578,True
16917,0.03691,2021-04-22,2021,4,0,3055,0.00638,38101,0.05779,13030,0.02106,13862,True
1755,0.00383,2021-04-23,2021,4,0,1192,0.00249,6170,0.00936,2121,0.00343,563,True
1,0.0,1900-01-01,1900,1,0,138,0.00029,8,1e-05,0,0.0,-137,True
1,0.0,2021-04-01,2021,4,0,0,0.0,0,0.0,1,0.0,1,True
0,0.0,2021-04-02,2021,4,0,0,0.0,0,0.0,0,0.0,0,True
0,0.0,2021-04-03,2021,4,0,0,0.0,0,0.0,0,0.0,0,True
40,9e-05,2021-03-04,2021,3,0,0,0.0,40,6e-05,44,7e-05,40,True
603,0.00134,2021-03-05,2021,3,0,996,0.00213,2505,0.00376,1648,0.00263,-393,True
1850,0.00411,2021-03-06,2021,3,0,12103,0.02584,3800,0.0057,2853,0.00455,-10253,True
3412,0.00758,2021-03-07,2021,3,0,42316,0.09035,8302,0.01245,4860,0.00775,-38904,True
5167,0.01148,2021-03-08,2021,3,0,103932,0.22191,11888,0.01783,7291,0.01162,-98765,True
6123,0.01361,2021-03-09,2021,3,0,57373,0.1225,12147,0.01822,8135,0.01297,-51250,True
7255,0.01612,2021-03-10,2021,3,0,32071,0.06848,12921,0.01938,12526,0.01997,-24816,True
11396,0.02532,2021-03-11,2021,3,0,29489,0.06296,16815,0.02522,21578,0.0344,-18093,True
15969,0.03548,2021-03-12,2021,3,0,29072,0.06207,20759,0.03114,30385,0.04844,-13103,True
19157,0.04257,2021-03-13,2021,3,0,28253,0.06032,25334,0.038,37768,0.06021,-9096,True
23547,0.05232,2021-03-14,2021,3,0,26207,0.05596,31477,0.04722,46368,0.07392,-2660,True
31267,0.06948,2021-03-15,2021,3,0,23542,0.05027,36114,0.05417,54346,0.08664,7725,True
40512,0.09002,2021-03-16,2021,3,0,20043,0.0428,46526,0.06979,70540,0.11246,20469,True
54576,0.12127,2021-03-17,2021,3,0,20630,0.04405,79468,0.1192,90657,0.14453,33946,True
99723,0.22159,2021-03-18,2021,3,0,19135,0.04086,145302,0.21795,115224,0.18369,80588,True
44995,0.09998,2021-03-19,2021,3,0,10535,0.02249,69762,0.10464,45899,0.07317,34460,True
35574,0.07905,2021-03-20,2021,3,0,4765,0.01017,45600,0.0684,41195,0.06567,30809,True
30966,0.06881,2021-03-21,2021,3,0,3641,0.00777,50533,0.0758,20299,0.03236,27325,True
16147,0.03588,2021-03-22,2021,3,0,2940,0.00628,41037,0.06156,13414,0.02139,13207,True
1749,0.00389,2021-03-23,2021,3,0,1156,0.00247,6327,0.00949,2228,0.00355,593,True
2,0.0,1900-01-01,1900,1,0,150,0.00032,6,1e-05,0,0.0,-148,True
1,0.0,2021-03-01,2021,3,0,0,0.0,0,0.0,2,0.0,1,True
0,0.0,2021-03-02,2021,3,0,0,0.0,1,0.0,0,0.0,0,True
0,0.0,2021-03-03,2021,3,0,0,0.0,0,0.0,0,0.0,0,True
23,6e-05,2021-02-04,2021,2,0,0,0.0,33,6e-05,26,5e-05,23,True
530,0.00145,2021-02-05,2021,2,0,844,0.00221,1947,0.00373,1178,0.00249,-314,True
1444,0.00395,2021-02-06,2021,2,0,9044,0.02371,3075,0.0059,2199,0.00465,-7600,True
2394,0.00655,2021-02-07,2021,2,0,28049,0.07353,5802,0.01113,3517,0.00743,-25655,True
4144,0.01134,2021-02-08,2021,2,0,79278,0.20783,9469,0.01816,5859,0.01238,-75134,True
5015,0.01373,2021-02-09,2021,2,0,44936,0.1178,9870,0.01893,6192,0.01308,-39921,True
6142,0.01681,2021-02-10,2021,2,0,25986,0.06812,10097,0.01936,9119,0.01926,-19844,True
9607,0.0263,2021-02-11,2021,2,0,24927,0.06535,13143,0.0252,15618,0.03299,-15320,True
12647,0.03462,2021-02-12,2021,2,0,24010,0.06294,16493,0.03163,21105,0.04458,-11363,True
16068,0.04399,2021-02-13,2021,2,0,25789,0.06761,20162,0.03867,26299,0.05556,-9721,True
20665,0.05657,2021-02-14,2021,2,0,24485,0.06419,26046,0.04995,32675,0.06902,-3820,True
26049,0.07131,2021-02-15,2021,2,0,21337,0.05594,30268,0.05805,40359,0.08526,4712,True
31278,0.08563,2021-02-16,2021,2,0,18932,0.04963,39054,0.0749,54053,0.11418,12346,True
45254,0.12389,2021-02-17,2021,2,0,19596,0.05137,63120,0.12105,67990,0.14363,25658,True
79374,0.21729,2021-02-18,2021,2,0,15330,0.04019,113628,0.21791,88860,0.18771,64044,True
36765,0.10065,2021-02-19,2021,2,0,8480,0.02223,55032,0.10554,37365,0.07893,28285,True
31850,0.08719,2021-02-20,2021,2,0,3956,0.01037,38047,0.07296,35221,0.0744,27894,True
25407,0.06955,2021-02-21,2021,2,0,3471,0.0091,40007,0.07672,16690,0.03526,21936,True
9398,0.02573,2021-02-22,2021,2,0,2087,0.00547,21958,0.04211,7545,0.01594,7311,True
1228,0.00336,2021-02-23,2021,2,0,808,0.00212,4196,0.00805,1507,0.00318,420,True
4,1e-05,1900-01-01,1900,1,0,107,0.00028,0,0.0,4,1e-05,-103,True
1,0.0,2021-02-01,2021,2,0,0,0.0,0,0.0,0,0.0,1,True
0,0.0,2021-02-02,2021,2,0,0,0.0,0,0.0,0,0.0,0,True
0,0.0,2021-02-03,2021,2,0,0,0.0,0,0.0,0,0.0,0,True
23,7e-05,2021-01-04,2021,1,0,0,0.0,32,6e-05,32,7e-05,23,True
518,0.00148,2021-01-05,2021,1,0,783,0.00218,1973,0.00368,1191,0.00249,-265,True
1532,0.00437,2021-01-06,2021,1,0,9292,0.02582,3229,0.00602,2223,0.00464,-7760,True
2337,0.00667,2021-01-07,2021,1,0,29962,0.08325,5776,0.01076,3537,0.00739,-27625,True
4039,0.01153,2021-01-08,2021,1,0,80203,0.22286,10072,0.01877,5984,0.0125,-76164,True
4724,0.01348,2021-01-09,2021,1,0,48556,0.13492,10193,0.01899,6113,0.01277,-43832,True
5645,0.01611,2021-01-10,2021,1,0,26317,0.07313,10327,0.01924,8622,0.01801,-20672,True
8539,0.02437,2021-01-11,2021,1,0,22674,0.063,12882,0.024,14414,0.03011,-14135,True
11416,0.03258,2021-01-12,2021,1,0,20465,0.05687,15843,0.02952,19490,0.04071,-9049,True
14930,0.0426,2021-01-13,2021,1,0,22005,0.06114,19581,0.03648,24193,0.05053,-7075,True
18795,0.05363,2021-01-14,2021,1,0,20678,0.05746,25005,0.04659,30594,0.0639,-1883,True
24119,0.06882,2021-01-15,2021,1,0,18821,0.0523,30155,0.05618,40044,0.08364,5298,True
30551,0.08718,2021-01-16,2021,1,0,16136,0.04484,38056,0.0709,56018,0.117,14415,True
45391,0.12952,2021-01-17,2021,1,0,14777,0.04106,66897,0.12464,70993,0.14828,30614,True
80072,0.22849,2021-01-18,2021,1,0,12702,0.03529,125592,0.23399,94022,0.19638,67370,True
35733,0.10196,2021-01-19,2021,1,0,7350,0.02042,60003,0.11179,38123,0.07963,28383,True
31659,0.09034,2021-01-20,2021,1,0,3675,0.01021,43514,0.08107,39320,0.08213,27984,True
23063,0.06581,2021-01-21,2021,1,0,3382,0.0094,40558,0.07556,17114,0.03575,19681,True
6124,0.01747,2021-01-22,2021,1,0,1426,0.00396,13482,0.02512,5200,0.01086,4698,True
1234,0.00352,2021-01-23,2021,1,0,584,0.00162,3554,0.00662,1549,0.00324,650,True
1,0.0,1900-01-01,1900,1,0,97,0.00027,4,1e-05,2,0.0,-96,True
0,0.0,2021-01-01,2021,1,0,0,0.0,1,0.0,1,0.0,0,True
1,0.0,2021-01-02,2021,1,0,0,0.0,1,0.0,0,0.0,1,True
0,0.0,2021-01-03,2021,1,0,0,0.0,0,0.0,0,0.0,0,True
22,6e-05,2020-12-04,2020,12,0,1,0.0,43,8e-05,50,0.0001,21,True
553,0.0015,2020-12-05,2020,12,0,716,0.00188,2274,0.00409,1404,0.00289,-163,True
1649,0.00449,2020-12-06,2020,12,0,10824,0.02837,3289,0.00591,2487,0.00512,-9175,True
2644,0.00719,2020-12-07,2020,12,0,32374,0.08486,6017,0.01082,3982,0.00819,-29730,True
4167,0.01134,2020-12-08,2020,12,0,86046,0.22554,10555,0.01897,6046,0.01244,-81879,True
5227,0.01422,2020-12-09,2020,12,0,52821,0.13845,10721,0.01927,6710,0.0138,-47594,True
6005,0.01634,2020-12-10,2020,12,0,26811,0.07027,11107,0.01997,9392,0.01932,-20806,True
9914,0.02697,2020-12-11,2020,12,0,22541,0.05908,14526,0.02611,15541,0.03196,-12627,True
13020,0.03542,2020-12-12,2020,12,0,20695,0.05424,17526,0.0315,20666,0.0425,-7675,True
16552,0.04503,2020-12-13,2020,12,0,22037,0.05776,21041,0.03782,24589,0.05057,-5485,True
20060,0.05458,2020-12-14,2020,12,0,21201,0.05557,26922,0.04839,31538,0.06487,-1141,True
25063,0.06819,2020-12-15,2020,12,0,19810,0.05192,31392,0.05643,40056,0.08238,5253,True
32745,0.08909,2020-12-16,2020,12,0,17682,0.04635,40634,0.07304,56432,0.11607,15063,True
47194,0.1284,2020-12-17,2020,12,0,16473,0.04318,70969,0.12757,71795,0.14766,30721,True
83603,0.22746,2020-12-18,2020,12,0,14459,0.0379,127660,0.22947,97374,0.20027,69144,True
37477,0.10196,2020-12-19,2020,12,0,7997,0.02096,62604,0.11253,38393,0.07896,29480,True
31778,0.08646,2020-12-20,2020,12,0,4065,0.01065,43513,0.07822,39157,0.08054,27713,True
22341,0.06078,2020-12-21,2020,12,0,3064,0.00803,37092,0.06667,14536,0.0299,19277,True
6267,0.01705,2020-12-22,2020,12,0,1295,0.00339,14424,0.02593,4824,0.00992,4972,True
1273,0.00346,2020-12-23,2020,12,0,527,0.00138,4010,0.00721,1234,0.00254,746,True
0,0.0,1900-01-01,1900,1,0,80,0.00021,3,1e-05,2,0.0,-80,True
0,0.0,2020-12-01,2020,12,0,0,0.0,0,0.0,0,0.0,0,True
0,0.0,2020-12-02,2020,12,0,0,0.0,0,0.0,0,0.0,0,True
0,0.0,2020-12-03,2020,12,0,0,0.0,0,0.0,0,0.0,0,True
25,5e-05,2020-11-04,2020,11,0,0,0.0,63,0.0001,36,6e-05,25,True
660,0.00138,2020-11-05,2020,11,0,735,0.00148,2914,0.00446,1772,0.00307,-75,True
1757,0.00368,2020-11-06,2020,11,0,12485,0.02509,3759,0.00576,3048,0.00529,-10728,True
3122,0.00655,2020-11-07,2020,11,0,39261,0.0789,7184,0.01101,4610,0.00799,-36139,True
5165,0.01083,2020-11-08,2020,11,0,100038,0.20104,11643,0.01784,6636,0.01151,-94873,True
6016,0.01262,2020-11-09,2020,11,0,62946,0.1265,11826,0.01812,8224,0.01426,-56930,True
7502,0.01573,2020-11-10,2020,11,0,34298,0.06893,12478,0.01912,11335,0.01966,-26796,True
12039,0.02525,2020-11-11,2020,11,0,32021,0.06435,16445,0.02519,19066,0.03307,-19982,True
17358,0.0364,2020-11-12,2020,11,0,32033,0.06437,20955,0.0321,26216,0.04546,-14675,True
21655,0.04541,2020-11-13,2020,11,0,32165,0.06464,26150,0.04006,32890,0.05704,-10510,True
25993,0.05451,2020-11-14,2020,11,0,27732,0.05573,32163,0.04927,40157,0.06964,-1739,True
33715,0.07071,2020-11-15,2020,11,0,27179,0.05462,36414,0.05579,49419,0.0857,6536,True
43525,0.09128,2020-11-16,2020,11,0,23988,0.04821,47806,0.07324,65055,0.11282,19537,True
58928,0.12358,2020-11-17,2020,11,0,24107,0.04845,82221,0.12596,86347,0.14975,34821,True
99726,0.20914,2020-11-18,2020,11,0,22463,0.04514,139263,0.21335,111576,0.1935,77263,True
47709,0.10005,2020-11-19,2020,11,0,12548,0.02522,66910,0.10251,42100,0.07301,35161,True
37936,0.07956,2020-11-20,2020,11,0,5645,0.01134,45965,0.07042,39630,0.06873,32291,True
33249,0.06973,2020-11-21,2020,11,0,3925,0.00789,44456,0.06811,17113,0.02968,29324,True
16690,0.035,2020-11-22,2020,11,0,2432,0.00489,31238,0.04786,8684,0.01506,14258,True
4061,0.00852,2020-11-23,2020,11,0,1454,0.00292,12866,0.01971,2701,0.00468,2607,True
4,1e-05,1900-01-01,1900,1,0,149,0.0003,13,2e-05,2,0.0,-145,True
0,0.0,2020-11-01,2020,11,0,1,0.0,2,0.0,3,1e-05,-1,True
0,0.0,2020-11-02,2020,11,0,0,0.0,1,0.0,0,0.0,0,True
0,0.0,2020-11-03,2020,11,0,0,0.0,0,0.0,0,0.0,0,True
45,0.0001,2020-10-04,2020,10,0,1,0.0,83,0.00013,51,9e-05,44,True
584,0.00125,2020-10-05,2020,10,0,765,0.00154,2697,0.00435,1811,0.00322,-181,True
1826,0.00391,2020-10-06,2020,10,0,12258,0.02467,3794,0.00612,3015,0.00535,-10432,True
2978,0.00638,2020-10-07,2020,10,0,37071,0.07461,7126,0.01149,4154,0.00738,-34093,True
4684,0.01003,2020-10-08,2020,10,0,91539,0.18423,11193,0.01804,6653,0.01181,-86855,True
5856,0.01254,2020-10-09,2020,10,0,56969,0.11466,11418,0.01841,7743,0.01375,-51113,True
7253,0.01554,2020-10-10,2020,10,0,32579,0.06557,12079,0.01947,11523,0.02046,-25326,True
11089,0.02375,2020-10-11,2020,10,0,33336,0.06709,16006,0.0258,19825,0.0352,-22247,True
15963,0.03419,2020-10-12,2020,10,0,33465,0.06735,19603,0.0316,26705,0.04742,-17502,True
20906,0.04478,2020-10-13,2020,10,0,33948,0.06832,24971,0.04025,34630,0.06149,-13042,True
25608,0.05485,2020-10-14,2020,10,0,30935,0.06226,30461,0.0491,42792,0.07598,-5327,True
32860,0.07038,2020-10-15,2020,10,0,29448,0.05927,35210,0.05676,49986,0.08875,3412,True
42876,0.09183,2020-10-16,2020,10,0,26073,0.05247,45118,0.07273,62994,0.11185,16803,True
57027,0.12214,2020-10-17,2020,10,0,25429,0.05118,77500,0.12493,81564,0.14482,31598,True
95468,0.20448,2020-10-18,2020,10,0,24279,0.04886,130053,0.20965,104177,0.18497,71189,True
47644,0.10205,2020-10-19,2020,10,0,13832,0.02784,63205,0.10189,39921,0.07088,33812,True
38401,0.08225,2020-10-20,2020,10,0,6322,0.01272,42977,0.06928,37574,0.06672,32079,True
33921,0.07265,2020-10-21,2020,10,0,4166,0.00838,41048,0.06617,15990,0.02839,29755,True
17453,0.03738,2020-10-22,2020,10,0,2658,0.00535,32049,0.05166,9191,0.01632,14795,True
4432,0.00949,2020-10-23,2020,10,0,1617,0.00325,13719,0.02212,2894,0.00514,2815,True
7,1e-05,1900-01-01,1900,1,0,176,0.00035,18,3e-05,4,1e-05,-169,True
0,0.0,2020-10-01,2020,10,0,4,1e-05,1,0.0,0,0.0,-4,True
0,0.0,2020-10-02,2020,10,0,0,0.0,0,0.0,0,0.0,0,True
0,0.0,2020-10-03,2020,10,0,0,0.0,0,0.0,0,0.0,0,True
39,0.0001,2020-09-04,2020,9,0,0,0.0,67,0.00012,26,5e-05,39,True
537,0.00144,2020-09-05,2020,9,0,933,0.00237,2427,0.00433,1799,0.0037,-396,True
1870,0.00501,2020-09-06,2020,9,0,11684,0.02965,3534,0.00631,2855,0.00586,-9814,True
2572,0.00689,2020-09-07,2020,9,0,34894,0.08856,6741,0.01203,3955,0.00812,-32322,True
3946,0.01057,2020-09-08,2020,9,0,86765,0.22021,10179,0.01817,6032,0.01239,-82819,True
5222,0.01399,2020-09-09,2020,9,0,50797,0.12892,10795,0.01927,7106,0.0146,-45575,True
6240,0.01672,2020-09-10,2020,9,0,27262,0.06919,10874,0.01941,9808,0.02015,-21022,True
8959,0.02401,2020-09-11,2020,9,0,23365,0.0593,13896,0.02481,16005,0.03288,-14406,True
11374,0.03048,2020-09-12,2020,9,0,21559,0.05472,16600,0.02964,20406,0.04192,-10185,True
15689,0.04204,2020-09-13,2020,9,0,22811,0.05789,21755,0.03884,25125,0.05161,-7122,True
18794,0.05036,2020-09-14,2020,9,0,21378,0.05426,26814,0.04787,30848,0.06337,-2584,True
23947,0.06417,2020-09-15,2020,9,0,20131,0.05109,30578,0.05459,38444,0.07897,3816,True
32104,0.08602,2020-09-16,2020,9,0,18019,0.04573,39877,0.07119,54024,0.11098,14085,True
47218,0.12652,2020-09-17,2020,9,0,18024,0.04574,73482,0.13119,71045,0.14594,29194,True
84339,0.22598,2020-09-18,2020,9,0,16494,0.04186,126915,0.22658,100347,0.20613,67845,True
39494,0.10582,2020-09-19,2020,9,0,9679,0.02457,60077,0.10725,39315,0.08076,29815,True
30581,0.08194,2020-09-20,2020,9,0,4448,0.01129,38868,0.06939,36357,0.07468,26133,True
25706,0.06888,2020-09-21,2020,9,0,2880,0.00731,35682,0.0637,14183,0.02913,22826,True
11801,0.03162,2020-09-22,2020,9,0,1715,0.00435,22310,0.03983,6991,0.01436,10086,True
2769,0.00742,2020-09-23,2020,9,0,1044,0.00265,8656,0.01545,2138,0.00439,1725,True
4,1e-05,1900-01-01,1900,1,0,131,0.00033,10,2e-05,0,0.0,-127,True
0,0.0,2020-09-01,2020,9,0,0,0.0,1,0.0,0,0.0,0,True
3,1e-05,2020-09-02,2020,9,0,1,0.0,0,0.0,0,0.0,2,True
0,0.0,2020-09-03,2020,9,0,0,0.0,0,0.0,0,0.0,0,True
29,7e-05,2020-08-04,2020,8,0,0,0.0,95,0.00017,26,6e-05,29,True
571,0.00145,2020-08-05,2020,8,0,944,0.00227,2646,0.00471,1584,0.00344,-373,True
1692,0.0043,2020-08-06,2020,8,0,11598,0.02793,3753,0.00668,2807,0.0061,-9906,True
2667,0.00677,2020-08-07,2020,8,0,33656,0.08106,6961,0.01239,3744,0.00814,-30989,True
4219,0.01072,2020-08-08,2020,8,0,85478,0.20587,10577,0.01883,6006,0.01306,-81259,True
6050,0.01537,2020-08-09,2020,8,0,52757,0.12707,11377,0.02025,6894,0.01499,-46707,True
7705,0.01957,2020-08-10,2020,8,0,30658,0.07384,11590,0.02063,9361,0.02036,-22953,True
10792,0.02741,2020-08-11,2020,8,0,26802,0.06455,14864,0.02646,15251,0.03317,-16010,True
13769,0.03497,2020-08-12,2020,8,0,24737,0.05958,18118,0.03225,19649,0.04273,-10968,True
16724,0.04247,2020-08-13,2020,8,0,25082,0.06041,22355,0.03979,24003,0.0522,-8358,True
20576,0.05226,2020-08-14,2020,8,0,22617,0.05447,27395,0.04876,28659,0.06233,-2041,True
25106,0.06376,2020-08-15,2020,8,0,20661,0.04976,30219,0.05379,34072,0.0741,4445,True
32652,0.08293,2020-08-16,2020,8,0,18914,0.04555,39120,0.06963,46746,0.10167,13738,True
46443,0.11795,2020-08-17,2020,8,0,18856,0.04541,70574,0.12562,65403,0.14224,27587,True
83863,0.21299,2020-08-18,2020,8,0,18168,0.04376,123096,0.21911,97359,0.21174,65695,True
40569,0.10304,2020-08-19,2020,8,0,11412,0.02749,58215,0.10362,37883,0.08239,29157,True
31509,0.08003,2020-08-20,2020,8,0,5358,0.0129,37539,0.06682,36117,0.07855,26151,True
28752,0.07302,2020-08-21,2020,8,0,3545,0.00854,35138,0.06255,14025,0.0305,25207,True
16117,0.04093,2020-08-22,2020,8,0,2329,0.00561,27062,0.04817,7911,0.01721,13788,True
3929,0.00998,2020-08-23,2020,8,0,1467,0.00353,11096,0.01975,2294,0.00499,2462,True
3,1e-05,1900-01-01,1900,1,0,154,0.00037,8,1e-05,3,1e-05,-151,True
0,0.0,2020-08-01,2020,8,0,0,0.0,2,0.0,0,0.0,0,True
1,0.0,2020-08-02,2020,8,0,2,0.0,0,0.0,0,0.0,-1,True
0,0.0,2020-08-03,2020,8,0,0,0.0,0,0.0,0,0.0,0,True
18,4e-05,2020-07-04,2020,7,0,0,0.0,106,0.00015,37,6e-05,18,True
571,0.00117,2020-07-05,2020,7,0,1090,0.00209,3000,0.00435,1806,0.00283,-519,True
1865,0.00382,2020-07-06,2020,7,0,13942,0.02669,4129,0.00598,3249,0.0051,-12077,True
3300,0.00676,2020-07-07,2020,7,0,44083,0.08439,8376,0.01214,4622,0.00725,-40783,True
4829,0.00989,2020-07-08,2020,7,0,108262,0.20724,12541,0.01817,7319,0.01148,-103433,True
6910,0.01415,2020-07-09,2020,7,0,65687,0.12574,12671,0.01836,8512,0.01335,-58777,True
8833,0.01809,2020-07-10,2020,7,0,36615,0.07009,13369,0.01937,12872,0.02019,-27782,True
12251,0.02509,2020-07-11,2020,7,0,34138,0.06535,17191,0.02491,22030,0.03455,-21887,True
15653,0.03205,2020-07-12,2020,7,0,31361,0.06003,21466,0.0311,29724,0.04662,-15708,True
20971,0.04294,2020-07-13,2020,7,0,31058,0.05945,26896,0.03897,39306,0.06165,-10087,True
24846,0.05088,2020-07-14,2020,7,0,27843,0.0533,33292,0.04824,46128,0.07234,-2997,True
31675,0.06486,2020-07-15,2020,7,0,25313,0.04846,36532,0.05294,53377,0.08371,6362,True
42179,0.08637,2020-07-16,2020,7,0,24005,0.04595,47633,0.06902,70048,0.10986,18174,True
58104,0.11898,2020-07-17,2020,7,0,24635,0.04716,85634,0.12408,94119,0.14761,33469,True
101760,0.20837,2020-07-18,2020,7,0,24393,0.0467,152108,0.22041,123047,0.19298,77367,True
49466,0.10129,2020-07-19,2020,7,0,14575,0.0279,68687,0.09953,45881,0.07196,34891,True
40159,0.08223,2020-07-20,2020,7,0,6492,0.01243,46481,0.06735,42022,0.06591,33667,True
38050,0.07791,2020-07-21,2020,7,0,4142,0.00793,45720,0.06625,18521,0.02905,33908,True
21701,0.04444,2020-07-22,2020,7,0,2721,0.00521,38036,0.05511,11423,0.01792,18980,True
5213,0.01067,2020-07-23,2020,7,0,1817,0.00348,16248,0.02354,3565,0.00559,3396,True
1,0.0,1900-01-01,1900,1,0,216,0.00041,13,2e-05,2,0.0,-215,True
0,0.0,2020-07-01,2020,7,0,0,0.0,0,0.0,2,0.0,0,True
0,0.0,2020-07-02,2020,7,0,0,0.0,0,0.0,0,0.0,0,True
0,0.0,2020-07-03,2020,7,0,0,0.0,0,0.0,0,0.0,0,True
13,3e-05,2020-06-04,2020,6,0,0,0.0,75,0.00011,32,5e-05,13,True
565,0.00122,2020-06-05,2020,6,0,1118,0.00227,2830,0.00424,1905,0.00313,-553,True
1777,0.00384,2020-06-06,2020,6,0,13227,0.02685,3811,0.00572,2930,0.00481,-11450,True
2825,0.00611,2020-06-07,2020,6,0,42666,0.0866,7964,0.01195,4505,0.0074,-39841,True
4626,0.01,2020-06-08,2020,6,0,103601,0.21029,11429,0.01714,7015,0.01152,-98975,True
6236,0.01348,2020-06-09,2020,6,0,64247,0.13041,11938,0.01791,8371,0.01375,-58011,True
8079,0.01747,2020-06-10,2020,6,0,35555,0.07217,12496,0.01874,12521,0.02056,-27476,True
11570,0.02502,2020-06-11,2020,6,0,30982,0.06289,16544,0.02482,21995,0.03612,-19412,True
14869,0.03215,2020-06-12,2020,6,0,29945,0.06078,20801,0.0312,29286,0.04809,-15076,True
18902,0.04087,2020-06-13,2020,6,0,28183,0.05721,25909,0.03886,36897,0.06058,-9281,True
23710,0.05127,2020-06-14,2020,6,0,25308,0.05137,31478,0.04722,43887,0.07206,-1598,True
30316,0.06555,2020-06-15,2020,6,0,24663,0.05006,34780,0.05217,50378,0.08272,5653,True
39425,0.08525,2020-06-16,2020,6,0,21809,0.04427,46258,0.06939,65468,0.1075,17616,True
54503,0.11785,2020-06-17,2020,6,0,22239,0.04514,81872,0.12281,89293,0.14662,32264,True
97059,0.20987,2020-06-18,2020,6,0,22154,0.04497,145902,0.21885,117163,0.19238,74905,True
47948,0.10368,2020-06-19,2020,6,0,13177,0.02675,69195,0.10379,44632,0.07329,34771,True
39148,0.08465,2020-06-20,2020,6,0,6366,0.01292,45588,0.06838,40458,0.06643,32782,True
36451,0.07882,2020-06-21,2020,6,0,3609,0.00733,45801,0.0687,18058,0.02965,32842,True
19843,0.04291,2020-06-22,2020,6,0,2231,0.00453,36464,0.0547,10869,0.01785,17612,True
4605,0.00996,2020-06-23,2020,6,0,1381,0.0028,15526,0.02329,3348,0.0055,3224,True
0,0.0,1900-01-01,1900,1,0,204,0.00041,11,2e-05,2,0.0,-204,True
0,0.0,2020-06-01,2020,6,0,0,0.0,0,0.0,0,0.0,0,True
0,0.0,2020-06-02,2020,6,0,0,0.0,0,0.0,0,0.0,0,True
0,0.0,2020-06-03,2020,6,0,0,0.0,0,0.0,0,0.0,0,True
34,8e-05,2020-05-04,2020,5,0,0,0.0,71,0.00011,24,4e-05,34,True
546,0.00125,2020-05-05,2020,5,0,1065,0.0023,2590,0.00419,1966,0.00327,-519,True
1741,0.004,2020-05-06,2020,5,0,11375,0.02452,3604,0.00583,3042,0.00506,-9634,True
2355,0.00541,2020-05-07,2020,5,0,33516,0.07224,6979,0.0113,4459,0.00742,-31161,True
4063,0.00933,2020-05-08,2020,5,0,89079,0.19199,10813,0.0175,6622,0.01103,-85016,True
5795,0.01331,2020-05-09,2020,5,0,57261,0.12341,11252,0.01821,7843,0.01306,-51466,True
7607,0.01747,2020-05-10,2020,5,0,34007,0.0733,12358,0.02001,11841,0.01971,-26400,True
10596,0.02433,2020-05-11,2020,5,0,31998,0.06897,15935,0.0258,20358,0.0339,-21402,True
13559,0.03114,2020-05-12,2020,5,0,30671,0.0661,20150,0.03262,28609,0.04763,-17112,True
18453,0.04237,2020-05-13,2020,5,0,30974,0.06676,25975,0.04205,37559,0.06253,-12521,True
23990,0.05509,2020-05-14,2020,5,0,27907,0.06015,30950,0.0501,45430,0.07564,-3917,True
29923,0.06871,2020-05-15,2020,5,0,25355,0.05465,34803,0.05634,54260,0.09034,4568,True
37266,0.08558,2020-05-16,2020,5,0,22897,0.04935,43717,0.07077,67837,0.11295,14369,True
50566,0.11612,2020-05-17,2020,5,0,21429,0.04619,72837,0.11791,88327,0.14706,29137,True
88719,0.20373,2020-05-18,2020,5,0,20742,0.04471,129144,0.20906,109269,0.18193,67977,True
45602,0.10472,2020-05-19,2020,5,0,12388,0.0267,63282,0.10244,42669,0.07104,33214,True
37514,0.08614,2020-05-20,2020,5,0,5975,0.01288,42885,0.06942,39986,0.06657,31539,True
34245,0.07864,2020-05-21,2020,5,0,3621,0.0078,42218,0.06834,16733,0.02786,30624,True
18571,0.04265,2020-05-22,2020,5,0,2131,0.00459,33599,0.05439,10343,0.01722,16440,True
4331,0.00995,2020-05-23,2020,5,0,1395,0.00301,14573,0.02359,3433,0.00572,2936,True
1,0.0,1900-01-01,1900,1,0,188,0.00041,5,1e-05,6,1e-05,-187,True
0,0.0,2020-05-01,2020,5,0,0,0.0,0,0.0,1,0.0,0,True
0,0.0,2020-05-02,2020,5,0,0,0.0,0,0.0,0,0.0,0,True
0,0.0,2020-05-03,2020,5,0,0,0.0,0,0.0,0,0.0,0,True
31,8e-05,2020-04-04,2020,4,0,0,0.0,56,0.0001,32,6e-05,31,True
445,0.00117,2020-04-05,2020,4,0,922,0.00228,2337,0.00403,1698,0.00323,-477,True
1797,0.00472,2020-04-06,2020,4,0,10702,0.02651,3350,0.00578,2699,0.00514,-8905,True
2472,0.0065,2020-04-07,2020,4,0,31471,0.07795,6491,0.0112,3671,0.00699,-28999,True
3622,0.00952,2020-04-08,2020,4,0,83215,0.20611,9769,0.01685,5914,0.01126,-79593,True
5101,0.01341,2020-04-09,2020,4,0,55944,0.13856,10596,0.01828,6942,0.01321,-50843,True
6480,0.01704,2020-04-10,2020,4,0,30211,0.07483,10913,0.01882,9679,0.01842,-23731,True
8783,0.02309,2020-04-11,2020,4,0,26145,0.06476,13937,0.02404,16232,0.0309,-17362,True
10748,0.02826,2020-04-12,2020,4,0,24431,0.06051,17029,0.02937,22146,0.04216,-13683,True
14130,0.03715,2020-04-13,2020,4,0,25199,0.06241,22149,0.0382,28794,0.05481,-11069,True
18834,0.04952,2020-04-14,2020,4,0,23139,0.05731,27803,0.04795,34444,0.06557,-4305,True
24449,0.06428,2020-04-15,2020,4,0,20159,0.04993,31147,0.05372,43080,0.082,4290,True
31372,0.08248,2020-04-16,2020,4,0,18264,0.04524,40834,0.07043,59994,0.1142,13108,True
46175,0.1214,2020-04-17,2020,4,0,16785,0.04157,71723,0.12371,81113,0.1544,29390,True
81194,0.21346,2020-04-18,2020,4,0,16483,0.04083,127858,0.22053,104939,0.19976,64711,True
43192,0.11355,2020-04-19,2020,4,0,9704,0.02404,63473,0.10948,40562,0.07721,33488,True
33237,0.08738,2020-04-20,2020,4,0,4821,0.01194,40305,0.06952,37340,0.07108,28416,True
28570,0.07511,2020-04-21,2020,4,0,3093,0.00766,37252,0.06425,14444,0.02749,25477,True
16255,0.04274,2020-04-22,2020,4,0,1713,0.00424,30412,0.05245,8866,0.01688,14542,True
3474,0.00913,2020-04-23,2020,4,0,1154,0.00286,12344,0.02129,2739,0.00521,2320,True
5,1e-05,1900-01-01,1900,1,0,188,0.00047,5,1e-05,6,1e-05,-183,True
0,0.0,2020-04-01,2020,4,0,0,0.0,0,0.0,0,0.0,0,True
0,0.0,2020-04-02,2020,4,0,0,0.0,0,0.0,0,0.0,0,True
0,0.0,2020-04-03,2020,4,0,0,0.0,0,0.0,0,0.0,0,True
34,9e-05,2020-03-04,2020,3,0,0,0.0,94,0.00016,29,6e-05,34,True
516,0.0014,2020-03-05,2020,3,0,977,0.00254,2529,0.00438,1961,0.00408,-461,True
1974,0.00536,2020-03-06,2020,3,0,11156,0.02899,3257,0.00565,2601,0.00542,-9182,True
2418,0.00657,2020-03-07,2020,3,0,32158,0.08355,6261,0.01085,3831,0.00798,-29740,True
3508,0.00953,2020-03-08,2020,3,0,88385,0.22964,9428,0.01634,5763,0.012,-84877,True
5148,0.01398,2020-03-09,2020,3,0,55624,0.14452,10314,0.01788,6231,0.01298,-50476,True
6337,0.01721,2020-03-10,2020,3,0,28603,0.07432,9581,0.01661,8660,0.01804,-22266,True
8036,0.02183,2020-03-11,2020,3,0,22777,0.05918,12688,0.02199,13431,0.02797,-14741,True
9728,0.02643,2020-03-12,2020,3,0,21392,0.05558,14861,0.02576,16819,0.03503,-11664,True
12623,0.03429,2020-03-13,2020,3,0,21028,0.05463,19114,0.03313,20905,0.04354,-8405,True
17144,0.04657,2020-03-14,2020,3,0,19780,0.05139,24584,0.04261,25904,0.05395,-2636,True
21428,0.05821,2020-03-15,2020,3,0,18149,0.04715,28185,0.04886,34297,0.07143,3279,True
27915,0.07583,2020-03-16,2020,3,0,15821,0.04111,38246,0.0663,52790,0.10995,12094,True
44344,0.12046,2020-03-17,2020,3,0,14957,0.03886,69015,0.11963,76668,0.15968,29387,True
82761,0.22481,2020-03-18,2020,3,0,14065,0.03654,136473,0.23656,107933,0.2248,68696,True
42557,0.1156,2020-03-19,2020,3,0,8826,0.02293,69184,0.11992,40374,0.08409,33731,True
31012,0.08424,2020-03-20,2020,3,0,4464,0.0116,40063,0.06945,36296,0.0756,26548,True
28109,0.07636,2020-03-21,2020,3,0,3357,0.00872,37603,0.06518,13537,0.02819,24752,True
16654,0.04524,2020-03-22,2020,3,0,1857,0.00482,27898,0.04836,8318,0.01732,14797,True
5341,0.01451,2020-03-23,2020,3,0,1056,0.00274,14547,0.02522,3343,0.00696,4285,True
545,0.00148,1900-01-01,1900,1,0,436,0.00113,2972,0.00515,433,0.0009,109,True
1,0.0,2020-03-01,2020,3,0,17,4e-05,2,0.0,1,0.0,-16,True
0,0.0,2020-03-02,2020,3,0,0,0.0,0,0.0,0,0.0,0,True
0,0.0,2020-03-03,2020,3,0,0,0.0,0,0.0,0,0.0,0,True
40,6e-05,2020-02-04,2020,2,0,0,0.0,75,0.00011,35,6e-05,40,True
1135,0.00168,2020-02-05,2020,2,0,1164,0.00163,3090,0.00446,2162,0.00359,-29,True
2802,0.00416,2020-02-06,2020,2,0,13632,0.01905,4110,0.00593,3276,0.00544,-10830,True
4541,0.00673,2020-02-07,2020,2,0,37813,0.05283,8286,0.01196,4973,0.00826,-33272,True
8522,0.01264,2020-02-08,2020,2,0,110638,0.15458,13512,0.0195,8015,0.01331,-102116,True
17419,0.02583,2020-02-09,2020,2,0,76914,0.10747,15630,0.02256,10668,0.01771,-59495,True
23996,0.03558,2020-02-10,2020,2,0,45786,0.06397,16690,0.02409,14271,0.02369,-21790,True
27604,0.04093,2020-02-11,2020,2,0,39903,0.05575,19875,0.02869,20715,0.03439,-12299,True
27772,0.04118,2020-02-12,2020,2,0,42270,0.05906,22077,0.03186,24746,0.04108,-14498,True
30624,0.04541,2020-02-13,2020,2,0,45238,0.06321,27566,0.03979,30950,0.05138,-14614,True
34819,0.05163,2020-02-14,2020,2,0,41153,0.0575,32433,0.04681,35690,0.05925,-6334,True
39091,0.05797,2020-02-15,2020,2,0,41983,0.05866,36023,0.05199,42696,0.07088,-2892,True
46419,0.06883,2020-02-16,2020,2,0,41940,0.0586,44148,0.06372,59302,0.09845,4479,True
64454,0.09558,2020-02-17,2020,2,0,42724,0.05969,74501,0.10753,91697,0.15223,21730,True
112211,0.1664,2020-02-18,2020,2,0,40684,0.05684,147491,0.21287,122556,0.20346,71527,True
62759,0.09307,2020-02-19,2020,2,0,33252,0.04646,75259,0.10862,49986,0.08298,29507,True
51488,0.07635,2020-02-20,2020,2,0,23050,0.03221,47332,0.06831,43561,0.07232,28438,True
50481,0.07486,2020-02-21,2020,2,0,17475,0.02442,47203,0.06813,19674,0.03266,33006,True
46075,0.06832,2020-02-22,2020,2,0,10836,0.01514,35649,0.05145,11923,0.01979,35239,True
20546,0.03047,2020-02-23,2020,2,0,6813,0.00952,18241,0.02633,4821,0.008,13733,True
1558,0.00231,1900-01-01,1900,1,0,2343,0.00327,3668,0.00529,641,0.00106,-785,True
0,0.0,2020-02-01,2020,2,0,99,0.00014,1,0.0,0,0.0,-99,True
0,0.0,2020-02-02,2020,2,0,0,0.0,0,0.0,0,0.0,0,True
0,0.0,2020-02-03,2020,2,0,0,0.0,0,0.0,0,0.0,0,True
44,4e-05,2020-01-04,2020,1,0,0,0.0,79,0.0001,41,5e-05,44,True
1252,0.00124,2020-01-05,2020,1,0,1284,0.00118,3422,0.00412,2074,0.0026,-32,True
3325,0.00329,2020-01-06,2020,1,0,16368,0.01506,4832,0.00582,3645,0.00457,-13043,True
5630,0.00557,2020-01-07,2020,1,0,43947,0.04043,9656,0.01162,5741,0.00719,-38317,True
10919,0.0108,2020-01-08,2020,1,0,121440,0.11171,15816,0.01904,9570,0.01199,-110521,True
22014,0.02177,2020-01-09,2020,1,0,92164,0.08478,19599,0.02359,13492,0.01691,-70150,True
32023,0.03167,2020-01-10,2020,1,0,63827,0.05871,21733,0.02616,19719,0.02471,-31804,True
37079,0.03667,2020-01-11,2020,1,0,71159,0.06546,26043,0.03135,28889,0.0362,-34080,True
38843,0.03842,2020-01-12,2020,1,0,74974,0.06897,30554,0.03678,37491,0.04698,-36131,True
46261,0.04576,2020-01-13,2020,1,0,80602,0.07415,37799,0.0455,49067,0.06149,-34341,True
55780,0.05517,2020-01-14,2020,1,0,74903,0.0689,43712,0.05262,60762,0.07614,-19123,True
64866,0.06416,2020-01-15,2020,1,0,75939,0.06986,50732,0.06107,68473,0.08581,-11073,True
76535,0.0757,2020-01-16,2020,1,0,75947,0.06986,58732,0.0707,80466,0.10084,588,True
96835,0.09578,2020-01-17,2020,1,0,76088,0.06999,88504,0.10653,118305,0.14826,20747,True
144235,0.14266,2020-01-18,2020,1,0,72182,0.0664,155550,0.18724,125798,0.15765,72053,True
95153,0.09412,2020-01-19,2020,1,0,53234,0.04897,82437,0.09923,61000,0.07644,41919,True
81957,0.08106,2020-01-20,2020,1,0,35902,0.03303,56269,0.06773,63534,0.07962,46055,True
84004,0.08309,2020-01-21,2020,1,0,26808,0.02466,54944,0.06614,26869,0.03367,57196,True
77508,0.07666,2020-01-22,2020,1,0,17188,0.01581,43536,0.05241,16065,0.02013,60320,True
34421,0.03405,2020-01-23,2020,1,0,9927,0.00913,22314,0.02686,6056,0.00759,24494,True
2326,0.0023,1900-01-01,1900,1,0,3071,0.00283,4478,0.00539,919,0.00115,-745,True
8,1e-05,2020-01-01,2020,1,0,116,0.00011,13,2e-05,5,1e-05,-108,True
0,0.0,2020-01-02,2020,1,0,0,0.0,0,0.0,0,0.0,0,True
0,0.0,2020-01-03,2020,1,0,0,0.0,0,0.0,0,0.0,0,True
74,6e-05,2019-12-04,2019,12,0,2,0.0,76,8e-05,59,6e-05,72,True
1576,0.00125,2019-12-05,2019,12,0,1329,0.00097,3693,0.00378,2447,0.00259,247,True
3983,0.00316,2019-12-06,2019,12,0,17551,0.01281,5449,0.00558,4026,0.00426,-13568,True
6583,0.00523,2019-12-07,2019,12,0,52668,0.03843,10981,0.01124,6780,0.00718,-46085,True
12987,0.01032,2019-12-08,2019,12,0,133428,0.09735,17895,0.01832,11006,0.01165,-120441,True
26699,0.02121,2019-12-09,2019,12,0,102877,0.07506,22089,0.02261,16034,0.01697,-76178,True
37990,0.03018,2019-12-10,2019,12,0,79119,0.05773,26201,0.02682,23278,0.02464,-41129,True
46355,0.03683,2019-12-11,2019,12,0,92727,0.06766,32782,0.03355,36255,0.03838,-46372,True
48782,0.03876,2019-12-12,2019,12,0,95636,0.06978,36753,0.03762,46951,0.0497,-46854,True
58335,0.04635,2019-12-13,2019,12,0,100750,0.07351,46326,0.04742,62168,0.0658,-42415,True
71046,0.05644,2019-12-14,2019,12,0,93429,0.06817,53267,0.05452,77049,0.08156,-22383,True
83033,0.06597,2019-12-15,2019,12,0,96754,0.07059,59125,0.06052,86708,0.09178,-13721,True
95076,0.07554,2019-12-16,2019,12,0,99717,0.07276,70375,0.07203,98333,0.10408,-4641,True
114666,0.0911,2019-12-17,2019,12,0,107214,0.07823,100439,0.1028,137374,0.14541,7452,True
160508,0.12752,2019-12-18,2019,12,0,101737,0.07423,163497,0.16735,137661,0.14571,58771,True
114840,0.09124,2019-12-19,2019,12,0,73765,0.05382,91047,0.09319,66815,0.07072,41075,True
107069,0.08506,2019-12-20,2019,12,0,47758,0.03485,67597,0.06919,69810,0.07389,59311,True
112992,0.08977,2019-12-21,2019,12,0,34166,0.02493,70897,0.07257,32479,0.03438,78826,True
105653,0.08394,2019-12-22,2019,12,0,21675,0.01581,59190,0.06058,19687,0.02084,83978,True
46414,0.03688,2019-12-23,2019,12,0,13607,0.00993,32335,0.0331,8498,0.009,32807,True
3911,0.00311,1900-01-01,1900,1,0,3938,0.00287,6898,0.00706,1278,0.00135,-27,True
106,8e-05,2019-12-01,2019,12,0,690,0.0005,78,8e-05,49,5e-05,-584,True
0,0.0,2019-12-02,2019,12,0,34,2e-05,0,0.0,0,0.0,-34,True
0,0.0,2019-12-03,2019,12,0,0,0.0,0,0.0,0,0.0,0,True
47,4e-05,2019-11-04,2019,11,0,1,0.0,83,8e-05,54,6e-05,46,True
1664,0.00139,2019-11-05,2019,11,0,1360,0.00106,3825,0.00377,2682,0.00285,304,True
3954,0.00331,2019-11-06,2019,11,0,17000,0.01327,5470,0.00539,4188,0.00446,-13046,True
6986,0.00584,2019-11-07,2019,11,0,53503,0.04175,11756,0.01158,6910,0.00735,-46517,True
15425,0.0129,2019-11-08,2019,11,0,144486,0.11274,19597,0.01931,11705,0.01246,-129061,True
29189,0.02442,2019-11-09,2019,11,0,110757,0.08642,23947,0.0236,16501,0.01756,-81568,True
36631,0.03064,2019-11-10,2019,11,0,75301,0.05876,26922,0.02653,23343,0.02484,-38670,True
42663,0.03569,2019-11-11,2019,11,0,83900,0.06547,31019,0.03057,35349,0.03762,-41237,True
46761,0.03912,2019-11-12,2019,11,0,90371,0.07052,36187,0.03566,46435,0.04941,-43610,True
54441,0.04554,2019-11-13,2019,11,0,90821,0.07087,46821,0.04614,62555,0.06657,-36380,True
65914,0.05514,2019-11-14,2019,11,0,82051,0.06402,54104,0.05331,75730,0.08059,-16137,True
81519,0.06819,2019-11-15,2019,11,0,87119,0.06798,63176,0.06225,86031,0.09155,-5600,True
93765,0.07844,2019-11-16,2019,11,0,85166,0.06645,75111,0.07401,97058,0.10329,8599,True
111332,0.09313,2019-11-17,2019,11,0,97080,0.07575,107740,0.10617,137020,0.14581,14252,True
159787,0.13367,2019-11-18,2019,11,0,91405,0.07132,176904,0.17432,143437,0.15264,68382,True
106689,0.08925,2019-11-19,2019,11,0,64550,0.05037,95743,0.09434,66838,0.07113,42139,True
96943,0.0811,2019-11-20,2019,11,0,41438,0.03233,70042,0.06902,67332,0.07165,55505,True
103048,0.0862,2019-11-21,2019,11,0,30312,0.02365,71847,0.0708,30492,0.03245,72736,True
95856,0.08019,2019-11-22,2019,11,0,19188,0.01497,56283,0.05546,17747,0.01889,76668,True
40144,0.03358,2019-11-23,2019,11,0,11853,0.00925,31731,0.03127,7361,0.00783,28291,True
2662,0.00223,1900-01-01,1900,1,0,3737,0.00292,6509,0.00641,929,0.00099,-1075,True
2,0.0,2019-11-01,2019,11,0,165,0.00013,2,0.0,0,0.0,-163,True
0,0.0,2019-11-02,2019,11,0,0,0.0,0,0.0,0,0.0,0,True
0,0.0,2019-11-03,2019,11,0,0,0.0,0,0.0,0,0.0,0,True
35,3e-05,2019-10-04,2019,10,0,0,0.0,102,0.0001,47,5e-05,35,True
1819,0.00145,2019-10-05,2019,10,0,1359,0.00101,4110,0.00399,2992,0.003,460,True
4422,0.00353,2019-10-06,2019,10,0,17329,0.01285,5885,0.00571,4475,0.00449,-12907,True
7480,0.00597,2019-10-07,2019,10,0,56951,0.04223,12708,0.01233,7436,0.00746,-49471,True
17054,0.01361,2019-10-08,2019,10,0,147707,0.10954,20253,0.01964,12179,0.01222,-130653,True
32140,0.02565,2019-10-09,2019,10,0,110594,0.08202,25634,0.02486,17759,0.01782,-78454,True
39135,0.03123,2019-10-10,2019,10,0,79291,0.0588,27559,0.02673,25531,0.02562,-40156,True
45033,0.03593,2019-10-11,2019,10,0,91200,0.06763,32026,0.03106,37801,0.03794,-46167,True
47779,0.03813,2019-10-12,2019,10,0,97002,0.07194,37357,0.03623,49664,0.04984,-49223,True
58365,0.04657,2019-10-13,2019,10,0,95493,0.07082,47248,0.04583,67792,0.06803,-37128,True
70105,0.05594,2019-10-14,2019,10,0,86912,0.06445,54249,0.05262,84159,0.08446,-16807,True
84287,0.06726,2019-10-15,2019,10,0,90390,0.06703,62462,0.06058,93748,0.09408,-6103,True
97430,0.07775,2019-10-16,2019,10,0,91839,0.06811,74889,0.07264,104835,0.10521,5591,True
115758,0.09237,2019-10-17,2019,10,0,99537,0.07382,108402,0.10514,143572,0.14408,16221,True
163830,0.13073,2019-10-18,2019,10,0,94283,0.06992,181066,0.17562,148332,0.14886,69547,True
112702,0.08993,2019-10-19,2019,10,0,70603,0.05236,98541,0.09558,70502,0.07075,42099,True
101917,0.08133,2019-10-20,2019,10,0,45054,0.03341,70702,0.06857,67793,0.06803,56863,True
107212,0.08555,2019-10-21,2019,10,0,33588,0.02491,70893,0.06876,30835,0.03094,73624,True
100963,0.08056,2019-10-22,2019,10,0,21632,0.01604,57755,0.05602,18415,0.01848,79331,True
42996,0.03431,2019-10-23,2019,10,0,13603,0.01009,32746,0.03176,7700,0.00773,29393,True
2729,0.00218,1900-01-01,1900,1,0,3903,0.00289,6439,0.00625,879,0.00088,-1174,True
1,0.0,2019-10-01,2019,10,0,171,0.00013,2,0.0,2,0.0,-170,True
0,0.0,2019-10-02,2019,10,0,0,0.0,0,0.0,0,0.0,0,True
0,0.0,2019-10-03,2019,10,0,0,0.0,0,0.0,0,0.0,0,True
40,4e-05,2019-09-04,2019,9,0,0,0.0,84,9e-05,37,4e-05,40,True
1523,0.00139,2019-09-05,2019,9,0,1206,0.00102,3762,0.00412,2449,0.00294,317,True
3455,0.00316,2019-09-06,2019,9,0,15294,0.01297,5054,0.00553,3978,0.00477,-11839,True
6088,0.00557,2019-09-07,2019,9,0,50316,0.04268,11428,0.0125,6182,0.00742,-44228,True
13434,0.01229,2019-09-08,2019,9,0,135415,0.11485,17453,0.01909,10353,0.01242,-121981,True
27057,0.02474,2019-09-09,2019,9,0,97214,0.08245,21573,0.0236,15118,0.01814,-70157,True
34075,0.03116,2019-09-10,2019,9,0,67332,0.05711,23923,0.02617,21544,0.02584,-33257,True
40299,0.03685,2019-09-11,2019,9,0,75153,0.06374,28262,0.03092,32592,0.0391,-34854,True
42851,0.03919,2019-09-12,2019,9,0,85465,0.07249,32848,0.03593,42698,0.05122,-42614,True
49512,0.04528,2019-09-13,2019,9,0,84236,0.07145,41286,0.04517,55269,0.0663,-34724,True
59765,0.05466,2019-09-14,2019,9,0,78417,0.06651,48881,0.05347,67236,0.08066,-18652,True
75454,0.069,2019-09-15,2019,9,0,80957,0.06867,56255,0.06154,73470,0.08813,-5503,True
88075,0.08055,2019-09-16,2019,9,0,79797,0.06768,68810,0.07528,81637,0.09793,8278,True
103313,0.09448,2019-09-17,2019,9,0,87254,0.07401,96449,0.10551,117364,0.14079,16059,True
145075,0.13267,2019-09-18,2019,9,0,80700,0.06845,161411,0.17658,128174,0.15376,64375,True
97434,0.0891,2019-09-19,2019,9,0,59995,0.05089,87188,0.09538,62081,0.07447,37439,True
87180,0.07973,2019-09-20,2019,9,0,39344,0.03337,61931,0.06775,62188,0.0746,47836,True
92505,0.0846,2019-09-21,2019,9,0,28123,0.02385,61996,0.06782,27188,0.03261,64382,True
86945,0.07951,2019-09-22,2019,9,0,18060,0.01532,49720,0.05439,16332,0.01959,68885,True
36924,0.03377,2019-09-23,2019,9,0,11017,0.00934,29564,0.03234,6885,0.00826,25907,True
2443,0.00223,1900-01-01,1900,1,0,3557,0.00302,6216,0.0068,835,0.001,-1114,True
29,3e-05,2019-09-01,2019,9,0,160,0.00014,15,2e-05,7,1e-05,-131,True
0,0.0,2019-09-02,2019,9,0,0,0.0,0,0.0,0,0.0,0,True
0,0.0,2019-09-03,2019,9,0,0,0.0,0,0.0,0,0.0,0,True
37,3e-05,2019-08-04,2019,8,0,0,0.0,86,0.0001,56,6e-05,37,True
1632,0.00147,2019-08-05,2019,8,0,1325,0.00109,3734,0.00427,2398,0.00271,307,True
3409,0.00306,2019-08-06,2019,8,0,16381,0.01352,5161,0.0059,4096,0.00462,-12972,True
5946,0.00534,2019-08-07,2019,8,0,48643,0.04015,11282,0.01289,6549,0.00739,-42697,True
13594,0.01222,2019-08-08,2019,8,0,129185,0.10664,17503,0.02,10547,0.0119,-115591,True
30433,0.02735,2019-08-09,2019,8,0,95607,0.07892,24196,0.02765,16677,0.01882,-65174,True
40845,0.03671,2019-08-10,2019,8,0,69558,0.05742,26358,0.03012,25159,0.0284,-28713,True
44362,0.03987,2019-08-11,2019,8,0,79841,0.06591,30365,0.0347,36797,0.04153,-35479,True
44652,0.04013,2019-08-12,2019,8,0,82899,0.06843,33144,0.03788,47123,0.05319,-38247,True
51877,0.04662,2019-08-13,2019,8,0,88849,0.07334,39705,0.04538,59283,0.06691,-36972,True
60396,0.05428,2019-08-14,2019,8,0,81401,0.06719,44242,0.05056,70008,0.07902,-21005,True
70998,0.06381,2019-08-15,2019,8,0,82022,0.06771,49237,0.05627,76714,0.08659,-11024,True
84101,0.07559,2019-08-16,2019,8,0,82722,0.06829,59036,0.06747,86127,0.09721,1379,True
100628,0.09044,2019-08-17,2019,8,0,85631,0.07069,91271,0.10431,124118,0.14009,14997,True
146829,0.13196,2019-08-18,2019,8,0,84232,0.06953,162130,0.1853,136292,0.15383,62597,True
101444,0.09117,2019-08-19,2019,8,0,65238,0.05385,85297,0.09749,66124,0.07463,36206,True
88862,0.07986,2019-08-20,2019,8,0,45807,0.03781,58363,0.0667,64900,0.07325,43055,True
91813,0.08252,2019-08-21,2019,8,0,33331,0.02751,57680,0.06592,28735,0.03243,58482,True
87218,0.07839,2019-08-22,2019,8,0,22044,0.0182,46388,0.05302,16784,0.01894,65174,True
40989,0.03684,2019-08-23,2019,8,0,12652,0.01044,25146,0.02874,6639,0.00749,28337,True
2592,0.00233,1900-01-01,1900,1,0,3868,0.00319,4628,0.00529,844,0.00095,-1276,True
5,0.0,2019-08-01,2019,8,0,179,0.00015,4,0.0,0,0.0,-174,True
0,0.0,2019-08-02,2019,8,0,0,0.0,0,0.0,0,0.0,0,True
0,0.0,2019-08-03,2019,8,0,0,0.0,0,0.0,0,0.0,0,True
25,2e-05,2019-07-04,2019,7,0,4,0.0,77,8e-05,59,6e-05,21,True
1500,0.00138,2019-07-05,2019,7,0,1527,0.00129,3679,0.00396,2448,0.0026,-27,True
3497,0.00321,2019-07-06,2019,7,0,17938,0.01511,5199,0.0056,4097,0.00435,-14441,True
6227,0.00572,2019-07-07,2019,7,0,55810,0.04702,11997,0.01293,6728,0.00714,-49583,True
14110,0.01295,2019-07-08,2019,7,0,139728,0.11772,18204,0.01961,10943,0.01161,-125618,True
27843,0.02556,2019-07-09,2019,7,0,101811,0.08578,23750,0.02559,16288,0.01728,-73968,True
37124,0.03408,2019-07-10,2019,7,0,70046,0.05901,25837,0.02784,24603,0.02611,-32922,True
41499,0.0381,2019-07-11,2019,7,0,78958,0.06652,30066,0.03239,36925,0.03918,-37459,True
43882,0.04028,2019-07-12,2019,7,0,76221,0.06422,34407,0.03707,48706,0.05168,-32339,True
50253,0.04613,2019-07-13,2019,7,0,85768,0.07226,41556,0.04477,63208,0.06707,-35515,True
58946,0.05411,2019-07-14,2019,7,0,75897,0.06394,46767,0.05039,73977,0.0785,-16951,True
69085,0.06342,2019-07-15,2019,7,0,76112,0.06412,51457,0.05544,81886,0.08689,-7027,True
79269,0.07277,2019-07-16,2019,7,0,77862,0.0656,62996,0.06788,95187,0.10101,1407,True
99330,0.09118,2019-07-17,2019,7,0,79283,0.0668,97290,0.10483,137707,0.14613,20047,True
153373,0.1408,2019-07-18,2019,7,0,78943,0.06651,179212,0.19309,147490,0.15651,74430,True
97353,0.08937,2019-07-19,2019,7,0,60721,0.05116,91227,0.09829,67831,0.07198,36632,True
86337,0.07926,2019-07-20,2019,7,0,41151,0.03467,62240,0.06706,67314,0.07143,45186,True
91465,0.08396,2019-07-21,2019,7,0,32065,0.02701,62397,0.06723,30034,0.03187,59400,True
85340,0.07834,2019-07-22,2019,7,0,20742,0.01748,48819,0.0526,18730,0.01988,64598,True
40224,0.03693,2019-07-23,2019,7,0,12499,0.01053,25989,0.028,7202,0.00764,27725,True
2646,0.00243,1900-01-01,1900,1,0,3706,0.00312,4938,0.00532,1007,0.00107,-1060,True
1,0.0,2019-07-01,2019,7,0,148,0.00012,9,1e-05,0,0.0,-147,True
0,0.0,2019-07-02,2019,7,0,0,0.0,0,0.0,0,0.0,0,True
0,0.0,2019-07-03,2019,7,0,0,0.0,0,0.0,0,0.0,0,True
46,4e-05,2019-06-04,2019,6,0,0,0.0,92,0.0001,33,4e-05,46,True
1537,0.00134,2019-06-05,2019,6,0,1586,0.00127,4222,0.00459,2542,0.00275,-49,True
3628,0.00315,2019-06-06,2019,6,0,17703,0.01422,5390,0.00585,4404,0.00477,-14075,True
6558,0.0057,2019-06-07,2019,6,0,53900,0.04329,11380,0.01236,6833,0.0074,-47342,True
14650,0.01273,2019-06-08,2019,6,0,129147,0.10373,17369,0.01887,11084,0.01201,-114497,True
29133,0.02532,2019-06-09,2019,6,0,100275,0.08054,22832,0.0248,16607,0.01799,-71142,True
38173,0.03317,2019-06-10,2019,6,0,76009,0.06105,26054,0.0283,23844,0.02583,-37836,True
43136,0.03749,2019-06-11,2019,6,0,84368,0.06776,30315,0.03293,36838,0.0399,-41232,True
46100,0.04006,2019-06-12,2019,6,0,89206,0.07165,35915,0.03901,49575,0.0537,-43106,True
54686,0.04752,2019-06-13,2019,6,0,91368,0.07338,43269,0.047,64626,0.07,-36682,True
66042,0.05739,2019-06-14,2019,6,0,82695,0.06642,50177,0.05451,79381,0.08598,-16653,True
77283,0.06716,2019-06-15,2019,6,0,85368,0.06857,55390,0.06017,85478,0.09259,-8085,True
90101,0.0783,2019-06-16,2019,6,0,83167,0.0668,64897,0.0705,94635,0.10251,6934,True
104324,0.09066,2019-06-17,2019,6,0,87479,0.07026,92752,0.10075,128599,0.1393,16845,True
146073,0.12694,2019-06-18,2019,6,0,82292,0.06609,156416,0.16991,132561,0.14359,63781,True
102434,0.08902,2019-06-19,2019,6,0,62707,0.05036,89244,0.09694,65681,0.07114,39727,True
92234,0.08015,2019-06-20,2019,6,0,43898,0.03526,63246,0.0687,65181,0.0706,48336,True
96759,0.08408,2019-06-21,2019,6,0,34064,0.02736,63712,0.06921,29562,0.03202,62695,True
92875,0.08071,2019-06-22,2019,6,0,22072,0.01773,53220,0.05781,17805,0.01929,70803,True
42452,0.03689,2019-06-23,2019,6,0,13656,0.01097,29001,0.0315,7113,0.0077,28796,True
2510,0.00218,1900-01-01,1900,1,0,3915,0.00314,5679,0.00617,831,0.0009,-1405,True
0,0.0,2019-06-01,2019,6,0,185,0.00015,9,1e-05,0,0.0,-185,True
0,0.0,2019-06-02,2019,6,0,0,0.0,0,0.0,0,0.0,0,True
0,0.0,2019-06-03,2019,6,0,0,0.0,0,0.0,0,0.0,0,True
62,5e-05,2019-05-04,2019,5,0,1,0.0,133,0.00013,50,5e-05,61,True
1617,0.00132,2019-05-05,2019,5,0,1564,0.00119,4908,0.00475,2835,0.0028,53,True
3754,0.00307,2019-05-06,2019,5,0,18668,0.01422,5839,0.00565,4832,0.00477,-14914,True
6820,0.00558,2019-05-07,2019,5,0,58365,0.04445,12804,0.01239,7724,0.00762,-51545,True
15785,0.01292,2019-05-08,2019,5,0,149430,0.1138,19185,0.01856,12530,0.01236,-133645,True
29904,0.02449,2019-05-09,2019,5,0,110301,0.084,24348,0.02356,18110,0.01786,-80397,True
38010,0.03112,2019-05-10,2019,5,0,78523,0.0598,27577,0.02668,26724,0.02636,-40513,True
45334,0.03712,2019-05-11,2019,5,0,84833,0.0646,32639,0.03158,40473,0.03992,-39499,True
48384,0.03962,2019-05-12,2019,5,0,94309,0.07182,38164,0.03692,55507,0.05475,-45925,True
55016,0.04505,2019-05-13,2019,5,0,93529,0.07123,46878,0.04535,71432,0.07045,-38513,True
66260,0.05425,2019-05-14,2019,5,0,84548,0.06439,54037,0.05228,85659,0.08449,-18288,True
81890,0.06705,2019-05-15,2019,5,0,89072,0.06783,61819,0.05981,94258,0.09297,-7182,True
96506,0.07902,2019-05-16,2019,5,0,87153,0.06637,72130,0.06978,102579,0.10118,9353,True
111108,0.09098,2019-05-17,2019,5,0,94449,0.07193,104510,0.10111,141116,0.13919,16659,True
160280,0.13124,2019-05-18,2019,5,0,86080,0.06555,179176,0.17335,146485,0.14448,74200,True
107435,0.08797,2019-05-19,2019,5,0,65105,0.04958,99330,0.0961,73156,0.07216,42330,True
98368,0.08054,2019-05-20,2019,5,0,45014,0.03428,71868,0.06953,69874,0.06892,53354,True
104925,0.08591,2019-05-21,2019,5,0,33277,0.02534,73008,0.07063,32012,0.03157,71648,True
102919,0.08427,2019-05-22,2019,5,0,21660,0.0165,60790,0.05881,19330,0.01907,81259,True
43998,0.03603,2019-05-23,2019,5,0,12994,0.0099,36745,0.03555,8220,0.00811,31004,True
2914,0.00239,1900-01-01,1900,1,0,4031,0.00307,7736,0.00748,963,0.00095,-1117,True
1,0.0,2019-05-01,2019,5,0,200,0.00015,4,0.0,1,0.0,-199,True
0,0.0,2019-05-02,2019,5,0,0,0.0,0,0.0,0,0.0,0,True
0,0.0,2019-05-03,2019,5,0,0,0.0,0,0.0,0,0.0,0,True
64,5e-05,2019-04-04,2019,4,0,2,0.0,99,9e-05,55,6e-05,62,True
1598,0.00128,2019-04-05,2019,4,0,1740,0.0013,4143,0.00395,2839,0.00286,-142,True
4085,0.00326,2019-04-06,2019,4,0,18416,0.01374,5774,0.00551,4612,0.00464,-14331,True
7480,0.00597,2019-04-07,2019,4,0,61699,0.04604,13171,0.01256,7747,0.0078,-54219,True
16751,0.01337,2019-04-08,2019,4,0,153288,0.11438,19595,0.01869,12406,0.01249,-136537,True
33121,0.02644,2019-04-09,2019,4,0,110322,0.08232,24933,0.02378,18866,0.01899,-77201,True
41687,0.03328,2019-04-10,2019,4,0,79369,0.05922,28334,0.02702,26162,0.02633,-37682,True
46014,0.03673,2019-04-11,2019,4,0,85585,0.06386,32064,0.03058,38360,0.03861,-39571,True
49128,0.03922,2019-04-12,2019,4,0,96022,0.07165,36814,0.03511,52674,0.05302,-46894,True
55854,0.04459,2019-04-13,2019,4,0,89792,0.067,46230,0.04409,66417,0.06685,-33938,True
67185,0.05363,2019-04-14,2019,4,0,84106,0.06276,53253,0.05079,81172,0.0817,-16921,True
81645,0.06517,2019-04-15,2019,4,0,87866,0.06556,62217,0.05934,90405,0.091,-6221,True
97740,0.07802,2019-04-16,2019,4,0,87542,0.06532,72947,0.06957,99064,0.09971,10198,True
112197,0.08956,2019-04-17,2019,4,0,97508,0.07276,105594,0.10071,138738,0.13964,14689,True
162342,0.12959,2019-04-18,2019,4,0,91151,0.06801,185575,0.17699,147166,0.14813,71191,True
111676,0.08915,2019-04-19,2019,4,0,70427,0.05255,104591,0.09975,75410,0.0759,41249,True
100735,0.08041,2019-04-20,2019,4,0,49767,0.03713,74482,0.07104,68949,0.0694,50968,True
108845,0.08689,2019-04-21,2019,4,0,35722,0.02665,75320,0.07183,32596,0.03281,73123,True
106813,0.08526,2019-04-22,2019,4,0,22388,0.01671,60614,0.05781,20343,0.02048,84425,True
44914,0.03585,2019-04-23,2019,4,0,13505,0.01008,35571,0.03393,8492,0.00855,31409,True
2849,0.00227,1900-01-01,1900,1,0,3848,0.00287,7188,0.00686,1033,0.00104,-999,True
0,0.0,2019-04-01,2019,4,0,116,9e-05,6,1e-05,0,0.0,-116,True
0,0.0,2019-04-02,2019,4,0,0,0.0,0,0.0,0,0.0,0,True
0,0.0,2019-04-03,2019,4,0,0,0.0,0,0.0,0,0.0,0,True
51,4e-05,2019-03-04,2019,3,0,0,0.0,118,0.00012,40,4e-05,51,True
1797,0.00139,2019-03-05,2019,3,0,1544,0.00112,4060,0.00398,2959,0.003,253,True
3775,0.00293,2019-03-06,2019,3,0,17429,0.0126,5472,0.00536,4469,0.00454,-13654,True
7176,0.00557,2019-03-07,2019,3,0,56129,0.04059,11837,0.0116,7439,0.00755,-48953,True
16692,0.01295,2019-03-08,2019,3,0,144556,0.10454,19260,0.01888,12317,0.0125,-127864,True
34092,0.02645,2019-03-09,2019,3,0,108439,0.07842,24955,0.02446,19280,0.01957,-74347,True
45171,0.03505,2019-03-10,2019,3,0,81140,0.05868,27417,0.02688,26250,0.02664,-35969,True
51173,0.03971,2019-03-11,2019,3,0,88483,0.06399,31172,0.03056,38399,0.03897,-37310,True
52582,0.0408,2019-03-12,2019,3,0,102076,0.07382,36118,0.03541,52697,0.05349,-49494,True
58811,0.04563,2019-03-13,2019,3,0,95708,0.06921,45214,0.04433,66926,0.06793,-36897,True
70999,0.05509,2019-03-14,2019,3,0,90209,0.06524,54138,0.05307,82115,0.08334,-19210,True
83977,0.06516,2019-03-15,2019,3,0,96097,0.06949,59780,0.05861,91569,0.09294,-12120,True
101965,0.07912,2019-03-16,2019,3,0,94842,0.06859,73437,0.07199,102495,0.10403,7123,True
117098,0.09086,2019-03-17,2019,3,0,106552,0.07705,102782,0.10076,136356,0.1384,10546,True
159910,0.12408,2019-03-18,2019,3,0,96699,0.06993,173811,0.1704,138612,0.14069,63211,True
114999,0.08923,2019-03-19,2019,3,0,75501,0.0546,103229,0.1012,72860,0.07395,39498,True
104303,0.08093,2019-03-20,2019,3,0,50856,0.03678,72245,0.07083,68669,0.0697,53447,True
110562,0.08579,2019-03-21,2019,3,0,35668,0.02579,73609,0.07216,31676,0.03215,74894,True
105857,0.08214,2019-03-22,2019,3,0,22973,0.01661,59937,0.05876,20443,0.02075,82884,True
45020,0.03493,2019-03-23,2019,3,0,13664,0.00988,34796,0.03411,8584,0.00871,31356,True
2793,0.00217,1900-01-01,1900,1,0,4066,0.00294,6646,0.00652,1088,0.0011,-1273,True
0,0.0,2019-03-01,2019,3,0,190,0.00014,2,0.0,0,0.0,-190,True
0,0.0,2019-03-02,2019,3,0,0,0.0,0,0.0,0,0.0,0,True
0,0.0,2019-03-03,2019,3,0,0,0.0,0,0.0,0,0.0,0,True
53,5e-05,2019-02-04,2019,2,0,2,0.0,61,8e-05,33,4e-05,51,True
1177,0.00119,2019-02-05,2019,2,0,1398,0.00131,3045,0.00401,2132,0.00279,-221,True
3026,0.00306,2019-02-06,2019,2,0,15350,0.01441,4474,0.0059,3776,0.00495,-12324,True
5311,0.00538,2019-02-07,2019,2,0,42152,0.03956,8922,0.01176,5979,0.00783,-36841,True
10606,0.01073,2019-02-08,2019,2,0,102756,0.09645,14370,0.01894,9144,0.01198,-92150,True
22639,0.02291,2019-02-09,2019,2,0,81239,0.07625,18939,0.02496,13618,0.01784,-58600,True
32249,0.03264,2019-02-10,2019,2,0,60840,0.0571,21579,0.02844,19802,0.02594,-28591,True
36703,0.03715,2019-02-11,2019,2,0,72367,0.06792,24750,0.03261,28436,0.03725,-35664,True
38506,0.03897,2019-02-12,2019,2,0,75010,0.07041,28732,0.03786,39122,0.05125,-36504,True
45557,0.04611,2019-02-13,2019,2,0,83704,0.07857,34703,0.04573,50859,0.06663,-38147,True
53575,0.05422,2019-02-14,2019,2,0,78093,0.0733,40022,0.05274,61158,0.08012,-24518,True
65704,0.0665,2019-02-15,2019,2,0,76897,0.07218,45492,0.05995,68974,0.09036,-11193,True
78171,0.07912,2019-02-16,2019,2,0,76616,0.07191,52668,0.0694,78573,0.10294,1555,True
91885,0.093,2019-02-17,2019,2,0,78169,0.07337,75992,0.10014,106254,0.1392,13716,True
131039,0.13263,2019-02-18,2019,2,0,72479,0.06803,135329,0.17833,111645,0.14626,58560,True
94366,0.09551,2019-02-19,2019,2,0,56236,0.05278,79203,0.10437,58061,0.07606,38130,True
81449,0.08243,2019-02-20,2019,2,0,36277,0.03405,51824,0.06829,56402,0.07389,45172,True
83234,0.08424,2019-02-21,2019,2,0,26056,0.02446,51550,0.06793,25451,0.03334,57178,True
77365,0.0783,2019-02-22,2019,2,0,16404,0.0154,41181,0.05427,16192,0.02121,60961,True
33302,0.03371,2019-02-23,2019,2,0,10283,0.00965,22050,0.02906,6856,0.00898,23019,True
2107,0.00213,1900-01-01,1900,1,0,2970,0.00279,3963,0.00522,846,0.00111,-863,True
17,2e-05,2019-02-01,2019,2,0,108,0.0001,19,3e-05,5,1e-05,-91,True
0,0.0,2019-02-02,2019,2,0,1,0.0,0,0.0,0,0.0,-1,True
0,0.0,2019-02-03,2019,2,0,0,0.0,0,0.0,0,0.0,0,True
57,5e-05,2019-01-04,2019,1,0,1,0.0,92,0.0001,41,5e-05,56,True
1542,0.00142,2019-01-05,2019,1,0,1467,0.00126,3599,0.00396,2536,0.00281,75,True
3473,0.00319,2019-01-06,2019,1,0,17814,0.01527,5256,0.00578,4214,0.00466,-14341,True
5612,0.00516,2019-01-07,2019,1,0,49730,0.04263,10424,0.01147,6458,0.00714,-44118,True
11679,0.01074,2019-01-08,2019,1,0,131578,0.1128,17195,0.01892,10628,0.01176,-119899,True
23117,0.02126,2019-01-09,2019,1,0,99905,0.08565,21238,0.02337,15189,0.0168,-76788,True
32029,0.02945,2019-01-10,2019,1,0,69566,0.05964,23835,0.02623,21509,0.0238,-37537,True
37920,0.03487,2019-01-11,2019,1,0,78496,0.06729,28429,0.03129,32986,0.03649,-40576,True
41278,0.03796,2019-01-12,2019,1,0,80986,0.06943,33102,0.03643,45848,0.05072,-39708,True
50469,0.04641,2019-01-13,2019,1,0,87836,0.0753,39881,0.04389,58089,0.06427,-37367,True
59051,0.0543,2019-01-14,2019,1,0,78617,0.0674,46128,0.05077,71010,0.07856,-19566,True
69599,0.064,2019-01-15,2019,1,0,79907,0.0685,51733,0.05694,79722,0.0882,-10308,True
81800,0.07522,2019-01-16,2019,1,0,79085,0.0678,60524,0.06661,93746,0.10372,2715,True
100200,0.09213,2019-01-17,2019,1,0,80930,0.06938,93555,0.10297,130079,0.14391,19270,True
155163,0.14267,2019-01-18,2019,1,0,77878,0.06676,174015,0.19152,139066,0.15386,77285,True
104821,0.09638,2019-01-19,2019,1,0,57585,0.04937,96824,0.10656,68455,0.07574,47236,True
89755,0.08253,2019-01-20,2019,1,0,36448,0.03125,61839,0.06806,66441,0.07351,53307,True
93355,0.08584,2019-01-21,2019,1,0,25997,0.02229,61924,0.06815,30248,0.03347,67358,True
86466,0.07951,2019-01-22,2019,1,0,17495,0.015,49090,0.05403,18619,0.0206,68971,True
37509,0.03449,2019-01-23,2019,1,0,11461,0.00983,25128,0.02766,7970,0.00882,26048,True
2651,0.00244,1900-01-01,1900,1,0,3561,0.00305,4786,0.00527,1014,0.00112,-910,True
0,0.0,2019-01-01,2019,1,0,122,0.0001,2,0.0,0,0.0,-122,True
1,0.0,2019-01-02,2019,1,0,0,0.0,0,0.0,0,0.0,1,True
0,0.0,2019-01-03,2019,1,0,0,0.0,0,0.0,0,0.0,0,True
48,4e-05,2018-12-04,2018,12,0,0,0.0,96,0.0001,40,4e-05,48,True
1586,0.00122,2018-12-05,2018,12,0,1742,0.00123,3815,0.00385,2344,0.00253,-156,True
3821,0.00293,2018-12-06,2018,12,0,17662,0.01242,5556,0.00561,4312,0.00465,-13841,True
6307,0.00483,2018-12-07,2018,12,0,55615,0.03912,11122,0.01124,6843,0.00739,-49308,True
13281,0.01018,2018-12-08,2018,12,0,127362,0.0896,18128,0.01831,10663,0.01151,-114081,True
27083,0.02076,2018-12-09,2018,12,0,102602,0.07218,23271,0.02351,16627,0.01794,-75519,True
39873,0.03056,2018-12-10,2018,12,0,81435,0.05729,27697,0.02798,24466,0.0264,-41562,True
47417,0.03634,2018-12-11,2018,12,0,94559,0.06652,35209,0.03557,35861,0.0387,-47142,True
51428,0.03942,2018-12-12,2018,12,0,99949,0.07031,38322,0.03871,48586,0.05244,-48521,True
60999,0.04675,2018-12-13,2018,12,0,104453,0.07348,45355,0.04582,61661,0.06655,-43454,True
72103,0.05526,2018-12-14,2018,12,0,98891,0.06957,52294,0.05283,77123,0.08323,-26788,True
85512,0.06554,2018-12-15,2018,12,0,103961,0.07313,59857,0.06047,85398,0.09216,-18449,True
99028,0.0759,2018-12-16,2018,12,0,106879,0.07519,69509,0.07022,97649,0.10538,-7851,True
119123,0.0913,2018-12-17,2018,12,0,114599,0.08062,101893,0.10293,129980,0.14028,4524,True
160053,0.12267,2018-12-18,2018,12,0,108684,0.07646,161810,0.16346,128808,0.13901,51369,True
119711,0.09175,2018-12-19,2018,12,0,76774,0.05401,96425,0.09741,66145,0.07139,42937,True
110904,0.085,2018-12-20,2018,12,0,50381,0.03544,69229,0.06993,68292,0.0737,60523,True
117046,0.08971,2018-12-21,2018,12,0,34969,0.0246,70528,0.07125,31448,0.03394,82077,True
114048,0.08741,2018-12-22,2018,12,0,22605,0.0159,59954,0.06056,20196,0.0218,91443,True
50989,0.03908,2018-12-23,2018,12,0,13903,0.00978,33612,0.03395,8823,0.00952,37086,True
4201,0.00322,1900-01-01,1900,1,0,3954,0.00278,6178,0.00624,1259,0.00136,247,True
152,0.00012,2018-12-01,2018,12,0,525,0.00037,65,7e-05,69,7e-05,-373,True
0,0.0,2018-12-02,2018,12,0,6,0.0,0,0.0,0,0.0,-6,True
0,0.0,2018-12-03,2018,12,0,0,0.0,0,0.0,0,0.0,0,True
39,3e-05,2018-11-04,2018,11,0,3,0.0,106,0.0001,54,6e-05,36,True
1848,0.00146,2018-11-05,2018,11,0,1872,0.00138,4122,0.00395,2624,0.0028,-24,True
4339,0.00344,2018-11-06,2018,11,0,18604,0.01376,6262,0.006,4666,0.00498,-14265,True
7332,0.00581,2018-11-07,2018,11,0,59973,0.04436,12211,0.01169,7439,0.00793,-52641,True
16361,0.01295,2018-11-08,2018,11,0,147308,0.10895,20263,0.0194,11830,0.01261,-130947,True
30365,0.02404,2018-11-09,2018,11,0,113380,0.08386,25031,0.02397,16880,0.018,-83015,True
39343,0.03115,2018-11-10,2018,11,0,80713,0.0597,27916,0.02673,24203,0.02581,-41370,True
45587,0.0361,2018-11-11,2018,11,0,85339,0.06312,33277,0.03186,35370,0.03772,-39752,True
48138,0.03812,2018-11-12,2018,11,0,94223,0.06969,38414,0.03678,47663,0.05082,-46085,True
56841,0.04501,2018-11-13,2018,11,0,93281,0.06899,46175,0.04421,62389,0.06653,-36440,True
67702,0.05361,2018-11-14,2018,11,0,86416,0.06391,53040,0.05079,75364,0.08036,-18714,True
82406,0.06525,2018-11-15,2018,11,0,90241,0.06674,62029,0.05939,83020,0.08853,-7835,True
98972,0.07837,2018-11-16,2018,11,0,91785,0.06789,74374,0.07121,96130,0.10251,7187,True
116109,0.09193,2018-11-17,2018,11,0,105230,0.07783,110572,0.10588,135881,0.14489,10879,True
165728,0.13122,2018-11-18,2018,11,0,97779,0.07232,186957,0.17902,142385,0.15183,67949,True
113744,0.09006,2018-11-19,2018,11,0,70730,0.05231,103555,0.09916,68034,0.07255,43014,True
103479,0.08193,2018-11-20,2018,11,0,44762,0.03311,72032,0.06897,65657,0.07001,58717,True
109751,0.0869,2018-11-21,2018,11,0,32145,0.02378,71692,0.06865,30629,0.03266,77606,True
107131,0.08483,2018-11-22,2018,11,0,20787,0.01537,56660,0.05425,18814,0.02006,86344,True
44582,0.0353,2018-11-23,2018,11,0,13055,0.00966,33006,0.0316,7625,0.00813,31527,True
3149,0.00249,1900-01-01,1900,1,0,4236,0.00313,6662,0.00638,1134,0.00121,-1087,True
1,0.0,2018-11-01,2018,11,0,183,0.00014,4,0.0,0,0.0,-182,True
0,0.0,2018-11-02,2018,11,0,1,0.0,1,0.0,0,0.0,-1,True
0,0.0,2018-11-03,2018,11,0,0,0.0,0,0.0,0,0.0,0,True
24,2e-05,2018-10-04,2018,10,0,0,0.0,173,0.00016,46,5e-05,24,True
1735,0.00136,2018-10-05,2018,10,0,1734,0.00127,4159,0.00396,2889,0.00292,1,True
4615,0.00363,2018-10-06,2018,10,0,18413,0.01354,6481,0.00617,4739,0.00479,-13798,True
7779,0.00612,2018-10-07,2018,10,0,60004,0.04412,12531,0.01193,7577,0.00766,-52225,True
16622,0.01307,2018-10-08,2018,10,0,142766,0.10496,19919,0.01897,12433,0.01257,-126144,True
32679,0.0257,2018-10-09,2018,10,0,110133,0.08097,26247,0.02499,18283,0.01848,-77454,True
40660,0.03198,2018-10-10,2018,10,0,80522,0.0592,28655,0.02729,25517,0.02579,-39862,True
44879,0.0353,2018-10-11,2018,10,0,87593,0.0644,32735,0.03117,37822,0.03823,-42714,True
47750,0.03756,2018-10-12,2018,10,0,96374,0.07085,38093,0.03628,52191,0.05275,-48624,True
58005,0.04562,2018-10-13,2018,10,0,95442,0.07017,46871,0.04463,68071,0.0688,-37437,True
68563,0.05393,2018-10-14,2018,10,0,89364,0.0657,53325,0.05078,84041,0.08494,-20801,True
84086,0.06614,2018-10-15,2018,10,0,91665,0.06739,64242,0.06118,91558,0.09254,-7579,True
98613,0.07757,2018-10-16,2018,10,0,93336,0.06862,74988,0.07141,102461,0.10356,5277,True
114824,0.09032,2018-10-17,2018,10,0,103752,0.07628,107874,0.10273,138400,0.13988,11072,True
165643,0.13029,2018-10-18,2018,10,0,97135,0.07141,185805,0.17694,145610,0.14717,68508,True
116125,0.09134,2018-10-19,2018,10,0,72995,0.05367,105781,0.10073,70333,0.07109,43130,True
106391,0.08368,2018-10-20,2018,10,0,45735,0.03362,73826,0.0703,67912,0.06864,60656,True
109499,0.08613,2018-10-21,2018,10,0,33378,0.02454,71703,0.06828,31022,0.03135,76121,True
105675,0.08312,2018-10-22,2018,10,0,21661,0.01593,57555,0.05481,19274,0.01948,84014,True
44265,0.03482,2018-10-23,2018,10,0,14072,0.01035,32794,0.03123,8175,0.00826,30193,True
2925,0.0023,1900-01-01,1900,1,0,3970,0.00292,6343,0.00604,1049,0.00106,-1045,True
2,0.0,2018-10-01,2018,10,0,128,9e-05,6,1e-05,0,0.0,-126,True
0,0.0,2018-10-02,2018,10,0,0,0.0,1,0.0,0,0.0,0,True
0,0.0,2018-10-03,2018,10,0,0,0.0,0,0.0,0,0.0,0,True
28,2e-05,2018-09-04,2018,9,0,0,0.0,141,0.00016,55,7e-05,28,True
1811,0.0016,2018-09-05,2018,9,0,1501,0.00123,3818,0.00423,2421,0.00291,310,True
3883,0.00344,2018-09-06,2018,9,0,15340,0.01254,5577,0.00618,4078,0.00491,-11457,True
6524,0.00577,2018-09-07,2018,9,0,50162,0.04099,10473,0.0116,6297,0.00757,-43638,True
13810,0.01222,2018-09-08,2018,9,0,122569,0.10017,17436,0.01932,10095,0.01214,-108759,True
26691,0.02362,2018-09-09,2018,9,0,91440,0.07473,22077,0.02446,15259,0.01836,-64749,True
35027,0.031,2018-09-10,2018,9,0,68607,0.05607,24112,0.02671,21809,0.02623,-33580,True
41064,0.03634,2018-09-11,2018,9,0,78369,0.06405,28425,0.03149,32031,0.03853,-37305,True
44138,0.03906,2018-09-12,2018,9,0,89481,0.07313,34112,0.03779,44530,0.05357,-45343,True
50836,0.04499,2018-09-13,2018,9,0,90887,0.07428,41602,0.04609,56564,0.06804,-40051,True
60833,0.05383,2018-09-14,2018,9,0,85883,0.07019,48175,0.05337,68624,0.08255,-25050,True
77109,0.06824,2018-09-15,2018,9,0,87890,0.07183,58398,0.0647,75592,0.09093,-10781,True
89006,0.07877,2018-09-16,2018,9,0,87045,0.07114,67511,0.07479,83202,0.10009,1961,True
105220,0.09311,2018-09-17,2018,9,0,94609,0.07732,92645,0.10264,115233,0.13862,10611,True
139778,0.1237,2018-09-18,2018,9,0,85536,0.0699,150776,0.16704,120094,0.14447,54242,True
102122,0.09037,2018-09-19,2018,9,0,65708,0.0537,89837,0.09953,60906,0.07327,36414,True
93477,0.08272,2018-09-20,2018,9,0,42543,0.03477,61230,0.06783,60379,0.07263,50934,True
98717,0.08736,2018-09-21,2018,9,0,30295,0.02476,61781,0.06844,28519,0.03431,68422,True
97026,0.08586,2018-09-22,2018,9,0,19432,0.01588,49705,0.05507,17667,0.02125,77594,True
40195,0.03557,2018-09-23,2018,9,0,12571,0.01027,29248,0.0324,7127,0.00857,27624,True
2688,0.00238,1900-01-01,1900,1,0,3565,0.00291,5546,0.00614,812,0.00098,-877,True
19,2e-05,2018-09-01,2018,9,0,175,0.00014,17,2e-05,5,1e-05,-156,True
0,0.0,2018-09-02,2018,9,0,5,0.0,1,0.0,0,0.0,-5,True
0,0.0,2018-09-03,2018,9,0,0,0.0,0,0.0,0,0.0,0,True
28,3e-05,2018-08-04,2018,8,0,0,0.0,132,0.00015,46,5e-05,28,True
1702,0.00154,2018-08-05,2018,8,0,1714,0.00142,3904,0.0044,2492,0.00288,-12,True
3772,0.0034,2018-08-06,2018,8,0,16249,0.01344,5829,0.00657,4003,0.00462,-12477,True
6263,0.00565,2018-08-07,2018,8,0,53611,0.04435,11067,0.01247,6712,0.00775,-47348,True
13466,0.01215,2018-08-08,2018,8,0,130871,0.10827,18519,0.02087,11134,0.01286,-117405,True
30884,0.02786,2018-08-09,2018,8,0,94306,0.07802,23556,0.02654,17260,0.01994,-63422,True
42589,0.03841,2018-08-10,2018,8,0,69366,0.05739,26575,0.02994,24464,0.02826,-26777,True
45069,0.04065,2018-08-11,2018,8,0,76339,0.06315,30814,0.03472,35126,0.04057,-31270,True
44960,0.04055,2018-08-12,2018,8,0,80890,0.06692,34391,0.03875,47233,0.05456,-35930,True
51438,0.0464,2018-08-13,2018,8,0,85547,0.07077,38605,0.0435,56733,0.06553,-34109,True
59252,0.05344,2018-08-14,2018,8,0,78715,0.06512,42731,0.04815,64902,0.07496,-19463,True
67831,0.06118,2018-08-15,2018,8,0,79213,0.06553,48902,0.0551,71332,0.08239,-11382,True
79678,0.07187,2018-08-16,2018,8,0,81721,0.06761,57750,0.06507,82190,0.09493,-2043,True
96085,0.08667,2018-08-17,2018,8,0,86492,0.07155,90710,0.1022,120194,0.13883,9593,True
147146,0.13272,2018-08-18,2018,8,0,83856,0.06937,169067,0.19049,135043,0.15598,63290,True
100133,0.09032,2018-08-19,2018,8,0,67733,0.05603,91975,0.10363,65875,0.07609,32400,True
90009,0.08119,2018-08-20,2018,8,0,47207,0.03905,59736,0.06731,65040,0.07512,42802,True
92885,0.08378,2018-08-21,2018,8,0,34498,0.02854,58206,0.06558,30243,0.03493,58387,True
90890,0.08198,2018-08-22,2018,8,0,22671,0.01876,46324,0.05219,17364,0.02006,68219,True
41409,0.03735,2018-08-23,2018,8,0,13640,0.01128,24160,0.02722,7476,0.00864,27769,True
3195,0.00288,1900-01-01,1900,1,0,3987,0.0033,4584,0.00516,912,0.00105,-792,True
4,0.0,2018-08-01,2018,8,0,145,0.00012,1,0.0,1,0.0,-141,True
0,0.0,2018-08-02,2018,8,0,1,0.0,2,0.0,0,0.0,-1,True
0,0.0,2018-08-03,2018,8,0,0,0.0,0,0.0,0,0.0,0,True
38,3e-05,2018-07-04,2018,7,0,0,0.0,136,0.00015,42,5e-05,38,True
1691,0.00156,2018-07-05,2018,7,0,1657,0.00141,4057,0.00442,2232,0.00242,34,True
3617,0.00333,2018-07-06,2018,7,0,17662,0.01498,5817,0.00634,4118,0.00447,-14045,True
6091,0.0056,2018-07-07,2018,7,0,58602,0.0497,11697,0.01274,6977,0.00757,-52511,True
12991,0.01195,2018-07-08,2018,7,0,137649,0.11674,18712,0.02039,11198,0.01216,-124658,True
26985,0.02482,2018-07-09,2018,7,0,96365,0.08173,22862,0.02491,16541,0.01796,-69380,True
36764,0.03382,2018-07-10,2018,7,0,70732,0.05999,26022,0.02835,24461,0.02656,-33968,True
40443,0.0372,2018-07-11,2018,7,0,77038,0.06534,30860,0.03362,36551,0.03968,-36595,True
43070,0.03962,2018-07-12,2018,7,0,76062,0.06451,35321,0.03848,50193,0.05449,-32992,True
50166,0.04615,2018-07-13,2018,7,0,84140,0.07136,40270,0.04387,61292,0.06654,-33974,True
58091,0.05344,2018-07-14,2018,7,0,74487,0.06317,44174,0.04813,70789,0.07686,-16396,True
66313,0.061,2018-07-15,2018,7,0,74911,0.06353,50308,0.05481,76824,0.08341,-8598,True
78271,0.072,2018-07-16,2018,7,0,76034,0.06448,61199,0.06667,90285,0.09802,2237,True
94781,0.08719,2018-07-17,2018,7,0,79299,0.06725,92959,0.10128,130181,0.14134,15482,True
149607,0.13762,2018-07-18,2018,7,0,80526,0.06829,175980,0.19173,141558,0.15369,69081,True
99387,0.09143,2018-07-19,2018,7,0,63264,0.05365,95377,0.10391,69918,0.07591,36123,True
88200,0.08113,2018-07-20,2018,7,0,41973,0.0356,61607,0.06712,67349,0.07312,46227,True
94360,0.0868,2018-07-21,2018,7,0,31357,0.02659,61222,0.0667,32178,0.03494,63003,True
91090,0.08379,2018-07-22,2018,7,0,21070,0.01787,48964,0.05334,19557,0.02123,70020,True
42139,0.03876,2018-07-23,2018,7,0,12676,0.01075,25670,0.02797,7833,0.0085,29463,True
2991,0.00275,1900-01-01,1900,1,0,3505,0.00297,4658,0.00507,989,0.00107,-514,True
1,0.0,2018-07-01,2018,7,0,108,9e-05,4,0.0,0,0.0,-107,True
0,0.0,2018-07-02,2018,7,0,0,0.0,0,0.0,3,0.0,0,True
0,0.0,2018-07-03,2018,7,0,0,0.0,0,0.0,0,0.0,0,True
33,3e-05,2018-06-04,2018,6,0,0,0.0,128,0.00014,46,5e-05,33,True
1478,0.00129,2018-06-05,2018,6,0,1734,0.00139,4425,0.00467,2709,0.00287,-256,True
3649,0.00319,2018-06-06,2018,6,0,17318,0.01389,5835,0.00616,4310,0.00457,-13669,True
6442,0.00562,2018-06-07,2018,6,0,58730,0.04709,11216,0.01184,6804,0.00721,-52288,True
13420,0.01172,2018-06-08,2018,6,0,133582,0.10711,18192,0.01921,11157,0.01182,-120162,True
27591,0.02409,2018-06-09,2018,6,0,99594,0.07985,22848,0.02412,16495,0.01748,-72003,True
37374,0.03263,2018-06-10,2018,6,0,74705,0.0599,26397,0.02787,24129,0.02557,-37331,True
41755,0.03646,2018-06-11,2018,6,0,83153,0.06667,32291,0.03409,38244,0.04053,-41398,True
44119,0.03852,2018-06-12,2018,6,0,88601,0.07104,36740,0.03879,52927,0.05609,-44482,True
53653,0.04685,2018-06-13,2018,6,0,90761,0.07277,44185,0.04665,68558,0.07266,-37108,True
64228,0.05608,2018-06-14,2018,6,0,83076,0.06661,49553,0.05232,81289,0.08615,-18848,True
75835,0.06622,2018-06-15,2018,6,0,83972,0.06733,56890,0.06007,85978,0.09112,-8137,True
89712,0.07833,2018-06-16,2018,6,0,83562,0.067,65507,0.06916,100237,0.10623,6150,True
101376,0.08852,2018-06-17,2018,6,0,87609,0.07024,92501,0.09766,127153,0.13475,13767,True
147278,0.1286,2018-06-18,2018,6,0,81934,0.06569,162537,0.17161,131870,0.13975,65344,True
102698,0.08967,2018-06-19,2018,6,0,63871,0.05121,96506,0.10189,68639,0.07274,38827,True
93526,0.08166,2018-06-20,2018,6,0,43018,0.03449,65757,0.06943,65219,0.06912,50508,True
99165,0.08659,2018-06-21,2018,6,0,32414,0.02599,64261,0.06785,30741,0.03258,66751,True
95433,0.08333,2018-06-22,2018,6,0,21848,0.01752,53640,0.05663,18298,0.01939,73585,True
43668,0.03813,2018-06-23,2018,6,0,13593,0.0109,31890,0.03367,7811,0.00828,30075,True
2816,0.00246,1900-01-01,1900,1,0,3993,0.0032,5836,0.00616,984,0.00104,-1177,True
0,0.0,2018-06-01,2018,6,0,137,0.00011,3,0.0,2,0.0,-137,True
0,0.0,2018-06-02,2018,6,0,0,0.0,0,0.0,0,0.0,0,True
0,0.0,2018-06-03,2018,6,0,0,0.0,0,0.0,0,0.0,0,True
37,3e-05,2018-05-04,2018,5,0,1,0.0,173,0.00017,50,5e-05,36,True
1680,0.00138,2018-05-05,2018,5,0,1831,0.00139,5097,0.00488,2678,0.00269,-151,True
3902,0.00321,2018-05-06,2018,5,0,18116,0.0138,6311,0.00604,4588,0.00461,-14214,True
6726,0.00552,2018-05-07,2018,5,0,60936,0.04642,12105,0.01159,7203,0.00723,-54210,True
13944,0.01145,2018-05-08,2018,5,0,146164,0.11135,19737,0.01889,12001,0.01205,-132220,True
28033,0.02303,2018-05-09,2018,5,0,107625,0.08199,23563,0.02255,17565,0.01763,-79592,True
36704,0.03015,2018-05-10,2018,5,0,80019,0.06096,27944,0.02675,25106,0.0252,-43315,True
42858,0.0352,2018-05-11,2018,5,0,85838,0.06539,34111,0.03265,38916,0.03907,-42980,True
46463,0.03817,2018-05-12,2018,5,0,95849,0.07302,39880,0.03817,53816,0.05402,-49386,True
54405,0.04469,2018-05-13,2018,5,0,96146,0.07324,47703,0.04566,71225,0.0715,-41741,True
67378,0.05535,2018-05-14,2018,5,0,88251,0.06723,54422,0.05209,86317,0.08665,-20873,True
83730,0.06878,2018-05-15,2018,5,0,88624,0.06751,64013,0.06127,93175,0.09354,-4894,True
97105,0.07976,2018-05-16,2018,5,0,85598,0.06521,71706,0.06864,104912,0.10532,11507,True
108631,0.08923,2018-05-17,2018,5,0,94186,0.07175,100405,0.09611,132649,0.13316,14445,True
157410,0.1293,2018-05-18,2018,5,0,85570,0.06519,177201,0.16961,138846,0.13938,71840,True
110713,0.09094,2018-05-19,2018,5,0,65205,0.04967,105031,0.10053,74554,0.07484,45508,True
99612,0.08182,2018-05-20,2018,5,0,42759,0.03257,73697,0.07054,69722,0.06999,56853,True
108157,0.08884,2018-05-21,2018,5,0,31542,0.02403,73877,0.07071,33088,0.03322,76615,True
103954,0.08539,2018-05-22,2018,5,0,21188,0.01614,61357,0.05873,20036,0.02011,82766,True
42990,0.03531,2018-05-23,2018,5,0,13346,0.01017,38101,0.03647,8541,0.00857,29644,True
2974,0.00244,1900-01-01,1900,1,0,3806,0.0029,8302,0.00795,1147,0.00115,-832,True
0,0.0,2018-05-01,2018,5,0,99,8e-05,5,0.0,1,0.0,-99,True
0,0.0,2018-05-02,2018,5,0,0,0.0,0,0.0,0,0.0,0,True
0,0.0,2018-05-03,2018,5,0,0,0.0,0,0.0,0,0.0,0,True
39,3e-05,2018-04-04,2018,4,0,1,0.0,102,0.0001,53,5e-05,38,True
1690,0.00135,2018-04-05,2018,4,0,1813,0.00135,3975,0.0038,2592,0.00269,-123,True
4203,0.00336,2018-04-06,2018,4,0,18755,0.014,6089,0.00582,4310,0.00447,-14552,True
7123,0.0057,2018-04-07,2018,4,0,64873,0.04841,12168,0.01163,7544,0.00782,-57750,True
15456,0.01237,2018-04-08,2018,4,0,152427,0.11374,20201,0.01931,12191,0.01264,-136971,True
31962,0.02559,2018-04-09,2018,4,0,110200,0.08223,24333,0.02326,17791,0.01845,-78238,True
40868,0.03272,2018-04-10,2018,4,0,78248,0.05839,28131,0.0269,25280,0.02621,-37380,True
45619,0.03652,2018-04-11,2018,4,0,86199,0.06432,33730,0.03225,36740,0.0381,-40580,True
48361,0.03871,2018-04-12,2018,4,0,94628,0.07061,37961,0.03629,49585,0.05142,-46267,True
56653,0.04535,2018-04-13,2018,4,0,91351,0.06817,47535,0.04545,65245,0.06765,-34698,True
66493,0.05323,2018-04-14,2018,4,0,83933,0.06263,53133,0.0508,80243,0.08321,-17440,True
82747,0.06624,2018-04-15,2018,4,0,86642,0.06465,62481,0.05974,87224,0.09044,-3895,True
95751,0.07665,2018-04-16,2018,4,0,88274,0.06587,72933,0.06973,100468,0.10418,7477,True
109385,0.08756,2018-04-17,2018,4,0,97279,0.07259,101058,0.09662,129932,0.13473,12106,True
160176,0.12822,2018-04-18,2018,4,0,90485,0.06752,181595,0.17362,140435,0.14562,69691,True
113302,0.0907,2018-04-19,2018,4,0,71249,0.05317,108945,0.10416,73817,0.07654,42053,True
103091,0.08253,2018-04-20,2018,4,0,48619,0.03628,73470,0.07025,68276,0.0708,54472,True
107290,0.08589,2018-04-21,2018,4,0,34532,0.02577,74399,0.07113,32703,0.03391,72758,True
109530,0.08768,2018-04-22,2018,4,0,22514,0.0168,61998,0.05928,20117,0.02086,87016,True
46246,0.03702,2018-04-23,2018,4,0,14105,0.01053,34683,0.03316,8640,0.00896,32141,True
3206,0.00257,1900-01-01,1900,1,0,3862,0.00288,6981,0.00667,1206,0.00125,-656,True
4,0.0,2018-04-01,2018,4,0,118,9e-05,7,1e-05,0,0.0,-114,True
0,0.0,2018-04-02,2018,4,0,0,0.0,0,0.0,0,0.0,0,True
0,0.0,2018-04-03,2018,4,0,0,0.0,0,0.0,0,0.0,0,True
30,2e-05,2018-03-04,2018,3,0,0,0.0,117,0.00011,51,5e-05,30,True
1747,0.00133,2018-03-05,2018,3,0,1999,0.00142,3965,0.00368,2742,0.00275,-252,True
3998,0.00304,2018-03-06,2018,3,0,17258,0.01225,5681,0.00527,4369,0.00439,-13260,True
7410,0.00563,2018-03-07,2018,3,0,61656,0.04378,12334,0.01143,7306,0.00734,-54246,True
14564,0.01107,2018-03-08,2018,3,0,157197,0.11161,20243,0.01876,12171,0.01222,-142633,True
31975,0.02431,2018-03-09,2018,3,0,109460,0.07772,25180,0.02334,17818,0.01789,-77485,True
43088,0.03276,2018-03-10,2018,3,0,77227,0.05483,28839,0.02673,25074,0.02518,-34139,True
47384,0.03603,2018-03-11,2018,3,0,85859,0.06096,33913,0.03144,37179,0.03733,-38475,True
49532,0.03766,2018-03-12,2018,3,0,100653,0.07146,39251,0.03638,50878,0.05109,-51121,True
56281,0.0428,2018-03-13,2018,3,0,99130,0.07038,47611,0.04413,67107,0.06739,-42849,True
69911,0.05316,2018-03-14,2018,3,0,92534,0.0657,54903,0.05089,84473,0.08482,-22623,True
85481,0.065,2018-03-15,2018,3,0,96673,0.06864,64253,0.05956,92641,0.09303,-11192,True
104359,0.07936,2018-03-16,2018,3,0,97149,0.06898,75749,0.07022,107186,0.10763,7210,True
117759,0.08955,2018-03-17,2018,3,0,111585,0.07923,103710,0.09614,135806,0.13637,6174,True
168747,0.12832,2018-03-18,2018,3,0,98079,0.06964,183593,0.17019,141079,0.14167,70668,True
120267,0.09145,2018-03-19,2018,3,0,76549,0.05435,114369,0.10602,76419,0.07674,43718,True
109145,0.083,2018-03-20,2018,3,0,49908,0.03543,77878,0.07219,68945,0.06923,59237,True
118230,0.0899,2018-03-21,2018,3,0,34048,0.02417,77460,0.0718,33645,0.03378,84182,True
114386,0.08698,2018-03-22,2018,3,0,22395,0.0159,64825,0.06009,20248,0.02033,91991,True
47470,0.0361,2018-03-23,2018,3,0,14624,0.01038,37812,0.03505,9539,0.00958,32846,True
3307,0.00251,1900-01-01,1900,1,0,4327,0.00307,7088,0.00657,1183,0.00119,-1020,True
0,0.0,2018-03-01,2018,3,0,133,9e-05,2,0.0,0,0.0,-133,True
0,0.0,2018-03-02,2018,3,0,0,0.0,0,0.0,0,0.0,0,True
0,0.0,2018-03-03,2018,3,0,0,0.0,0,0.0,0,0.0,0,True
28,3e-05,2018-02-04,2018,2,0,0,0.0,77,0.0001,26,3e-05,28,True
1479,0.00148,2018-02-05,2018,2,0,1505,0.0014,3024,0.00382,2296,0.00301,-26,True
3344,0.00334,2018-02-06,2018,2,0,14975,0.01392,4962,0.00627,3726,0.00489,-11631,True
5458,0.00545,2018-02-07,2018,2,0,43782,0.04068,9200,0.01163,5573,0.00732,-38324,True
10145,0.01013,2018-02-08,2018,2,0,113808,0.10575,15545,0.01965,8986,0.0118,-103663,True
21442,0.0214,2018-02-09,2018,2,0,81292,0.07554,19007,0.02402,12821,0.01683,-59850,True
30781,0.03072,2018-02-10,2018,2,0,60302,0.05603,21909,0.02769,18955,0.02489,-29521,True
34964,0.0349,2018-02-11,2018,2,0,69688,0.06476,26337,0.03329,27260,0.03579,-34724,True
37974,0.0379,2018-02-12,2018,2,0,74785,0.06949,30405,0.03843,36347,0.04772,-36811,True
45026,0.04494,2018-02-13,2018,2,0,86183,0.08008,35921,0.0454,49504,0.06499,-41157,True
54538,0.05444,2018-02-14,2018,2,0,78559,0.073,40963,0.05177,59174,0.07769,-24021,True
65082,0.06496,2018-02-15,2018,2,0,76376,0.07097,46414,0.05866,65759,0.08634,-11294,True
77667,0.07753,2018-02-16,2018,2,0,77383,0.07191,55540,0.0702,79629,0.10455,284,True
91604,0.09144,2018-02-17,2018,2,0,77541,0.07205,75970,0.09602,104356,0.13701,14063,True
138681,0.13843,2018-02-18,2018,2,0,73374,0.06818,141340,0.17865,113825,0.14944,65307,True
96617,0.09644,2018-02-19,2018,2,0,56141,0.05217,85244,0.10774,62692,0.08231,40476,True
83173,0.08302,2018-02-20,2018,2,0,35190,0.0327,54178,0.06848,58081,0.07626,47983,True
86521,0.08636,2018-02-21,2018,2,0,25253,0.02347,54397,0.06875,26742,0.03511,61268,True
81024,0.08088,2018-02-22,2018,2,0,16639,0.01546,43467,0.05494,17502,0.02298,64385,True
33705,0.03364,2018-02-23,2018,2,0,10175,0.00945,22836,0.02886,7386,0.0097,23530,True
2571,0.00257,1900-01-01,1900,1,0,3082,0.00286,4420,0.00559,1021,0.00134,-511,True
6,1e-05,2018-02-01,2018,2,0,123,0.00011,21,3e-05,5,1e-05,-117,True
0,0.0,2018-02-02,2018,2,0,0,0.0,0,0.0,0,0.0,0,True
0,0.0,2018-02-03,2018,2,0,0,0.0,0,0.0,0,0.0,0,True
26,2e-05,2018-01-04,2018,1,0,1,0.0,81,9e-05,41,5e-05,25,True
1392,0.00129,2018-01-05,2018,1,0,1504,0.00131,3318,0.00362,2464,0.00285,-112,True
3363,0.00312,2018-01-06,2018,1,0,17668,0.0154,5520,0.00602,3779,0.00438,-14305,True
5846,0.00543,2018-01-07,2018,1,0,50325,0.04387,10137,0.01106,6118,0.00708,-44479,True
10699,0.00994,2018-01-08,2018,1,0,138458,0.1207,18118,0.01976,9979,0.01155,-127759,True
22397,0.0208,2018-01-09,2018,1,0,95989,0.08368,21091,0.02301,13696,0.01586,-73592,True
30437,0.02827,2018-01-10,2018,1,0,67945,0.05923,23192,0.0253,19079,0.02209,-37508,True
35992,0.03343,2018-01-11,2018,1,0,75573,0.06588,29100,0.03175,29499,0.03416,-39581,True
39563,0.03674,2018-01-12,2018,1,0,78032,0.06802,33250,0.03627,38315,0.04436,-38469,True
48070,0.04464,2018-01-13,2018,1,0,87339,0.07614,39553,0.04315,52973,0.06133,-39269,True
58810,0.05462,2018-01-14,2018,1,0,79344,0.06917,45054,0.04915,64519,0.0747,-20534,True
69220,0.06429,2018-01-15,2018,1,0,77597,0.06764,51625,0.05632,72509,0.08395,-8377,True
80999,0.07523,2018-01-16,2018,1,0,77944,0.06795,61040,0.06659,91792,0.10628,3055,True
98615,0.09159,2018-01-17,2018,1,0,77535,0.06759,88934,0.09702,120699,0.13975,21080,True
157211,0.146,2018-01-18,2018,1,0,74586,0.06502,176798,0.19287,136661,0.15823,82625,True
104614,0.09716,2018-01-19,2018,1,0,55669,0.04853,103182,0.11256,71330,0.08259,48945,True
90586,0.08413,2018-01-20,2018,1,0,35106,0.0306,65056,0.07097,68704,0.07955,55480,True
92625,0.08602,2018-01-21,2018,1,0,25022,0.02181,61578,0.06718,31980,0.03703,67603,True
86727,0.08055,2018-01-22,2018,1,0,17301,0.01508,50158,0.05472,20416,0.02364,69426,True
36776,0.03415,2018-01-23,2018,1,0,10742,0.00936,25060,0.02734,8130,0.00941,26034,True
2782,0.00258,1900-01-01,1900,1,0,3340,0.00291,4826,0.00526,994,0.00115,-558,True
2,0.0,2018-01-01,2018,1,0,115,0.0001,3,0.0,1,0.0,-113,True
0,0.0,2018-01-02,2018,1,0,0,0.0,0,0.0,0,0.0,0,True
0,0.0,2018-01-03,2018,1,0,0,0.0,0,0.0,0,0.0,0,True
30,2e-05,2017-12-04,2017,12,0,3,0.0,95,9e-05,50,5e-05,27,True
1625,0.00122,2017-12-05,2017,12,0,1464,0.00101,4016,0.00401,2720,0.00291,161,True
4104,0.00309,2017-12-06,2017,12,0,17951,0.01244,5798,0.00579,4309,0.00461,-13847,True
6731,0.00506,2017-12-07,2017,12,0,55449,0.03841,11425,0.0114,6699,0.00717,-48718,True
12066,0.00908,2017-12-08,2017,12,0,134364,0.09308,18582,0.01854,10412,0.01114,-122298,True
24522,0.01845,2017-12-09,2017,12,0,100626,0.06971,23224,0.02317,16834,0.01802,-76104,True
38245,0.02878,2017-12-10,2017,12,0,79968,0.0554,27925,0.02786,23405,0.02505,-41723,True
44804,0.03371,2017-12-11,2017,12,0,93857,0.06502,35110,0.03503,35241,0.03772,-49053,True
49504,0.03725,2017-12-12,2017,12,0,100845,0.06986,38510,0.03843,46311,0.04957,-51341,True
61748,0.04646,2017-12-13,2017,12,0,108222,0.07497,46060,0.04596,61636,0.06597,-46474,True
73422,0.05524,2017-12-14,2017,12,0,102016,0.07067,51343,0.05123,75866,0.0812,-28594,True
87685,0.06598,2017-12-15,2017,12,0,105809,0.0733,59527,0.0594,84985,0.09096,-18124,True
102096,0.07682,2017-12-16,2017,12,0,108406,0.0751,71460,0.0713,97331,0.10418,-6310,True
120659,0.09079,2017-12-17,2017,12,0,117715,0.08155,95881,0.09567,123219,0.13189,2944,True
165494,0.12452,2017-12-18,2017,12,0,109160,0.07562,165410,0.16505,134734,0.14421,56334,True
123431,0.09287,2017-12-19,2017,12,0,78821,0.05461,101318,0.1011,72384,0.07748,44610,True
112707,0.0848,2017-12-20,2017,12,0,49659,0.0344,70615,0.07046,70526,0.07549,63048,True
123461,0.0929,2017-12-21,2017,12,0,34918,0.02419,71682,0.07152,34797,0.03725,88543,True
118524,0.08918,2017-12-22,2017,12,0,23820,0.0165,62932,0.06279,22042,0.02359,94704,True
53385,0.04017,2017-12-23,2017,12,0,14968,0.01037,34582,0.03451,9325,0.00998,38417,True
4551,0.00342,1900-01-01,1900,1,0,4763,0.0033,6646,0.00663,1370,0.00147,-212,True
239,0.00018,2017-12-01,2017,12,0,556,0.00039,54,5e-05,73,8e-05,-317,True
1,0.0,2017-12-02,2017,12,0,100,7e-05,2,0.0,0,0.0,-99,True
0,0.0,2017-12-03,2017,12,0,0,0.0,0,0.0,0,0.0,0,True
36,3e-05,2017-11-04,2017,11,0,0,0.0,124,0.00012,55,6e-05,36,True
1743,0.00139,2017-11-05,2017,11,0,1477,0.00111,3792,0.00362,2927,0.00313,266,True
4470,0.00356,2017-11-06,2017,11,0,17745,0.01329,5991,0.00572,4395,0.0047,-13275,True
7404,0.0059,2017-11-07,2017,11,0,61201,0.04582,11775,0.01123,7083,0.00758,-53797,True
14799,0.01179,2017-11-08,2017,11,0,162977,0.12202,19941,0.01902,11626,0.01244,-148178,True
29651,0.02361,2017-11-09,2017,11,0,110778,0.08294,24037,0.02293,16763,0.01793,-81127,True
36589,0.02914,2017-11-10,2017,11,0,76193,0.05704,27883,0.0266,22561,0.02413,-39604,True
41717,0.03322,2017-11-11,2017,11,0,79344,0.0594,32519,0.03102,34746,0.03717,-37627,True
45818,0.03649,2017-11-12,2017,11,0,90701,0.0679,38055,0.03631,46549,0.0498,-44883,True
55064,0.04385,2017-11-13,2017,11,0,92624,0.06934,45348,0.04326,62655,0.06703,-37560,True
66169,0.0527,2017-11-14,2017,11,0,87325,0.06538,52730,0.05031,76753,0.08211,-21156,True
82384,0.06561,2017-11-15,2017,11,0,88772,0.06646,62357,0.05949,84958,0.09088,-6388,True
97413,0.07758,2017-11-16,2017,11,0,89064,0.06668,74964,0.07152,94976,0.1016,8349,True
114337,0.09106,2017-11-17,2017,11,0,101638,0.07609,105335,0.10049,125059,0.13378,12699,True
171511,0.13659,2017-11-18,2017,11,0,96231,0.07204,187277,0.17867,140811,0.15063,75280,True
116601,0.09286,2017-11-19,2017,11,0,69039,0.05169,109825,0.10478,74457,0.07965,47562,True
103975,0.08281,2017-11-20,2017,11,0,43113,0.03228,73629,0.07024,67438,0.07214,60862,True
111457,0.08876,2017-11-21,2017,11,0,30413,0.02277,73861,0.07047,32329,0.03458,81044,True
107184,0.08536,2017-11-22,2017,11,0,20243,0.01516,59504,0.05677,19709,0.02108,86941,True
44146,0.03516,2017-11-23,2017,11,0,12402,0.00928,32611,0.03111,7915,0.00847,31744,True
3184,0.00254,1900-01-01,1900,1,0,4296,0.00322,6618,0.00631,1023,0.00109,-1112,True
3,0.0,2017-11-01,2017,11,0,136,0.0001,1,0.0,1,0.0,-133,True
0,0.0,2017-11-02,2017,11,0,0,0.0,0,0.0,0,0.0,0,True
0,0.0,2017-11-03,2017,11,0,0,0.0,0,0.0,0,0.0,0,True
30,3e-05,2017-10-04,2017,10,0,1,0.0,98,0.00011,41,5e-05,29,True
1598,0.00134,2017-10-05,2017,10,0,1502,0.00116,3262,0.00366,2571,0.00307,96,True
4406,0.00369,2017-10-06,2017,10,0,16100,0.01247,5485,0.00615,4233,0.00506,-11694,True
7135,0.00598,2017-10-07,2017,10,0,53488,0.04142,10464,0.01174,6526,0.0078,-46353,True
14269,0.01196,2017-10-08,2017,10,0,130548,0.10109,17282,0.01939,10432,0.01247,-116279,True
28582,0.02397,2017-10-09,2017,10,0,93860,0.07268,22107,0.0248,16186,0.01934,-65278,True
36683,0.03076,2017-10-10,2017,10,0,73406,0.05684,25106,0.02817,21920,0.02619,-36723,True
40518,0.03397,2017-10-11,2017,10,0,83717,0.06483,29449,0.03304,32104,0.03836,-43199,True
43691,0.03664,2017-10-12,2017,10,0,94989,0.07356,35151,0.03944,43451,0.05192,-51298,True
54091,0.04536,2017-10-13,2017,10,0,100064,0.07749,41969,0.04709,58887,0.07036,-45973,True
65873,0.05523,2017-10-14,2017,10,0,93913,0.07272,48374,0.05428,71060,0.08491,-28040,True
79938,0.06703,2017-10-15,2017,10,0,92984,0.072,56522,0.06342,78641,0.09397,-13046,True
96431,0.08086,2017-10-16,2017,10,0,92956,0.07198,67519,0.07576,86067,0.10284,3475,True
109351,0.09169,2017-10-17,2017,10,0,98103,0.07597,88542,0.09935,108154,0.12923,11248,True
153319,0.12856,2017-10-18,2017,10,0,88511,0.06854,146726,0.16463,114771,0.13714,64808,True
113768,0.0954,2017-10-19,2017,10,0,67528,0.05229,90005,0.10099,64545,0.07712,46240,True
99678,0.08358,2017-10-20,2017,10,0,43323,0.03355,61474,0.06897,62880,0.07514,56355,True
105001,0.08804,2017-10-21,2017,10,0,30708,0.02378,60459,0.06784,29194,0.03488,74293,True
95677,0.08023,2017-10-22,2017,10,0,20020,0.0155,49573,0.05562,17161,0.02051,75657,True
40329,0.03382,2017-10-23,2017,10,0,12286,0.00951,26971,0.03026,7147,0.00854,28043,True
2227,0.00187,1900-01-01,1900,1,0,3283,0.00254,4705,0.00528,922,0.0011,-1056,True
2,0.0,2017-10-01,2017,10,0,91,7e-05,6,1e-05,0,0.0,-89,True
0,0.0,2017-10-02,2017,10,0,0,0.0,2,0.0,0,0.0,0,True
0,0.0,2017-10-03,2017,10,0,0,0.0,0,0.0,0,0.0,0,True
36,3e-05,2017-09-04,2017,9,0,0,0.0,118,0.00012,32,3e-05,36,True
1505,0.00126,2017-09-05,2017,9,0,1556,0.00121,3795,0.00376,2657,0.00288,-51,True
3936,0.0033,2017-09-06,2017,9,0,18326,0.01428,5877,0.00583,4266,0.00462,-14390,True
7033,0.0059,2017-09-07,2017,9,0,64385,0.05017,11727,0.01163,7017,0.0076,-57352,True
13860,0.01164,2017-09-08,2017,9,0,161867,0.12614,19363,0.0192,11226,0.01216,-148007,True
27163,0.0228,2017-09-09,2017,9,0,105326,0.08208,23265,0.02307,16695,0.01809,-78163,True
34950,0.02934,2017-09-10,2017,9,0,72960,0.05686,26287,0.02607,23479,0.02544,-38010,True
39844,0.03345,2017-09-11,2017,9,0,78422,0.06111,30770,0.03051,35202,0.03814,-38578,True
43087,0.03617,2017-09-12,2017,9,0,90188,0.07028,37048,0.03674,48452,0.0525,-47101,True
51841,0.04352,2017-09-13,2017,9,0,89898,0.07006,44248,0.04388,63489,0.06879,-38057,True
63174,0.05303,2017-09-14,2017,9,0,83287,0.06491,50882,0.05046,76521,0.08292,-20113,True
78495,0.06589,2017-09-15,2017,9,0,84983,0.06623,59894,0.0594,83413,0.09038,-6488,True
91954,0.07719,2017-09-16,2017,9,0,84094,0.06553,71079,0.07049,90289,0.09783,7860,True
107329,0.0901,2017-09-17,2017,9,0,93265,0.07268,98206,0.09739,119775,0.12978,14064,True
164405,0.13801,2017-09-18,2017,9,0,85532,0.06665,176653,0.17518,138126,0.14967,78873,True
113527,0.0953,2017-09-19,2017,9,0,65185,0.0508,107522,0.10663,73894,0.08007,48342,True
98491,0.08268,2017-09-20,2017,9,0,39513,0.03079,71918,0.07132,67601,0.07325,58978,True
106324,0.08926,2017-09-21,2017,9,0,28572,0.02227,71907,0.07131,31536,0.03417,77752,True
99337,0.08339,2017-09-22,2017,9,0,19049,0.01484,58362,0.05788,19493,0.02112,80288,True
41631,0.03495,2017-09-23,2017,9,0,12366,0.00964,32769,0.0325,8569,0.00929,29265,True
3290,0.00276,1900-01-01,1900,1,0,4288,0.00334,6688,0.00663,1143,0.00124,-998,True
2,0.0,2017-09-01,2017,9,0,149,0.00012,7,1e-05,1,0.0,-147,True
1,0.0,2017-09-02,2017,9,0,1,0.0,0,0.0,0,0.0,0,True
0,0.0,2017-09-03,2017,9,0,0,0.0,0,0.0,0,0.0,0,True
9,1e-05,2017-08-04,2017,8,0,0,0.0,78,9e-05,14,2e-05,9,True
1574,0.00135,2017-08-05,2017,8,0,1462,0.00116,3636,0.00401,2503,0.00285,112,True
3523,0.00303,2017-08-06,2017,8,0,17544,0.01395,5648,0.00623,3796,0.00432,-14021,True
6329,0.00544,2017-08-07,2017,8,0,59886,0.04763,11258,0.01241,6399,0.00728,-53557,True
12320,0.01058,2017-08-08,2017,8,0,150862,0.11998,18644,0.02056,10515,0.01197,-138542,True
26485,0.02275,2017-08-09,2017,8,0,94549,0.07519,22745,0.02508,15822,0.018,-68064,True
37288,0.03203,2017-08-10,2017,8,0,69310,0.05512,25774,0.02842,23053,0.02623,-32022,True
41920,0.036,2017-08-11,2017,8,0,80033,0.06365,30517,0.03365,34028,0.03872,-38113,True
43449,0.03732,2017-08-12,2017,8,0,87978,0.06997,34500,0.03804,45922,0.05226,-44529,True
51586,0.04431,2017-08-13,2017,8,0,93939,0.07471,40284,0.04442,60072,0.06836,-42353,True
62150,0.05338,2017-08-14,2017,8,0,84655,0.06732,43487,0.04795,71048,0.08085,-22505,True
74548,0.06403,2017-08-15,2017,8,0,85897,0.06831,52465,0.05785,77634,0.08834,-11349,True
87607,0.07524,2017-08-16,2017,8,0,85141,0.06771,59962,0.06612,83992,0.09558,2466,True
102988,0.08846,2017-08-17,2017,8,0,86807,0.06904,87102,0.09604,109231,0.1243,16181,True
162979,0.13998,2017-08-18,2017,8,0,83350,0.06629,168571,0.18587,135342,0.15401,79629,True
113182,0.09721,2017-08-19,2017,8,0,64745,0.05149,100160,0.11044,73102,0.08319,48437,True
98630,0.08471,2017-08-20,2017,8,0,42760,0.03401,62420,0.06883,66996,0.07624,55870,True
101623,0.08728,2017-08-21,2017,8,0,30677,0.0244,59691,0.06582,30680,0.03491,70946,True
91280,0.0784,2017-08-22,2017,8,0,20879,0.0166,49613,0.0547,18845,0.02144,70401,True
41520,0.03566,2017-08-23,2017,8,0,12814,0.01019,25471,0.02809,8679,0.00988,28706,True
3297,0.00283,1900-01-01,1900,1,0,3976,0.00316,4890,0.00539,1099,0.00125,-679,True
3,0.0,2017-08-01,2017,8,0,152,0.00012,8,1e-05,0,0.0,-149,True
0,0.0,2017-08-02,2017,8,0,0,0.0,0,0.0,0,0.0,0,True
0,0.0,2017-08-03,2017,8,0,0,0.0,0,0.0,0,0.0,0,True
22,2e-05,2017-07-04,2017,7,0,1,0.0,73,8e-05,15,2e-05,21,True
1565,0.00142,2017-07-05,2017,7,0,1472,0.00124,3771,0.00414,2452,0.00271,93,True
3660,0.00331,2017-07-06,2017,7,0,17832,0.01502,5762,0.00633,3998,0.00442,-14172,True
6060,0.00548,2017-07-07,2017,7,0,60859,0.05127,10993,0.01207,6715,0.00743,-54799,True
11808,0.01068,2017-07-08,2017,7,0,145242,0.12237,18032,0.01981,10760,0.0119,-133434,True
23538,0.02129,2017-07-09,2017,7,0,96590,0.08138,21773,0.02391,15330,0.01696,-73052,True
32402,0.02931,2017-07-10,2017,7,0,67722,0.05706,24866,0.02731,22067,0.02441,-35320,True
37359,0.03379,2017-07-11,2017,7,0,75610,0.0637,30365,0.03335,34607,0.03828,-38251,True
41207,0.03727,2017-07-12,2017,7,0,80423,0.06776,36378,0.03996,46842,0.05182,-39216,True
49219,0.04452,2017-07-13,2017,7,0,87316,0.07357,42198,0.04635,61190,0.06769,-38097,True
58680,0.05308,2017-07-14,2017,7,0,79544,0.06702,44635,0.04903,71732,0.07935,-20864,True
68512,0.06197,2017-07-15,2017,7,0,78220,0.0659,50636,0.05562,77733,0.08599,-9708,True
79601,0.072,2017-07-16,2017,7,0,78184,0.06587,61811,0.06789,89683,0.09921,1417,True
97506,0.0882,2017-07-17,2017,7,0,78909,0.06648,86624,0.09514,116706,0.12911,18597,True
158353,0.14324,2017-07-18,2017,7,0,77935,0.06566,168042,0.18457,137901,0.15256,80418,True
106725,0.09654,2017-07-19,2017,7,0,60422,0.05091,98437,0.10812,72988,0.08074,46303,True
93928,0.08496,2017-07-20,2017,7,0,38583,0.03251,62735,0.06891,69747,0.07716,55345,True
99110,0.08965,2017-07-21,2017,7,0,28058,0.02364,62412,0.06855,32618,0.03608,71052,True
93214,0.08432,2017-07-22,2017,7,0,18538,0.01562,51024,0.05604,20800,0.02301,74676,True
40170,0.03634,2017-07-23,2017,7,0,11799,0.00994,25431,0.02793,8953,0.0099,28371,True
2862,0.00259,1900-01-01,1900,1,0,3576,0.00301,4449,0.00489,1102,0.00122,-714,True
3,0.0,2017-07-01,2017,7,0,83,7e-05,6,1e-05,1,0.0,-80,True
0,0.0,2017-07-02,2017,7,0,0,0.0,0,0.0,0,0.0,0,True
0,0.0,2017-07-03,2017,7,0,0,0.0,0,0.0,0,0.0,0,True
29,3e-05,2017-06-04,2017,6,0,11,1e-05,86,9e-05,28,3e-05,18,True
1444,0.00126,2017-06-05,2017,6,0,1402,0.00113,4305,0.0044,2782,0.0029,42,True
3613,0.00315,2017-06-06,2017,6,0,18593,0.015,5970,0.0061,4233,0.00442,-14980,True
6792,0.00593,2017-06-07,2017,6,0,65572,0.05289,11632,0.01189,7081,0.00739,-58780,True
12592,0.01099,2017-06-08,2017,6,0,156620,0.12634,18645,0.01906,11395,0.01189,-144028,True
24428,0.02131,2017-06-09,2017,6,0,102728,0.08286,22302,0.0228,16280,0.01699,-78300,True
33487,0.02922,2017-06-10,2017,6,0,73406,0.05921,26067,0.02665,23233,0.02424,-39919,True
38804,0.03386,2017-06-11,2017,6,0,79232,0.06391,31980,0.0327,36917,0.03852,-40428,True
42358,0.03696,2017-06-12,2017,6,0,87323,0.07044,37727,0.03857,52040,0.0543,-44965,True
51603,0.04502,2017-06-13,2017,6,0,87793,0.07082,44481,0.04548,68248,0.07121,-36190,True
63108,0.05506,2017-06-14,2017,6,0,79929,0.06447,49361,0.05047,81659,0.08521,-16821,True
74868,0.06532,2017-06-15,2017,6,0,79361,0.06402,57204,0.05849,86921,0.0907,-4493,True
87356,0.07622,2017-06-16,2017,6,0,78318,0.06317,65640,0.06711,96036,0.10021,9038,True
99604,0.0869,2017-06-17,2017,6,0,83047,0.06699,90256,0.09228,122139,0.12745,16557,True
156726,0.13674,2017-06-18,2017,6,0,79722,0.06431,172479,0.17635,137868,0.14386,77004,True
106233,0.09269,2017-06-19,2017,6,0,61186,0.04935,104536,0.10688,75205,0.07847,45047,True
96034,0.08379,2017-06-20,2017,6,0,39231,0.03165,67974,0.0695,70044,0.07309,56803,True
103719,0.09049,2017-06-21,2017,6,0,29314,0.02365,69043,0.07059,34760,0.03627,74405,True
96982,0.08462,2017-06-22,2017,6,0,19956,0.0161,59078,0.0604,20971,0.02188,77026,True
43284,0.03777,2017-06-23,2017,6,0,12636,0.01019,32974,0.03371,9348,0.00975,30648,True
3067,0.00268,1900-01-01,1900,1,0,4240,0.00342,6300,0.00644,1149,0.0012,-1173,True
2,0.0,2017-06-01,2017,6,0,93,8e-05,7,1e-05,2,0.0,-91,True
0,0.0,2017-06-02,2017,6,0,0,0.0,0,0.0,0,0.0,0,True
0,0.0,2017-06-03,2017,6,0,0,0.0,0,0.0,0,0.0,0,True
29,2e-05,2017-05-04,2017,5,0,1,0.0,142,0.00014,23,2e-05,28,True
1621,0.00135,2017-05-05,2017,5,0,1401,0.00108,4664,0.00471,2861,0.00289,220,True
3848,0.0032,2017-05-06,2017,5,0,18070,0.01392,6138,0.0062,4664,0.00471,-14222,True
7091,0.0059,2017-05-07,2017,5,0,63672,0.04906,11736,0.01186,7391,0.00747,-56581,True
13413,0.01116,2017-05-08,2017,5,0,152220,0.11729,18681,0.01887,11582,0.01171,-138807,True
26082,0.02171,2017-05-09,2017,5,0,105508,0.0813,22950,0.02318,17047,0.01723,-79426,True
33758,0.0281,2017-05-10,2017,5,0,77277,0.05955,26382,0.02665,24665,0.02493,-43519,True
39334,0.03274,2017-05-11,2017,5,0,82710,0.06373,32577,0.03291,38960,0.03937,-43376,True
44305,0.03688,2017-05-12,2017,5,0,95556,0.07363,37887,0.03827,55397,0.05599,-51251,True
52527,0.04372,2017-05-13,2017,5,0,94777,0.07303,45929,0.0464,72887,0.07366,-42250,True
66069,0.05499,2017-05-14,2017,5,0,87755,0.06762,51047,0.05157,87726,0.08866,-21686,True
81388,0.06775,2017-05-15,2017,5,0,86650,0.06677,60344,0.06096,93999,0.095,-5262,True
94028,0.07827,2017-05-16,2017,5,0,84769,0.06532,68616,0.06932,100586,0.10166,9259,True
105044,0.08744,2017-05-17,2017,5,0,92792,0.0715,93845,0.0948,122403,0.12371,12252,True
155361,0.12932,2017-05-18,2017,5,0,85107,0.06558,165737,0.16743,138391,0.13987,70254,True
111916,0.09316,2017-05-19,2017,5,0,63914,0.04925,103093,0.10415,75748,0.07655,48002,True
103098,0.08582,2017-05-20,2017,5,0,41443,0.03193,68680,0.06938,64502,0.06519,61655,True
110073,0.09162,2017-05-21,2017,5,0,29588,0.0228,71170,0.0719,40032,0.04046,80485,True
105918,0.08816,2017-05-22,2017,5,0,19163,0.01477,59282,0.05989,20606,0.02083,86755,True
43724,0.0364,2017-05-23,2017,5,0,11779,0.00908,34322,0.03467,8980,0.00908,31945,True
2736,0.00228,1900-01-01,1900,1,0,3504,0.0027,6652,0.00672,1010,0.00102,-768,True
1,0.0,2017-05-01,2017,5,0,115,9e-05,5,1e-05,1,0.0,-114,True
1,0.0,2017-05-02,2017,5,0,0,0.0,0,0.0,0,0.0,1,True
0,0.0,2017-05-03,2017,5,0,0,0.0,0,0.0,0,0.0,0,True
21,2e-05,2017-04-04,2017,4,0,1,0.0,71,7e-05,16,2e-05,20,True
1598,0.00127,2017-04-05,2017,4,0,1629,0.0012,4253,0.00411,2773,0.00287,-31,True
4010,0.00319,2017-04-06,2017,4,0,18516,0.01365,6093,0.00588,4359,0.00451,-14506,True
7731,0.00614,2017-04-07,2017,4,0,67500,0.04975,12178,0.01176,7247,0.0075,-59769,True
14497,0.01152,2017-04-08,2017,4,0,161826,0.11926,19997,0.01931,11854,0.01226,-147329,True
30029,0.02386,2017-04-09,2017,4,0,110256,0.08126,24338,0.0235,17843,0.01846,-80227,True
38890,0.0309,2017-04-10,2017,4,0,80239,0.05913,27950,0.02699,24514,0.02536,-41349,True
42985,0.03415,2017-04-11,2017,4,0,86215,0.06354,33034,0.0319,36606,0.03787,-43230,True
47404,0.03767,2017-04-12,2017,4,0,97061,0.07153,38944,0.0376,50328,0.05207,-49657,True
56608,0.04498,2017-04-13,2017,4,0,96958,0.07146,47499,0.04586,68371,0.07073,-40350,True
67340,0.05351,2017-04-14,2017,4,0,86823,0.06399,53171,0.05134,81395,0.0842,-19483,True
81833,0.06502,2017-04-15,2017,4,0,88199,0.065,61651,0.05953,88335,0.09138,-6366,True
97397,0.07739,2017-04-16,2017,4,0,88652,0.06533,71955,0.06948,96634,0.09997,8745,True
109214,0.08678,2017-04-17,2017,4,0,97602,0.07193,96267,0.09295,121533,0.12573,11612,True
160978,0.12791,2017-04-18,2017,4,0,88716,0.06538,172751,0.1668,141685,0.14658,72262,True
118196,0.09392,2017-04-19,2017,4,0,69758,0.05141,111677,0.10783,77902,0.08059,48438,True
106344,0.0845,2017-04-20,2017,4,0,46306,0.03413,74713,0.07214,63210,0.06539,60038,True
113240,0.08998,2017-04-21,2017,4,0,33846,0.02494,75350,0.07276,41488,0.04292,79394,True
109582,0.08707,2017-04-22,2017,4,0,20844,0.01536,62334,0.06019,20468,0.02117,88738,True
47894,0.03806,2017-04-23,2017,4,0,12302,0.00907,35052,0.03385,9109,0.00942,35592,True
2742,0.00218,1900-01-01,1900,1,0,3536,0.00261,6376,0.00616,962,0.001,-794,True
1,0.0,2017-04-01,2017,4,0,109,8e-05,3,0.0,3,0.0,-108,True
0,0.0,2017-04-02,2017,4,0,1,0.0,0,0.0,0,0.0,-1,True
0,0.0,2017-04-03,2017,4,0,0,0.0,0,0.0,0,0.0,0,True
21,2e-05,2017-03-04,2017,3,0,2,0.0,92,8e-05,23,2e-05,19,True
1716,0.00126,2017-03-05,2017,3,0,1552,0.00106,4225,0.00382,2631,0.00253,164,True
3901,0.00286,2017-03-06,2017,3,0,18502,0.01265,5867,0.00531,4385,0.00422,-14601,True
7785,0.00571,2017-03-07,2017,3,0,68866,0.04708,12212,0.01105,7293,0.00702,-61081,True
14637,0.01074,2017-03-08,2017,3,0,178215,0.12183,20506,0.01855,11541,0.01111,-163578,True
31258,0.02294,2017-03-09,2017,3,0,116673,0.07976,24765,0.0224,17615,0.01696,-85415,True
40975,0.03007,2017-03-10,2017,3,0,81962,0.05603,29004,0.02624,24772,0.02385,-40987,True
44684,0.03279,2017-03-11,2017,3,0,89860,0.06143,33526,0.03033,37154,0.03577,-45176,True
48618,0.03568,2017-03-12,2017,3,0,106897,0.07307,38310,0.03466,50625,0.04874,-58279,True
57312,0.04205,2017-03-13,2017,3,0,102710,0.07021,46795,0.04233,68635,0.06607,-45398,True
72049,0.05287,2017-03-14,2017,3,0,94537,0.06462,53992,0.04885,87235,0.08398,-22488,True
88886,0.06522,2017-03-15,2017,3,0,97686,0.06678,65090,0.05889,96862,0.09325,-8800,True
107545,0.07891,2017-03-16,2017,3,0,99859,0.06826,74806,0.06768,107497,0.10348,7686,True
123627,0.09072,2017-03-17,2017,3,0,113206,0.07739,102338,0.09258,134726,0.1297,10421,True
177254,0.13007,2017-03-18,2017,3,0,99277,0.06786,189772,0.17168,154482,0.14872,77977,True
129506,0.09503,2017-03-19,2017,3,0,77261,0.05281,123181,0.11144,86160,0.08294,52245,True
116107,0.0852,2017-03-20,2017,3,0,46238,0.03161,81072,0.07334,68705,0.06614,69869,True
125461,0.09206,2017-03-21,2017,3,0,32071,0.02192,83435,0.07548,44219,0.04257,93390,True
117857,0.08648,2017-03-22,2017,3,0,20701,0.01415,69505,0.06288,22318,0.02148,97156,True
50229,0.03686,2017-03-23,2017,3,0,12323,0.00842,39573,0.0358,10704,0.0103,37906,True
3372,0.00247,1900-01-01,1900,1,0,4341,0.00297,7301,0.00661,1191,0.00115,-969,True
2,0.0,2017-03-01,2017,3,0,136,9e-05,4,0.0,0,0.0,-134,True
0,0.0,2017-03-02,2017,3,0,0,0.0,0,0.0,0,0.0,0,True
0,0.0,2017-03-03,2017,3,0,0,0.0,0,0.0,0,0.0,0,True
29,2e-05,2017-02-04,2017,2,0,0,0.0,87,0.0001,31,4e-05,29,True
1609,0.00138,2017-02-05,2017,2,0,1473,0.00118,3214,0.00359,2154,0.00244,136,True
3521,0.00303,2017-02-06,2017,2,0,16528,0.01327,5528,0.00618,3775,0.00427,-13007,True
6191,0.00533,2017-02-07,2017,2,0,54554,0.04379,9522,0.01065,6042,0.00683,-48363,True
11033,0.00949,2017-02-08,2017,2,0,142824,0.11463,17643,0.01973,9540,0.01078,-131791,True
23910,0.02057,2017-02-09,2017,2,0,95159,0.07638,20700,0.02314,14858,0.0168,-71249,True
33942,0.0292,2017-02-10,2017,2,0,72431,0.05813,24674,0.02759,20912,0.02364,-38489,True
37019,0.03185,2017-02-11,2017,2,0,82310,0.06606,28547,0.03192,30454,0.03443,-45291,True
40873,0.03516,2017-02-12,2017,2,0,85774,0.06884,31558,0.03528,40614,0.04591,-44901,True
49924,0.04295,2017-02-13,2017,2,0,95142,0.07636,39052,0.04366,54211,0.06128,-45218,True
61218,0.05266,2017-02-14,2017,2,0,88201,0.07079,44147,0.04936,68166,0.07706,-26983,True
74634,0.0642,2017-02-15,2017,2,0,85653,0.06875,50866,0.05687,77870,0.08803,-11019,True
87056,0.07489,2017-02-16,2017,2,0,87548,0.07027,58531,0.06544,90521,0.10233,-492,True
105110,0.09042,2017-02-17,2017,2,0,88567,0.07109,79665,0.08907,114990,0.12999,16543,True
161023,0.13852,2017-02-18,2017,2,0,84275,0.06764,161385,0.18044,138379,0.15643,76748,True
116288,0.10004,2017-02-19,2017,2,0,65849,0.05285,103595,0.11583,77636,0.08776,50439,True
99613,0.08569,2017-02-20,2017,2,0,39413,0.03163,66042,0.07384,62438,0.07058,60200,True
106441,0.09157,2017-02-21,2017,2,0,27507,0.02208,64630,0.07226,39721,0.0449,78934,True
95844,0.08245,2017-02-22,2017,2,0,17949,0.01441,52466,0.05866,20828,0.02355,77895,True
43990,0.03784,2017-02-23,2017,2,0,10856,0.00871,27418,0.03066,10268,0.01161,33134,True
3190,0.00274,1900-01-01,1900,1,0,3757,0.00302,5103,0.00571,1185,0.00134,-567,True
2,0.0,2017-02-01,2017,2,0,144,0.00012,4,0.0,1,0.0,-142,True
0,0.0,2017-02-02,2017,2,0,0,0.0,0,0.0,0,0.0,0,True
0,0.0,2017-02-03,2017,2,0,0,0.0,0,0.0,0,0.0,0,True
15,1e-05,2017-01-04,2017,1,0,0,0.0,87,0.0001,30,4e-05,15,True
1710,0.00148,2017-01-05,2017,1,0,1430,0.00114,3370,0.0038,2375,0.00289,280,True
3743,0.00324,2017-01-06,2017,1,0,17876,0.01422,5749,0.00649,4041,0.00492,-14133,True
6321,0.00547,2017-01-07,2017,1,0,53451,0.04253,9696,0.01094,5698,0.00694,-47130,True
10675,0.00923,2017-01-08,2017,1,0,143554,0.11422,17440,0.01968,9212,0.01122,-132879,True
23127,0.02,2017-01-09,2017,1,0,95321,0.07584,21131,0.02384,14314,0.01743,-72194,True
32511,0.02812,2017-01-10,2017,1,0,74814,0.05953,24187,0.02729,20461,0.02491,-42303,True
37709,0.03261,2017-01-11,2017,1,0,81748,0.06504,29684,0.0335,29273,0.03564,-44039,True
41611,0.03599,2017-01-12,2017,1,0,88766,0.07063,33041,0.03728,37379,0.04551,-47155,True
50849,0.04398,2017-01-13,2017,1,0,96957,0.07714,39586,0.04467,49636,0.06043,-46108,True
61307,0.05302,2017-01-14,2017,1,0,89634,0.07132,44322,0.05001,61598,0.07499,-28327,True
73541,0.0636,2017-01-15,2017,1,0,89585,0.07128,52307,0.05902,68276,0.08313,-16044,True
84852,0.07339,2017-01-16,2017,1,0,87285,0.06945,59827,0.06751,81292,0.09897,-2433,True
102819,0.08893,2017-01-17,2017,1,0,87570,0.06968,83924,0.0947,102042,0.12423,15249,True
158302,0.13691,2017-01-18,2017,1,0,84703,0.06739,159943,0.18048,131434,0.16002,73599,True
114108,0.09869,2017-01-19,2017,1,0,64243,0.05112,98856,0.11155,72178,0.08788,49865,True
99403,0.08597,2017-01-20,2017,1,0,38809,0.03088,61745,0.06967,62261,0.0758,60594,True
106141,0.0918,2017-01-21,2017,1,0,27950,0.02224,61454,0.06935,39967,0.04866,78191,True
100170,0.08664,2017-01-22,2017,1,0,18799,0.01496,49891,0.0563,20702,0.0252,81371,True
44353,0.03836,2017-01-23,2017,1,0,10771,0.00857,25298,0.02855,8191,0.00997,33582,True
2933,0.00254,1900-01-01,1900,1,0,3426,0.00273,4641,0.00524,1002,0.00122,-493,True
27,2e-05,2017-01-01,2017,1,0,131,0.0001,24,3e-05,3,0.0,-104,True
0,0.0,2017-01-02,2017,1,0,0,0.0,0,0.0,0,0.0,0,True
0,0.0,2017-01-03,2017,1,0,0,0.0,0,0.0,0,0.0,0,True
14,1e-05,2016-12-04,2016,12,0,0,0.0,89,8e-05,29,3e-05,14,True
1805,0.00131,2016-12-05,2016,12,0,1663,0.0011,4002,0.00377,2698,0.00276,142,True
3957,0.00288,2016-12-06,2016,12,0,19618,0.01296,6224,0.00586,4392,0.00449,-15661,True
7142,0.0052,2016-12-07,2016,12,0,61102,0.04038,11765,0.01108,6755,0.0069,-53960,True
12640,0.0092,2016-12-08,2016,12,0,159618,0.10549,19319,0.0182,10699,0.01093,-146978,True
25443,0.01852,2016-12-09,2016,12,0,106864,0.07062,23590,0.02222,16151,0.0165,-81421,True
38208,0.02781,2016-12-10,2016,12,0,84681,0.05596,29185,0.02749,23691,0.0242,-46473,True
43953,0.03199,2016-12-11,2016,12,0,97276,0.06429,36968,0.03482,34947,0.0357,-53323,True
49705,0.03618,2016-12-12,2016,12,0,103284,0.06826,40872,0.0385,47074,0.04808,-53579,True
59425,0.04325,2016-12-13,2016,12,0,109349,0.07227,47217,0.04448,62500,0.06384,-49924,True
72072,0.05246,2016-12-14,2016,12,0,105252,0.06956,53373,0.05028,77779,0.07945,-33180,True
84217,0.0613,2016-12-15,2016,12,0,106723,0.07053,61552,0.05798,85296,0.08713,-22506,True
100497,0.07314,2016-12-16,2016,12,0,110237,0.07285,72377,0.06818,99519,0.10165,-9740,True
120427,0.08765,2016-12-17,2016,12,0,119692,0.0791,98946,0.09321,123908,0.12656,735,True
175606,0.12781,2016-12-18,2016,12,0,114846,0.0759,176575,0.16633,148234,0.15141,60760,True
131124,0.09544,2016-12-19,2016,12,0,83851,0.05541,112661,0.10613,79871,0.08158,47273,True
121246,0.08825,2016-12-20,2016,12,0,50953,0.03367,74823,0.07048,68886,0.07036,70293,True
132536,0.09646,2016-12-21,2016,12,0,35890,0.02372,78584,0.07403,47334,0.04835,96646,True
129028,0.09391,2016-12-22,2016,12,0,23396,0.01546,68161,0.06421,27031,0.02761,105632,True
59053,0.04298,2016-12-23,2016,12,0,13746,0.00908,37481,0.03531,10474,0.0107,45307,True
5503,0.00401,1900-01-01,1900,1,0,4516,0.00298,7709,0.00726,1494,0.00153,987,True
342,0.00025,2016-12-01,2016,12,0,553,0.00037,86,8e-05,245,0.00025,-211,True
1,0.0,2016-12-02,2016,12,0,52,3e-05,5,0.0,0,0.0,-51,True
0,0.0,2016-12-03,2016,12,0,0,0.0,0,0.0,0,0.0,0,True
34,3e-05,2016-11-04,2016,11,0,0,0.0,104,0.0001,36,4e-05,34,True
1747,0.00133,2016-11-05,2016,11,0,1532,0.00109,3942,0.00367,3009,0.00312,215,True
3861,0.00293,2016-11-06,2016,11,0,18623,0.01322,6311,0.00587,4574,0.00474,-14762,True
8092,0.00615,2016-11-07,2016,11,0,61907,0.04393,12261,0.01141,7058,0.00731,-53815,True
14371,0.01092,2016-11-08,2016,11,0,166994,0.11851,19639,0.01828,11665,0.01209,-152623,True
28237,0.02145,2016-11-09,2016,11,0,117588,0.08345,24259,0.02258,16551,0.01715,-89351,True
37823,0.02873,2016-11-10,2016,11,0,83759,0.05944,27716,0.02579,23526,0.02438,-45936,True
41462,0.03149,2016-11-11,2016,11,0,86466,0.06136,34204,0.03183,34888,0.03615,-45004,True
46947,0.03566,2016-11-12,2016,11,0,95241,0.06759,39338,0.03661,46069,0.04773,-48294,True
55906,0.04246,2016-11-13,2016,11,0,95334,0.06766,46055,0.04286,61237,0.06345,-39428,True
66968,0.05086,2016-11-14,2016,11,0,92339,0.06553,52720,0.04906,75020,0.07773,-25371,True
82026,0.0623,2016-11-15,2016,11,0,94487,0.06706,63788,0.05936,83922,0.08695,-12461,True
97765,0.07425,2016-11-16,2016,11,0,96762,0.06867,74039,0.0689,93943,0.09734,1003,True
116182,0.08824,2016-11-17,2016,11,0,109401,0.07764,103863,0.09666,122556,0.12698,6781,True
172399,0.13094,2016-11-18,2016,11,0,101225,0.07184,185718,0.17283,150421,0.15585,71174,True
124607,0.09464,2016-11-19,2016,11,0,75157,0.05334,116945,0.10883,79291,0.08215,49450,True
116079,0.08816,2016-11-20,2016,11,0,43453,0.03084,77288,0.07193,68327,0.07079,72626,True
128754,0.09779,2016-11-21,2016,11,0,31046,0.02203,80095,0.07454,46176,0.04784,97708,True
120574,0.09158,2016-11-22,2016,11,0,20864,0.01481,63629,0.05921,25944,0.02688,99710,True
49411,0.03753,2016-11-23,2016,11,0,12851,0.00912,35680,0.0332,9755,0.01011,36560,True
3379,0.00257,1900-01-01,1900,1,0,3937,0.00279,6956,0.00647,1178,0.00122,-558,True
0,0.0,2016-11-01,2016,11,0,115,8e-05,0,0.0,0,0.0,-115,True
0,0.0,2016-11-02,2016,11,0,0,0.0,0,0.0,0,0.0,0,True
0,0.0,2016-11-03,2016,11,0,0,0.0,0,0.0,0,0.0,0,True
13,1e-05,2016-10-04,2016,10,0,0,0.0,116,0.00011,27,3e-05,13,True
1985,0.00148,2016-10-05,2016,10,0,1678,0.00115,4077,0.00382,3158,0.00327,307,True
4332,0.00324,2016-10-06,2016,10,0,19889,0.01368,6272,0.00587,4677,0.00484,-15557,True
8537,0.00639,2016-10-07,2016,10,0,61258,0.04214,12628,0.01182,7380,0.00764,-52721,True
16241,0.01215,2016-10-08,2016,10,0,158380,0.10896,20259,0.01896,12365,0.01281,-142139,True
31401,0.02349,2016-10-09,2016,10,0,114146,0.07853,25547,0.02391,18687,0.01935,-82745,True
41137,0.03077,2016-10-10,2016,10,0,89942,0.06188,30557,0.02859,25766,0.02669,-48805,True
43952,0.03287,2016-10-11,2016,10,0,95514,0.06571,35716,0.03342,36783,0.0381,-51562,True
48051,0.03594,2016-10-12,2016,10,0,102044,0.0702,41330,0.03868,48953,0.0507,-53993,True
59946,0.04484,2016-10-13,2016,10,0,106613,0.07334,49682,0.04649,65765,0.06811,-46667,True
72741,0.05441,2016-10-14,2016,10,0,98231,0.06758,55539,0.05197,80726,0.08361,-25490,True
86358,0.06459,2016-10-15,2016,10,0,99426,0.0684,67575,0.06324,87603,0.09073,-13068,True
103646,0.07752,2016-10-16,2016,10,0,99775,0.06864,77279,0.07232,97011,0.10047,3871,True
118733,0.08881,2016-10-17,2016,10,0,107819,0.07417,99139,0.09277,121002,0.12532,10914,True
169009,0.12641,2016-10-18,2016,10,0,100023,0.06881,173743,0.16259,141162,0.1462,68986,True
123692,0.09252,2016-10-19,2016,10,0,76293,0.05249,110809,0.10369,76062,0.07878,47399,True
113465,0.08487,2016-10-20,2016,10,0,47626,0.03276,75848,0.07098,64153,0.06644,65839,True
121494,0.09087,2016-10-21,2016,10,0,35041,0.02411,78635,0.07359,42306,0.04382,86453,True
118809,0.08887,2016-10-22,2016,10,0,22433,0.01543,63352,0.05928,21781,0.02256,96376,True
50412,0.03771,2016-10-23,2016,10,0,13354,0.00919,34105,0.03192,8964,0.00928,37058,True
2994,0.00224,1900-01-01,1900,1,0,3978,0.00274,6410,0.006,1205,0.00125,-984,True
0,0.0,2016-10-01,2016,10,0,136,9e-05,0,0.0,0,0.0,-136,True
0,0.0,2016-10-02,2016,10,0,0,0.0,1,0.0,0,0.0,0,True
0,0.0,2016-10-03,2016,10,0,0,0.0,0,0.0,0,0.0,0,True
11,1e-05,2016-09-04,2016,9,0,0,0.0,85,9e-05,20,2e-05,11,True
1665,0.00139,2016-09-05,2016,9,0,1418,0.00108,3742,0.00389,2852,0.00335,247,True
3509,0.00293,2016-09-06,2016,9,0,18365,0.01403,5522,0.00574,4251,0.005,-14856,True
6862,0.00574,2016-09-07,2016,9,0,58465,0.04466,10537,0.01095,6362,0.00748,-51603,True
13272,0.01109,2016-09-08,2016,9,0,146478,0.11189,18047,0.01875,10863,0.01277,-133206,True
26279,0.02196,2016-09-09,2016,9,0,101572,0.07759,22681,0.02356,16404,0.01928,-75293,True
34751,0.02904,2016-09-10,2016,9,0,77813,0.05944,26041,0.02706,22730,0.02671,-43062,True
39253,0.03281,2016-09-11,2016,9,0,83115,0.06349,31856,0.0331,34027,0.03999,-43862,True
43319,0.0362,2016-09-12,2016,9,0,92055,0.07032,36427,0.03785,44368,0.05214,-48736,True
51731,0.04324,2016-09-13,2016,9,0,93463,0.07139,43574,0.04527,57629,0.06773,-41732,True
62015,0.05183,2016-09-14,2016,9,0,88985,0.06797,50086,0.05204,69034,0.08113,-26970,True
75649,0.06323,2016-09-15,2016,9,0,90425,0.06907,59746,0.06207,74235,0.08724,-14776,True
93101,0.07781,2016-09-16,2016,9,0,90294,0.06897,69421,0.07213,80666,0.0948,2807,True
106613,0.0891,2016-09-17,2016,9,0,97791,0.0747,90486,0.09401,102682,0.12067,8822,True
151856,0.12692,2016-09-18,2016,9,0,91977,0.07026,159398,0.16561,127295,0.1496,59879,True
113172,0.09459,2016-09-19,2016,9,0,69981,0.05346,101677,0.10564,70598,0.08297,43191,True
102300,0.0855,2016-09-20,2016,9,0,42218,0.03225,67194,0.06981,58185,0.06838,60082,True
111939,0.09356,2016-09-21,2016,9,0,29452,0.0225,68997,0.07169,38013,0.04467,82487,True
110513,0.09236,2016-09-22,2016,9,0,19121,0.01461,58044,0.06031,20323,0.02388,91392,True
45359,0.03791,2016-09-23,2016,9,0,12141,0.00927,32582,0.03385,9123,0.01072,33218,True
3305,0.00276,1900-01-01,1900,1,0,3837,0.00293,6313,0.00656,1238,0.00145,-532,True
26,2e-05,2016-09-01,2016,9,0,158,0.00012,43,4e-05,4,0.0,-132,True
0,0.0,2016-09-02,2016,9,0,1,0.0,1,0.0,0,0.0,-1,True
0,0.0,2016-09-03,2016,9,0,0,0.0,0,0.0,0,0.0,0,True
14,1e-05,2016-08-04,2016,8,0,2,0.0,57,6e-05,15,2e-05,12,True
1599,0.00129,2016-08-05,2016,8,0,1997,0.00148,3594,0.00386,2927,0.00332,-398,True
3667,0.00296,2016-08-06,2016,8,0,19008,0.01405,5879,0.00631,4389,0.00498,-15341,True
6960,0.00562,2016-08-07,2016,8,0,59930,0.04429,11136,0.01196,6574,0.00746,-52970,True
13295,0.01073,2016-08-08,2016,8,0,146239,0.10807,18524,0.0199,11108,0.0126,-132944,True
29477,0.0238,2016-08-09,2016,8,0,101851,0.07527,24766,0.0266,18009,0.02043,-72374,True
41206,0.03327,2016-08-10,2016,8,0,81172,0.05998,28045,0.03012,24902,0.02825,-39966,True
43391,0.03503,2016-08-11,2016,8,0,89942,0.06646,32996,0.03544,35594,0.04039,-46551,True
45167,0.03647,2016-08-12,2016,8,0,94727,0.07,36056,0.03873,45897,0.05208,-49560,True
53767,0.04341,2016-08-13,2016,8,0,98441,0.07275,40916,0.04395,57976,0.06578,-44674,True
65245,0.05268,2016-08-14,2016,8,0,89474,0.06612,45021,0.04836,68011,0.07717,-24229,True
76701,0.06193,2016-08-15,2016,8,0,90544,0.06691,52519,0.05641,73988,0.08395,-13843,True
89735,0.07245,2016-08-16,2016,8,0,90333,0.06675,61598,0.06616,82355,0.09344,-598,True
104390,0.08428,2016-08-17,2016,8,0,97100,0.07175,83774,0.08998,106068,0.12035,7290,True
160317,0.12944,2016-08-18,2016,8,0,92690,0.0685,166479,0.17882,137893,0.15646,67627,True
118504,0.09568,2016-08-19,2016,8,0,75830,0.05604,102873,0.1105,76747,0.08708,42674,True
105767,0.08539,2016-08-20,2016,8,0,49089,0.03628,65315,0.07016,61054,0.06927,56678,True
116090,0.09373,2016-08-21,2016,8,0,34287,0.02534,66292,0.07121,39000,0.04425,81803,True
110286,0.08904,2016-08-22,2016,8,0,22063,0.0163,53355,0.05731,19290,0.02189,88223,True
49454,0.03993,2016-08-23,2016,8,0,14534,0.01074,26851,0.02884,8431,0.00957,34920,True
3538,0.00286,1900-01-01,1900,1,0,3835,0.00283,4935,0.0053,1110,0.00126,-297,True
0,0.0,2016-08-01,2016,8,0,143,0.00011,2,0.0,0,0.0,-143,True
0,0.0,2016-08-02,2016,8,0,0,0.0,0,0.0,0,0.0,0,True
0,0.0,2016-08-03,2016,8,0,0,0.0,0,0.0,0,0.0,0,True
6,0.0,2016-07-04,2016,7,0,2,0.0,80,8e-05,14,2e-05,4,True
1633,0.00133,2016-07-05,2016,7,0,1999,0.00149,3798,0.00394,2959,0.00322,-366,True
3679,0.003,2016-07-06,2016,7,0,19896,0.01481,6133,0.00637,4408,0.0048,-16217,True
7136,0.00582,2016-07-07,2016,7,0,62768,0.04674,11217,0.01165,6786,0.00739,-55632,True
13497,0.011,2016-07-08,2016,7,0,146209,0.10887,19176,0.01992,11409,0.01242,-132712,True
28205,0.02299,2016-07-09,2016,7,0,102809,0.07655,24967,0.02593,17749,0.01932,-74604,True
39189,0.03194,2016-07-10,2016,7,0,81778,0.06089,28931,0.03005,25332,0.02757,-42589,True
42137,0.03434,2016-07-11,2016,7,0,89866,0.06691,34298,0.03562,36538,0.03977,-47729,True
45765,0.0373,2016-07-12,2016,7,0,92193,0.06865,38567,0.04006,48008,0.05225,-46428,True
54871,0.04472,2016-07-13,2016,7,0,97871,0.07287,44025,0.04573,61513,0.06695,-43000,True
64207,0.05233,2016-07-14,2016,7,0,89654,0.06676,47847,0.0497,72550,0.07897,-25447,True
75527,0.06155,2016-07-15,2016,7,0,89706,0.06679,54874,0.05699,78204,0.08512,-14179,True
87050,0.07094,2016-07-16,2016,7,0,89495,0.06664,64394,0.06688,88887,0.09675,-2445,True
104456,0.08513,2016-07-17,2016,7,0,92680,0.06901,87052,0.09041,112917,0.12291,11776,True
158852,0.12946,2016-07-18,2016,7,0,91871,0.06841,170534,0.17712,139192,0.1515,66981,True
116708,0.09511,2016-07-19,2016,7,0,73721,0.05489,105717,0.1098,77238,0.08407,42987,True
104406,0.08509,2016-07-20,2016,7,0,46867,0.0349,66236,0.06879,63278,0.06888,57539,True
116588,0.09502,2016-07-21,2016,7,0,34470,0.02567,67273,0.06987,41018,0.04465,82118,True
110037,0.08968,2016-07-22,2016,7,0,21675,0.01614,54590,0.0567,20442,0.02225,88362,True
49803,0.04059,2016-07-23,2016,7,0,13399,0.00998,28112,0.0292,9047,0.00985,36404,True
3287,0.00268,1900-01-01,1900,1,0,3978,0.00296,4991,0.00518,1243,0.00135,-691,True
0,0.0,2016-07-01,2016,7,0,107,8e-05,1,0.0,0,0.0,-107,True
0,0.0,2016-07-02,2016,7,0,0,0.0,0,0.0,0,0.0,0,True
0,0.0,2016-07-03,2016,7,0,0,0.0,0,0.0,0,0.0,0,True
20,2e-05,2016-06-04,2016,6,0,0,0.0,96,9e-05,6,1e-05,20,True
1619,0.00131,2016-06-05,2016,6,0,2397,0.00177,4151,0.00404,3283,0.00346,-778,True
3754,0.00303,2016-06-06,2016,6,0,20310,0.01502,6442,0.00627,4493,0.00473,-16556,True
7444,0.00601,2016-06-07,2016,6,0,66405,0.04911,11387,0.01109,7048,0.00742,-58961,True
13473,0.01088,2016-06-08,2016,6,0,154592,0.11432,18946,0.01845,11476,0.01208,-141119,True
28335,0.02289,2016-06-09,2016,6,0,106620,0.07885,24375,0.02373,17198,0.0181,-78285,True
38010,0.0307,2016-06-10,2016,6,0,82896,0.0613,28607,0.02785,25076,0.0264,-44886,True
41448,0.03348,2016-06-11,2016,6,0,87466,0.06468,34256,0.03335,37847,0.03984,-46018,True
44754,0.03615,2016-06-12,2016,6,0,94726,0.07005,39584,0.03854,51357,0.05406,-49972,True
54938,0.04438,2016-06-13,2016,6,0,95175,0.07038,46631,0.0454,67554,0.07111,-40237,True
67051,0.05416,2016-06-14,2016,6,0,88659,0.06556,51954,0.05058,81092,0.08537,-21608,True
78220,0.06318,2016-06-15,2016,6,0,87983,0.06506,60041,0.05846,85046,0.08953,-9763,True
91422,0.07385,2016-06-16,2016,6,0,87728,0.06487,70051,0.0682,93211,0.09812,3694,True
106230,0.08581,2016-06-17,2016,6,0,94213,0.06967,91212,0.08881,116044,0.12216,12017,True
156490,0.12641,2016-06-18,2016,6,0,91622,0.06775,173953,0.16937,136705,0.14391,64868,True
116420,0.09404,2016-06-19,2016,6,0,70482,0.05212,111114,0.10818,76415,0.08044,45938,True
106374,0.08592,2016-06-20,2016,6,0,47176,0.03489,73457,0.07152,62536,0.06583,59198,True
115927,0.09364,2016-06-21,2016,6,0,33960,0.02511,75434,0.07345,41491,0.04368,81967,True
111795,0.0903,2016-06-22,2016,6,0,21513,0.01591,64422,0.06272,21057,0.02217,90282,True
50848,0.04107,2016-06-23,2016,6,0,13983,0.01034,34599,0.03369,9668,0.01018,36865,True
3431,0.00277,1900-01-01,1900,1,0,4238,0.00313,6359,0.00619,1329,0.0014,-807,True
0,0.0,2016-06-01,2016,6,0,121,9e-05,3,0.0,0,0.0,-121,True
0,0.0,2016-06-02,2016,6,0,0,0.0,1,0.0,0,0.0,0,True
0,0.0,2016-06-03,2016,6,0,0,0.0,0,0.0,0,0.0,0,True
19,1e-05,2016-05-04,2016,5,0,1,0.0,88,8e-05,15,2e-05,18,True
1768,0.00136,2016-05-05,2016,5,0,2029,0.00143,4540,0.00418,3257,0.00334,-261,True
3836,0.00295,2016-05-06,2016,5,0,19486,0.01375,6551,0.00603,4924,0.00504,-15650,True
7865,0.00604,2016-05-07,2016,5,0,64285,0.04537,11586,0.01066,7412,0.00759,-56420,True
14628,0.01124,2016-05-08,2016,5,0,160195,0.11306,19244,0.0177,12236,0.01253,-145567,True
28220,0.02168,2016-05-09,2016,5,0,113201,0.0799,24833,0.02284,17551,0.01798,-84981,True
37140,0.02853,2016-05-10,2016,5,0,85582,0.0604,29427,0.02707,25148,0.02576,-48442,True
41492,0.03187,2016-05-11,2016,5,0,92371,0.06519,36269,0.03336,38437,0.03937,-50879,True
46626,0.03582,2016-05-12,2016,5,0,103205,0.07284,41697,0.03835,54155,0.05547,-56579,True
55947,0.04298,2016-05-13,2016,5,0,102695,0.07248,49204,0.04526,70937,0.07266,-46748,True
70089,0.05384,2016-05-14,2016,5,0,94451,0.06666,55680,0.05121,85710,0.08779,-24362,True
84773,0.06512,2016-05-15,2016,5,0,96950,0.06843,64390,0.05923,89963,0.09215,-12177,True
100274,0.07703,2016-05-16,2016,5,0,94033,0.06637,75129,0.0691,95873,0.0982,6241,True
113566,0.08724,2016-05-17,2016,5,0,102559,0.07239,97717,0.08988,120915,0.12385,11007,True
159435,0.12247,2016-05-18,2016,5,0,94483,0.06669,175308,0.16125,133475,0.13672,64952,True
122054,0.09376,2016-05-19,2016,5,0,73021,0.05154,117530,0.10811,78941,0.08086,49033,True
112346,0.0863,2016-05-20,2016,5,0,46765,0.03301,78713,0.0724,64997,0.06657,65581,True
123526,0.09489,2016-05-21,2016,5,0,33546,0.02368,81078,0.07458,37791,0.03871,89980,True
122937,0.09443,2016-05-22,2016,5,0,20777,0.01466,70474,0.06482,22541,0.02309,102160,True
51998,0.03994,2016-05-23,2016,5,0,13551,0.00956,39911,0.03671,10697,0.01096,38447,True
3296,0.00253,1900-01-01,1900,1,0,3567,0.00252,7814,0.00719,1323,0.00136,-271,True
0,0.0,2016-05-01,2016,5,0,96,7e-05,0,0.0,0,0.0,-96,True
0,0.0,2016-05-02,2016,5,0,2,0.0,0,0.0,0,0.0,-2,True
0,0.0,2016-05-03,2016,5,0,0,0.0,0,0.0,0,0.0,0,True
20,2e-05,2016-04-04,2016,4,0,0,0.0,88,8e-05,3,0.0,20,True
1473,0.00116,2016-04-05,2016,4,0,1997,0.00144,3612,0.00336,3019,0.00321,-524,True
3743,0.00294,2016-04-06,2016,4,0,18662,0.01348,6162,0.00573,4816,0.00512,-14919,True
7683,0.00603,2016-04-07,2016,4,0,64952,0.04691,11368,0.01057,7127,0.00758,-57269,True
15489,0.01215,2016-04-08,2016,4,0,159367,0.1151,19226,0.01787,11760,0.0125,-143878,True
29495,0.02313,2016-04-09,2016,4,0,112042,0.08092,25005,0.02324,17238,0.01833,-82547,True
38297,0.03003,2016-04-10,2016,4,0,84194,0.06081,29089,0.02704,23679,0.02517,-45897,True
41732,0.03273,2016-04-11,2016,4,0,88360,0.06382,34625,0.03218,35783,0.03804,-46628,True
47094,0.03693,2016-04-12,2016,4,0,99278,0.0717,40059,0.03724,50125,0.05329,-52184,True
56476,0.04429,2016-04-13,2016,4,0,98439,0.07109,48987,0.04553,67325,0.07157,-41963,True
68093,0.0534,2016-04-14,2016,4,0,90462,0.06533,54387,0.05055,82125,0.08731,-22369,True
83199,0.06525,2016-04-15,2016,4,0,93515,0.06754,65161,0.06057,88026,0.09358,-10316,True
96718,0.07585,2016-04-16,2016,4,0,90467,0.06534,74708,0.06944,95429,0.10145,6251,True
110758,0.08686,2016-04-17,2016,4,0,99846,0.07211,96951,0.09012,121571,0.12924,10912,True
155241,0.12175,2016-04-18,2016,4,0,92580,0.06686,173074,0.16088,129134,0.13728,62661,True
119739,0.09391,2016-04-19,2016,4,0,72052,0.05204,118563,0.11021,75832,0.08062,47687,True
110126,0.08637,2016-04-20,2016,4,0,46910,0.03388,79920,0.07429,60868,0.06471,63216,True
119278,0.09355,2016-04-21,2016,4,0,33062,0.02388,80292,0.07463,33266,0.03536,86216,True
117619,0.09224,2016-04-22,2016,4,0,21144,0.01527,69545,0.06464,21623,0.02299,96475,True
49528,0.03884,2016-04-23,2016,4,0,13238,0.00956,38007,0.03533,10418,0.01108,36290,True
3281,0.00257,1900-01-01,1900,1,0,3942,0.00285,6992,0.0065,1490,0.00158,-661,True
1,0.0,2016-04-01,2016,4,0,108,8e-05,5,0.0,0,0.0,-107,True
0,0.0,2016-04-02,2016,4,0,0,0.0,0,0.0,0,0.0,0,True
0,0.0,2016-04-03,2016,4,0,0,0.0,0,0.0,0,0.0,0,True
26,2e-05,2016-03-04,2016,3,0,0,0.0,91,8e-05,12,1e-05,26,True
1452,0.00107,2016-03-05,2016,3,0,2147,0.00147,3656,0.00322,3165,0.00331,-695,True
3739,0.00277,2016-03-06,2016,3,0,19043,0.01303,5986,0.00527,5075,0.00531,-15304,True
7679,0.00568,2016-03-07,2016,3,0,68185,0.04664,11884,0.01045,7238,0.00758,-60506,True
14420,0.01067,2016-03-08,2016,3,0,174596,0.11942,19860,0.01747,11503,0.01204,-160176,True
27933,0.02066,2016-03-09,2016,3,0,112917,0.07724,24928,0.02193,17030,0.01783,-84984,True
37795,0.02796,2016-03-10,2016,3,0,84042,0.05748,29079,0.02558,23947,0.02507,-46247,True
43433,0.03213,2016-03-11,2016,3,0,89096,0.06094,34932,0.03073,35936,0.03763,-45663,True
48423,0.03582,2016-03-12,2016,3,0,105869,0.07241,39733,0.03495,49668,0.05201,-57446,True
56807,0.04202,2016-03-13,2016,3,0,102584,0.07017,47588,0.04187,66587,0.06972,-45777,True
70015,0.05179,2016-03-14,2016,3,0,96196,0.0658,54593,0.04803,83125,0.08704,-26181,True
85704,0.0634,2016-03-15,2016,3,0,101092,0.06915,66428,0.05844,89500,0.09371,-15388,True
105415,0.07798,2016-03-16,2016,3,0,98409,0.06731,76015,0.06687,95976,0.1005,7006,True
119237,0.0882,2016-03-17,2016,3,0,110525,0.0756,101449,0.08925,123527,0.12934,8712,True
169413,0.12532,2016-03-18,2016,3,0,98901,0.06765,186634,0.16419,134468,0.1408,70512,True
130950,0.09687,2016-03-19,2016,3,0,77996,0.05335,129033,0.11352,79082,0.08281,52954,True
117789,0.08713,2016-03-20,2016,3,0,47110,0.03222,89079,0.07837,60387,0.06323,70679,True
129956,0.09613,2016-03-21,2016,3,0,32559,0.02227,90192,0.07935,33494,0.03507,97397,True
127373,0.09422,2016-03-22,2016,3,0,22312,0.01526,75861,0.06674,22425,0.02348,105061,True
50875,0.03763,2016-03-23,2016,3,0,14045,0.00961,41621,0.03662,11420,0.01196,36830,True
3443,0.00255,1900-01-01,1900,1,0,4219,0.00289,8050,0.00708,1464,0.00153,-776,True
2,0.0,2016-03-01,2016,3,0,148,0.0001,1,0.0,2,0.0,-146,True
0,0.0,2016-03-02,2016,3,0,0,0.0,0,0.0,0,0.0,0,True
0,0.0,2016-03-03,2016,3,0,0,0.0,0,0.0,0,0.0,0,True
11,1e-05,2016-02-04,2016,2,0,0,0.0,75,9e-05,4,1e-05,11,True
1155,0.001,2016-02-05,2016,2,0,1818,0.00144,2770,0.00317,2527,0.00331,-663,True
3419,0.00296,2016-02-06,2016,2,0,16033,0.01269,4760,0.00544,4086,0.00535,-12614,True
5853,0.00507,2016-02-07,2016,2,0,46480,0.03679,8724,0.00998,5354,0.007,-40627,True
10347,0.00896,2016-02-08,2016,2,0,125236,0.09913,15486,0.01771,8888,0.01163,-114889,True
21508,0.01862,2016-02-09,2016,2,0,86575,0.06853,20554,0.02351,13210,0.01728,-65067,True
31405,0.02719,2016-02-10,2016,2,0,71317,0.05645,23944,0.02739,18930,0.02476,-39912,True
34371,0.02976,2016-02-11,2016,2,0,82989,0.06569,29021,0.0332,27590,0.03609,-48618,True
39247,0.03398,2016-02-12,2016,2,0,93552,0.07405,34118,0.03903,37765,0.0494,-54305,True
49211,0.04261,2016-02-13,2016,2,0,107869,0.08538,40711,0.04657,49973,0.06537,-58658,True
62568,0.05417,2016-02-14,2016,2,0,99595,0.07883,46739,0.05346,62532,0.0818,-37027,True
78193,0.0677,2016-02-15,2016,2,0,99380,0.07866,54024,0.0618,70778,0.09259,-21187,True
90998,0.07878,2016-02-16,2016,2,0,93269,0.07383,61542,0.0704,78634,0.10287,-2271,True
106593,0.09229,2016-02-17,2016,2,0,91993,0.07282,78870,0.09022,100947,0.13206,14600,True
149372,0.12932,2016-02-18,2016,2,0,85569,0.06773,143807,0.1645,108144,0.14147,63803,True
117802,0.10199,2016-02-19,2016,2,0,65043,0.05148,99630,0.11396,65755,0.08602,52759,True
101380,0.08777,2016-02-20,2016,2,0,38883,0.03078,63990,0.0732,53415,0.06988,62497,True
108858,0.09425,2016-02-21,2016,2,0,27094,0.02145,62098,0.07103,28039,0.03668,81764,True
99005,0.08572,2016-02-22,2016,2,0,16957,0.01342,51372,0.05876,18143,0.02373,82048,True
40892,0.0354,2016-02-23,2016,2,0,10626,0.00841,26830,0.03069,8510,0.01113,30266,True
2824,0.00244,1900-01-01,1900,1,0,3011,0.00238,5134,0.00587,1197,0.00157,-187,True
19,2e-05,2016-02-01,2016,2,0,74,6e-05,20,2e-05,9,1e-05,-55,True
0,0.0,2016-02-02,2016,2,0,0,0.0,0,0.0,0,0.0,0,True
0,0.0,2016-02-03,2016,2,0,0,0.0,0,0.0,0,0.0,0,True
14,1e-05,2016-01-04,2016,1,0,0,0.0,75,8e-05,4,0.0,14,True
1373,0.00117,2016-01-05,2016,1,0,1962,0.00153,3168,0.00339,2565,0.0031,-589,True
3610,0.00307,2016-01-06,2016,1,0,18758,0.01459,5510,0.00589,4263,0.00516,-15148,True
6056,0.00515,2016-01-07,2016,1,0,51905,0.04037,9587,0.01025,5836,0.00706,-45849,True
11068,0.00941,2016-01-08,2016,1,0,136433,0.10611,17166,0.01836,9376,0.01135,-125365,True
21209,0.01803,2016-01-09,2016,1,0,96816,0.0753,21904,0.02342,14066,0.01703,-75607,True
30070,0.02556,2016-01-10,2016,1,0,75159,0.05845,25173,0.02692,18415,0.02229,-45089,True
35220,0.02994,2016-01-11,2016,1,0,84465,0.06569,30663,0.03279,27809,0.03366,-49245,True
39657,0.03371,2016-01-12,2016,1,0,91590,0.07123,35328,0.03778,38655,0.04679,-51933,True
50220,0.04269,2016-01-13,2016,1,0,104210,0.08105,42027,0.04494,51999,0.06294,-53990,True
61777,0.05252,2016-01-14,2016,1,0,95406,0.0742,46559,0.04979,64802,0.07844,-33629,True
75485,0.06417,2016-01-15,2016,1,0,95106,0.07397,54356,0.05813,73741,0.08926,-19621,True
89637,0.0762,2016-01-16,2016,1,0,94193,0.07326,63644,0.06806,85095,0.10301,-4556,True
108990,0.09265,2016-01-17,2016,1,0,92994,0.07232,85740,0.09169,109339,0.13236,15996,True
155399,0.1321,2016-01-18,2016,1,0,87079,0.06772,161259,0.17244,121306,0.14684,68320,True
119793,0.10183,2016-01-19,2016,1,0,63935,0.04972,108428,0.11595,73766,0.08929,55858,True
104216,0.08859,2016-01-20,2016,1,0,38798,0.03017,68069,0.07279,62595,0.07577,65418,True
113074,0.09612,2016-01-21,2016,1,0,26519,0.02062,67991,0.07271,32587,0.03945,86555,True
103777,0.08822,2016-01-22,2016,1,0,16670,0.01296,55323,0.05916,20499,0.02481,87107,True
43167,0.0367,2016-01-23,2016,1,0,10622,0.00826,28027,0.02997,8205,0.00993,32545,True
2538,0.00216,1900-01-01,1900,1,0,3099,0.00241,5146,0.0055,1178,0.00143,-561,True
1,0.0,2016-01-01,2016,1,0,69,5e-05,1,0.0,2,0.0,-68,True
0,0.0,2016-01-02,2016,1,0,0,0.0,0,0.0,0,0.0,0,True
0,0.0,2016-01-03,2016,1,0,0,0.0,0,0.0,0,0.0,0,True
8,1e-05,2015-12-04,2015,12,0,1,0.0,102,9e-05,7,1e-05,7,True
1463,0.00105,2015-12-05,2015,12,0,2003,0.0013,3925,0.00361,2867,0.00303,-540,True
3535,0.00255,2015-12-06,2015,12,0,21419,0.01392,5777,0.00531,4496,0.00475,-17884,True
7186,0.00517,2015-12-07,2015,12,0,64050,0.04161,11261,0.01035,6605,0.00698,-56864,True
11871,0.00855,2015-12-08,2015,12,0,150112,0.09753,18421,0.01693,10941,0.01156,-138241,True
22775,0.0164,2015-12-09,2015,12,0,107779,0.07003,23488,0.02158,14889,0.01573,-85004,True
33203,0.02391,2015-12-10,2015,12,0,84789,0.05509,29385,0.027,22134,0.02339,-51586,True
41467,0.02986,2015-12-11,2015,12,0,98687,0.06412,37181,0.03416,33928,0.03585,-57220,True
47045,0.03388,2015-12-12,2015,12,0,107684,0.06996,40678,0.03738,46561,0.0492,-60639,True
58663,0.04224,2015-12-13,2015,12,0,117468,0.07632,48428,0.0445,63388,0.06698,-58805,True
72409,0.05214,2015-12-14,2015,12,0,111471,0.07242,54248,0.04985,78748,0.08321,-39062,True
88845,0.06398,2015-12-15,2015,12,0,114169,0.07418,63794,0.05862,88051,0.09304,-25324,True
106738,0.07686,2015-12-16,2015,12,0,114379,0.07431,74511,0.06846,97462,0.10298,-7641,True
127255,0.09164,2015-12-17,2015,12,0,121467,0.07892,99989,0.09187,123805,0.13081,5788,True
175415,0.12632,2015-12-18,2015,12,0,117208,0.07615,176339,0.16203,135215,0.14287,58207,True
133850,0.09639,2015-12-19,2015,12,0,85927,0.05583,117755,0.1082,77801,0.0822,47923,True
122529,0.08823,2015-12-20,2015,12,0,48740,0.03167,77974,0.07165,67488,0.07131,73789,True
137054,0.09869,2015-12-21,2015,12,0,33540,0.02179,83390,0.07662,36430,0.03849,103514,True
132468,0.09539,2015-12-22,2015,12,0,20809,0.01352,73864,0.06787,23326,0.02465,111659,True
58959,0.04246,2015-12-23,2015,12,0,13113,0.00852,39527,0.03632,10596,0.0112,45846,True
5707,0.00411,1900-01-01,1900,1,0,3877,0.00252,8173,0.00751,1551,0.00164,1830,True
245,0.00018,2015-12-01,2015,12,0,435,0.00028,108,0.0001,139,0.00015,-190,True
0,0.0,2015-12-02,2015,12,0,1,0.0,1,0.0,0,0.0,-1,True
0,0.0,2015-12-03,2015,12,0,0,0.0,0,0.0,0,0.0,0,True
19,1e-05,2015-11-04,2015,11,0,2,0.0,91,9e-05,2,0.0,17,True
1474,0.00116,2015-11-05,2015,11,0,1900,0.00139,3836,0.00367,2770,0.00315,-426,True
3435,0.00271,2015-11-06,2015,11,0,22076,0.0161,5894,0.00564,4482,0.00509,-18641,True
7293,0.00575,2015-11-07,2015,11,0,63439,0.04628,11411,0.01092,6777,0.0077,-56146,True
13312,0.01049,2015-11-08,2015,11,0,151960,0.11085,18653,0.01785,10874,0.01235,-138648,True
24401,0.01923,2015-11-09,2015,11,0,113546,0.08283,23740,0.02272,15097,0.01715,-89145,True
32875,0.02591,2015-11-10,2015,11,0,81876,0.05973,27884,0.02669,20932,0.02378,-49001,True
37714,0.02972,2015-11-11,2015,11,0,86902,0.06339,33086,0.03167,31980,0.03633,-49188,True
43326,0.03414,2015-11-12,2015,11,0,96387,0.07031,38807,0.03715,43789,0.04975,-53061,True
54664,0.04308,2015-11-13,2015,11,0,100580,0.07337,45295,0.04336,58658,0.06664,-45916,True
65149,0.05134,2015-11-14,2015,11,0,92847,0.06773,51937,0.04971,73003,0.08294,-27698,True
84163,0.06633,2015-11-15,2015,11,0,96323,0.07026,62316,0.05965,80929,0.09195,-12160,True
100001,0.07881,2015-11-16,2015,11,0,95194,0.06944,71034,0.06799,88710,0.10079,4807,True
118986,0.09377,2015-11-17,2015,11,0,103236,0.07531,97612,0.09343,112917,0.12829,15750,True
163262,0.12866,2015-11-18,2015,11,0,98189,0.07163,173998,0.16655,128007,0.14543,65073,True
122127,0.09624,2015-11-19,2015,11,0,69056,0.05037,116433,0.11145,74287,0.0844,53071,True
111223,0.08765,2015-11-20,2015,11,0,40001,0.02918,76812,0.07352,64124,0.07285,71222,True
123682,0.09747,2015-11-21,2015,11,0,26619,0.01942,78136,0.07479,32860,0.03733,97063,True
114734,0.09042,2015-11-22,2015,11,0,16865,0.0123,65736,0.06292,20162,0.02291,97869,True
43775,0.0345,2015-11-23,2015,11,0,10574,0.00771,35237,0.03373,8668,0.00985,33201,True
3311,0.00261,1900-01-01,1900,1,0,3193,0.00233,6777,0.00649,1136,0.00129,118,True
0,0.0,2015-11-01,2015,11,0,99,7e-05,2,0.0,3,0.0,-99,True
0,0.0,2015-11-02,2015,11,0,0,0.0,1,0.0,0,0.0,0,True
0,0.0,2015-11-03,2015,11,0,0,0.0,0,0.0,0,0.0,0,True
14,1e-05,2015-10-04,2015,10,0,0,0.0,98,9e-05,5,1e-05,14,True
1553,0.00118,2015-10-05,2015,10,0,1943,0.00136,3960,0.00369,3028,0.0032,-390,True
3725,0.00284,2015-10-06,2015,10,0,23399,0.01643,6531,0.00608,4719,0.00498,-19674,True
7595,0.00579,2015-10-07,2015,10,0,68808,0.04831,11832,0.01101,7202,0.00761,-61213,True
14320,0.01091,2015-10-08,2015,10,0,155324,0.10905,19704,0.01834,11495,0.01214,-141004,True
25969,0.01979,2015-10-09,2015,10,0,112715,0.07913,25274,0.02352,16383,0.0173,-86746,True
33028,0.02517,2015-10-10,2015,10,0,86336,0.06061,28902,0.0269,23426,0.02474,-53308,True
36482,0.02781,2015-10-11,2015,10,0,92335,0.06483,34127,0.03176,35260,0.03724,-55853,True
43640,0.03326,2015-10-12,2015,10,0,101542,0.07129,39615,0.03687,49604,0.05238,-57902,True
56233,0.04286,2015-10-13,2015,10,0,106553,0.07481,47259,0.04398,66470,0.0702,-50320,True
67991,0.05182,2015-10-14,2015,10,0,98883,0.06942,54701,0.05091,82359,0.08697,-30892,True
86575,0.06599,2015-10-15,2015,10,0,101010,0.07092,65625,0.06107,90196,0.09525,-14435,True
105023,0.08005,2015-10-16,2015,10,0,99152,0.06961,73486,0.06839,96251,0.10165,5871,True
126205,0.09619,2015-10-17,2015,10,0,105826,0.0743,98745,0.0919,119380,0.12607,20379,True
170269,0.12978,2015-10-18,2015,10,0,97464,0.06843,177355,0.16505,133153,0.14062,72805,True
128000,0.09756,2015-10-19,2015,10,0,71275,0.05004,117758,0.10959,77154,0.08148,56725,True
116150,0.08853,2015-10-20,2015,10,0,41053,0.02882,79159,0.07367,65806,0.06949,75097,True
124200,0.09466,2015-10-21,2015,10,0,28447,0.01997,80097,0.07454,34213,0.03613,95753,True
117214,0.08934,2015-10-22,2015,10,0,17697,0.01242,66578,0.06196,20710,0.02187,99517,True
44984,0.03429,2015-10-23,2015,10,0,11442,0.00803,36922,0.03436,8902,0.0094,33542,True
2837,0.00216,1900-01-01,1900,1,0,3034,0.00213,6808,0.00634,1216,0.00128,-197,True
1,0.0,2015-10-01,2015,10,0,113,8e-05,5,0.0,0,0.0,-112,True
0,0.0,2015-10-02,2015,10,0,0,0.0,0,0.0,0,0.0,0,True
0,0.0,2015-10-03,2015,10,0,0,0.0,0,0.0,0,0.0,0,True
14,1e-05,2015-09-04,2015,9,0,1,0.0,93,9e-05,3,0.0,13,True
1274,0.00108,2015-09-05,2015,9,0,1737,0.00135,3358,0.00338,2700,0.00325,-463,True
3145,0.00265,2015-09-06,2015,9,0,20561,0.01593,5784,0.00583,4228,0.00509,-17416,True
6253,0.00528,2015-09-07,2015,9,0,65244,0.05056,10789,0.01088,6520,0.00784,-58991,True
11521,0.00972,2015-09-08,2015,9,0,147506,0.11431,17333,0.01747,10107,0.01216,-135985,True
20665,0.01744,2015-09-09,2015,9,0,100702,0.07804,22144,0.02232,14338,0.01725,-80037,True
28168,0.02377,2015-09-10,2015,9,0,74416,0.05767,24764,0.02496,20673,0.02487,-46248,True
32976,0.02783,2015-09-11,2015,9,0,81345,0.06304,30448,0.03069,32233,0.03877,-48369,True
38550,0.03254,2015-09-12,2015,9,0,93106,0.07216,35183,0.03547,44339,0.05334,-54556,True
48522,0.04095,2015-09-13,2015,9,0,95936,0.07435,42496,0.04284,57747,0.06947,-47414,True
59281,0.05003,2015-09-14,2015,9,0,87211,0.06759,50595,0.051,69483,0.08358,-27930,True
75885,0.06405,2015-09-15,2015,9,0,91580,0.07097,60191,0.06067,75159,0.09041,-15695,True
95885,0.08093,2015-09-16,2015,9,0,89792,0.06959,67965,0.06851,79777,0.09597,6093,True
110428,0.0932,2015-09-17,2015,9,0,97142,0.07528,94049,0.0948,103184,0.12412,13286,True
156429,0.13203,2015-09-18,2015,9,0,90042,0.06978,171473,0.17285,120931,0.14547,66387,True
116333,0.09819,2015-09-19,2015,9,0,65887,0.05106,111669,0.11257,70559,0.08488,50446,True
104651,0.08833,2015-09-20,2015,9,0,36239,0.02808,70713,0.07128,59725,0.07185,68412,True
117832,0.09945,2015-09-21,2015,9,0,24023,0.01862,73445,0.07404,30735,0.03697,93809,True
111421,0.09404,2015-09-22,2015,9,0,15346,0.01189,61410,0.0619,19128,0.02301,96075,True
42588,0.03594,2015-09-23,2015,9,0,9653,0.00748,31957,0.03221,8532,0.01026,32935,True
2981,0.00252,1900-01-01,1900,1,0,2731,0.00212,6151,0.0062,1186,0.00143,250,True
21,2e-05,2015-09-01,2015,9,0,152,0.00012,19,2e-05,6,1e-05,-131,True
0,0.0,2015-09-02,2015,9,0,0,0.0,0,0.0,0,0.0,0,True
0,0.0,2015-09-03,2015,9,0,0,0.0,0,0.0,0,0.0,0,True
4,0.0,2015-08-04,2015,8,0,0,0.0,63,7e-05,6,1e-05,4,True
1344,0.0012,2015-08-05,2015,8,0,2027,0.00165,3412,0.00377,2453,0.00301,-683,True
3011,0.00268,2015-08-06,2015,8,0,20145,0.01635,5749,0.00635,4345,0.00532,-17134,True
5576,0.00496,2015-08-07,2015,8,0,57275,0.04649,9956,0.011,6124,0.0075,-51699,True
9785,0.00871,2015-08-08,2015,8,0,131994,0.10715,17550,0.0194,9709,0.0119,-122209,True
17915,0.01594,2015-08-09,2015,8,0,91981,0.07467,22441,0.0248,14019,0.01718,-74066,True
25681,0.02285,2015-08-10,2015,8,0,72558,0.0589,24944,0.02757,20812,0.0255,-46877,True
30933,0.02753,2015-08-11,2015,8,0,82464,0.06694,30204,0.03338,32617,0.03997,-51531,True
37248,0.03315,2015-08-12,2015,8,0,92697,0.07525,34452,0.03808,44574,0.05462,-55449,True
47695,0.04244,2015-08-13,2015,8,0,97108,0.07883,40081,0.0443,58699,0.07193,-49413,True
59790,0.05321,2015-08-14,2015,8,0,89720,0.07283,45765,0.05058,69217,0.08482,-29930,True
73866,0.06573,2015-08-15,2015,8,0,89415,0.07259,51360,0.05676,73226,0.08973,-15549,True
87664,0.07801,2015-08-16,2015,8,0,87305,0.07087,58561,0.06472,79042,0.09686,359,True
104619,0.0931,2015-08-17,2015,8,0,89043,0.07228,79646,0.08803,97319,0.11925,15576,True
148010,0.13172,2015-08-18,2015,8,0,82277,0.06679,157745,0.17434,115870,0.14198,65733,True
116242,0.10345,2015-08-19,2015,8,0,61456,0.04989,102682,0.11349,69484,0.08514,54786,True
103666,0.09225,2015-08-20,2015,8,0,35758,0.02903,64476,0.07126,61159,0.07494,67908,True
109798,0.09771,2015-08-21,2015,8,0,23471,0.01905,66414,0.0734,30206,0.03701,86327,True
98447,0.08761,2015-08-22,2015,8,0,14310,0.01162,56934,0.06292,18322,0.02245,84137,True
39619,0.03526,2015-08-23,2015,8,0,8326,0.00676,27408,0.03029,7916,0.0097,31293,True
2790,0.00248,1900-01-01,1900,1,0,2450,0.00199,4948,0.00547,961,0.00118,340,True
0,0.0,2015-08-01,2015,8,0,82,7e-05,1,0.0,1,0.0,-82,True
1,0.0,2015-08-02,2015,8,0,0,0.0,0,0.0,0,0.0,1,True
0,0.0,2015-08-03,2015,8,0,0,0.0,0,0.0,0,0.0,0,True
11,1e-05,2015-07-04,2015,7,0,0,0.0,103,0.00011,7,1e-05,11,True
1106,0.00109,2015-07-05,2015,7,0,2080,0.00187,3613,0.00376,2561,0.00294,-974,True
2708,0.00268,2015-07-06,2015,7,0,22578,0.02031,5720,0.00595,4570,0.00524,-19870,True
5164,0.00511,2015-07-07,2015,7,0,66642,0.05995,10784,0.01122,6475,0.00742,-61478,True
8021,0.00794,2015-07-08,2015,7,0,147623,0.13279,18076,0.01881,10026,0.01149,-139602,True
12758,0.01262,2015-07-09,2015,7,0,96690,0.08698,21231,0.02209,13904,0.01594,-83932,True
17274,0.01709,2015-07-10,2015,7,0,67740,0.06093,22705,0.02363,20476,0.02348,-50466,True
23401,0.02315,2015-07-11,2015,7,0,71623,0.06443,29236,0.03042,32191,0.03691,-48222,True
30128,0.02981,2015-07-12,2015,7,0,77284,0.06952,34711,0.03612,46095,0.05285,-47156,True
42384,0.04193,2015-07-13,2015,7,0,84313,0.07584,41118,0.04279,60638,0.06952,-41929,True
50969,0.05042,2015-07-14,2015,7,0,76120,0.06847,46316,0.0482,71387,0.08185,-25151,True
63633,0.06295,2015-07-15,2015,7,0,73955,0.06652,53534,0.05571,78936,0.0905,-10322,True
76168,0.07535,2015-07-16,2015,7,0,70467,0.06339,62179,0.0647,87401,0.10021,5701,True
94544,0.09353,2015-07-17,2015,7,0,71196,0.06404,85595,0.08907,110566,0.12676,23348,True
145644,0.14409,2015-07-18,2015,7,0,72572,0.06528,179858,0.18716,127725,0.14644,73072,True
106763,0.10562,2015-07-19,2015,7,0,53496,0.04812,112491,0.11706,74954,0.08594,53267,True
95169,0.09415,2015-07-20,2015,7,0,26236,0.0236,68133,0.0709,63642,0.07297,68933,True
103284,0.10218,2015-07-21,2015,7,0,15383,0.01384,70404,0.07326,31835,0.0365,87901,True
94331,0.09332,2015-07-22,2015,7,0,8785,0.0079,59881,0.06231,19805,0.02271,85546,True
34626,0.03426,2015-07-23,2015,7,0,5255,0.00473,29734,0.03094,7998,0.00917,29371,True
2710,0.00268,1900-01-01,1900,1,0,1591,0.00143,5572,0.0058,1024,0.00117,1119,True
2,0.0,2015-07-01,2015,7,0,68,6e-05,7,1e-05,0,0.0,-66,True
0,0.0,2015-07-02,2015,7,0,0,0.0,1,0.0,0,0.0,0,True
0,0.0,2015-07-03,2015,7,0,0,0.0,0,0.0,0,0.0,0,True
6,1e-05,2015-06-04,2015,6,0,0,0.0,86,9e-05,3,0.0,6,True
1076,0.00113,2015-06-05,2015,6,0,2150,0.00207,4119,0.00426,2822,0.00363,-1074,True
2765,0.0029,2015-06-06,2015,6,0,22068,0.02121,6000,0.0062,4605,0.00592,-19303,True
5338,0.00559,2015-06-07,2015,6,0,73904,0.07103,10449,0.0108,6596,0.00848,-68566,True
8511,0.00892,2015-06-08,2015,6,0,144797,0.13918,17268,0.01786,9574,0.0123,-136286,True
14046,0.01472,2015-06-09,2015,6,0,97645,0.09385,20202,0.02089,13682,0.01758,-83599,True
18650,0.01954,2015-06-10,2015,6,0,65286,0.06275,22445,0.02321,18963,0.02437,-46636,True
23685,0.02482,2015-06-11,2015,6,0,62571,0.06014,27742,0.02869,28843,0.03706,-38886,True
28365,0.02972,2015-06-12,2015,6,0,68840,0.06617,32846,0.03396,38836,0.0499,-40475,True
37818,0.03963,2015-06-13,2015,6,0,72790,0.06996,40181,0.04155,50281,0.06461,-34972,True
47040,0.04929,2015-06-14,2015,6,0,66322,0.06375,45095,0.04663,58697,0.07542,-19282,True
59326,0.06216,2015-06-15,2015,6,0,65019,0.06249,53556,0.05538,63026,0.08099,-5693,True
71244,0.07465,2015-06-16,2015,6,0,63739,0.06126,61050,0.06313,72511,0.09317,7505,True
87248,0.09142,2015-06-17,2015,6,0,65659,0.06311,85298,0.0882,98027,0.12596,21589,True
135226,0.14169,2015-06-18,2015,6,0,64405,0.0619,177875,0.18393,120543,0.15489,70821,True
99583,0.10434,2015-06-19,2015,6,0,46602,0.04479,114231,0.11812,71724,0.09216,52981,True
89473,0.09375,2015-06-20,2015,6,0,25542,0.02455,71459,0.07389,61655,0.07922,63931,True
97921,0.1026,2015-06-21,2015,6,0,16159,0.01553,72716,0.07519,30371,0.03903,81762,True
90757,0.0951,2015-06-22,2015,6,0,9490,0.00912,63320,0.06547,18750,0.02409,81267,True
33770,0.03538,2015-06-23,2015,6,0,5782,0.00556,34548,0.03572,7705,0.0099,27988,True
2523,0.00264,1900-01-01,1900,1,0,1567,0.00151,6599,0.00682,1019,0.00131,956,True
0,0.0,2015-06-01,2015,6,0,57,5e-05,2,0.0,0,0.0,-57,True
0,0.0,2015-06-02,2015,6,0,0,0.0,1,0.0,0,0.0,0,True
0,0.0,2015-06-03,2015,6,0,0,0.0,0,0.0,0,0.0,0,True
24,2e-05,2015-05-04,2015,5,0,0,0.0,99,9e-05,3,0.0,24,True
1318,0.00097,2015-05-05,2015,5,0,2034,0.00136,4443,0.00414,3207,0.00331,-716,True
3526,0.00259,2015-05-06,2015,5,0,19737,0.01324,6571,0.00612,5066,0.00523,-16211,True
6664,0.00489,2015-05-07,2015,5,0,66650,0.04471,11335,0.01056,7124,0.00735,-59986,True
13120,0.00962,2015-05-08,2015,5,0,136145,0.09133,19415,0.01808,11148,0.0115,-123025,True
25725,0.01887,2015-05-09,2015,5,0,113323,0.07602,26221,0.02442,17205,0.01775,-87598,True
34023,0.02496,2015-05-10,2015,5,0,93938,0.06302,29372,0.02735,24633,0.02541,-59915,True
38353,0.02813,2015-05-11,2015,5,0,101697,0.06822,36372,0.03387,38848,0.04008,-63344,True
45155,0.03312,2015-05-12,2015,5,0,112823,0.07568,42866,0.03992,56109,0.05789,-67668,True
60347,0.04427,2015-05-13,2015,5,0,118206,0.0793,50116,0.04667,73195,0.07552,-57859,True
73884,0.0542,2015-05-14,2015,5,0,107891,0.07238,56286,0.05242,88370,0.09117,-34007,True
92103,0.06756,2015-05-15,2015,5,0,109051,0.07315,66141,0.0616,94319,0.09731,-16948,True
109323,0.08019,2015-05-16,2015,5,0,105830,0.07099,72224,0.06726,97003,0.10008,3493,True
126170,0.09255,2015-05-17,2015,5,0,111532,0.07482,94910,0.08839,118441,0.1222,14638,True
162531,0.11922,2015-05-18,2015,5,0,101309,0.06796,167740,0.15622,125004,0.12897,61222,True
129386,0.09491,2015-05-19,2015,5,0,76913,0.0516,114518,0.10665,76525,0.07895,52473,True
120556,0.08843,2015-05-20,2015,5,0,47277,0.03171,77854,0.07251,67520,0.06966,73279,True
132769,0.09739,2015-05-21,2015,5,0,32003,0.02147,80582,0.07505,34309,0.0354,100766,True
132525,0.09721,2015-05-22,2015,5,0,19169,0.01286,69076,0.06433,20797,0.02146,113356,True
52843,0.03876,2015-05-23,2015,5,0,12059,0.00809,40467,0.03769,9209,0.0095,40784,True
2950,0.00216,1900-01-01,1900,1,0,3003,0.00201,7129,0.00664,1218,0.00126,-53,True
0,0.0,2015-05-01,2015,5,0,110,7e-05,3,0.0,0,0.0,-110,True
0,0.0,2015-05-02,2015,5,0,0,0.0,0,0.0,0,0.0,0,True
0,0.0,2015-05-03,2015,5,0,0,0.0,0,0.0,0,0.0,0,True
37,3e-05,2015-04-04,2015,4,0,0,0.0,120,0.0001,6,1e-05,37,True
1385,0.00106,2015-04-05,2015,4,0,1990,0.0014,3974,0.00343,2916,0.00301,-605,True
3705,0.00282,2015-04-06,2015,4,0,20809,0.01467,6858,0.00592,4851,0.00501,-17104,True
7356,0.00561,2015-04-07,2015,4,0,77958,0.05498,12362,0.01067,7447,0.00769,-70602,True
14190,0.01082,2015-04-08,2015,4,0,158915,0.11207,20592,0.01777,11341,0.01171,-144725,True
27655,0.02109,2015-04-09,2015,4,0,119038,0.08394,26692,0.02303,17098,0.01766,-91383,True
36637,0.02793,2015-04-10,2015,4,0,88278,0.06225,31176,0.0269,24123,0.02491,-51641,True
40306,0.03073,2015-04-11,2015,4,0,90368,0.06373,36450,0.03145,36779,0.03798,-50062,True
45414,0.03463,2015-04-12,2015,4,0,98405,0.06939,42167,0.03638,51769,0.05346,-52991,True
56131,0.0428,2015-04-13,2015,4,0,99002,0.06982,49477,0.04269,68831,0.07108,-42871,True
66561,0.05075,2015-04-14,2015,4,0,90838,0.06406,56929,0.04912,83798,0.08654,-24277,True
82956,0.06325,2015-04-15,2015,4,0,94091,0.06635,67390,0.05815,88572,0.09147,-11135,True
100347,0.07651,2015-04-16,2015,4,0,91204,0.06432,75551,0.06519,93367,0.09642,9143,True
113251,0.08635,2015-04-17,2015,4,0,101759,0.07176,100180,0.08644,119860,0.12378,11492,True
161530,0.12316,2015-04-18,2015,4,0,97119,0.06849,191188,0.16497,134638,0.13904,64411,True
126044,0.0961,2015-04-19,2015,4,0,75331,0.05312,131740,0.11368,82702,0.0854,50713,True
113475,0.08652,2015-04-20,2015,4,0,46580,0.03285,87055,0.07512,69318,0.07158,66895,True
128540,0.09801,2015-04-21,2015,4,0,31053,0.0219,90416,0.07802,36440,0.03763,97487,True
129789,0.09896,2015-04-22,2015,4,0,19833,0.01399,77823,0.06715,22244,0.02297,109956,True
52681,0.04017,2015-04-23,2015,4,0,12114,0.00854,43081,0.03717,10758,0.01111,40567,True
3540,0.0027,1900-01-01,1900,1,0,3253,0.00229,7693,0.00664,1503,0.00155,287,True
1,0.0,2015-04-01,2015,4,0,121,9e-05,3,0.0,0,0.0,-120,True
0,0.0,2015-04-02,2015,4,0,0,0.0,0,0.0,0,0.0,0,True
0,0.0,2015-04-03,2015,4,0,0,0.0,0,0.0,0,0.0,0,True
13,1e-05,2015-03-04,2015,3,0,0,0.0,110,9e-05,5,1e-05,13,True
1437,0.00104,2015-03-05,2015,3,0,2214,0.00149,3803,0.00328,2872,0.003,-777,True
3487,0.00254,2015-03-06,2015,3,0,19518,0.01313,5934,0.00512,4660,0.00487,-16031,True
7021,0.00511,2015-03-07,2015,3,0,75200,0.05061,12044,0.01039,7340,0.00767,-68179,True
13300,0.00967,2015-03-08,2015,3,0,161376,0.1086,20430,0.01763,11252,0.01176,-148076,True
25546,0.01858,2015-03-09,2015,3,0,118774,0.07993,25442,0.02196,16246,0.01698,-93228,True
34000,0.02472,2015-03-10,2015,3,0,89407,0.06017,30045,0.02593,23047,0.02408,-55407,True
38616,0.02808,2015-03-11,2015,3,0,93092,0.06265,34823,0.03005,35375,0.03697,-54476,True
45612,0.03317,2015-03-12,2015,3,0,105904,0.07127,40548,0.03499,49433,0.05166,-60292,True
57792,0.04203,2015-03-13,2015,3,0,110619,0.07444,49091,0.04236,66572,0.06957,-52827,True
69718,0.0507,2015-03-14,2015,3,0,101212,0.06811,56413,0.04868,81388,0.08505,-31494,True
87411,0.06356,2015-03-15,2015,3,0,106208,0.07147,67612,0.05835,89273,0.09329,-18797,True
109328,0.0795,2015-03-16,2015,3,0,101949,0.06861,75326,0.06501,93469,0.09767,7379,True
127026,0.09237,2015-03-17,2015,3,0,114250,0.07688,100093,0.08638,117268,0.12254,12776,True
170883,0.12426,2015-03-18,2015,3,0,102098,0.06871,189302,0.16336,132872,0.13885,68785,True
135299,0.09839,2015-03-19,2015,3,0,77846,0.05239,134138,0.11576,83171,0.08691,57453,True
122647,0.08919,2015-03-20,2015,3,0,43696,0.0294,90155,0.0778,70129,0.07328,78951,True
137302,0.09985,2015-03-21,2015,3,0,29471,0.01983,93694,0.08086,36487,0.03813,107831,True
134370,0.09771,2015-03-22,2015,3,0,18484,0.01244,78577,0.06781,23147,0.02419,115886,True
50877,0.037,2015-03-23,2015,3,0,11463,0.00771,43474,0.03752,11458,0.01197,39414,True
3465,0.00252,1900-01-01,1900,1,0,3137,0.00211,7716,0.00666,1502,0.00157,328,True
0,0.0,2015-03-01,2015,3,0,99,7e-05,0,0.0,1,0.0,-99,True
1,0.0,2015-03-02,2015,3,0,0,0.0,0,0.0,0,0.0,1,True
0,0.0,2015-03-03,2015,3,0,0,0.0,0,0.0,0,0.0,0,True
16,1e-05,2015-02-04,2015,2,0,0,0.0,97,0.00011,3,0.0,16,True
1129,0.00097,2015-02-05,2015,2,0,1735,0.00137,2888,0.00341,2333,0.00314,-606,True
2697,0.00233,2015-02-06,2015,2,0,15968,0.01259,4714,0.00557,3721,0.00501,-13271,True
5475,0.00472,2015-02-07,2015,2,0,48311,0.03809,8549,0.01011,5709,0.00769,-42836,True
9269,0.00799,2015-02-08,2015,2,0,116165,0.09158,15600,0.01844,8792,0.01184,-106896,True
20786,0.01792,2015-02-09,2015,2,0,89456,0.07053,20568,0.02432,13055,0.01758,-68670,True
28397,0.02448,2015-02-10,2015,2,0,72614,0.05725,23254,0.02749,18063,0.02433,-44217,True
31475,0.02714,2015-02-11,2015,2,0,82494,0.06504,27256,0.03222,27098,0.0365,-51019,True
37596,0.03241,2015-02-12,2015,2,0,95419,0.07523,31482,0.03722,37433,0.05042,-57823,True
48540,0.04185,2015-02-13,2015,2,0,108070,0.0852,38705,0.04576,49415,0.06655,-59530,True
60000,0.05173,2015-02-14,2015,2,0,101408,0.07995,43664,0.05162,61626,0.083,-41408,True
77021,0.06641,2015-02-15,2015,2,0,102298,0.08065,51992,0.06147,67563,0.091,-25277,True
92252,0.07954,2015-02-16,2015,2,0,97422,0.07681,56372,0.06665,73578,0.0991,-5170,True
110070,0.0949,2015-02-17,2015,2,0,95040,0.07493,75454,0.08921,92266,0.12427,15030,True
145809,0.12571,2015-02-18,2015,2,0,88061,0.06943,136775,0.1617,103070,0.13882,57748,True
119284,0.10284,2015-02-19,2015,2,0,65090,0.05132,96935,0.1146,64392,0.08672,54194,True
105538,0.09099,2015-02-20,2015,2,0,38135,0.03007,62690,0.07412,57668,0.07767,67403,True
114577,0.09879,2015-02-21,2015,2,0,24408,0.01924,63939,0.07559,29490,0.03972,90169,True
104170,0.08981,2015-02-22,2015,2,0,14932,0.01177,53255,0.06296,17956,0.02418,89238,True
42632,0.03676,2015-02-23,2015,2,0,8913,0.00703,26659,0.03152,8095,0.0109,33719,True
3095,0.00267,1900-01-01,1900,1,0,2359,0.00186,4968,0.00587,1155,0.00156,736,True
30,3e-05,2015-02-01,2015,2,0,87,7e-05,20,2e-05,9,1e-05,-57,True
0,0.0,2015-02-02,2015,2,0,3,0.0,0,0.0,0,0.0,-3,True
0,0.0,2015-02-03,2015,2,0,0,0.0,0,0.0,0,0.0,0,True
17,1e-05,2015-01-04,2015,1,0,0,0.0,94,9e-05,0,0.0,17,True
1458,0.00119,2015-01-05,2015,1,0,1822,0.00137,3373,0.00337,2706,0.00307,-364,True
3074,0.00252,2015-01-06,2015,1,0,19314,0.01448,5569,0.00556,4233,0.0048,-16240,True
5958,0.00488,2015-01-07,2015,1,0,54235,0.04066,10263,0.01025,6195,0.00703,-48277,True
9533,0.0078,2015-01-08,2015,1,0,141414,0.10602,18426,0.01841,10057,0.01141,-131881,True
18892,0.01547,2015-01-09,2015,1,0,106577,0.07991,23123,0.0231,14004,0.01589,-87685,True
26261,0.0215,2015-01-10,2015,1,0,78778,0.05906,24827,0.0248,19801,0.02246,-52517,True
31159,0.02551,2015-01-11,2015,1,0,90217,0.06764,31208,0.03118,30329,0.03441,-59058,True
38317,0.03137,2015-01-12,2015,1,0,98671,0.07398,36214,0.03618,41909,0.04755,-60354,True
50846,0.04163,2015-01-13,2015,1,0,108804,0.08158,44529,0.04449,57850,0.06563,-57958,True
63776,0.05221,2015-01-14,2015,1,0,101788,0.07632,50058,0.05001,73496,0.08338,-38012,True
80292,0.06573,2015-01-15,2015,1,0,99368,0.0745,58253,0.0582,82128,0.09318,-19076,True
94729,0.07755,2015-01-16,2015,1,0,96616,0.07244,67363,0.0673,90710,0.10291,-1887,True
116391,0.09529,2015-01-17,2015,1,0,94637,0.07095,89777,0.08969,111670,0.12669,21754,True
161294,0.13205,2015-01-18,2015,1,0,90928,0.06817,173628,0.17347,124366,0.1411,70366,True
126097,0.10323,2015-01-19,2015,1,0,65835,0.04936,117548,0.11744,76618,0.08693,60262,True
110849,0.09075,2015-01-20,2015,1,0,36483,0.02735,74871,0.0748,67619,0.07672,74366,True
121142,0.09918,2015-01-21,2015,1,0,22988,0.01724,73895,0.07383,35249,0.03999,98154,True
112787,0.09234,2015-01-22,2015,1,0,14140,0.0106,61796,0.06174,22194,0.02518,98647,True
45613,0.03734,2015-01-23,2015,1,0,8871,0.00665,30679,0.03065,9133,0.01036,36742,True
2971,0.00243,1900-01-01,1900,1,0,2215,0.00166,5425,0.00542,1156,0.00131,756,True
3,0.0,2015-01-01,2015,1,0,82,6e-05,1,0.0,0,0.0,-79,True
0,0.0,2015-01-02,2015,1,0,0,0.0,0,0.0,0,0.0,0,True
0,0.0,2015-01-03,2015,1,0,0,0.0,0,0.0,0,0.0,0,True
